{"corners": [[[0.216385, 0.38114], [8.216385, 0.38114], [8.216385, 6.38114], [0.216385, 6.38114], [0.216385, 0.38114]], [[8.001055000000001, 21.222695], [0.0010550000000017763, 21.222695], [0.001055, 6.222695000000002], [8.001055, 6.222695], [8.001055000000001, 21.222695]], [[8.36077, 17.61438], [8.360769999999999, 9.61438], [23.36077, 9.614379999999997], [23.36077, 17.614379999999997], [8.36077, 17.61438]], [[19.972635, 23.950715], [11.972635, 23.950715], [11.972635, 17.950715], [19.972635, 17.950715], [19.972635, 23.950715]], [[19.515295, 24.512725], [19.515295, 16.512725], [25.515295, 16.512725], [25.515295, 24.512725], [19.515295, 24.512725]]], "node_id": [0, 1, 2, 3, 4]}