{"corners": [[[0.38822, 0.336005], [8.38822, 0.336005], [8.38822, 15.336005], [0.38822, 15.336005], [0.38822, 0.336005]], [[-3.92773, -5.80737], [12.07227, -5.80737], [12.07227, 0.19263], [-3.92773, 0.19263], [-3.92773, -5.80737]], [[7.2913, -13.550464999999999], [7.291300000000001, -5.550465], [1.291300000000001, -5.550465], [1.2913000000000001, -13.550464999999999], [7.2913, -13.550464999999999]], [[-3.5185549999999997, 0.297085], [-19.518555, 0.29708500000000193], [-19.518555, -5.702914999999998], [-3.518555, -5.702915], [-3.5185549999999997, 0.297085]], [[-19.80622, -10.508874999999998], [-19.80622, 5.491125000000002], [-25.80622, 5.491125000000002], [-25.80622, -10.508874999999998], [-19.80622, -10.508874999999998]], [[12.053675, 1.026075], [12.053675, -6.973925], [18.053675, -6.973925], [18.053675, 1.0260750000000005], [12.053675, 1.026075]]], "node_id": [0, 1, 2, 3, 4, 5]}