{"corners": [[[0.337355, 0.16927], [8.337355, 0.16927], [8.337355, 6.16927], [0.337355, 6.16927], [0.337355, 0.16927]], [[7.32745, 6.449475], [7.327450000000001, 14.449475], [1.327450000000001, 14.449475], [1.32745, 6.449475], [7.32745, 6.449475]], [[1.335655, 0.3755299999999998], [1.3356550000000005, -7.62447], [7.335655000000001, -7.62447], [7.335655, 0.37553000000000014], [1.335655, 0.3755299999999998]], [[7.0624199999999995, -23.561175], [7.06242, -7.561175], [1.06242, -7.561175], [1.062419999999999, -23.561175], [7.0624199999999995, -23.561175]], [[1.4947450000000009, -8.203675], [-6.505254999999999, -8.203674999999999], [-6.505255000000001, -23.203675], [1.494744999999999, -23.203675], [1.4947450000000009, -8.203675]], [[1.3889500000000026, 6.53081], [-6.611049999999997, 6.530810000000001], [-6.611049999999999, -8.469189999999998], [1.3889500000000008, -8.46919], [1.3889500000000026, 6.53081]]], "node_id": [0, 1, 2, 3, 4, 5]}