{"corners": [[[0.147255, 0.45206], [8.147255, 0.45206], [8.147255, 6.45206], [0.147255, 6.45206], [0.147255, 0.45206]], [[8.354855, 0.3602549999999995], [0.354855, 0.3602550000000005], [0.3548549999999982, -14.639744999999998], [8.354854999999999, -14.639745], [8.354855, 0.3602549999999995]], [[0.40896999999999917, 0.00052], [-7.59103, 0.0005200000000009796], [-7.591030000000002, -14.999479999999998], [0.4089699999999973, -14.99948], [0.40896999999999917, 0.00052]], [[-15.994525000000003, -14.665964999999996], [-7.994525000000004, -14.665964999999998], [-7.994525, 0.3340350000000018], [-15.994525, 0.3340350000000036], [-15.994525000000003, -14.665964999999996]], [[-21.56344, 0.7300200000000053], [-21.563440000000003, -15.269979999999995], [-15.563440000000003, -15.269979999999995], [-15.56344, 0.7300200000000042], [-21.56344, 0.7300200000000053]], [[-7.56042, -4.41354], [0.43958, -4.41354], [0.43958, 10.58646], [-7.56042, 10.58646], [-7.56042, -4.41354]]], "node_id": [0, 1, 2, 3, 4, 5]}