{"corners": [[[0.32859, 0.020845], [8.32859, 0.020845], [8.32859, 6.020845], [0.32859, 6.020845], [0.32859, 0.020845]], [[12.035455, 0.463294999999999], [-3.964545, 0.463295000000001], [-3.964545, -5.5367049999999995], [12.035455, -5.536705000000001], [12.035455, 0.463294999999999]], [[-9.808505, 1.0174350000000019], [-9.808505000000002, -6.982564999999998], [-3.8085050000000016, -6.982565], [-3.808505, 1.0174350000000008], [-9.808505, 1.0174350000000019]], [[-3.371025000000001, 14.48253], [-3.3710250000000004, 6.48253], [11.628975, 6.482530000000001], [11.628975, 14.482530000000002], [-3.371025000000001, 14.48253]], [[-3.066655000000001, 13.206205], [-11.066655, 13.206204999999999], [-11.066655, 7.206204999999999], [-3.066655, 7.206205], [-3.066655000000001, 13.206205]], [[-10.18013, 7.476919999999999], [-10.18013, -0.5230800000000009], [-4.180129999999999, -0.5230800000000009], [-4.18013, 7.476919999999999], [-10.18013, 7.476919999999999]]], "node_id": [0, 1, 2, 3, 4, 5]}