{"corners": [[[0.038175, 0.37675], [8.038175, 0.37675], [8.038175, 6.37675], [0.038175, 6.37675], [0.038175, 0.37675]], [[0.18437500000000037, 6.03043], [-15.815625, 6.030430000000002], [-15.815625, 0.030430000000001775], [0.18437499999999965, 0.03043], [0.18437500000000037, 6.03043]], [[-11.898465000000003, -14.871544999999996], [-3.8984650000000034, -14.871544999999998], [-3.898465, 0.1284550000000018], [-11.898465, 0.12845500000000357], [-11.898465000000003, -14.871544999999996]], [[1.492605, 0.4736099999999998], [1.4926050000000004, -7.52639], [7.492605000000001, -7.52639], [7.492605, 0.47361000000000014], [1.492605, 0.4736099999999998]], [[14.08578, -0.850445], [14.08578, 7.149555], [8.08578, 7.149555], [8.08578, -0.8504449999999997], [14.08578, -0.850445]]], "node_id": [0, 1, 2, 3, 4]}