{"corners": [[[0.373005, 0.121025], [8.373005, 0.121025], [8.373005, 15.121025], [0.373005, 15.121025], [0.373005, 0.121025]], [[0.013855000000000367, 10.76111], [-15.986145, 10.761110000000002], [-15.986145, 4.761110000000002], [0.013854999999999631, 4.76111], [0.013855000000000367, 10.76111]], [[-15.335329999999999, 18.858055000000004], [-15.33533, 10.858055000000004], [-0.33533, 10.858055], [-0.33532999999999824, 18.858055], [-15.335329999999999, 18.858055000000004]], [[-3.038600000000001, 23.43149], [-3.0386000000000006, 15.43149], [11.9614, 15.43149], [11.9614, 23.43149], [-3.038600000000001, 23.43149]], [[-0.29521499999999895, 11.72321], [15.704785000000001, 11.723209999999996], [15.704785000000001, 17.723209999999998], [-0.2952149999999975, 17.72321], [-0.29521499999999895, 11.72321]], [[-0.24726999999999733, 17.749670000000002], [15.752730000000003, 17.74967], [15.752730000000003, 23.74967], [-0.24726999999999588, 23.749670000000002], [-0.24726999999999733, 17.749670000000002]]], "node_id": [0, 1, 2, 3, 4, 5]}