{"corners": [[[0.3404, 0.184145], [8.3404, 0.184145], [8.3404, 6.184145], [0.3404, 6.184145], [0.3404, 0.184145]], [[16.303235, 10.632735], [8.303235, 10.632735000000002], [8.303234999999999, -4.367264999999998], [16.303234999999997, -4.367265], [16.303235, 10.632735]], [[16.165789999999998, -4.4449250000000005], [8.165789999999998, -4.444925], [8.165789999999996, -19.444925], [16.165789999999998, -19.444925], [16.165789999999998, -4.4449250000000005]], [[-3.269755, 0.33302499999999957], [-3.2697549999999995, -7.666975], [11.730245, -7.666975], [11.730245, 0.33302500000000046], [-3.269755, 0.33302499999999957]], [[22.126585, -0.858955], [22.126585, 7.141045], [16.126585, 7.141045], [16.126585, -0.8589549999999997], [22.126585, -0.858955]], [[-5.785005000000001, 11.09437], [-5.785005, -4.90563], [0.214995, -4.90563], [0.2149949999999991, 11.09437], [-5.785005000000001, 11.09437]]], "node_id": [0, 1, 2, 3, 4, 5]}