{"corners": [[[0.006795, 0.06422], [8.006795, 0.06422], [8.006795, 15.06422], [0.006795, 15.06422], [0.006795, 0.06422]], [[8.3212, 4.9934899999999995], [16.3212, 4.9934899999999995], [16.3212, 10.99349], [8.3212, 10.99349], [8.3212, 4.9934899999999995]], [[12.45845, 21.10587], [-3.54155, 21.105870000000003], [-3.54155, 15.105870000000001], [12.45845, 15.10587], [12.45845, 21.10587]], [[16.37574, 4.547834999999999], [8.37574, 4.547835], [8.37574, -1.452165], [16.37574, -1.4521650000000008], [16.37574, 4.547834999999999]], [[8.02627, 0.4900349999999995], [0.02627, 0.4900350000000005], [0.026269999999998225, -14.509964999999998], [8.026269999999998, -14.509965], [8.02627, 0.4900349999999995]], [[12.49587, 22.19125], [12.495869999999998, 14.19125], [18.49587, 14.191249999999998], [18.49587, 22.19125], [12.49587, 22.19125]]], "node_id": [0, 1, 2, 3, 4, 5]}