{"corners": [[[0.46416, 0.3388], [8.46416, 0.3388], [8.46416, 6.3388], [0.46416, 6.3388], [0.46416, 0.3388]], [[11.643015, 6.337704999999999], [11.643015, 14.337705], [-3.356985, 14.337705], [-3.356985, 6.337705], [11.643015, 6.337704999999999]], [[-3.435249999999999, 17.6501], [-11.43525, 17.6501], [-11.43525, 2.650100000000002], [-3.435250000000001, 2.6501], [-3.435249999999999, 17.6501]], [[11.952635, 14.39915], [11.952634999999999, 6.39915], [17.952635, 6.399149999999998], [17.952635, 14.399149999999999], [11.952635, 14.39915]], [[11.543905, -7.7064], [11.543905, 0.2936], [-3.456095, 0.2936000000000018], [-3.456095, -7.7063999999999995], [11.543905, -7.7064]], [[-11.084335, -11.37035], [-3.084335, -11.37035], [-3.084335, 3.62965], [-11.084335, 3.62965], [-11.084335, -11.37035]]], "node_id": [0, 1, 2, 3, 4, 5]}