{"corners": [[[0.096925, 0.011815], [8.096925, 0.011815], [8.096925, 15.011815], [0.096925, 15.011815], [0.096925, 0.011815]], [[24.20331, 10.981274999999998], [8.20331, 10.981275], [8.20331, 4.981275], [24.20331, 4.981274999999998], [24.20331, 10.981274999999998]], [[19.3922, 10.584115], [19.3922, 26.584115], [13.3922, 26.584115], [13.3922, 10.584115], [19.3922, 10.584115]], [[5.396325, 11.23101], [13.396325, 11.23101], [13.396325, 26.23101], [5.396325, 26.23101], [5.396325, 11.23101]], [[0.16511000000000037, 10.91315], [-15.83489, 10.913150000000002], [-15.83489, 4.913150000000002], [0.16510999999999965, 4.91315], [0.16511000000000037, 10.91315]], [[5.125185, 21.7392], [-2.874815, 21.7392], [-2.874815, 15.7392], [5.125184999999999, 15.7392], [5.125185, 21.7392]]], "node_id": [0, 1, 2, 3, 4, 5]}