{"corners": [[[0.16694, 0.35316], [8.16694, 0.35316], [8.16694, 6.35316], [0.16694, 6.35316], [0.16694, 0.35316]], [[-5.728925, 7.108805], [-5.728924999999999, -0.891195], [0.2710750000000009, -0.891195], [0.271075, 7.108805], [-5.728925, 7.108805]], [[-5.58759, 6.1131], [-13.58759, 6.113099999999999], [-13.58759, 0.11309999999999912], [-5.587589999999999, 0.1131], [-5.58759, 6.1131]], [[8.01825, 0.2424], [24.01825, 0.2424], [24.01825, 6.2424], [8.01825, 6.2424], [8.01825, 0.2424]], [[-6.925919999999998, -7.811575], [-6.92592, 0.188425], [-12.92592, 0.18842499999999912], [-12.925919999999998, -7.811575000000002], [-6.925919999999998, -7.811575]], [[-0.8476599999999973, -11.83264], [-0.8476600000000002, 4.16736], [-6.84766, 4.167359999999999], [-6.847659999999998, -11.832640000000001], [-0.8476599999999973, -11.83264]]], "node_id": [0, 1, 2, 3, 4, 5]}