{"corners": [[[0.438005, 0.41809], [8.438005, 0.41809], [8.438005, 6.41809], [0.438005, 6.41809], [0.438005, 0.41809]], [[0.4640399999999995, -4.751655], [0.4640400000000005, 11.248345], [-5.53596, 11.248345], [-5.535960000000001, -4.751655], [0.4640399999999995, -4.751655]], [[-5.751485, -4.654019999999999], [-5.751485000000002, -20.65402], [0.24851499999999735, -20.65402], [0.248515, -4.65402], [-5.751485, -4.654019999999999]], [[8.354565000000001, -5.2211050000000006], [0.354565, -5.221105], [0.35456499999999824, -20.221105], [8.354564999999997, -20.221105], [8.354565000000001, -5.2211050000000006]], [[-3.900565, -5.471969999999998], [12.099435, -5.4719700000000016], [12.099435, 0.5280299999999982], [-3.9005649999999985, 0.5280300000000018], [-3.900565, -5.471969999999998]], [[-6.865680000000006, -26.564315], [1.1343199999999947, -26.564315000000004], [1.1343199999999964, -20.564315], [-6.865680000000004, -20.564315], [-6.865680000000006, -26.564315]]], "node_id": [0, 1, 2, 3, 4, 5]}