{"corners": [[[0.36836, 0.092215], [8.36836, 0.092215], [8.36836, 15.092215], [0.36836, 15.092215], [0.36836, 0.092215]], [[12.37338, 0.360714999999999], [-3.62662, 0.360715000000001], [-3.62662, -5.639284999999999], [12.37338, -5.639285000000001], [12.37338, 0.360714999999999]], [[-19.63954, -5.508344999999995], [-3.63954, -5.5083449999999985], [-3.63954, 0.4916550000000018], [-19.63954, 0.49165500000000534], [-19.63954, -5.508344999999995]], [[8.434665, 11.520955], [8.434665, 3.520955], [14.434665, 3.520955], [14.434665, 11.520955], [8.434665, 11.520955]], [[3.500729999999999, 19.519295], [3.5007299999999995, 11.519295], [18.50073, 11.519295], [18.50073, 19.519295], [3.500729999999999, 19.519295]], [[15.07744, 3.5841250000000002], [7.07744, 3.5841249999999993], [7.077440000000002, -11.415875000000002], [15.077440000000001, -11.415875], [15.07744, 3.5841250000000002]]], "node_id": [0, 1, 2, 3, 4, 5]}