{"corners": [[[0.15806, 0.466955], [8.15806, 0.466955], [8.15806, 15.466955], [0.15806, 15.466955], [0.15806, 0.466955]], [[8.49113, 0.11561499999999951], [0.49113, 0.11561500000000048], [0.49113, -5.884385], [8.491129999999998, -5.884385000000001], [8.49113, 0.11561499999999951]], [[14.379835, 3.67549], [14.379835, 11.67549], [8.379835, 11.67549], [8.379835, 3.6754900000000004], [14.379835, 3.67549]], [[20.43469, 3.74445], [20.43469, 11.74445], [14.43469, 11.74445], [14.43469, 3.7444500000000005], [20.43469, 3.74445]], [[3.281905, 11.945365], [19.281905, 11.945365], [19.281905, 17.945365], [3.281905, 17.945365], [3.281905, 11.945365]], [[18.989815, 17.59866], [18.989815, 25.59866], [3.989815, 25.59866], [3.989815, 17.59866], [18.989815, 17.59866]]], "node_id": [0, 1, 2, 3, 4, 5]}