{"corners": [[[0.13848, 0.212405], [8.13848, 0.212405], [8.13848, 15.212405], [0.13848, 15.212405], [0.13848, 0.212405]], [[8.277825, 4.828135], [16.277825, 4.828135], [16.277825, 10.828135], [8.277825, 10.828135], [8.277825, 4.828135]], [[8.02192, 10.78875], [16.02192, 10.78875], [16.02192, 16.78875], [8.02192, 16.78875], [8.02192, 10.78875]], [[4.986994999999999, 24.868255], [4.986995, 16.868255], [19.986995, 16.868255], [19.986995, 24.868255], [4.986994999999999, 24.868255]], [[0.3029650000000004, 10.77949], [-7.697035, 10.779490000000003], [-7.697035, 4.779490000000001], [0.3029649999999996, 4.77949], [0.3029650000000004, 10.77949]], [[24.26842, 21.038765], [16.26842, 21.038765], [16.26842, 6.0387650000000015], [24.268419999999995, 6.038765], [24.26842, 21.038765]]], "node_id": [0, 1, 2, 3, 4, 5]}