{"corners": [[[0.343245, 0.13031], [8.343245, 0.13031], [8.343245, 6.13031], [0.343245, 6.13031], [0.343245, 0.13031]], [[-3.955945, 6.329955], [12.044055, 6.329955], [12.044055, 12.329955], [-3.955945, 12.329955], [-3.955945, 6.329955]], [[7.308884999999999, -15.82647], [7.308885, 0.17353], [1.308885, 0.17353], [1.3088849999999992, -15.82647], [7.308884999999999, -15.82647]], [[0.4121599999999998, -0.608955], [0.41216000000000025, 7.391045], [-5.587839999999999, 7.391045], [-5.58784, -0.6089549999999997], [0.4121599999999998, -0.608955]], [[-3.9797449999999994, 12.09861], [-11.979745, 12.098610000000003], [-11.979745, 6.098610000000001], [-3.979745, 6.09861], [-3.9797449999999994, 12.09861]], [[-10.620205, -6.71442], [5.379795, -6.71442], [5.379795, -0.71442], [-10.620205, -0.71442], [-10.620205, -6.71442]]], "node_id": [0, 1, 2, 3, 4, 5]}