{"corners": [[[0.325375, 0.03953], [8.325375, 0.03953], [8.325375, 6.03953], [0.325375, 6.03953], [0.325375, 0.03953]], [[16.186005, 10.723375], [8.186005, 10.723375000000003], [8.186004999999998, -4.276624999999998], [16.186004999999998, -4.276625], [16.186005, 10.723375]], [[1.351675, 0.09381999999999982], [1.3516750000000004, -7.90618], [7.351675000000001, -7.90618], [7.351675, 0.09382000000000018], [1.351675, 0.09381999999999982]], [[16.07064, 11.038875], [16.070639999999997, -4.961125], [22.070639999999997, -4.961125], [22.07064, 11.038874999999999], [16.07064, 11.038875]], [[15.2168, -0.6562899999999987], [7.2168, -0.6562899999999996], [7.216800000000001, -6.65629], [15.2168, -6.6562899999999985], [15.2168, -0.6562899999999987]], [[22.01748, 7.473454999999999], [22.01748, -0.5265450000000018], [37.01748, -0.5265450000000054], [37.01748, 7.473454999999996], [22.01748, 7.473454999999999]]], "node_id": [0, 1, 2, 3, 4, 5]}