{"corners": [[[0.093335, 0.341345], [16.093335, 0.341345], [16.093335, 6.3413450000000005], [0.093335, 6.3413450000000005], [0.093335, 0.341345]], [[22.31175, -4.587055], [22.31175, 11.412945], [16.31175, 11.412945], [16.31175, -4.587055], [22.31175, -4.587055]], [[15.595835, 6.098559999999999], [15.595835, 14.09856], [0.595835, 14.09856], [0.595835, 6.09856], [15.595835, 6.098559999999999]], [[4.372875, -5.853395], [12.372875, -5.853395], [12.372875, 0.146605], [4.372875, 0.146605], [4.372875, -5.853395]], [[0.4427149999999998, -0.968695], [0.44271500000000025, 7.031305], [-14.557285, 7.0313050000000015], [-14.557285, -0.9686949999999991], [0.4427149999999998, -0.968695]], [[4.407805000000001, 4.800535], [-3.5921949999999994, 4.800535000000001], [-3.592195000000001, -10.199464999999998], [4.407804999999999, -10.199465], [4.407805000000001, 4.800535]]], "node_id": [0, 1, 2, 3, 4, 5]}