{"corners": [[[0.34865, 0.2722], [8.34865, 0.2722], [8.34865, 15.2722], [0.34865, 15.2722], [0.34865, 0.2722]], [[12.061005, 0.472559999999999], [-3.938995, 0.472560000000001], [-3.938995, -5.5274399999999995], [12.061005, -5.527440000000001], [12.061005, 0.472559999999999]], [[-3.05337, -5.885639999999999], [-3.0533700000000015, -13.885639999999999], [11.946629999999999, -13.885640000000002], [11.94663, -5.885640000000001], [-3.05337, -5.885639999999999]], [[8.19176, 21.05603], [0.19176, 21.05603], [0.19176, 15.05603], [8.191759999999999, 15.05603], [8.19176, 21.05603]], [[-5.65681, 11.516555], [-5.656809999999999, 3.516555], [0.3431900000000009, 3.516555], [0.34319, 11.516555], [-5.65681, 11.516555]], [[7.122235, 21.055005], [7.122235000000001, 29.055005], [1.122235000000001, 29.055005], [1.122235, 21.055005], [7.122235, 21.055005]]], "node_id": [0, 1, 2, 3, 4, 5]}