{"corners": [[[0.07522, 0.316145], [8.07522, 0.316145], [8.07522, 15.316145], [0.07522, 15.316145], [0.07522, 0.316145]], [[0.26432499999999975, 3.712535], [0.2643250000000002, 11.712535], [-14.735675, 11.712535000000003], [-14.735675, 3.712535000000001], [0.26432499999999975, 3.712535]], [[-3.2049549999999973, 26.83057], [-11.204954999999996, 26.83057], [-11.204955, 11.830570000000002], [-3.204954999999999, 11.83057], [-3.2049549999999973, 26.83057]], [[-27.36118, 16.181360000000005], [-11.36118, 16.18136], [-11.36118, 22.18136], [-27.36118, 22.181360000000005], [-27.36118, 16.181360000000005]], [[8.253625, 21.496775], [0.253625, 21.496775], [0.253625, 15.496775], [8.253625, 15.496775], [8.253625, 21.496775]]], "node_id": [0, 1, 2, 3, 4]}