{"corners": [[[0.039005, 0.357785], [16.039005, 0.357785], [16.039005, 6.357785], [0.039005, 6.357785], [0.039005, 0.357785]], [[16.389775, 7.453765], [16.389775, -0.546235], [22.389775, -0.546235], [22.389775, 7.453765], [16.389775, 7.453765]], [[22.342935, 0.14086000000000046], [30.342935, 0.14086000000000046], [30.342935, 6.14086], [22.342935, 6.14086], [22.342935, 0.14086000000000046]], [[16.287475, -0.6512550000000001], [16.287475, -16.651255], [22.287475, -16.651255], [22.287475, -0.6512549999999999], [16.287475, -0.6512550000000001]], [[18.05302, 6.030425], [34.05302, 6.030425], [34.05302, 12.030425], [18.05302, 12.030425], [18.05302, 6.030425]], [[34.408835, 13.26145], [34.408835, 5.26145], [49.408835, 5.261450000000001], [49.408835, 13.261450000000002], [34.408835, 13.26145]]], "node_id": [0, 1, 2, 3, 4, 5]}