{"corners": [[[0.38428, 0.35537], [8.38428, 0.35537], [8.38428, 15.35537], [0.38428, 15.35537], [0.38428, 0.35537]], [[1.4245699999999992, 31.312245], [1.4245700000000001, 15.312245], [7.42457, 15.312245], [7.424569999999999, 31.312245], [1.4245699999999992, 31.312245]], [[1.3524249999999993, 19.473805], [1.3524249999999998, 27.473805], [-13.647575, 27.473805], [-13.647575, 19.473805], [1.3524249999999993, 19.473805]], [[-13.95194, 15.23979], [-13.951939999999999, 31.23979], [-19.95194, 31.23979], [-19.95194, 15.23979], [-13.95194, 15.23979]], [[11.808105, 31.205855], [11.808105, 39.205855], [-3.191895, 39.205855], [-3.191895, 31.205855], [11.808105, 31.205855]], [[-14.20506, 27.34476], [1.79494, 27.34476], [1.79494, 33.34476], [-14.20506, 33.34476], [-14.20506, 27.34476]]], "node_id": [0, 1, 2, 3, 4, 5]}