{"corners": [[[0.36436, 0.23419], [8.36436, 0.23419], [8.36436, 15.23419], [0.36436, 15.23419], [0.36436, 0.23419]], [[8.17577, 15.613685], [8.17577, -0.386315], [14.17577, -0.386315], [14.17577, 15.613685], [8.17577, 15.613685]], [[14.301395, 4.961935], [30.301395, 4.961935], [30.301395, 10.961935], [14.301395, 10.961935], [14.301395, 4.961935]], [[18.083665, 10.726135], [26.083665, 10.726135], [26.083665, 16.726135], [18.083665, 16.726135], [18.083665, 10.726135]], [[11.672355, 15.30475], [11.672355, 23.30475], [-3.327645, 23.30475], [-3.327645, 15.304750000000002], [11.672355, 15.30475]]], "node_id": [0, 1, 2, 3, 4]}