{"corners": [[[0.101925, 0.27255], [8.101925, 0.27255], [8.101925, 15.27255], [0.101925, 15.27255], [0.101925, 0.27255]], [[8.2789, 21.242665], [0.2789, 21.242665], [0.2789, 15.242665], [8.278899999999998, 15.242665], [8.2789, 21.242665]], [[8.401075, 0.2017699999999995], [0.401075, 0.2017700000000005], [0.40107499999999824, -14.798229999999998], [8.401074999999999, -14.79823], [8.401075, 0.2017699999999995]], [[0.010555000000000918, 15.070715], [-7.989444999999999, 15.070715000000002], [-7.989445, 0.07071500000000178], [0.010554999999999082, 0.070715], [0.010555000000000918, 15.070715]], [[0.4672899999999986, -4.31088], [-7.532710000000002, -4.310879999999999], [-7.532710000000002, -10.31088], [0.4672899999999978, -10.31088], [0.4672899999999986, -4.31088]], [[-6.579635000000001, 0.03964000000000055], [-6.579635000000002, -7.960359999999999], [-0.5796350000000027, -7.960360000000001], [-0.5796350000000009, 0.03963999999999945], [-6.579635000000001, 0.03964000000000055]]], "node_id": [0, 1, 2, 3, 4, 5]}