{"corners": [[[0.39018, 0.00461], [8.39018, 0.00461], [8.39018, 6.00461], [0.39018, 6.00461], [0.39018, 0.00461]], [[-14.833575, 7.378049999999999], [-14.833575, -0.6219500000000009], [0.166425, -0.62195], [0.166425, 7.37805], [-14.833575, 7.378049999999999]], [[-11.499055, -15.83743], [-3.499055, -15.83743], [-3.499055, -0.83743], [-11.499055, -0.83743], [-11.499055, -15.83743]], [[-22.819195, -4.2458800000000005], [-14.819195, -4.2458800000000005], [-14.819195, 10.75412], [-22.819195, 10.75412], [-22.819195, -4.2458800000000005]], [[-15.987535, -20.20866], [-15.987534999999998, -4.20866], [-21.987535, -4.20866], [-21.987535, -20.20866], [-15.987535, -20.20866]], [[-4.09329, -23.74388], [-4.093289999999999, -15.74388], [-10.09329, -15.74388], [-10.09329, -23.74388], [-4.09329, -23.74388]]], "node_id": [0, 1, 2, 3, 4, 5]}