{"corners": [[[0.031285, 0.337395], [16.031285, 0.337395], [16.031285, 6.337395], [0.031285, 6.337395], [0.031285, 0.337395]], [[0.812005, 0.10690999999999955], [0.8120050000000004, -7.89309], [15.812005, -7.89309], [15.812005, 0.10691000000000046], [0.812005, 0.10690999999999955]], [[0.145225, -13.828415], [16.145225, -13.828415], [16.145225, -7.828415], [0.145225, -7.828415], [0.145225, -13.828415]], [[15.85997, -11.33957], [23.85997, -11.33957], [23.85997, 3.66043], [15.85997, 3.66043], [15.85997, -11.33957]], [[23.70401, -11.22284], [15.70401, -11.222839999999998], [15.70401, -17.22284], [23.70401, -17.22284], [23.70401, -11.22284]], [[23.61001, -17.470025], [31.61001, -17.470025000000003], [31.61001, -11.470025000000001], [23.61001, -11.470025], [23.61001, -17.470025]]], "node_id": [0, 1, 2, 3, 4, 5]}