{"corners": [[[0.203865, 0.409915], [8.203865, 0.409915], [8.203865, 6.409915], [0.203865, 6.409915], [0.203865, 0.409915]], [[0.421065, 6.357645], [8.421065, 6.357645], [8.421065, 21.357645], [0.421065, 21.357645], [0.421065, 6.357645]], [[-5.514385, 7.016105], [-5.514384999999999, -0.983895], [0.4856150000000009, -0.983895], [0.485615, 7.016105], [-5.514385, 7.016105]], [[0.1653750000000009, 21.190885], [-7.834624999999999, 21.190885], [-7.834625, 6.1908850000000015], [0.16537499999999908, 6.190885], [0.1653750000000009, 21.190885]], [[3.637964999999998, -1.522095], [3.6379649999999986, 6.477905], [-11.362035000000002, 6.477905000000002], [-11.362035000000002, -1.522094999999999], [3.637964999999998, -1.522095]], [[-10.001915, -0.5928900000000004], [-10.001915, -8.59289], [4.998085, -8.59289], [4.998085, -0.5928899999999995], [-10.001915, -0.5928900000000004]]], "node_id": [0, 1, 2, 3, 4, 5]}