{"corners": [[[0.360815, 0.09054], [8.360815, 0.09054], [8.360815, 15.09054], [0.360815, 15.09054], [0.360815, 0.09054]], [[-3.41537, 0.10436999999999955], [-3.4153699999999994, -7.89563], [11.58463, -7.89563], [11.58463, 0.10437000000000046], [-3.41537, 0.10436999999999955]], [[8.278445, -7.729964999999999], [0.278445, -7.729965], [0.2784450000000009, -13.729965], [8.278445, -13.729965], [8.278445, -7.729964999999999]], [[-5.62058, -6.90845], [-5.6205799999999995, -14.90845], [0.37942000000000087, -14.90845], [0.37942, -6.90845], [-5.62058, -6.90845]], [[14.01334, -14.84689], [14.013339999999998, -6.84689], [8.013339999999998, -6.846890000000001], [8.01334, -14.846890000000002], [14.01334, -14.84689]], [[1.3729300000000004, -14.86982], [-6.62707, -14.869820000000002], [-6.627069999999998, -20.86982], [1.372930000000001, -20.86982], [1.3729300000000004, -14.86982]]], "node_id": [0, 1, 2, 3, 4, 5]}