{"corners": [[[0.371995, 0.33527], [8.371995, 0.33527], [8.371995, 6.33527], [0.371995, 6.33527], [0.371995, 0.33527]], [[-3.368385000000001, 14.16534], [-3.3683850000000004, 6.16534], [11.631615, 6.1653400000000005], [11.631615, 14.165340000000002], [-3.368385000000001, 14.16534]], [[11.751885, -7.63954], [11.751885, 0.36046], [-3.248115, 0.3604600000000018], [-3.248115, -7.639539999999999], [11.751885, -7.63954]], [[14.11451, -4.847555], [14.114510000000001, 11.152445], [8.11451, 11.152445], [8.11451, -4.847555], [14.11451, -4.847555]], [[14.140285, 7.20118], [14.140284999999999, -0.79882], [20.140285, -0.7988200000000018], [20.140285, 7.201179999999999], [14.140285, 7.20118]], [[8.060645000000001, 19.311675], [8.060645, 11.311675], [14.060645, 11.311674999999997], [14.060645000000001, 19.311675], [8.060645000000001, 19.311675]]], "node_id": [0, 1, 2, 3, 4, 5]}