{"corners": [[[0.06992, 0.398915], [8.06992, 0.398915], [8.06992, 15.398915], [0.06992, 15.398915], [0.06992, 0.398915]], [[0.29805999999999977, 3.65695], [0.2980600000000002, 11.65695], [-14.70194, 11.656950000000002], [-14.70194, 3.656950000000001], [0.29805999999999977, 3.65695]], [[8.379454999999998, 15.637885], [8.379455, -0.36211499999999996], [14.379455, -0.36211499999999996], [14.379455, 15.637885], [8.379454999999998, 15.637885]], [[12.41713, 21.322975], [-3.5828699999999998, 21.322975000000003], [-3.5828699999999998, 15.322975000000001], [12.41713, 15.322975], [12.41713, 21.322975]], [[1.40988, 0.10108499999999981], [1.4098800000000005, -7.898915], [7.409880000000001, -7.898915], [7.40988, 0.10108500000000017], [1.40988, 0.10108499999999981]], [[7.328665, -11.027625], [15.328665, -11.027625], [15.328665, 3.972375], [7.328665, 3.972375], [7.328665, -11.027625]]], "node_id": [0, 1, 2, 3, 4, 5]}