{"corners": [[[0.07702, 0.14233], [8.07702, 0.14233], [8.07702, 15.14233], [0.07702, 15.14233], [0.07702, 0.14233]], [[-5.591715, 11.586415], [-5.591714999999999, 3.586415], [0.4082850000000009, 3.586415], [0.408285, 11.586415], [-5.591715, 11.586415]], [[7.243324999999999, -15.541655], [7.2433250000000005, 0.458345], [1.243325, 0.458345], [1.2433249999999991, -15.541655], [7.243324999999999, -15.541655]], [[-21.877965, 4.59156], [-5.877965, 4.59156], [-5.877965, 10.59156], [-21.877965, 10.59156], [-21.877965, 4.59156]], [[-10.92734, 10.60888], [-10.92734, 18.60888], [-16.92734, 18.60888], [-16.92734, 10.60888], [-10.92734, 10.60888]]], "node_id": [0, 1, 2, 3, 4]}