{"corners": [[[0.395075, 0.065355], [8.395075, 0.065355], [8.395075, 6.065355], [0.395075, 6.065355], [0.395075, 0.065355]], [[12.131005, 0.486024999999999], [-3.868995, 0.486025000000001], [-3.868995, -5.513974999999999], [12.131005, -5.513975000000001], [12.131005, 0.486024999999999]], [[-3.722215, -6.852169999999999], [-3.7222149999999994, 1.1478300000000008], [-9.722215, 1.1478300000000008], [-9.722215, -6.852169999999999], [-3.722215, -6.852169999999999]], [[-5.681830000000001, 11.333585], [-5.68183, -4.666415], [0.31817, -4.666415], [0.3181699999999991, 11.333585], [-5.681830000000001, 11.333585]], [[11.538415, 6.050284999999999], [11.538415, 14.050285], [-3.461585, 14.050285], [-3.461585, 6.050285], [11.538415, 6.050284999999999]], [[-9.727569999999996, 17.204705], [-9.72757, 1.204705], [-3.727569999999999, 1.204705], [-3.7275699999999965, 17.204705], [-9.727569999999996, 17.204705]]], "node_id": [0, 1, 2, 3, 4, 5]}