{"corners": [[[0.4527, 0.39023], [8.4527, 0.39023], [8.4527, 6.39023], [0.4527, 6.39023], [0.4527, 0.39023]], [[12.37645, 0.327594999999999], [-3.62355, 0.327595000000001], [-3.62355, -5.6724049999999995], [12.37645, -5.672405000000001], [12.37645, 0.327594999999999]], [[-14.910435, 7.288675], [-14.910435, -0.7113250000000009], [0.089565, -0.711325], [0.089565, 7.288675], [-14.910435, 7.288675]], [[8.176855, 12.13249], [0.176855, 12.132490000000002], [0.176855, 6.132490000000001], [8.176855, 6.13249], [8.176855, 12.13249]], [[18.02357, -6.599945000000001], [18.02357, 1.4000549999999992], [12.02357, 1.4000549999999992], [12.02357, -6.599945000000001], [18.02357, -6.599945000000001]], [[-3.95407, 12.189090000000002], [12.04593, 12.189089999999998], [12.04593, 18.18909], [-3.954069999999999, 18.18909], [-3.95407, 12.189090000000002]]], "node_id": [0, 1, 2, 3, 4, 5]}