{"corners": [[[0.476435, 0.3788], [8.476435, 0.3788], [8.476435, 15.3788], [0.476435, 15.3788], [0.476435, 0.3788]], [[1.1531899999999995, 23.084085], [1.15319, 15.084085], [7.15319, 15.084085], [7.15319, 23.084085], [1.1531899999999995, 23.084085]], [[0.3113649999999998, 3.84693], [0.3113650000000002, 11.84693], [-5.688634999999999, 11.84693], [-5.688635, 3.8469300000000004], [0.3113649999999998, 3.84693]], [[1.0825799999999994, 22.299725], [-14.91742, 22.299724999999995], [-14.91742, 16.299725], [1.0825800000000003, 16.299725], [1.0825799999999994, 22.299725]], [[-3.8737150000000007, 22.228615], [-3.8737150000000034, 38.228615], [-9.873715000000004, 38.228615], [-9.873715, 22.228615], [-3.8737150000000007, 22.228615]], [[15.49202, 26.61014], [7.49202, 26.61014], [7.492020000000002, 11.610139999999998], [15.492020000000002, 11.61014], [15.49202, 26.61014]]], "node_id": [0, 1, 2, 3, 4, 5]}