{"corners": [[[0.181725, 0.273925], [8.181725, 0.273925], [8.181725, 6.273925], [0.181725, 6.273925], [0.181725, 0.273925]], [[11.663595, -7.56468], [11.663595, 0.43532], [-3.336405, 0.43532000000000176], [-3.336405, -7.564679999999999], [11.663595, -7.56468]], [[8.08208, 0.046945], [16.08208, 0.046945], [16.08208, 6.046945], [8.08208, 6.046945], [8.08208, 0.046945]], [[8.482805, -14.72389], [16.482805, -14.72389], [16.482805, 0.27611], [8.482805, 0.27611], [8.482805, -14.72389]], [[4.392185, 6.132715], [20.392185, 6.132715], [20.392185, 12.132715], [4.392185, 12.132715], [4.392185, 6.132715]], [[-7.71495, -10.367865], [8.28505, -10.367865], [8.28505, -4.367865], [-7.71495, -4.367865], [-7.71495, -10.367865]]], "node_id": [0, 1, 2, 3, 4, 5]}