{"corners": [[[0.348225, 0.247505], [16.348225, 0.247505], [16.348225, 6.247505], [0.348225, 6.247505], [0.348225, 0.247505]], [[-5.77145, 7.06362], [-5.771449999999999, -0.93638], [0.2285500000000009, -0.93638], [0.22855, 7.06362], [-5.77145, 7.06362]], [[5.16516, 14.241045], [5.165160000000001, 6.241045], [11.16516, 6.241045], [11.16516, 14.241045], [5.16516, 14.241045]], [[1.1242700000000005, -0.6605099999999995], [-6.87573, -0.6605100000000004], [-6.875729999999998, -15.66051], [1.1242700000000023, -15.66051], [1.1242700000000005, -0.6605099999999995]], [[-9.500355, 14.095585], [-9.500355, 6.095585], [5.499645, 6.095585000000001], [5.499645, 14.095585000000002], [-9.500355, 14.095585]], [[-9.581960000000002, 17.79497], [-17.58196, 17.79497], [-17.58196, 2.7949699999999984], [-9.58196, 2.79497], [-9.581960000000002, 17.79497]]], "node_id": [0, 1, 2, 3, 4, 5]}