{"corners": [[[0.084015, 0.012585], [8.084015, 0.012585], [8.084015, 15.012585], [0.084015, 15.012585], [0.084015, 0.012585]], [[11.51732, 15.211875], [11.51732, 23.211875], [-3.48268, 23.211875], [-3.48268, 15.211875000000001], [11.51732, 15.211875]], [[26.79679, 15.066465], [26.79679, 23.066465], [11.79679, 23.066465], [11.79679, 15.066465], [26.79679, 15.066465]], [[-5.5905700000000005, 15.50599], [-5.59057, -0.49401], [0.40943, -0.49401], [0.40942999999999913, 15.50599], [-5.5905700000000005, 15.50599]], [[16.183280000000003, 39.466755], [16.18328, 23.466755], [22.18328, 23.466755], [22.183280000000003, 39.466755], [16.183280000000003, 39.466755]], [[-5.573415000000001, 15.092915], [-13.573415, 15.092914999999998], [-13.573415, 0.09291499999999822], [-5.573414999999999, 0.092915], [-5.573415000000001, 15.092915]]], "node_id": [0, 1, 2, 3, 4, 5]}