{"corners": [[[0.401195, 0.090025], [8.401195, 0.090025], [8.401195, 15.090025], [0.401195, 15.090025], [0.401195, 0.090025]], [[-3.0220000000000002, 0.25939499999999954], [-3.0219999999999994, -7.740605], [11.978, -7.740605], [11.978, 0.25939500000000043], [-3.0220000000000002, 0.25939499999999954]], [[1.015500000000001, -7.62953], [1.0155000000000014, -15.62953], [7.015500000000002, -15.62953], [7.015500000000001, -7.62953], [1.015500000000001, -7.62953]], [[1.3473650000000006, -19.89662], [1.3473650000000015, -3.89662], [-4.652634999999998, -3.89662], [-4.652634999999999, -19.89662], [1.3473650000000006, -19.89662]], [[7.21027, 15.282035], [7.210270000000001, 23.282035], [1.2102700000000008, 23.282035], [1.21027, 15.282035], [7.21027, 15.282035]], [[1.3802850000000015, -3.93564], [1.3802850000000024, 12.06436], [-4.619714999999998, 12.06436], [-4.6197149999999985, -3.9356399999999994], [1.3802850000000015, -3.93564]]], "node_id": [0, 1, 2, 3, 4, 5]}