{"corners": [[[0.47067, 0.35312], [16.47067, 0.35312], [16.47067, 6.35312], [0.47067, 6.35312], [0.47067, 0.35312]], [[0.15839499999999976, -0.935775], [0.15839500000000026, 7.064225], [-5.8416049999999995, 7.064225], [-5.841605, -0.9357749999999997], [0.15839499999999976, -0.935775]], [[15.643215, 6.108769999999999], [15.643215, 14.10877], [0.643215, 14.10877], [0.643215, 6.10877], [15.643215, 6.108769999999999]], [[4.7511199999999985, -8.745595], [4.751119999999999, -0.745595], [-10.248880000000002, -0.7455949999999982], [-10.248880000000002, -8.745594999999998], [4.7511199999999985, -8.745595]], [[11.0578, 14.10439], [11.057800000000002, 30.10439], [5.057800000000001, 30.10439], [5.0578, 14.10439], [11.0578, 14.10439]]], "node_id": [0, 1, 2, 3, 4]}