{"corners": [[[0.388035, 0.290875], [16.388035, 0.290875], [16.388035, 6.290875], [0.388035, 6.290875], [0.388035, 0.290875]], [[0.8799999999999991, 14.17045], [0.8799999999999997, 6.17045], [15.88, 6.170450000000001], [15.88, 14.170450000000002], [0.8799999999999991, 14.17045]], [[15.66783, 2.78268], [23.66783, 2.78268], [23.66783, 17.78268], [15.66783, 17.78268], [15.66783, 2.78268]], [[0.3330599999999998, -0.8420799999999999], [0.33306000000000024, 7.15792], [-14.66694, 7.157920000000002], [-14.66694, -0.842079999999999], [0.3330599999999998, -0.8420799999999999]], [[29.958865, 6.21973], [29.958865, 14.21973], [23.958865, 14.21973], [23.958865, 6.21973], [29.958865, 6.21973]], [[30.594525, 6.157689999999999], [22.594525, 6.15769], [22.594525, 0.15769], [30.594525, 0.1576899999999991], [30.594525, 6.157689999999999]]], "node_id": [0, 1, 2, 3, 4, 5]}