{"corners": [[[0.2818, 0.04363], [8.2818, 0.04363], [8.2818, 15.04363], [0.2818, 15.04363], [0.2818, 0.04363]], [[0.49508, 15.09905], [8.49508, 15.09905], [8.49508, 21.09905], [0.49508, 21.09905], [0.49508, 15.09905]], [[8.495315, 22.477885], [8.495315, 14.477885], [23.495315, 14.477885], [23.495315, 22.477885], [8.495315, 22.477885]], [[11.83089, -0.882585], [19.83089, -0.882585], [19.83089, 14.117415], [11.83089, 14.117415], [11.83089, -0.882585]], [[11.99176, -1.00382], [11.991760000000001, 14.99618], [5.991760000000001, 14.99618], [5.99176, -1.0038199999999995], [11.99176, -1.00382]], [[11.556105, 22.39262], [19.556105, 22.39262], [19.556105, 28.39262], [11.556105, 28.39262], [11.556105, 22.39262]]], "node_id": [0, 1, 2, 3, 4, 5]}