{"corners": [[[0.194165, 0.184875], [16.194165, 0.184875], [16.194165, 6.184875], [0.194165, 6.184875], [0.194165, 0.184875]], [[11.131465, 6.216565], [11.131465, 14.216565], [5.131465000000001, 14.216565], [5.131465, 6.216565], [11.131465, 6.216565]], [[-14.52223, 7.292684999999999], [-14.52223, -0.7073150000000009], [0.47777, -0.707315], [0.47777, 7.292685], [-14.52223, 7.292684999999999]], [[22.2606, -0.73868], [22.2606, 7.2613199999999996], [16.2606, 7.2613199999999996], [16.2606, -0.7386799999999997], [22.2606, -0.73868]], [[11.341185000000001, 18.492525], [11.341184999999998, 2.492525], [17.341185, 2.492525], [17.341185, 18.492525], [11.341185000000001, 18.492525]], [[17.37437, 7.034274999999998], [25.37437, 7.0342749999999965], [25.37437, 13.034274999999996], [17.37437, 13.034274999999997], [17.37437, 7.034274999999998]]], "node_id": [0, 1, 2, 3, 4, 5]}