{"corners": [[[0.207065, 0.296185], [8.207065, 0.296185], [8.207065, 15.296185], [0.207065, 15.296185], [0.207065, 0.296185]], [[8.03216, 15.94119], [8.03216, -0.05880999999999997], [14.03216, -0.05880999999999997], [14.03216, 15.94119], [8.03216, 15.94119]], [[0.346955, -5.6498], [8.346955, -5.6498], [8.346955, 0.3502], [0.346955, 0.3502], [0.346955, -5.6498]], [[22.398415, 10.82817], [14.398415, 10.828169999999998], [14.398415, 4.828169999999999], [22.398415, 4.82817], [22.398415, 10.82817]], [[0.29665999999999976, 3.88754], [0.2966600000000002, 11.88754], [-14.70334, 11.887540000000001], [-14.70334, 3.887540000000001], [0.29665999999999976, 3.88754]], [[8.02506, 5.220975], [8.02506, -10.779025], [14.02506, -10.779025], [14.02506, 5.220975], [8.02506, 5.220975]]], "node_id": [0, 1, 2, 3, 4, 5]}