{"corners": [[[0.485435, 0.09023], [8.485435, 0.09023], [8.485435, 6.09023], [0.485435, 6.09023], [0.485435, 0.09023]], [[-3.5825649999999998, -5.544245], [12.417435, -5.544245], [12.417435, 0.455755], [-3.5825649999999998, 0.455755], [-3.5825649999999998, -5.544245]], [[8.24106, -4.40798], [16.24106, -4.40798], [16.24106, 10.59202], [8.24106, 10.59202], [8.24106, -4.40798]], [[-18.711205, 1.201829999999999], [-18.711205, -6.798170000000001], [-3.711205, -6.79817], [-3.711205, 1.20183], [-18.711205, 1.201829999999999]], [[31.25047, -0.7751750000000008], [31.25047, 7.224824999999999], [16.25047, 7.224825000000001], [16.25047, -0.775175], [31.25047, -0.7751750000000008]], [[-8.04852, -14.724185], [-8.04852, -6.724185], [-14.04852, -6.724185], [-14.04852, -14.724185], [-8.04852, -14.724185]]], "node_id": [0, 1, 2, 3, 4, 5]}