{"corners": [[[0.06753, 0.28048], [8.06753, 0.28048], [8.06753, 6.28048], [0.06753, 6.28048], [0.06753, 0.28048]], [[8.350845, 7.08189], [8.350845, -0.91811], [14.350845, -0.91811], [14.350845, 7.08189], [8.350845, 7.08189]], [[0.452955, -5.613205], [8.452955, -5.613205], [8.452955, 0.386795], [0.452955, 0.386795], [0.452955, -5.613205]], [[24.439315, 0.18879499999999821], [8.439315, 0.18879500000000018], [8.439315, -5.811205], [24.439315, -5.811205000000002], [24.439315, 0.18879499999999821]], [[0.0033000000000003673, 0.36602], [-7.9967, 0.366020000000001], [-7.9967, -5.633979999999999], [0.0032999999999996327, -5.63398], [0.0033000000000003673, 0.36602]]], "node_id": [0, 1, 2, 3, 4]}