{"corners": [[[0.384535, 0.443905], [8.384535, 0.443905], [8.384535, 6.443905], [0.384535, 6.443905], [0.384535, 0.443905]], [[7.162295, -7.77502], [7.162295000000001, 0.22498], [1.162295000000001, 0.22498], [1.162295, -7.77502], [7.162295, -7.77502]], [[22.197615, -7.589935], [22.197615, 0.410065], [7.197615, 0.4100650000000018], [7.197615, -7.589934999999999], [22.197615, -7.589935]], [[22.39056, -15.657495], [22.39056, -7.657495], [7.39056, -7.657494999999998], [7.39056, -15.657494999999999], [22.39056, -15.657495]], [[1.468620000000001, 3.93473], [-6.5313799999999995, 3.934730000000001], [-6.531380000000001, -11.065269999999998], [1.468619999999999, -11.06527], [1.468620000000001, 3.93473]], [[1.336255, -7.848939999999999], [1.336254999999997, -23.84894], [7.336254999999998, -23.84894], [7.336255, -7.84894], [1.336255, -7.848939999999999]]], "node_id": [0, 1, 2, 3, 4, 5]}