{"corners": [[[0.157125, 0.02274], [8.157125, 0.02274], [8.157125, 6.02274], [0.157125, 6.02274], [0.157125, 0.02274]], [[23.20725, -0.7524250000000009], [23.20725, 7.247574999999999], [8.20725, 7.247575000000001], [8.20725, -0.752425], [23.20725, -0.7524250000000009]], [[0.333, 6.278255], [8.333, 6.278255], [8.333, 12.278255], [0.333, 12.278255], [0.333, 6.278255]], [[8.054865, 6.073065], [24.054865, 6.073065], [24.054865, 12.073065], [8.054865, 12.073065], [8.054865, 6.073065]], [[11.87926, 12.30944], [11.87926, 20.30944], [-3.12074, 20.30944], [-3.12074, 12.309440000000002], [11.87926, 12.30944]], [[-7.889305, 6.113805], [0.110695, 6.113805], [0.110695, 12.113805], [-7.889305, 12.113805], [-7.889305, 6.113805]]], "node_id": [0, 1, 2, 3, 4, 5]}