{"corners": [[[0.349415, 0.270815], [16.349415, 0.270815], [16.349415, 6.270815], [0.349415, 6.270815], [0.349415, 0.270815]], [[0.16797000000000037, 6.235345], [-7.83203, 6.235345000000001], [-7.83203, 0.2353450000000009], [0.16796999999999965, 0.235345], [0.16797000000000037, 6.235345]], [[12.32707, 0.2776749999999995], [4.32707, 0.2776750000000005], [4.327069999999998, -14.722324999999998], [12.327069999999999, -14.722325], [12.32707, 0.2776749999999995]], [[0.4184699999999991, 0.4987100000000004], [-7.58153, 0.4987100000000014], [-7.58153, -5.501289999999999], [0.4184699999999984, -5.50129], [0.4184699999999991, 0.4987100000000004]], [[-15.73637, 0.43748000000000264], [-7.73637, 0.4374800000000007], [-7.736369999999998, 6.437480000000001], [-15.736369999999999, 6.4374800000000025], [-15.73637, 0.43748000000000264]], [[-7.6857, -6.753349999999998], [-7.685699999999999, 1.2466500000000018], [-13.6857, 1.2466500000000018], [-13.6857, -6.753349999999998], [-7.6857, -6.753349999999998]]], "node_id": [0, 1, 2, 3, 4, 5]}