{"corners": [[[0.357325, 0.47025], [8.357325, 0.47025], [8.357325, 6.47025], [0.357325, 6.47025], [0.357325, 0.47025]], [[0.247175, 6.31266], [8.247175, 6.31266], [8.247175, 21.31266], [0.247175, 21.31266], [0.247175, 6.31266]], [[8.366739999999998, 21.838285], [8.36674, 5.838285], [14.36674, 5.838285], [14.36674, 21.838285], [8.366739999999998, 21.838285]], [[-7.63779, 0.292355], [0.36221, 0.292355], [0.36221, 6.292355], [-7.63779, 6.292355], [-7.63779, 0.292355]], [[14.310535, -10.358075], [14.310535000000002, 5.641925], [8.310535, 5.641925], [8.310535, -10.358075], [14.310535, -10.358075]], [[11.881415, 21.16945], [11.881415, 29.16945], [-3.118585, 29.16945], [-3.118585, 21.16945], [11.881415, 21.16945]]], "node_id": [0, 1, 2, 3, 4, 5]}