{"corners": [[[0.433845, 0.442905], [8.433845, 0.442905], [8.433845, 15.442905], [0.433845, 15.442905], [0.433845, 0.442905]], [[8.03358, 11.67832], [8.03358, 3.67832], [14.03358, 3.67832], [14.03358, 11.67832], [8.03358, 11.67832]], [[0.093435, 15.18582], [8.093435, 15.18582], [8.093435, 30.18582], [0.093435, 30.18582], [0.093435, 15.18582]], [[14.08563, 11.933595], [14.08563, 3.933595], [20.08563, 3.933595], [20.08563, 11.933595], [14.08563, 11.933595]], [[-3.127460000000001, 38.44749], [-3.1274600000000006, 30.44749], [11.87254, 30.44749], [11.87254, 38.44749], [-3.127460000000001, 38.44749]], [[8.149625, 0.09115999999999952], [0.149625, 0.09116000000000049], [0.14962499999999823, -14.908839999999998], [8.149624999999999, -14.90884], [8.149625, 0.09115999999999952]]], "node_id": [0, 1, 2, 3, 4, 5]}