{"corners": [[[0.496755, 0.41123], [8.496755, 0.41123], [8.496755, 15.41123], [0.496755, 15.41123], [0.496755, 0.41123]], [[12.054855, 21.29637], [-3.945145, 21.296370000000003], [-3.945145, 15.296370000000001], [12.054855, 15.29637], [12.054855, 21.29637]], [[-11.983685, 15.073185000000002], [-3.983685, 15.073185], [-3.983684999999998, 21.073185], [-11.983684999999998, 21.073185], [-11.983685, 15.073185000000002]], [[14.435685, -0.331295], [14.435685000000001, 15.668705], [8.435685, 15.668705], [8.435685, -0.3312949999999996], [14.435685, -0.331295]], [[-4.774734999999998, 21.43772], [-4.774734999999995, 29.43772], [-10.774734999999996, 29.43772], [-10.774734999999998, 21.437720000000002], [-4.774734999999998, 21.43772]], [[-3.474899999999998, 29.12814], [-3.4748999999999994, 21.12814], [11.5251, 21.128139999999995], [11.525100000000002, 29.128139999999995], [-3.474899999999998, 29.12814]]], "node_id": [0, 1, 2, 3, 4, 5]}