{"corners": [[[0.287605, 0.14662], [8.287605, 0.14662], [8.287605, 6.14662], [0.287605, 6.14662], [0.287605, 0.14662]], [[0.37246, 6.1316749999999995], [8.37246, 6.1316749999999995], [8.37246, 12.131675], [0.37246, 12.131675], [0.37246, 6.1316749999999995]], [[23.42998, 5.318154999999999], [23.42998, 13.318155], [8.42998, 13.318155], [8.42998, 5.318155], [23.42998, 5.318154999999999]], [[8.436464999999998, 11.454985], [8.436465, -4.545015], [14.436465, -4.545015], [14.436465, 11.454985], [8.436464999999998, 11.454985]], [[11.589115, 13.22025], [19.589115, 13.22025], [19.589115, 28.22025], [11.589115, 28.22025], [11.589115, 13.22025]], [[30.400535, 6.073645000000002], [14.400535, 6.073645], [14.400535, 0.073645], [30.400535, 0.07364500000000178], [30.400535, 6.073645000000002]]], "node_id": [0, 1, 2, 3, 4, 5]}