{"corners": [[[0.033235, 0.056125], [8.033235, 0.056125], [8.033235, 6.056125], [0.033235, 6.056125], [0.033235, 0.056125]], [[7.1454699999999995, -15.814055], [7.1454699999999995, 0.185945], [1.14547, 0.185945], [1.145469999999999, -15.814055], [7.1454699999999995, -15.814055]], [[-14.544665, 7.358469999999999], [-14.544665, -0.6415300000000008], [0.455335, -0.6415299999999999], [0.455335, 7.35847], [-14.544665, 7.358469999999999]], [[-6.77942, -15.41722], [1.22058, -15.41722], [1.22058, -0.41722], [-6.77942, -0.41722], [-6.77942, -15.41722]], [[0.1997349999999991, -31.040945], [0.19973500000000008, -15.040945], [-5.800265, -15.040945], [-5.800265000000001, -31.040945], [0.1997349999999991, -31.040945]]], "node_id": [0, 1, 2, 3, 4]}