{"corners": [[[0.11782, 0.41831], [8.11782, 0.41831], [8.11782, 6.41831], [0.11782, 6.41831], [0.11782, 0.41831]], [[0.28223000000000037, 6.10959], [-7.71777, 6.109590000000001], [-7.71777, 0.1095900000000009], [0.2822299999999996, 0.10959], [0.28223000000000037, 6.10959]], [[-7.820725000000004, -5.777029999999998], [0.17927499999999644, -5.77703], [0.1792749999999982, 0.22297], [-7.820725000000002, 0.22297000000000178], [-7.820725000000004, -5.777029999999998]], [[-7.713695000000006, -6.968599999999999], [-7.713695000000004, 1.0314000000000019], [-13.713695000000003, 1.0314000000000036], [-13.713695000000005, -6.968599999999997], [-7.713695000000006, -6.968599999999999]], [[-6.923529999999999, 16.14072], [-14.923529999999998, 16.140720000000005], [-14.923530000000003, 1.1407200000000035], [-6.923530000000004, 1.14072], [-6.923529999999999, 16.14072]], [[8.068289999999998, 0.18563499999999689], [0.06828999999999823, 0.18563499999999983], [0.06828999999999645, -5.8143650000000004], [8.068289999999996, -5.814365000000004], [8.068289999999998, 0.18563499999999689]]], "node_id": [0, 1, 2, 3, 4, 5]}