{"corners": [[[0.189395, 0.065545], [16.189395, 0.065545], [16.189395, 6.065545], [0.189395, 6.065545], [0.189395, 0.065545]], [[5.44991, 0.17418999999999982], [5.449910000000001, -15.82581], [11.44991, -15.82581], [11.44991, 0.1741900000000002], [5.44991, 0.17418999999999982]], [[26.345195, -11.563505], [26.345195, -3.563505], [11.345195, -3.5635049999999984], [11.345195, -11.563504999999997], [26.345195, -11.563505]], [[16.40466, -4.40671], [24.40466, -4.40671], [24.40466, 10.59329], [16.40466, 10.59329], [16.40466, -4.40671]], [[15.55632, -23.65137], [15.55632, -15.65137], [0.55632, -15.651369999999998], [0.55632, -23.65137], [15.55632, -23.65137]], [[30.896315, -23.778645], [30.896315, -15.778645], [15.896315, -15.778644999999997], [15.896315, -23.778645], [30.896315, -23.778645]]], "node_id": [0, 1, 2, 3, 4, 5]}