{"corners": [[[0.21003, 0.46413], [16.21003, 0.46413], [16.21003, 6.46413], [0.21003, 6.46413], [0.21003, 0.46413]], [[5.111945, 0.2668749999999998], [5.111945000000001, -15.733125], [11.111945, -15.733125], [11.111945, 0.26687500000000014], [5.111945, 0.2668749999999998]], [[11.007995, -3.919975], [11.007995, -11.919975], [17.007995, -11.919975], [17.007995, -3.9199749999999995], [11.007995, -3.919975]], [[6.3496500000000005, -17.85956], [22.34965, -17.85956], [22.34965, -11.85956], [6.3496500000000005, -11.85956], [6.3496500000000005, -17.85956]], [[10.109245, -32.926825], [18.109245, -32.926825], [18.109245, -17.926825], [10.109245, -17.926825], [10.109245, -32.926825]], [[0.56958, -15.635745], [0.5695800000000004, -23.635745], [15.56958, -23.635745], [15.56958, -15.635744999999998], [0.56958, -15.635745]]], "node_id": [0, 1, 2, 3, 4, 5]}