{"corners": [[[0.279175, 0.47547], [16.279175, 0.47547], [16.279175, 6.47547], [0.279175, 6.47547], [0.279175, 0.47547]], [[12.49341, 0.4105949999999995], [4.49341, 0.4105950000000005], [4.493409999999998, -14.589404999999998], [12.493409999999999, -14.589405], [12.49341, 0.4105949999999995]], [[-10.989490000000002, -3.4861949999999973], [-10.989490000000004, -11.486194999999997], [4.0105099999999965, -11.486195], [4.010509999999998, -3.486195], [-10.989490000000002, -3.4861949999999973]], [[-6.123665, 4.573095000000002], [-6.123665000000002, -3.4269049999999983], [-0.1236650000000018, -3.426905], [-0.12366500000000002, 4.573095000000001], [-6.123665, 4.573095000000002]], [[4.327334999999994, -29.75035], [12.327334999999994, -29.750350000000005], [12.327334999999998, -14.750350000000001], [4.327334999999998, -14.75035], [4.327334999999994, -29.75035]]], "node_id": [0, 1, 2, 3, 4]}