{"corners": [[[0.486235, 0.02798], [8.486235, 0.02798], [8.486235, 15.02798], [0.486235, 15.02798], [0.486235, 0.02798]], [[1.1500199999999996, 23.13048], [1.15002, 15.13048], [7.15002, 15.13048], [7.15002, 23.13048], [1.1500199999999996, 23.13048]], [[7.20475, 16.020505], [23.20475, 16.020505], [23.20475, 22.020505], [7.20475, 22.020505], [7.20475, 16.020505]], [[11.264355, 22.180825], [19.264355, 22.180825], [19.264355, 37.180825], [11.264355, 37.180825], [11.264355, 22.180825]], [[22.750165, 8.14178], [22.750165, 16.14178], [7.750165, 16.14178], [7.750165, 8.141780000000002], [22.750165, 8.14178]], [[22.575755, 16.216925], [22.575755, 8.216925], [37.575755, 8.216924999999996], [37.575755, 16.216924999999996], [22.575755, 16.216925]]], "node_id": [0, 1, 2, 3, 4, 5]}