{"corners": [[[0.079045, 0.49894], [8.079045, 0.49894], [8.079045, 15.49894], [0.079045, 15.49894], [0.079045, 0.49894]], [[7.338294999999999, -15.884855], [7.3382950000000005, 0.115145], [1.338295, 0.115145], [1.3382949999999991, -15.884855], [7.338294999999999, -15.884855]], [[-5.712665000000001, 15.673495], [-5.712665, -0.326505], [0.287335, -0.326505], [0.2873349999999991, 15.673495], [-5.712665000000001, 15.673495]], [[-13.969005, 4.98107], [-5.969005, 4.98107], [-5.969005, 10.98107], [-13.969005, 10.98107], [-13.969005, 4.98107]], [[-13.720715, -0.050829999999999986], [-13.720714999999998, 15.94917], [-19.720715, 15.94917], [-19.720715, -0.0508299999999996], [-13.720715, -0.050829999999999986]], [[-17.325215, 18.98474], [-17.325215, 10.98474], [-2.325215, 10.98474], [-2.325215, 18.98474], [-17.325215, 18.98474]]], "node_id": [0, 1, 2, 3, 4, 5]}