{"corners": [[[0.354965, 0.111075], [8.354965, 0.111075], [8.354965, 15.111075], [0.354965, 15.111075], [0.354965, 0.111075]], [[14.34542, -0.15854000000000001], [14.345420000000003, 15.84146], [8.34542, 15.84146], [8.34542, -0.15853999999999963], [14.34542, -0.15854000000000001]], [[7.48299, -15.011195], [15.48299, -15.011195], [15.48299, -0.01119500000000001], [7.48299, -0.01119500000000001], [7.48299, -15.011195]], [[23.37419, -4.526710000000001], [15.37419, -4.52671], [15.37419, -10.52671], [23.37419, -10.52671], [23.37419, -4.526710000000001]], [[27.272055, 1.361359999999999], [11.272055, 1.3613600000000012], [11.272055, -4.638639999999999], [27.272055, -4.6386400000000005], [27.272055, 1.361359999999999]]], "node_id": [0, 1, 2, 3, 4]}