{"corners": [[[0.17977, 0.232845], [16.17977, 0.232845], [16.17977, 6.232845], [0.17977, 6.232845], [0.17977, 0.232845]], [[11.1537, -7.922215], [11.1537, 0.077785], [5.153700000000001, 0.077785], [5.1537, -7.922215], [11.1537, -7.922215]], [[24.44755, 10.75482], [16.44755, 10.754820000000002], [16.44755, -4.245179999999999], [24.447549999999996, -4.24518], [24.44755, 10.75482]], [[17.25231, -4.403684999999999], [17.25231, -12.403685], [23.25231, -12.403685], [23.25231, -4.403685], [17.25231, -4.403684999999999]], [[29.15133, -12.373415000000001], [29.151330000000005, -4.373415000000001], [23.151330000000005, -4.373415], [23.15133, -12.373415], [29.15133, -12.373415000000001]], [[18.968740000000007, 3.9523150000000036], [18.968740000000004, -4.047684999999996], [33.96874, -4.047685000000003], [33.968740000000004, 3.9523149999999974], [18.968740000000007, 3.9523150000000036]]], "node_id": [0, 1, 2, 3, 4, 5]}