{"corners": [[[0.390045, 0.147775], [8.390045, 0.147775], [8.390045, 15.147775], [0.390045, 15.147775], [0.390045, 0.147775]], [[8.356455, 0.02979999999999951], [0.356455, 0.02980000000000049], [0.356455, -5.9702], [8.356454999999999, -5.970200000000001], [8.356455, 0.02979999999999951]], [[14.440645, -10.607255], [14.440645000000002, 5.392745], [8.440645, 5.392745], [8.440645, -10.607255], [14.440645, -10.607255]], [[15.389620000000003, 20.21623], [7.389620000000002, 20.21623], [7.38962, 5.216230000000002], [15.38962, 5.21623], [15.389620000000003, 20.21623]], [[20.316235, -10.893895], [20.316235, 5.106105], [14.316235, 5.106105], [14.316235, -10.893895], [20.316235, -10.893895]], [[-5.756829999999998, 5.012080000000002], [-5.756830000000001, -10.987919999999999], [0.2431699999999991, -10.987919999999999], [0.24317000000000177, 5.012080000000001], [-5.756829999999998, 5.012080000000002]]], "node_id": [0, 1, 2, 3, 4, 5]}