{"corners": [[[0.154365, 0.01541], [8.154365, 0.01541], [8.154365, 6.01541], [0.154365, 6.01541], [0.154365, 0.01541]], [[8.4006, 0.08076999999999951], [0.4006, 0.08077000000000048], [0.4006, -5.91923], [8.400599999999999, -5.919230000000001], [8.4006, 0.08076999999999951]], [[0.16581500000000035, 6.27034], [-7.834185, 6.270340000000001], [-7.834185, 0.2703400000000009], [0.16581499999999963, 0.27034], [0.16581500000000035, 6.27034]], [[8.19773, -5.97607], [16.19773, -5.976070000000002], [16.19773, 0.023929999999998224], [8.19773, 0.02393], [8.19773, -5.97607]], [[-7.5408599999999995, 10.644345], [-15.54086, 10.644345000000001], [-15.54086, -4.355654999999998], [-7.540860000000002, -4.355655], [-7.5408599999999995, 10.644345]], [[-15.568, -5.7330149999999955], [0.432, -5.733014999999999], [0.432, 0.26698500000000086], [-15.567999999999998, 0.2669850000000044], [-15.568, -5.7330149999999955]]], "node_id": [0, 1, 2, 3, 4, 5]}