{"corners": [[[0.061925, 0.294985], [16.061925, 0.294985], [16.061925, 6.294985], [0.061925, 6.294985], [0.061925, 0.294985]], [[5.47217, 14.41086], [5.472170000000001, 6.41086], [11.47217, 6.41086], [11.47217, 14.41086], [5.47217, 14.41086]], [[5.32047, 22.492135], [5.320470000000001, 14.492135], [11.32047, 14.492135], [11.32047, 22.492135], [5.32047, 22.492135]], [[11.41424, 22.49732], [11.41424, 14.49732], [26.41424, 14.49732], [26.41424, 22.49732], [11.41424, 22.49732]], [[14.697485, 22.288985], [22.697485, 22.288985], [22.697485, 28.288985], [14.697485, 28.288985], [14.697485, 22.288985]], [[11.001685, 18.48943], [11.001685000000002, 2.48943], [17.001685, 2.48943], [17.001685, 18.48943], [11.001685, 18.48943]]], "node_id": [0, 1, 2, 3, 4, 5]}