{"corners": [[[0.252695, 0.33406], [16.252695, 0.33406], [16.252695, 6.33406], [0.252695, 6.33406], [0.252695, 0.33406]], [[16.444165, 0.201685], [32.444165, 0.201685], [32.444165, 6.201685], [16.444165, 6.201685], [16.444165, 0.201685]], [[15.86877, -7.844575], [15.86877, 0.155425], [0.86877, 0.15542500000000178], [0.86877, -7.844574999999999], [15.86877, -7.844575]], [[16.508915, 0.17658499999999952], [16.508915, -7.823415], [31.508915, -7.823415], [31.508915, 0.17658500000000046], [16.508915, 0.17658499999999952]], [[12.05927, -7.87681], [4.05927, -7.876809999999999], [4.05927, -13.87681], [12.05927, -13.87681], [12.05927, -7.87681]], [[27.08561, -14.574075], [27.08561, -6.574075], [12.08561, -6.574074999999998], [12.08561, -14.574074999999999], [27.08561, -14.574075]]], "node_id": [0, 1, 2, 3, 4, 5]}