{"corners": [[[0.11529, 0.215255], [8.11529, 0.215255], [8.11529, 6.215255], [0.11529, 6.215255], [0.11529, 0.215255]], [[8.143965, 11.454475], [8.143965, -4.545525], [14.143965, -4.545525], [14.143965, 11.454475], [8.143965, 11.454475]], [[-5.902365, 7.088815], [-5.902364999999999, -0.911185], [0.09763500000000089, -0.911185], [0.097635, 7.088815], [-5.902365, 7.088815]], [[14.22353, 11.294715], [14.223530000000002, 27.294715], [8.22353, 27.294715], [8.22353, 11.294715], [14.22353, 11.294715]], [[2.154510000000001, 23.351865], [2.1545099999999993, 15.351865], [8.154509999999998, 15.351864999999998], [8.15451, 23.351865], [2.154510000000001, 23.351865]], [[11.52342, 6.1209299999999995], [11.52342, 14.12093], [-3.47658, 14.12093], [-3.47658, 6.12093], [11.52342, 6.1209299999999995]]], "node_id": [0, 1, 2, 3, 4, 5]}