{"corners": [[[0.240905, 0.293055], [8.240905, 0.293055], [8.240905, 15.293055], [0.240905, 15.293055], [0.240905, 0.293055]], [[8.03048, 4.626345], [16.03048, 4.626345], [16.03048, 10.626345], [8.03048, 10.626345], [8.03048, 4.626345]], [[-7.774745, 0.029695], [0.225255, 0.029695], [0.225255, 15.029695], [-7.774745, 15.029695], [-7.774745, 0.029695]], [[7.2942849999999995, -15.882145], [7.294285, 0.117855], [1.294285, 0.117855], [1.294284999999999, -15.882145], [7.2942849999999995, -15.882145]], [[1.258075000000001, -0.28603500000000004], [-6.741924999999999, -0.28603499999999904], [-6.741925000000001, -15.286034999999998], [1.258074999999999, -15.286035], [1.258075000000001, -0.28603500000000004]], [[-0.5188999999999999, 15.02673], [-0.518899999999999, 31.02673], [-6.5188999999999995, 31.02673], [-6.5189, 15.02673], [-0.5188999999999999, 15.02673]]], "node_id": [0, 1, 2, 3, 4, 5]}