{"corners": [[[0.465125, 0.05236], [8.465125, 0.05236], [8.465125, 6.05236], [0.465125, 6.05236], [0.465125, 0.05236]], [[0.293, 6.110445], [8.293, 6.110445], [8.293, 12.110445], [0.293, 12.110445], [0.293, 6.110445]], [[16.44287, 16.590755], [8.44287, 16.590755], [8.442869999999997, 1.5907550000000017], [16.44287, 1.590755], [16.44287, 16.590755]], [[12.41776, 18.00393], [-3.58224, 18.003930000000004], [-3.58224, 12.003930000000002], [12.41776, 12.00393], [12.41776, 18.00393]], [[12.248709999999999, 19.141865], [12.248709999999999, 11.141865], [27.24871, 11.141864999999996], [27.24871, 19.141864999999996], [12.248709999999999, 19.141865]], [[35.04448, 18.365404999999996], [27.04448, 18.365404999999996], [27.04448, 12.365404999999996], [35.04448, 12.365404999999996], [35.04448, 18.365404999999996]]], "node_id": [0, 1, 2, 3, 4, 5]}