{"corners": [[[0.303745, 0.11273], [8.303745, 0.11273], [8.303745, 15.112729999999999], [0.303745, 15.112729999999999], [0.303745, 0.11273]], [[-5.917755, 11.958855], [-5.917754999999999, 3.958855], [0.08224500000000089, 3.958855], [0.082245, 11.958855], [-5.917755, 11.958855]], [[-5.911685, 3.8915699999999998], [-5.911684999999999, 11.89157], [-11.911685, 11.89157], [-11.911685, 3.8915700000000006], [-5.911685, 3.8915699999999998]], [[4.62507, -4.12672], [4.625070000000001, 3.87328], [-10.37493, 3.8732800000000016], [-10.37493, -4.126719999999999], [4.62507, -4.12672]], [[4.938615, 11.619905], [4.938615, 19.619905], [-10.061385, 19.619905], [-10.061385, 11.619905000000001], [4.938615, 11.619905]], [[-10.682205, 19.502835], [5.317795, 19.502835], [5.317795, 25.502835], [-10.682205, 25.502835], [-10.682205, 19.502835]]], "node_id": [0, 1, 2, 3, 4, 5]}