{"corners": [[[0.384645, 0.319645], [8.384645, 0.319645], [8.384645, 6.319645], [0.384645, 6.319645], [0.384645, 0.319645]], [[8.242, 7.342575], [8.242, -0.6574249999999999], [23.242, -0.657424999999999], [23.242, 7.342575000000001], [8.242, 7.342575]], [[12.24608, 0.16736999999999902], [-3.75392, 0.16737000000000096], [-3.75392, -5.832629999999999], [12.24608, -5.832630000000001], [12.24608, 0.16736999999999902]], [[0.4360699999999995, -4.54681], [0.4360700000000005, 11.45319], [-5.56393, 11.45319], [-5.563930000000001, -4.54681], [0.4360699999999995, -4.54681]], [[-10.422214999999998, 19.065585], [-10.422215, 11.065585], [4.577785, 11.065584999999997], [4.577785000000002, 19.065584999999995], [-10.422214999999998, 19.065585]], [[23.077515, 7.299755], [23.077515, 15.299755], [8.077515, 15.299755000000001], [8.077515, 7.299755000000001], [23.077515, 7.299755]]], "node_id": [0, 1, 2, 3, 4, 5]}