{"corners": [[[0.41971, 0.262735], [8.41971, 0.262735], [8.41971, 6.262735], [0.41971, 6.262735], [0.41971, 0.262735]], [[-7.93188, -4.28641], [0.06812, -4.28641], [0.06812, 10.71359], [-7.93188, 10.71359], [-7.93188, -4.28641]], [[8.259155, 7.00104], [8.259155, -0.99896], [14.259155, -0.99896], [14.259155, 7.00104], [8.259155, 7.00104]], [[14.01272, 7.487095], [14.01272, -0.5129049999999999], [20.01272, -0.5129049999999999], [20.01272, 7.487095], [14.01272, 7.487095]], [[13.07079, 7.447565], [21.07079, 7.447565], [21.07079, 22.447565], [13.07079, 22.447565], [13.07079, 7.447565]]], "node_id": [0, 1, 2, 3, 4]}