{"corners": [[[0.088365, 0.28686], [16.088365, 0.28686], [16.088365, 6.28686], [0.088365, 6.28686], [0.088365, 0.28686]], [[4.173155, -14.66611], [12.173155, -14.66611], [12.173155, 0.33389], [4.173155, 0.33389], [4.173155, -14.66611]], [[0.986395, -14.652495], [0.9863950000000005, -22.652495], [15.986395, -22.652495], [15.986395, -14.652494999999998], [0.986395, -14.652495]], [[31.842985, -15.638719999999998], [15.842985, -15.63872], [15.842985, -21.63872], [31.842985, -21.63872], [31.842985, -15.638719999999998]], [[12.365315, -10.18843], [20.365315, -10.18843], [20.365315, -4.18843], [12.365315, -4.18843], [12.365315, -10.18843]], [[12.182865000000001, 21.138195], [4.182865000000001, 21.138195], [4.182865, 6.138195000000001], [12.182865, 6.138195], [12.182865000000001, 21.138195]]], "node_id": [0, 1, 2, 3, 4, 5]}