{"corners": [[[0.300165, 0.45154], [8.300165, 0.45154], [8.300165, 6.45154], [0.300165, 6.45154], [0.300165, 0.45154]], [[8.192775, 7.355665], [8.192775, -0.644335], [14.192775, -0.644335], [14.192775, 7.355665], [8.192775, 7.355665]], [[3.596565, -0.8212250000000004], [3.5965650000000005, -8.821225], [18.596565, -8.821225], [18.596565, -0.8212249999999995], [3.596565, -0.8212250000000004]], [[3.595625, -12.900525], [3.595625000000001, 3.099475], [-2.404374999999999, 3.099475], [-2.404375, -12.900525], [3.595625, -12.900525]], [[8.0885, 0.4550499999999995], [0.0885, 0.4550500000000005], [0.08849999999999822, -14.544949999999998], [8.088499999999998, -14.54495], [8.0885, 0.4550499999999995]], [[-2.0970999999999997, -8.57347], [-2.0970999999999993, -0.5734699999999999], [-17.0971, -0.5734699999999981], [-17.0971, -8.573469999999999], [-2.0970999999999997, -8.57347]]], "node_id": [0, 1, 2, 3, 4, 5]}