{"corners": [[[0.386035, 0.115945], [8.386035, 0.115945], [8.386035, 6.115945], [0.386035, 6.115945], [0.386035, 0.115945]], [[8.497975, 7.066115], [8.497975, -0.933885], [14.497975, -0.933885], [14.497975, 7.066115], [8.497975, 7.066115]], [[3.7384, -0.7380750000000005], [3.7384000000000004, -8.738075], [18.7384, -8.738075], [18.7384, -0.7380749999999996], [3.7384, -0.7380750000000005]], [[-4.4333, -7.886605], [3.5667, -7.886605], [3.5667, -1.886605], [-4.4333, -1.886605], [-4.4333, -7.886605]], [[0.45526500000000036, 6.25517], [-15.544735, 6.2551700000000015], [-15.544735, 0.2551700000000018], [0.4552649999999996, 0.25517], [0.45526500000000036, 6.25517]], [[0.45117, -14.652875], [8.45117, -14.652875], [8.45117, 0.347125], [0.45117, 0.347125], [0.45117, -14.652875]]], "node_id": [0, 1, 2, 3, 4, 5]}