{"corners": [[[0.13176, 0.435405], [8.13176, 0.435405], [8.13176, 6.435405], [0.13176, 6.435405], [0.13176, 0.435405]], [[-7.84217, -4.096075], [0.15783, -4.096075], [0.15783, 10.903925], [-7.84217, 10.903925], [-7.84217, -4.096075]], [[-3.819665, -5.683635], [12.180335, -5.683635], [12.180335, 0.316365], [-3.819665, 0.316365], [-3.819665, -5.683635]], [[8.258135, -5.919475000000001], [0.258135, -5.919475], [0.2581349999999982, -20.919475], [8.258134999999998, -20.919475], [8.258135, -5.919475000000001]], [[27.332715, -6.862335000000001], [27.332715, 1.137664999999999], [12.332715, 1.1376650000000008], [12.332715, -6.862335], [27.332715, -6.862335000000001]]], "node_id": [0, 1, 2, 3, 4]}