{"corners": [[[0.38633, 0.2638], [16.38633, 0.2638], [16.38633, 6.2638], [0.38633, 6.2638], [0.38633, 0.2638]], [[5.323465, 0.2158649999999998], [5.323465000000001, -7.784135], [11.323465, -7.784135], [11.323465, 0.2158650000000002], [5.323465, 0.2158649999999998]], [[11.381005, -11.427215], [19.381005, -11.427215], [19.381005, 3.572785], [11.381005, 3.572785], [11.381005, -11.427215]], [[5.186335, -7.965355], [5.186335000000001, 0.034645], [-9.813665, 0.03464500000000178], [-9.813665, -7.965354999999999], [5.186335, -7.965355]], [[34.336305, -7.956895], [34.336305, 0.043105], [19.336305, 0.043105000000001774], [19.336305, -7.956894999999999], [34.336305, -7.956895]], [[19.21304, -11.230385], [11.21304, -11.230384999999998], [11.21304, -17.230385], [19.21304, -17.230385], [19.21304, -11.230385]]], "node_id": [0, 1, 2, 3, 4, 5]}