{"corners": [[[0.15074, 0.154105], [8.15074, 0.154105], [8.15074, 15.154105], [0.15074, 15.154105], [0.15074, 0.154105]], [[0.37825000000000036, 10.56538], [-15.62175, 10.565380000000001], [-15.62175, 4.565380000000002], [0.3782499999999996, 4.56538], [0.37825000000000036, 10.56538]], [[8.05132, 4.948705], [24.05132, 4.948705], [24.05132, 10.948705], [8.05132, 10.948705], [8.05132, 4.948705]], [[-15.527815, 3.686850000000002], [-15.527815, 11.686850000000002], [-30.527815, 11.686850000000003], [-30.527815, 3.686850000000003], [-15.527815, 3.686850000000002]], [[24.380215, 16.82616], [8.380215, 16.826160000000005], [8.380215, 10.826160000000002], [24.380215, 10.82616], [24.380215, 16.82616]], [[-30.675925, 3.5514250000000027], [-30.675925, 11.551425000000004], [-36.675925, 11.551425000000004], [-36.675925, 3.551425000000003], [-30.675925, 3.5514250000000027]]], "node_id": [0, 1, 2, 3, 4, 5]}