{"corners": [[[0.134255, 0.17411], [16.134255, 0.17411], [16.134255, 6.17411], [0.134255, 6.17411], [0.134255, 0.17411]], [[0.371025, 6.406695], [16.371025, 6.406695], [16.371025, 12.406695], [0.371025, 12.406695], [0.371025, 6.406695]], [[16.092305, 11.365545000000001], [16.092305, -4.634455], [22.092305, -4.634455], [22.092305, 11.365545000000001], [16.092305, 11.365545000000001]], [[-14.820135, 7.112164999999999], [-14.820135, -0.8878350000000009], [0.179865, -0.887835], [0.179865, 7.112165], [-14.820135, 7.112164999999999]], [[26.87341, 11.12712], [26.87341, 19.12712], [11.87341, 19.12712], [11.87341, 11.127120000000001], [26.87341, 11.12712]]], "node_id": [0, 1, 2, 3, 4]}