{"corners": [[[0.42916, 0.29062], [8.42916, 0.29062], [8.42916, 15.29062], [0.42916, 15.29062], [0.42916, 0.29062]], [[8.455145, 0.3327099999999995], [0.455145, 0.3327100000000005], [0.455145, -5.66729], [8.455145, -5.667290000000001], [8.455145, 0.3327099999999995]], [[11.9791, 15.29522], [11.9791, 23.29522], [-3.0209, 23.29522], [-3.0209, 15.295220000000002], [11.9791, 15.29522]], [[0.2839899999999998, -6.64119], [0.28399000000000024, 1.35881], [-5.716009999999999, 1.35881], [-5.71601, -6.64119], [0.2839899999999998, -6.64119]], [[-5.732649999999996, 17.34104], [-5.73265, 1.34104], [0.26735000000000086, 1.34104], [0.26735000000000353, 17.34104], [-5.732649999999996, 17.34104]], [[4.956619999999998, -14.740715], [4.956619999999999, -6.740715], [-10.043380000000003, -6.740714999999998], [-10.043380000000003, -14.740714999999998], [4.956619999999998, -14.740715]]], "node_id": [0, 1, 2, 3, 4, 5]}