{"corners": [[[0.43422, 0.26857], [16.43422, 0.26857], [16.43422, 6.26857], [0.43422, 6.26857], [0.43422, 0.26857]], [[12.01947, 0.12485499999999951], [4.01947, 0.12485500000000048], [4.01947, -5.875145], [12.01947, -5.875145000000001], [12.01947, 0.12485499999999951]], [[24.04976, 10.657405], [16.04976, 10.657405000000002], [16.04976, -4.342594999999998], [24.049759999999996, -4.342595], [24.04976, 10.657405]], [[-1.835499999999999, 1.4531100000000015], [-1.8355000000000004, -6.5468899999999985], [4.164499999999999, -6.54689], [4.164500000000001, 1.4531100000000001], [-1.835499999999999, 1.4531100000000015]], [[17.241835, -4.090654999999999], [17.241835, -12.090655], [23.241835, -12.090655], [23.241835, -4.090655], [17.241835, -4.090654999999999]]], "node_id": [0, 1, 2, 3, 4]}