{"corners": [[[0.170695, 0.30578], [8.170695, 0.30578], [8.170695, 6.30578], [0.170695, 6.30578], [0.170695, 0.30578]], [[-7.88022, 0.402795], [0.11978, 0.402795], [0.11978, 6.402795], [-7.88022, 6.402795], [-7.88022, 0.402795]], [[16.01512, 6.310129999999999], [8.01512, 6.31013], [8.01512, 0.31013], [16.01512, 0.31012999999999913], [16.01512, 6.310129999999999]], [[-7.786565, 6.15885], [-23.786565, 6.158850000000002], [-23.786565, 0.15885000000000177], [-7.786565, 0.15885], [-7.786565, 6.15885]], [[11.8611, 6.214994999999999], [11.8611, 14.214995], [-3.1389, 14.214995], [-3.1389, 6.214995], [11.8611, 6.214994999999999]], [[-0.802, 6.428205], [-0.8019999999999996, 14.428205], [-6.801999999999999, 14.428205], [-6.802, 6.428205], [-0.802, 6.428205]]], "node_id": [0, 1, 2, 3, 4, 5]}