{"corners": [[[0.243, 0.36817], [8.243, 0.36817], [8.243, 15.36817], [0.243, 15.36817], [0.243, 0.36817]], [[1.249145, 0.1962299999999998], [1.2491450000000008, -15.80377], [7.249145000000001, -15.80377], [7.249145, 0.19623000000000018], [1.249145, 0.1962299999999998]], [[7.1159550000000005, -10.688875], [23.115955, -10.688875], [23.115955, -4.688875], [7.1159550000000005, -4.688875], [7.1159550000000005, -10.688875]], [[31.37864, -4.8171550000000005], [23.37864, -4.817155], [23.37864, -10.817155], [31.37864, -10.817155], [31.37864, -4.8171550000000005]], [[1.2942250000000002, -11.701475], [1.2942250000000006, -3.701475], [-13.705775, -3.701474999999998], [-13.705775, -11.701474999999999], [1.2942250000000002, -11.701475]], [[1.2869100000000009, -3.6572750000000007], [1.2869100000000013, 4.342724999999999], [-13.71309, 4.342725000000001], [-13.71309, -3.657275], [1.2869100000000009, -3.6572750000000007]]], "node_id": [0, 1, 2, 3, 4, 5]}