{"corners": [[[0.115705, 0.49097], [16.115705, 0.49097], [16.115705, 6.49097], [0.115705, 6.49097], [0.115705, 0.49097]], [[0.4784599999999998, -0.982295], [0.4784600000000002, 7.017705], [-14.52154, 7.017705000000002], [-14.52154, -0.9822949999999991], [0.4784599999999998, -0.982295]], [[-4.289764999999999, 7.421735], [-4.289764999999998, 23.421735], [-10.289764999999997, 23.421735], [-10.289765, 7.421735], [-4.289764999999999, 7.421735]], [[-4.290764999999999, 12.128225], [3.709235000000002, 12.128225], [3.709235000000002, 18.128225], [-4.290764999999999, 18.128225], [-4.290764999999999, 12.128225]], [[-4.421614999999998, 23.282845000000002], [-4.421614999999997, 39.282845], [-10.421614999999996, 39.282845], [-10.421614999999997, 23.282845000000002], [-4.421614999999998, 23.282845000000002]], [[4.21032, -14.727625], [12.21032, -14.727625], [12.21032, 0.272375], [4.21032, 0.272375], [4.21032, -14.727625]]], "node_id": [0, 1, 2, 3, 4, 5]}