{"corners": [[[0.209705, 0.344865], [8.209705, 0.344865], [8.209705, 6.344865], [0.209705, 6.344865], [0.209705, 0.344865]], [[-7.647645, -4.23829], [0.352355, -4.23829], [0.352355, 10.76171], [-7.647645, 10.76171], [-7.647645, -4.23829]], [[-0.6251750000000009, -20.380775], [-0.6251749999999998, -4.380775], [-6.625175, -4.380775], [-6.6251750000000005, -20.380775], [-0.6251750000000009, -20.380775]], [[-6.804245, -16.071465], [-6.804244999999999, -8.071465], [-21.804245, -8.071464999999998], [-21.804245, -16.071465], [-6.804245, -16.071465]], [[-18.05129, -31.146875], [-10.05129, -31.146875], [-10.05129, -16.146875], [-18.05129, -16.146875], [-18.05129, -31.146875]], [[-0.9417199999999997, -8.0499], [-0.9417200000000011, -16.0499], [5.058279999999998, -16.0499], [5.05828, -8.049900000000001], [-0.9417199999999997, -8.0499]]], "node_id": [0, 1, 2, 3, 4, 5]}