{"corners": [[[0.200145, 0.406335], [8.200145, 0.406335], [8.200145, 15.406335], [0.200145, 15.406335], [0.200145, 0.406335]], [[0.443265, 15.30122], [8.443265, 15.30122], [8.443265, 30.30122], [0.443265, 30.30122], [0.443265, 15.30122]], [[8.143855, 11.583775], [8.143855, 3.583775], [14.143855, 3.583775], [14.143855, 11.583775], [8.143855, 11.583775]], [[-5.575505000000001, 30.892375], [-5.575505, 14.892375], [0.424495, 14.892375], [0.4244949999999991, 30.892375], [-5.575505000000001, 30.892375]], [[15.104545, 17.850465], [7.104545, 17.850465], [7.104545000000001, 11.850465], [15.104545, 11.850465], [15.104545, 17.850465]], [[-3.971065, -5.655965], [12.028935, -5.655965], [12.028935, 0.344035], [-3.971065, 0.344035], [-3.971065, -5.655965]]], "node_id": [0, 1, 2, 3, 4, 5]}