{"corners": [[[0.29167, 0.02302], [8.29167, 0.02302], [8.29167, 6.02302], [0.29167, 6.02302], [0.29167, 0.02302]], [[0.2273049999999995, -4.703435], [0.2273050000000005, 11.296565], [-5.772695, 11.296565], [-5.772695000000001, -4.703435], [0.2273049999999995, -4.703435]], [[-5.997635000000001, -4.502445], [-5.997635, 11.497555], [-11.997635, 11.497555], [-11.997635, -4.502445], [-5.997635000000001, -4.502445]], [[-10.64728, -10.53175], [5.35272, -10.53175], [5.35272, -4.53175], [-10.64728, -4.53175], [-10.64728, -10.53175]], [[5.092255, -3.946455], [5.092255000000001, -11.946455], [11.092255, -11.946455], [11.092255, -3.9464549999999994], [5.092255, -3.946455]], [[12.208874999999999, 11.07106], [4.208874999999998, 11.071059999999997], [4.208875, -3.9289400000000017], [12.208875, -3.92894], [12.208874999999999, 11.07106]]], "node_id": [0, 1, 2, 3, 4, 5]}