{"corners": [[[0.10881, 0.14116], [16.10881, 0.14116], [16.10881, 6.14116], [0.10881, 6.14116], [0.10881, 0.14116]], [[5.22787, 14.048715], [5.227870000000001, 6.048715], [11.22787, 6.048715], [11.22787, 14.048715], [5.22787, 14.048715]], [[16.08176, 11.009705], [16.08176, -4.990295], [22.08176, -4.990295], [22.08176, 11.009705], [16.08176, 11.009705]], [[17.27207, 2.22401], [17.27207, 18.22401], [11.27207, 18.22401], [11.27207, 2.2240100000000003], [17.27207, 2.22401]], [[22.11695, 11.05004], [22.11695, -4.94996], [28.11695, -4.94996], [28.11695, 11.05004], [22.11695, 11.05004]], [[15.53445, 14.13959], [15.53445, 22.13959], [0.53445, 22.13959], [0.53445, 14.139590000000002], [15.53445, 14.13959]]], "node_id": [0, 1, 2, 3, 4, 5]}