{"corners": [[[0.164605, 0.45863], [8.164605, 0.45863], [8.164605, 6.45863], [0.164605, 6.45863], [0.164605, 0.45863]], [[7.02916, -7.5434], [7.029160000000001, 0.4566], [1.029160000000001, 0.4566], [1.02916, -7.5434], [7.02916, -7.5434]], [[11.74507, 6.173374999999999], [11.74507, 14.173375], [-3.25493, 14.173375], [-3.25493, 6.173375], [11.74507, 6.173374999999999]], [[-14.91893, 7.497744999999999], [-14.91893, -0.5022550000000009], [0.08107, -0.502255], [0.08107, 7.497745], [-14.91893, 7.497744999999999]], [[-14.535335, -0.7872700000000005], [-14.535335, -8.78727], [0.464665, -8.78727], [0.464665, -0.7872699999999996], [-14.535335, -0.7872700000000005]], [[-14.64169, -0.5008800000000009], [-14.64169, 7.49912], [-29.64169, 7.499120000000001], [-29.64169, -0.50088], [-14.64169, -0.5008800000000009]]], "node_id": [0, 1, 2, 3, 4, 5]}