{"corners": [[[0.14274, 0.077755], [16.14274, 0.077755], [16.14274, 6.077755], [0.14274, 6.077755], [0.14274, 0.077755]], [[-7.92492, -4.03137], [0.07508, -4.03137], [0.07508, 10.96863], [-7.92492, 10.96863], [-7.92492, -4.03137]], [[4.260765, 6.47536], [12.260765, 6.47536], [12.260765, 12.47536], [4.260765, 12.47536], [4.260765, 6.47536]], [[-6.51806, -4.066165], [-6.518059999999999, -20.066165], [-0.5180599999999991, -20.066165], [-0.51806, -4.066165], [-6.51806, -4.066165]], [[18.140975, 1.2456450000000001], [18.140975, 17.245645], [12.140975, 17.245645], [12.140975, 1.2456450000000006], [18.140975, 1.2456450000000001]], [[18.271415, 1.735015], [26.271415, 1.735015], [26.271415, 16.735015], [18.271415, 16.735015], [18.271415, 1.735015]]], "node_id": [0, 1, 2, 3, 4, 5]}