{"corners": [[[0.26246, 0.178725], [8.26246, 0.178725], [8.26246, 6.178725], [0.26246, 6.178725], [0.26246, 0.178725]], [[11.57726, 6.388159999999999], [11.57726, 14.38816], [-3.42274, 14.38816], [-3.42274, 6.38816], [11.57726, 6.388159999999999]], [[16.305175, 10.91535], [8.305175, 10.915350000000002], [8.305174999999998, -4.084649999999998], [16.305175, -4.08465], [16.305175, 10.91535]], [[4.694385000000001, 18.614175], [4.694385, 10.614175], [19.694385, 10.614174999999996], [19.694385, 18.614174999999996], [4.694385000000001, 18.614175]], [[16.229954999999997, -4.114715000000001], [8.229954999999999, -4.114715], [8.229954999999997, -19.114715], [16.229954999999997, -19.114715], [16.229954999999997, -4.114715000000001]], [[-7.61669, -4.205675], [0.38331, -4.205675], [0.38331, 10.794325], [-7.61669, 10.794325], [-7.61669, -4.205675]]], "node_id": [0, 1, 2, 3, 4, 5]}