{"corners": [[[0.16904, 0.354095], [8.16904, 0.354095], [8.16904, 6.354095], [0.16904, 6.354095], [0.16904, 0.354095]], [[12.14029, 12.131655], [-3.85971, 12.131655000000002], [-3.85971, 6.131655000000002], [12.14029, 6.131655], [12.14029, 12.131655]], [[14.114305, -0.57108], [14.114305, 7.42892], [8.114305, 7.42892], [8.114305, -0.5710799999999996], [14.114305, -0.57108]], [[0.4372650000000004, 6.39881], [-15.562735, 6.398810000000002], [-15.562735, 0.3988100000000018], [0.4372649999999996, 0.39881], [0.4372650000000004, 6.39881]], [[15.111695, 13.46242], [7.111695, 13.462420000000002], [7.111695, 7.462420000000001], [15.111695, 7.46242], [15.111695, 13.46242]]], "node_id": [0, 1, 2, 3, 4]}