{"corners": [[[0.183405, 0.009365], [8.183405, 0.009365], [8.183405, 6.009365], [0.183405, 6.009365], [0.183405, 0.009365]], [[-3.73564, -5.62245], [12.26436, -5.62245], [12.26436, 0.37755], [-3.73564, 0.37755], [-3.73564, -5.62245]], [[1.0548799999999996, 14.278945], [1.05488, 6.278945], [7.05488, 6.278945], [7.05488, 14.278945], [1.0548799999999996, 14.278945]], [[1.284114999999999, 22.216905], [1.2841149999999995, 14.216905], [7.284115, 14.216905], [7.284114999999999, 22.216905], [1.284114999999999, 22.216905]], [[-7.559575, -4.29507], [0.440425, -4.29507], [0.440425, 10.70493], [-7.559575, 10.70493], [-7.559575, -4.29507]], [[23.127905, 21.367], [7.127905, 21.366999999999997], [7.127905, 15.366999999999997], [23.127905, 15.367], [23.127905, 21.367]]], "node_id": [0, 1, 2, 3, 4, 5]}