{"corners": [[[0.20222, 0.471], [8.20222, 0.471], [8.20222, 15.471], [0.20222, 15.471], [0.20222, 0.471]], [[11.77627, -7.678575], [11.77627, 0.321425], [-3.2237299999999998, 0.3214250000000018], [-3.2237299999999998, -7.6785749999999995], [11.77627, -7.678575]], [[-14.54618, 11.93358], [-14.54618, 3.93358], [0.45382, 3.933580000000001], [0.45382, 11.933580000000001], [-14.54618, 11.93358]], [[-10.329765, 3.751490000000001], [-10.329765, -4.24851], [-4.329764999999999, -4.24851], [-4.329765, 3.7514900000000013], [-10.329765, 3.751490000000001]], [[-14.91871, 3.69453], [-14.91871, 11.69453], [-29.91871, 11.694530000000002], [-29.91871, 3.6945300000000008], [-14.91871, 3.69453]], [[10.999435, -4.319875], [10.999435, 3.680125], [-4.000565, 3.6801250000000016], [-4.000565, -4.319874999999999], [10.999435, -4.319875]]], "node_id": [0, 1, 2, 3, 4, 5]}