{"corners": [[[0.000735, 0.20383], [8.000735, 0.20383], [8.000735, 6.20383], [0.000735, 6.20383], [0.000735, 0.20383]], [[0.009739999999999511, -4.89549], [0.00974000000000049, 11.10451], [-5.99026, 11.10451], [-5.990260000000001, -4.89549], [0.009739999999999511, -4.89549]], [[-3.482485, 0.18409999999999954], [-3.4824849999999996, -7.8159], [11.517515, -7.8159], [11.517515, 0.18410000000000049], [-3.482485, 0.18409999999999954]], [[-3.36788, -7.65314], [-3.3678799999999995, 0.34686], [-18.36788, 0.3468600000000018], [-18.36788, -7.653139999999999], [-3.36788, -7.65314]], [[-14.89492, -13.786375], [-6.89492, -13.786375], [-6.89492, -7.786375], [-14.89492, -7.786375], [-14.89492, -13.786375]], [[-14.76908, -18.856095], [-14.769079999999999, -2.856095], [-20.76908, -2.856095], [-20.76908, -18.856095], [-14.76908, -18.856095]]], "node_id": [0, 1, 2, 3, 4, 5]}