{"corners": [[[0.363305, 0.112505], [8.363305, 0.112505], [8.363305, 15.112505], [0.363305, 15.112505], [0.363305, 0.112505]], [[7.20965, -7.98069], [7.209650000000001, 0.01931], [1.2096500000000008, 0.01931], [1.20965, -7.98069], [7.20965, -7.98069]], [[-5.625240000000001, 15.91434], [-5.62524, -0.08566000000000001], [0.37476, -0.08566000000000001], [0.3747599999999991, 15.91434], [-5.625240000000001, 15.91434]], [[-14.668144999999999, -6.98746], [1.331855, -6.98746], [1.331855, -0.98746], [-14.668144999999999, -0.98746], [-14.668144999999999, -6.98746]], [[7.435990000000001, 0.303115], [7.435989999999999, -7.696885], [13.43599, -7.696885000000002], [13.43599, 0.3031149999999989], [7.435990000000001, 0.303115]], [[18.46987, 6.025689999999998], [2.4698700000000002, 6.02569], [2.4698700000000002, 0.02569], [18.46987, 0.025689999999998225], [18.46987, 6.025689999999998]]], "node_id": [0, 1, 2, 3, 4, 5]}