{"corners": [[[0.07736, 0.053665], [8.07736, 0.053665], [8.07736, 6.053665], [0.07736, 6.053665], [0.07736, 0.053665]], [[7.176354999999999, -15.991445], [7.176355, 0.008555], [1.176355, 0.008555], [1.1763549999999992, -15.991445], [7.176354999999999, -15.991445]], [[-5.71269, 7.37897], [-5.712689999999999, -0.62103], [0.2873100000000009, -0.62103], [0.28731, 7.37897], [-5.71269, 7.37897]], [[1.0410699999999995, -15.904275], [1.0410700000000004, 0.095725], [-4.95893, 0.095725], [-4.95893, -15.904275], [1.0410699999999995, -15.904275]], [[-9.112199999999998, 8.351175000000001], [-9.1122, 0.3511750000000018], [5.8878, 0.35117499999999824], [5.887800000000002, 8.351175], [-9.112199999999998, 8.351175000000001]], [[7.068460000000001, -3.821415], [7.068459999999999, -11.821415], [13.06846, -11.821415000000002], [13.06846, -3.821415000000001], [7.068460000000001, -3.821415]]], "node_id": [0, 1, 2, 3, 4, 5]}