{"corners": [[[0.237555, 0.22607], [8.237555, 0.22607], [8.237555, 6.22607], [0.237555, 6.22607], [0.237555, 0.22607]], [[11.629165, -7.509135], [11.629165, 0.490865], [-3.370835, 0.49086500000000177], [-3.370835, -7.509134999999999], [11.629165, -7.509135]], [[11.80423, 6.2133899999999995], [11.80423, 14.21339], [-3.19577, 14.21339], [-3.19577, 6.21339], [11.80423, 6.2133899999999995]], [[0.23120499999999974, -0.75798], [0.23120500000000024, 7.24202], [-14.768795, 7.242020000000002], [-14.768795, -0.7579799999999991], [0.23120499999999974, -0.75798]], [[-3.958009999999999, 14.382665], [12.04199, 14.382665], [12.04199, 20.382665], [-3.958009999999999, 20.382665], [-3.958009999999999, 14.382665]], [[12.414845, 21.36863], [12.414845, 13.36863], [27.414845, 13.36863], [27.414845, 21.36863], [12.414845, 21.36863]]], "node_id": [0, 1, 2, 3, 4, 5]}