{"corners": [[[0.43411, 0.447075], [16.43411, 0.447075], [16.43411, 6.447075], [0.43411, 6.447075], [0.43411, 0.447075]], [[-5.638905, 7.41982], [-5.638904999999999, -0.5801799999999999], [0.3610950000000009, -0.5801799999999999], [0.361095, 7.41982], [-5.638905, 7.41982]], [[5.321065, -0.922764999999999], [-10.678935, -0.922765000000001], [-10.678935, -6.922765000000001], [5.321065000000001, -6.922764999999999], [5.321065, -0.922764999999999]], [[4.31602, -5.943645], [12.31602, -5.943645], [12.31602, 0.056355], [4.31602, 0.056355], [4.31602, -5.943645]], [[-13.93217, -4.17094], [-5.93217, -4.17094], [-5.93217, 10.82906], [-13.93217, 10.82906], [-13.93217, -4.17094]], [[-6.99562, -12.45411], [-6.995619999999999, -4.45411], [-12.99562, -4.45411], [-12.99562, -12.45411], [-6.99562, -12.45411]]], "node_id": [0, 1, 2, 3, 4, 5]}