{"corners": [[[0.43482, 0.158405], [8.43482, 0.158405], [8.43482, 15.158405], [0.43482, 15.158405], [0.43482, 0.158405]], [[0.3750549999999998, 3.8593], [0.37505500000000025, 11.8593], [-14.624945, 11.859300000000001], [-14.624945, 3.859300000000001], [0.3750549999999998, 3.8593]], [[0.1548799999999991, -4.33526], [0.1548799999999996, 3.66474], [-14.84512, 3.664740000000002], [-14.84512, -4.335259999999999], [0.1548799999999991, -4.33526]], [[-14.820334999999998, 7.470595000000001], [-22.820335, 7.470595000000002], [-22.820335, -7.529404999999997], [-14.820335, -7.529404999999999], [-14.820334999999998, 7.470595000000001]], [[14.16299, 3.8796749999999998], [14.16299, 11.879675], [8.16299, 11.879675], [8.16299, 3.8796750000000007], [14.16299, 3.8796749999999998]], [[8.299219999999998, 2.838999999999999], [0.2992199999999991, 2.839], [0.2992199999999991, -3.161], [8.299219999999998, -3.161000000000001], [8.299219999999998, 2.838999999999999]]], "node_id": [0, 1, 2, 3, 4, 5]}