{"corners": [[[0.017025, 0.11462], [8.017025, 0.11462], [8.017025, 15.11462], [0.017025, 15.11462], [0.017025, 0.11462]], [[7.107755, 15.31961], [7.107755000000001, 23.31961], [1.107755000000001, 23.31961], [1.107755, 15.31961], [7.107755, 15.31961]], [[7.055139999999999, -15.875395], [7.05514, 0.124605], [1.05514, 0.124605], [1.055139999999999, -15.875395], [7.055139999999999, -15.875395]], [[-7.948065, 0.28882], [0.051935, 0.28882], [0.051935, 15.28882], [-7.948065, 15.28882], [-7.948065, 0.28882]], [[15.121565000000002, 26.874695], [7.121565000000002, 26.874695], [7.121565, 11.874695000000003], [15.121565, 11.874695], [15.121565000000002, 26.874695]], [[15.33456, 11.54018], [7.33456, 11.540180000000001], [7.334559999999998, -3.4598199999999983], [15.334559999999998, -3.45982], [15.33456, 11.54018]]], "node_id": [0, 1, 2, 3, 4, 5]}