{"corners": [[[0.212535, 0.30453], [8.212535, 0.30453], [8.212535, 6.30453], [0.212535, 6.30453], [0.212535, 0.30453]], [[0.23918999999999976, -0.875095], [0.23919000000000026, 7.124905], [-14.76081, 7.124905000000002], [-14.76081, -0.8750949999999991], [0.23918999999999976, -0.875095]], [[-15.41803, -6.59662], [0.58197, -6.59662], [0.58197, -0.5966199999999999], [-15.41803, -0.5966199999999999], [-15.41803, -6.59662]], [[-22.660765, 0.05844000000000089], [-14.660765, 0.05844000000000089], [-14.660765, 6.058440000000001], [-22.660765, 6.058440000000001], [-22.660765, 0.05844000000000089]], [[-22.51585, 6.018085000000001], [-14.51585, 6.018085000000001], [-14.51585, 21.018085], [-22.51585, 21.018085], [-22.51585, 6.018085000000001]], [[-14.6768, 21.55901], [-14.676799999999998, 5.55901], [-8.6768, 5.55901], [-8.6768, 21.55901], [-14.6768, 21.55901]]], "node_id": [0, 1, 2, 3, 4, 5]}