{"corners": [[[0.459175, 0.35556], [8.459175, 0.35556], [8.459175, 6.35556], [0.459175, 6.35556], [0.459175, 0.35556]], [[7.39031, -7.954315], [7.390310000000001, 0.045685], [1.3903100000000008, 0.045685], [1.39031, -7.954315], [7.39031, -7.954315]], [[13.123585, -11.61327], [13.123585000000002, 4.38673], [7.123585000000001, 4.38673], [7.123585, -11.61327], [13.123585, -11.61327]], [[8.013285, 7.113735], [8.013285, -0.886265], [14.013285, -0.886265], [14.013285, 7.113735], [8.013285, 7.113735]], [[-7.97046, 0.291985], [0.02954, 0.291985], [0.02954, 6.291985], [-7.97046, 6.291985], [-7.97046, 0.291985]], [[14.08585, -8.755395], [14.08585, -0.755395], [8.08585, -0.755395], [8.08585, -8.755395], [14.08585, -8.755395]]], "node_id": [0, 1, 2, 3, 4, 5]}