{"corners": [[[0.156505, 0.121575], [8.156505, 0.121575], [8.156505, 6.121575], [0.156505, 6.121575], [0.156505, 0.121575]], [[7.194655, 6.134325], [7.194655000000001, 22.134325], [1.194655000000001, 22.134325], [1.194655, 6.134325], [7.194655, 6.134325]], [[14.238205, -0.791865], [14.238205, 7.208135], [8.238205, 7.208135], [8.238205, -0.7918649999999997], [14.238205, -0.791865]], [[1.3762050000000006, 6.30861], [1.3762050000000015, 22.30861], [-4.6237949999999985, 22.30861], [-4.623795, 6.30861], [1.3762050000000006, 6.30861]], [[7.045765000000003, 22.071775], [7.045765, 6.071775], [13.045765, 6.071775], [13.045765000000003, 22.071775], [7.045765000000003, 22.071775]], [[-5.714634999999999, 22.444665], [2.285365000000002, 22.444665], [2.285365000000002, 37.444665], [-5.714634999999999, 37.444665], [-5.714634999999999, 22.444665]]], "node_id": [0, 1, 2, 3, 4, 5]}