{"corners": [[[0.000305, 0.490405], [8.000305, 0.490405], [8.000305, 15.490404999999999], [0.000305, 15.490404999999999], [0.000305, 0.490405]], [[-3.70709, -5.9743], [12.29291, -5.9743], [12.29291, 0.0257], [-3.70709, 0.0257], [-3.70709, -5.9743]], [[0.3273199999999995, -0.09110499999999999], [0.3273200000000005, 15.908895], [-5.67268, 15.908895], [-5.672680000000001, -0.0911049999999996], [0.3273199999999995, -0.09110499999999999]], [[-6.775425, -15.1151], [1.224575, -15.1151], [1.224575, -0.11509999999999998], [-6.775425, -0.11509999999999998], [-6.775425, -15.1151]], [[16.222275, 15.286385], [8.222275, 15.286385000000001], [8.222274999999998, 0.2863850000000018], [16.222275, 0.286385], [16.222275, 15.286385]], [[1.168515, -10.973875], [9.168515, -10.973875], [9.168515, -4.973875], [1.168515, -4.973875], [1.168515, -10.973875]]], "node_id": [0, 1, 2, 3, 4, 5]}