{"corners": [[[0.2826, 0.241705], [8.2826, 0.241705], [8.2826, 15.241705], [0.2826, 15.241705], [0.2826, 0.241705]], [[0.3108600000000004, 10.96831], [-7.68914, 10.968310000000002], [-7.68914, 4.968310000000001], [0.31085999999999964, 4.96831], [0.3108600000000004, 10.96831]], [[0.3019049999999991, 4.646485], [-7.698095, 4.646485000000001], [-7.698095000000004, -10.353514999999998], [0.30190499999999726, -10.353515], [0.3019049999999991, 4.646485]], [[3.5487799999999963, -18.4251], [3.5487799999999967, -10.4251], [-11.451220000000003, -10.425099999999999], [-11.451220000000003, -18.4251], [3.5487799999999963, -18.4251]], [[-0.7196899999999995, 10.980235], [-0.719689999999999, 18.980235], [-6.719689999999998, 18.980235], [-6.71969, 10.980235], [-0.7196899999999995, 10.980235]], [[-3.414125, 0.18456499999999953], [-3.4141249999999994, -7.815435], [11.585875, -7.815435], [11.585875, 0.18456500000000048], [-3.414125, 0.18456499999999953]]], "node_id": [0, 1, 2, 3, 4, 5]}