{"corners": [[[0.284835, 0.0558], [8.284835, 0.0558], [8.284835, 6.0558], [0.284835, 6.0558], [0.284835, 0.0558]], [[0.19610499999999975, -0.66157], [0.19610500000000025, 7.33843], [-14.803895, 7.338430000000002], [-14.803895, -0.6615699999999991], [0.19610499999999975, -0.66157]], [[-14.627524999999997, 15.120690000000002], [-14.627524999999999, 7.1206900000000015], [0.3724750000000018, 7.120689999999998], [0.37247500000000355, 15.120689999999998], [-14.627524999999997, 15.120690000000002]], [[0.19495500000000426, 15.440575], [0.19495500000000282, 7.440575], [6.194955000000003, 7.440574999999998], [6.194955000000005, 15.440574999999999], [0.19495500000000426, 15.440575]], [[-3.040610000000001, 14.284135], [-3.0406100000000005, 6.284135], [11.95939, 6.284135000000001], [11.95939, 14.284135000000003], [-3.040610000000001, 14.284135]], [[-10.058045, -0.517959999999999], [-10.058045000000003, -16.51796], [-4.058045000000003, -16.51796], [-4.058045, -0.51796], [-10.058045, -0.517959999999999]]], "node_id": [0, 1, 2, 3, 4, 5]}