{"corners": [[[0.468705, 0.34534], [8.468705, 0.34534], [8.468705, 15.34534], [0.468705, 15.34534], [0.468705, 0.34534]], [[14.03994, -0.355105], [14.039940000000001, 15.644895], [8.03994, 15.644895], [8.03994, -0.3551049999999996], [14.03994, -0.355105]], [[19.069035, 21.731955], [3.069035, 21.731955000000003], [3.069035, 15.731955000000001], [19.069035, 15.731955], [19.069035, 21.731955]], [[0.30690500000000037, 10.91385], [-7.693095, 10.913850000000002], [-7.693095, 4.913850000000001], [0.3069049999999996, 4.91385], [0.30690500000000037, 10.91385]], [[-23.94369, 4.907650000000006], [-7.94369, 4.907650000000002], [-7.94369, 10.907650000000002], [-23.94369, 10.907650000000006], [-23.94369, 4.907650000000006]], [[-0.9643000000000014, -3.451074999999999], [-0.9643000000000009, 4.5489250000000006], [-6.9643, 4.5489250000000006], [-6.9643000000000015, -3.4510749999999986], [-0.9643000000000014, -3.451074999999999]]], "node_id": [0, 1, 2, 3, 4, 5]}