{"corners": [[[0.0509, 0.105945], [8.0509, 0.105945], [8.0509, 15.105945], [0.0509, 15.105945], [0.0509, 0.105945]], [[-7.7033, 4.58369], [0.2967, 4.58369], [0.2967, 10.58369], [-7.7033, 10.58369], [-7.7033, 4.58369]], [[-7.897735, 10.685845], [0.102265, 10.685845], [0.102265, 16.685845], [-7.897735, 16.685845], [-7.897735, 10.685845]], [[-7.66049, 3.955475], [-7.660489999999999, 11.955475], [-13.66049, 11.955475], [-13.66049, 3.9554750000000003], [-7.66049, 3.955475]], [[-6.950934999999999, 17.98583], [-14.950935, 17.98583], [-14.950935, 11.98583], [-6.950935, 11.98583], [-6.950934999999999, 17.98583]], [[-3.4491650000000007, -4.455635], [-3.4491650000000003, 3.544365], [-18.449165, 3.5443650000000018], [-18.449165, -4.455634999999999], [-3.4491650000000007, -4.455635]]], "node_id": [0, 1, 2, 3, 4, 5]}