{"corners": [[[0.05402, 0.22706], [8.05402, 0.22706], [8.05402, 6.22706], [0.05402, 6.22706], [0.05402, 0.22706]], [[16.414725, 10.67956], [8.414725, 10.679560000000002], [8.414724999999999, -4.320439999999998], [16.414724999999997, -4.32044], [16.414725, 10.67956]], [[12.229135, 12.141575], [-3.770865, 12.141575000000001], [-3.770865, 6.141575000000001], [12.229135, 6.141575], [12.229135, 12.141575]], [[12.270340000000001, 17.424115], [12.270339999999997, 1.424115], [18.27034, 1.424115], [18.27034, 17.424115], [12.270340000000001, 17.424115]], [[16.342064999999998, 7.28497], [16.342064999999998, -0.71503], [31.342064999999998, -0.7150300000000036], [31.342065, 7.284969999999998], [16.342064999999998, 7.28497]], [[9.221280000000004, 26.783135], [9.22128, 10.783135], [15.22128, 10.783135], [15.221280000000004, 26.783135], [9.221280000000004, 26.783135]]], "node_id": [0, 1, 2, 3, 4, 5]}