{"corners": [[[0.070565, 0.36383], [16.070565, 0.36383], [16.070565, 6.36383], [0.070565, 6.36383], [0.070565, 0.36383]], [[5.229345, 0.36894499999999986], [5.229345000000001, -7.631055], [11.229345, -7.631055], [11.229345, 0.3689450000000002], [5.229345, 0.36894499999999986]], [[16.300275, -7.861814999999999], [0.300275, -7.861815000000002], [0.300275, -13.861815], [16.300275, -13.861815], [16.300275, -7.861814999999999]], [[17.06275, -11.646735], [17.06275, 4.353265], [11.06275, 4.353265], [11.06275, -11.646735], [17.06275, -11.646735]], [[0.3749949999999998, -0.957755], [0.37499500000000024, 7.042245], [-14.625005, 7.042245000000002], [-14.625005, -0.9577549999999991], [0.3749949999999998, -0.957755]], [[0.38472499999999904, -3.382355], [-7.615275000000002, -3.382355000000001], [-7.615274999999999, -18.382355], [0.3847250000000009, -18.382355], [0.38472499999999904, -3.382355]]], "node_id": [0, 1, 2, 3, 4, 5]}