{"corners": [[[0.477445, 0.45732], [16.477445, 0.45732], [16.477445, 6.45732], [0.477445, 6.45732], [0.477445, 0.45732]], [[5.16041, 0.04423999999999982], [5.160410000000001, -7.95576], [11.16041, -7.95576], [11.16041, 0.04424000000000018], [5.16041, 0.04423999999999982]], [[5.137045, -7.90974], [5.1370450000000005, -15.90974], [11.137045, -15.90974], [11.137045, -7.90974], [5.137045, -7.90974]], [[0.5750699999999991, 14.486815], [0.5750699999999996, 6.486815], [15.57507, 6.486815000000001], [15.57507, 14.486815000000002], [0.5750699999999991, 14.486815]], [[15.729705, 14.4796], [15.729705, 22.4796], [0.729705, 22.4796], [0.729705, 14.479600000000001], [15.729705, 14.4796]], [[30.812915, 14.426085], [30.812915, 22.426085], [15.812915, 22.426085], [15.812915, 14.426085000000002], [30.812915, 14.426085]]], "node_id": [0, 1, 2, 3, 4, 5]}