{"corners": [[[0.13868, 0.147035], [8.13868, 0.147035], [8.13868, 6.147035], [0.13868, 6.147035], [0.13868, 0.147035]], [[23.208415, -0.8237400000000009], [23.208415, 7.176259999999999], [8.208415, 7.176260000000001], [8.208415, -0.82374], [23.208415, -0.8237400000000009]], [[12.629725000000002, 15.136965], [12.629725, 7.136965], [18.629725, 7.136964999999998], [18.629725, 15.136964999999998], [12.629725000000002, 15.136965]], [[-3.49016, 0.42859999999999954], [-3.4901599999999995, -7.5714], [11.50984, -7.5714], [11.50984, 0.4286000000000004], [-3.49016, 0.42859999999999954]], [[12.783905, -0.5816749999999999], [12.783904999999997, -16.581675], [18.783904999999997, -16.581675], [18.783905, -0.5816750000000008], [12.783905, -0.5816749999999999]], [[18.79243, -4.852130000000002], [18.79243, -12.852130000000002], [24.79243, -12.852130000000004], [24.79243, -4.8521300000000025], [18.79243, -4.852130000000002]]], "node_id": [0, 1, 2, 3, 4, 5]}