{"corners": [[[0.084475, 0.343495], [8.084475, 0.343495], [8.084475, 6.343495], [0.084475, 6.343495], [0.084475, 0.343495]], [[-7.78398, -4.08731], [0.21602, -4.08731], [0.21602, 10.91269], [-7.78398, 10.91269], [-7.78398, -4.08731]], [[-13.627035, 7.49258], [-13.627035, -0.50742], [-7.627034999999999, -0.50742], [-7.627035, 7.49258], [-13.627035, 7.49258]], [[0.2457100000000018, 25.573605], [-7.754289999999998, 25.573605], [-7.75429, 10.573605000000002], [0.24570999999999996, 10.573605], [0.2457100000000018, 25.573605]], [[6.015885000000001, 14.221575], [6.015885000000002, 22.221575], [0.015885000000001776, 22.221575], [0.015885000000000888, 14.221575], [6.015885000000001, 14.221575]], [[-4.459999999999999, 14.007005000000001], [-4.460000000000001, 6.007005000000002], [10.54, 6.007004999999999], [10.54, 14.007004999999998], [-4.459999999999999, 14.007005000000001]]], "node_id": [0, 1, 2, 3, 4, 5]}