{"corners": [[[0.40033, 0.181715], [16.40033, 0.181715], [16.40033, 6.181715], [0.40033, 6.181715], [0.40033, 0.181715]], [[-14.57928, 7.264189999999999], [-14.57928, -0.735810000000001], [0.42072, -0.7358100000000001], [0.42072, 7.26419], [-14.57928, 7.264189999999999]], [[-3.1628550000000017, 22.29384], [-11.162855000000002, 22.29384], [-11.162855, 7.2938399999999985], [-3.162855, 7.29384], [-3.1628550000000017, 22.29384]], [[-20.964005, 11.220285], [-20.964005, -4.779715], [-14.964005, -4.779715], [-14.964005, 11.220285], [-20.964005, 11.220285]], [[-21.922775, -19.744345], [-13.922775, -19.744345], [-13.922775, -4.744345], [-21.922775, -4.744345], [-21.922775, -19.744345]], [[16.31303, -4.27042], [24.31303, -4.27042], [24.31303, 10.72958], [16.31303, 10.72958], [16.31303, -4.27042]]], "node_id": [0, 1, 2, 3, 4, 5]}