{"corners": [[[0.4524, 0.43968], [8.4524, 0.43968], [8.4524, 15.43968], [0.4524, 15.43968], [0.4524, 0.43968]], [[0.2820500000000004, 10.651935], [-7.71795, 10.651935000000002], [-7.71795, 4.651935000000001], [0.28204999999999963, 4.651935], [0.2820500000000004, 10.651935]], [[-6.555349999999996, 26.679025], [-6.555349999999999, 10.679025], [-0.5553499999999991, 10.679025], [-0.5553499999999965, 26.679025], [-6.555349999999996, 26.679025]], [[23.150765, 3.927674999999999], [23.150765, 11.927675], [8.150765, 11.927675], [8.150765, 3.927675], [23.150765, 3.927674999999999]], [[11.902, 11.53014], [19.902, 11.53014], [19.902, 26.53014], [11.902, 26.53014], [11.902, 11.53014]], [[5.51829, 23.46183], [5.518290000000001, 15.46183], [11.51829, 15.46183], [11.51829, 23.46183], [5.51829, 23.46183]]], "node_id": [0, 1, 2, 3, 4, 5]}