{"corners": [[[0.40272, 0.066325], [16.40272, 0.066325], [16.40272, 6.066325], [0.40272, 6.066325], [0.40272, 0.066325]], [[0.18077, -5.581125], [16.18077, -5.581125], [16.18077, 0.418875], [0.18077, 0.418875], [0.18077, -5.581125]], [[-5.793500000000001, 11.247005], [-5.7935, -4.752995], [0.2065, -4.752995], [0.2064999999999991, 11.247005], [-5.793500000000001, 11.247005]], [[-7.75922, -5.64991], [0.24078, -5.64991], [0.24078, 0.35009], [-7.75922, 0.35009], [-7.75922, -5.64991]], [[-20.60642, 7.228719999999999], [-20.60642, -0.7712800000000009], [-5.60642, -0.77128], [-5.60642, 7.22872], [-20.60642, 7.228719999999999]], [[-6.884765, -10.506945], [1.115235, -10.506945], [1.115235, -4.506945], [-6.884765, -4.506945], [-6.884765, -10.506945]]], "node_id": [0, 1, 2, 3, 4, 5]}