{"corners": [[[0.43786, 0.239965], [8.43786, 0.239965], [8.43786, 6.239965], [0.43786, 6.239965], [0.43786, 0.239965]], [[7.06467, -7.976355], [7.064670000000001, 0.023645], [1.064670000000001, 0.023645], [1.06467, -7.976355], [7.06467, -7.976355]], [[16.3303, 6.168434999999999], [8.3303, 6.168435], [8.3303, 0.168435], [16.3303, 0.1684349999999991], [16.3303, 6.168434999999999]], [[0.180775, -22.514805], [8.180775, -22.514805], [8.180775, -7.514805], [0.180775, -7.514805], [0.180775, -22.514805]], [[-5.638210000000001, -7.199575], [-5.63821, -23.199575], [0.36179, -23.199575], [0.3617899999999991, -7.199575], [-5.638210000000001, -7.199575]], [[16.29012, 0.4764899999999995], [8.29012, 0.4764900000000005], [8.29012, -5.52351], [16.29012, -5.523510000000001], [16.29012, 0.4764899999999995]]], "node_id": [0, 1, 2, 3, 4, 5]}