{"corners": [[[0.33233, 0.23985], [16.33233, 0.23985], [16.33233, 6.23985], [0.33233, 6.23985], [0.33233, 0.23985]], [[32.365925, 6.337819999999998], [16.365925, 6.33782], [16.365925, 0.33782], [32.365925, 0.33781999999999823], [32.365925, 6.337819999999998]], [[12.48249, 0.07285999999999951], [4.48249, 0.07286000000000048], [4.4824899999999985, -14.927139999999998], [12.482489999999999, -14.92714], [12.48249, 0.07285999999999951]], [[12.267905, 12.113965], [4.267905, 12.113965000000002], [4.267905, 6.113965000000001], [12.267905, 6.113965], [12.267905, 12.113965]], [[20.326005, 6.35902], [28.326005, 6.359019999999998], [28.326005, 12.359019999999997], [20.326005, 12.35902], [20.326005, 6.35902]], [[28.250225, 13.110814999999999], [28.250225, 5.110814999999998], [43.250225, 5.110814999999994], [43.250225, 13.110814999999995], [28.250225, 13.110814999999999]]], "node_id": [0, 1, 2, 3, 4, 5]}