{"corners": [[[0.291575, 0.35195], [16.291575, 0.35195], [16.291575, 6.35195], [0.291575, 6.35195], [0.291575, 0.35195]], [[5.185045, 14.39638], [5.185045000000001, 6.39638], [11.185045, 6.39638], [11.185045, 14.39638], [5.185045, 14.39638]], [[0.50708, 0.2844649999999996], [0.5070800000000004, -7.715535], [15.50708, -7.715535], [15.50708, 0.28446500000000047], [0.50708, 0.2844649999999996]], [[15.67916, -6.992465], [23.67916, -6.992465], [23.67916, -0.992465], [15.67916, -0.992465], [15.67916, -6.992465]], [[31.02703, -0.6917550000000009], [31.02703, 7.308244999999999], [16.02703, 7.308245000000001], [16.02703, -0.691755], [31.02703, -0.6917550000000009]], [[15.623435, -0.9003099999999999], [23.623435, -0.9003099999999999], [23.623435, 14.09969], [15.623435, 14.09969], [15.623435, -0.9003099999999999]]], "node_id": [0, 1, 2, 3, 4, 5]}