{"corners": [[[0.22058, 0.04946], [16.220579999999998, 0.04946], [16.220579999999998, 6.04946], [0.22058, 6.04946], [0.22058, 0.04946]], [[11.248495, -15.89731], [11.248495000000002, 0.10269], [5.248495000000001, 0.10269], [5.248495, -15.89731], [11.248495, -15.89731]], [[11.31465, 6.03177], [11.314650000000002, 22.03177], [5.314650000000001, 22.03177], [5.31465, 6.03177], [11.31465, 6.03177]], [[27.096275, -4.567225000000001], [11.096275, -4.567225], [11.096275, -10.567225], [27.096275, -10.567225000000002], [27.096275, -4.567225000000001]], [[5.045560000000002, -0.043074999999999974], [-2.954439999999998, -0.043074999999998975], [-2.95444, -15.043074999999998], [5.04556, -15.043075], [5.045560000000002, -0.043074999999999974]], [[-7.736485, -4.311145], [0.263515, -4.311145], [0.263515, 10.688855], [-7.736485, 10.688855], [-7.736485, -4.311145]]], "node_id": [0, 1, 2, 3, 4, 5]}