{"corners": [[[0.04727, 0.057935], [16.04727, 0.057935], [16.04727, 6.057935], [0.04727, 6.057935], [0.04727, 0.057935]], [[11.020015, 6.29366], [11.020015000000003, 22.29366], [5.020015000000001, 22.29366], [5.020015, 6.29366], [11.020015, 6.29366]], [[-7.716285, -4.427225], [0.283715, -4.427225], [0.283715, 10.572775], [-7.716285, 10.572775], [-7.716285, -4.427225]], [[-6.711455, -4.12224], [-6.711454999999999, -20.12224], [-0.7114549999999991, -20.12224], [-0.711455, -4.12224], [-6.711455, -4.12224]], [[11.04019, 18.35831], [11.040189999999999, 10.35831], [17.04019, 10.358309999999998], [17.04019, 18.35831], [11.04019, 18.35831]], [[5.0509900000000005, 17.036035], [-2.949009999999999, 17.036035], [-2.949009999999999, 11.036035], [5.05099, 11.036035], [5.0509900000000005, 17.036035]]], "node_id": [0, 1, 2, 3, 4, 5]}