{"corners": [[[0.172125, 0.20302], [16.172125, 0.20302], [16.172125, 6.20302], [0.172125, 6.20302], [0.172125, 0.20302]], [[22.116845, -0.671295], [22.116845, 7.328705], [16.116845, 7.328705], [16.116845, -0.6712949999999996], [22.116845, -0.671295]], [[16.497315, 12.30332], [0.497315, 12.303320000000001], [0.497315, 6.303320000000002], [16.497315, 6.30332], [16.497315, 12.30332]], [[24.352775, 12.26061], [16.352775, 12.260610000000002], [16.352775, 6.260610000000001], [24.352775, 6.26061], [24.352775, 12.26061]], [[12.296525000000003, 27.092855], [4.296525000000002, 27.092855], [4.296525, 12.092855000000002], [12.296525, 12.092855], [12.296525000000003, 27.092855]], [[30.15849, 5.489515], [30.15849, 13.489515], [24.15849, 13.489515], [24.15849, 5.489515], [30.15849, 5.489515]]], "node_id": [0, 1, 2, 3, 4, 5]}