{"corners": [[[0.229375, 0.1075], [8.229375, 0.1075], [8.229375, 15.1075], [0.229375, 15.1075], [0.229375, 0.1075]], [[7.10907, 15.47426], [7.109070000000001, 31.47426], [1.1090700000000009, 31.47426], [1.10907, 15.47426], [7.10907, 15.47426]], [[1.125305, 0.25002499999999983], [1.1253050000000004, -7.749975], [7.125305000000001, -7.749975], [7.125305, 0.25002500000000016], [1.125305, 0.25002499999999983]], [[1.2851299999999997, -11.686735], [1.2851300000000005, 4.313265], [-4.7148699999999995, 4.313265], [-4.71487, -11.686735], [1.2851299999999997, -11.686735]], [[16.43868, 10.706715], [8.43868, 10.706715000000003], [8.43868, 4.706715000000001], [16.43868, 4.706715], [16.43868, 10.706715]], [[4.33202, 10.938310000000001], [20.33202, 10.938309999999998], [20.33202, 16.93831], [4.332020000000002, 16.93831], [4.33202, 10.938310000000001]]], "node_id": [0, 1, 2, 3, 4, 5]}