{"corners": [[[0.20179, 0.291315], [8.20179, 0.291315], [8.20179, 15.291315], [0.20179, 15.291315], [0.20179, 0.291315]], [[1.26891, 0.24387999999999982], [1.2689100000000004, -7.75612], [7.268910000000001, -7.75612], [7.26891, 0.2438800000000002], [1.26891, 0.24387999999999982]], [[7.403445, 15.090415], [7.4034450000000005, 31.090415], [1.403445000000001, 31.090415], [1.403445, 15.090415], [7.403445, 15.090415]], [[-6.724704999999999, 20.18053], [1.275295000000001, 20.18053], [1.275295000000001, 26.18053], [-6.724704999999999, 26.18053], [-6.724704999999999, 20.18053]], [[4.6702, 12.23486], [4.670200000000001, 20.23486], [-10.3298, 20.23486], [-10.3298, 12.234860000000001], [4.6702, 12.23486]], [[-10.057045, 12.002040000000001], [-10.057045000000002, 4.002040000000002], [4.942954999999998, 4.002039999999998], [4.9429549999999995, 12.002039999999997], [-10.057045, 12.002040000000001]]], "node_id": [0, 1, 2, 3, 4, 5]}