{"corners": [[[0.26035, 0.10057], [8.26035, 0.10057], [8.26035, 15.10057], [0.26035, 15.10057], [0.26035, 0.10057]], [[16.1751, 10.85026], [8.1751, 10.850260000000002], [8.1751, 4.8502600000000005], [16.1751, 4.8502600000000005], [16.1751, 10.85026]], [[4.199735, 10.769110000000001], [20.199735, 10.769109999999998], [20.199735, 16.76911], [4.199735000000002, 16.76911], [4.199735, 10.769110000000001]], [[16.193015, 4.99224], [32.193015, 4.992239999999996], [32.193015, 10.992239999999997], [16.193015, 10.99224], [16.193015, 4.99224]], [[28.040745, 16.824709999999996], [20.040745, 16.82471], [20.040745, 10.82471], [28.040744999999998, 10.824709999999996], [28.040745, 16.824709999999996]], [[20.474375, 16.799075], [28.474375, 16.799074999999995], [28.474375000000002, 22.799074999999995], [20.474375000000002, 22.799075], [20.474375, 16.799075]]], "node_id": [0, 1, 2, 3, 4, 5]}