{"corners": [[[0.48812, 0.4969], [8.48812, 0.4969], [8.48812, 15.4969], [0.48812, 15.4969], [0.48812, 0.4969]], [[1.407519999999999, 31.11279], [1.4075199999999999, 15.11279], [7.40752, 15.11279], [7.407519999999999, 31.11279], [1.407519999999999, 31.11279]], [[8.194595, 0.4667649999999995], [0.194595, 0.4667650000000005], [0.1945949999999982, -14.533234999999998], [8.194594999999998, -14.533235], [8.194595, 0.4667649999999995]], [[-4.711290000000002, 31.48108], [-4.711290000000001, 15.48108], [1.2887099999999991, 15.48108], [1.2887099999999982, 31.48108], [-4.711290000000002, 31.48108]], [[-5.9336150000000005, 0.1765], [2.066384999999999, 0.1765], [2.066384999999999, 15.1765], [-5.9336150000000005, 15.1765], [-5.9336150000000005, 0.1765]], [[-13.8713, 4.759085], [-5.8713, 4.759085], [-5.8713, 10.759085], [-13.8713, 10.759085], [-13.8713, 4.759085]]], "node_id": [0, 1, 2, 3, 4, 5]}