{"corners": [[[0.304075, 0.400545], [16.304075, 0.400545], [16.304075, 6.400545], [0.304075, 6.400545], [0.304075, 0.400545]], [[-15.813865, 0.202025], [0.186135, 0.202025], [0.186135, 6.202025], [-15.813865, 6.202025], [-15.813865, 0.202025]], [[0.283585, 0.444994999999999], [-15.716415, 0.444995000000001], [-15.716415, -5.5550049999999995], [0.28358499999999925, -5.555005000000001], [0.283585, 0.444994999999999]], [[32.391185, 6.173694999999999], [16.391185, 6.173695], [16.391185, 0.173695], [32.391185, 0.1736949999999982], [32.391185, 6.173694999999999]], [[-0.40253, 6.378034999999999], [-0.4025299999999995, 14.378035], [-15.40253, 14.378035], [-15.40253, 6.378035], [-0.40253, 6.378034999999999]], [[5.055715, 0.4719149999999998], [5.055715000000001, -15.528085], [11.055715, -15.528085], [11.055715, 0.47191500000000014], [5.055715, 0.4719149999999998]]], "node_id": [0, 1, 2, 3, 4, 5]}