{"corners": [[[0.03615, 0.29715], [8.03615, 0.29715], [8.03615, 6.29715], [0.03615, 6.29715], [0.03615, 0.29715]], [[0.06745999999999976, -0.651145], [0.06746000000000026, 7.348855], [-14.93254, 7.348855000000002], [-14.93254, -0.6511449999999991], [0.06745999999999976, -0.651145]], [[-4.354855, -8.79217], [-4.354854999999999, -0.79217], [-10.354855, -0.79217], [-10.354855, -8.79217], [-4.354855, -8.79217]], [[7.309955, 6.49414], [7.309955, 22.49414], [1.3099550000000009, 22.49414], [1.309955, 6.49414], [7.309955, 6.49414]], [[1.944439999999999, -12.73328], [1.94444, 3.26672], [-4.05556, 3.26672], [-4.055560000000001, -12.73328], [1.944439999999999, -12.73328]], [[8.0158, 0.10200999999999952], [0.0158, 0.10201000000000049], [0.015799999999998225, -14.897989999999998], [8.015799999999999, -14.89799], [8.0158, 0.10200999999999952]]], "node_id": [0, 1, 2, 3, 4, 5]}