{"corners": [[[0.27367, 0.12186], [16.27367, 0.12186], [16.27367, 6.12186], [0.27367, 6.12186], [0.27367, 0.12186]], [[11.05124, 6.21633], [11.05124, 14.21633], [5.051240000000001, 14.21633], [5.05124, 6.21633], [11.05124, 6.21633]], [[4.192005, -5.995705], [12.192005, -5.995705], [12.192005, 0.004295], [4.192005, 0.004295], [4.192005, -5.995705]], [[4.124305, 14.388345], [12.124305, 14.388345], [12.124305, 29.388345], [4.124305, 29.388345], [4.124305, 14.388345]], [[18.28086, -10.594755], [18.28086, 5.405245], [12.28086, 5.405245], [12.28086, -10.594755], [18.28086, -10.594755]], [[0.1885500000000009, 10.74746], [-7.811449999999999, 10.747460000000002], [-7.81145, -4.252539999999998], [0.18854999999999908, -4.25254], [0.1885500000000009, 10.74746]]], "node_id": [0, 1, 2, 3, 4, 5]}