{"corners": [[[0.338835, 0.006525], [16.338835, 0.006525], [16.338835, 6.006525], [0.338835, 6.006525], [0.338835, 0.006525]], [[0.9418150000000001, 0.44771999999999956], [0.9418150000000005, -7.55228], [15.941815, -7.55228], [15.941815, 0.44772000000000045], [0.9418150000000001, 0.44771999999999956]], [[-7.7612, 0.08581], [0.2388, 0.08581], [0.2388, 6.08581], [-7.7612, 6.08581], [-7.7612, 0.08581]], [[4.269075, -22.977745], [12.269075, -22.977745], [12.269075, -7.977745], [4.269075, -7.977745], [4.269075, -22.977745]], [[4.198415, 12.208015], [-11.801585, 12.208015000000001], [-11.801585, 6.208015000000001], [4.198414999999999, 6.208015], [4.198415, 12.208015]], [[-7.581735, 6.39653], [-23.581735, 6.396530000000002], [-23.581735, 0.39653000000000177], [-7.581735, 0.39653], [-7.581735, 6.39653]]], "node_id": [0, 1, 2, 3, 4, 5]}