{"corners": [[[0.29185, 0.05655], [8.29185, 0.05655], [8.29185, 15.05655], [0.29185, 15.05655], [0.29185, 0.05655]], [[-3.54014, -5.82529], [12.45986, -5.82529], [12.45986, 0.17471], [-3.54014, 0.17471], [-3.54014, -5.82529]], [[8.207155, 11.529235], [8.207155, 3.529235], [23.207155, 3.529235000000001], [23.207155, 11.529235000000002], [8.207155, 11.529235]], [[19.53977, 3.6741950000000014], [11.53977, 3.6741950000000005], [11.539770000000003, -11.325805], [19.539770000000004, -11.325804999999999], [19.53977, 3.6741950000000014]], [[34.889945, -7.9257449999999965], [34.889945, 0.07425500000000355], [19.889945, 0.07425500000000089], [19.889945, -7.925744999999999], [34.889945, -7.9257449999999965]], [[31.468975, 6.111095000000002], [23.468975, 6.1110950000000015], [23.468975, 0.11109500000000178], [31.468975, 0.11109500000000266], [31.468975, 6.111095000000002]]], "node_id": [0, 1, 2, 3, 4, 5]}