{"corners": [[[0.267415, 0.157255], [8.267415, 0.157255], [8.267415, 6.157255], [0.267415, 6.157255], [0.267415, 0.157255]], [[12.322189999999999, 0.470024999999999], [-3.67781, 0.470025000000001], [-3.67781, -5.529974999999999], [12.322189999999999, -5.529975000000001], [12.322189999999999, 0.470024999999999]], [[12.29266, -5.5788150000000005], [20.29266, -5.578815000000002], [20.29266, 0.4211849999999973], [12.292660000000001, 0.4211849999999991], [12.29266, -5.5788150000000005]], [[24.199455, 6.135014999999996], [8.199455, 6.135015000000002], [8.199454999999997, 0.13501500000000177], [24.199454999999997, 0.13501499999999556], [24.199455, 6.135014999999996]], [[0.13519999999999974, -0.83539], [0.13520000000000024, 7.16461], [-14.8648, 7.1646100000000015], [-14.8648, -0.8353899999999991], [0.13519999999999974, -0.83539]], [[24.15236, 7.196199999999996], [24.152359999999998, -0.8038000000000044], [30.152359999999998, -0.8038000000000062], [30.15236, 7.196199999999993], [24.15236, 7.196199999999996]]], "node_id": [0, 1, 2, 3, 4, 5]}