{"corners": [[[0.322005, 0.27496], [8.322005, 0.27496], [8.322005, 6.27496], [0.322005, 6.27496], [0.322005, 0.27496]], [[0.047045, -14.52932], [8.047045, -14.52932], [8.047045, 0.47068], [0.047045, 0.47068], [0.047045, -14.52932]], [[8.15051, -10.08549], [16.15051, -10.08549], [16.15051, -4.08549], [8.15051, -4.08549], [8.15051, -10.08549]], [[0.001615, 6.2924], [8.001615, 6.2924], [8.001615, 21.2924], [0.001615, 21.2924], [0.001615, 6.2924]], [[-5.871500000000001, 11.12119], [-5.8715, -4.87881], [0.1285, -4.87881], [0.12849999999999911, 11.12119], [-5.871500000000001, 11.12119]], [[0.02138500000000037, 16.975485], [-7.978615, 16.975485], [-7.978615, 10.975485], [0.021384999999999633, 10.975485], [0.02138500000000037, 16.975485]]], "node_id": [0, 1, 2, 3, 4, 5]}