{"corners": [[[0.10674, 0.32063], [8.10674, 0.32063], [8.10674, 15.32063], [0.10674, 15.32063], [0.10674, 0.32063]], [[8.0662, 21.17649], [0.0662, 21.17649], [0.0662, 15.17649], [8.066199999999998, 15.17649], [8.0662, 21.17649]], [[-5.675825000000001, 15.554905], [-5.675825, -0.445095], [0.324175, -0.445095], [0.3241749999999991, 15.554905], [-5.675825000000001, 15.554905]], [[-7.64869, 15.206205000000002], [0.35131, 15.206205], [0.3513100000000018, 21.206205], [-7.648689999999998, 21.206205], [-7.64869, 15.206205000000002]], [[-6.561305000000001, 15.71589], [1.4386949999999992, 15.71589], [1.4386949999999992, 21.71589], [-6.561305000000001, 21.71589], [-6.561305000000001, 15.71589]], [[-7.92599, 14.402865], [-7.925989999999997, 22.402865], [-13.925989999999997, 22.402865], [-13.92599, 14.402865000000002], [-7.92599, 14.402865]]], "node_id": [0, 1, 2, 3, 4, 5]}