{"corners": [[[0.354, 0.267715], [8.354, 0.267715], [8.354, 15.267715], [0.354, 15.267715], [0.354, 0.267715]], [[-3.3459950000000007, 23.131235], [-3.3459950000000003, 15.131235], [11.654005, 15.131235], [11.654005, 23.131235], [-3.3459950000000007, 23.131235]], [[-11.290295, 16.30344], [-3.290295, 16.30344], [-3.290295, 22.30344], [-11.290295, 22.30344], [-11.290295, 16.30344]], [[-11.19673, 1.08427], [-3.19673, 1.08427], [-3.19673, 16.08427], [-11.19673, 16.08427], [-11.19673, 1.08427]], [[19.611395, 22.2357], [11.611395, 22.2357], [11.611395, 16.2357], [19.611395, 16.2357], [19.611395, 22.2357]], [[4.672245, 11.509635], [-3.327755, 11.509635000000001], [-3.327755, 5.509635000000001], [4.672244999999999, 5.509635], [4.672245, 11.509635]]], "node_id": [0, 1, 2, 3, 4, 5]}