{"corners": [[[0.39811, 0.39251], [8.39811, 0.39251], [8.39811, 6.39251], [0.39811, 6.39251], [0.39811, 0.39251]], [[8.11326, -4.19475], [16.11326, -4.19475], [16.11326, 10.805250000000001], [8.11326, 10.805250000000001], [8.11326, -4.19475]], [[0.06546499999999951, -4.939475], [0.06546500000000048, 11.060525], [-5.934535, 11.060525], [-5.934535000000001, -4.939475], [0.06546499999999951, -4.939475]], [[19.776305, -12.317785], [19.776305, -4.317785], [4.776305, -4.317784999999998], [4.776305, -12.317784999999999], [19.776305, -12.317785]], [[8.46218, -18.22921], [16.46218, -18.22921], [16.46218, -12.22921], [8.46218, -12.22921], [8.46218, -18.22921]], [[5.4983699999999995, -4.8980250000000005], [-10.50163, -4.898024999999999], [-10.50163, -10.898025], [5.4983699999999995, -10.898025], [5.4983699999999995, -4.8980250000000005]]], "node_id": [0, 1, 2, 3, 4, 5]}