{"corners": [[[0.33703, 0.044465], [8.33703, 0.044465], [8.33703, 6.044465], [0.33703, 6.044465], [0.33703, 0.044465]], [[8.161175, 0.1647299999999995], [0.161175, 0.1647300000000005], [0.161175, -5.83527], [8.161174999999998, -5.835270000000001], [8.161175, 0.1647299999999995]], [[8.38045, 0.163065], [16.38045, 0.163065], [16.38045, 6.163065], [8.38045, 6.163065], [8.38045, 0.163065]], [[16.227675, 0.26819999999999866], [8.227675, 0.26819999999999966], [8.227675, -5.7318], [16.227675, -5.731800000000002], [16.227675, 0.26819999999999866]], [[15.392175, -15.684755], [15.392175000000002, 0.315245], [9.392175, 0.315245], [9.392175, -15.684755], [15.392175, -15.684755]]], "node_id": [0, 1, 2, 3, 4]}