{"corners": [[[0.238365, 0.46588], [8.238365, 0.46588], [8.238365, 15.46588], [0.238365, 15.46588], [0.238365, 0.46588]], [[1.21495, 0.03653999999999982], [1.2149500000000009, -15.96346], [7.214950000000001, -15.96346], [7.21495, 0.03654000000000018], [1.21495, 0.03653999999999982]], [[7.29637, -23.505935], [7.296370000000001, -15.505935000000001], [1.296370000000001, -15.505935000000001], [1.29637, -23.505935], [7.29637, -23.505935]], [[1.484285, -4.887085], [-6.515715, -4.887085000000001], [-6.515714999999999, -10.887085], [1.4842850000000007, -10.887085], [1.484285, -4.887085]], [[-5.9527350000000006, 11.05481], [-5.952735, -4.94519], [0.047265, -4.94519], [0.04726499999999911, 11.05481], [-5.9527350000000006, 11.05481]], [[8.49202, 6.039335000000001], [0.49202, 6.039335], [0.4920200000000009, 0.039335], [8.49202, 0.03933500000000089], [8.49202, 6.039335000000001]]], "node_id": [0, 1, 2, 3, 4, 5]}