{"corners": [[[0.136295, 0.2876], [8.136295, 0.2876], [8.136295, 6.2876], [0.136295, 6.2876], [0.136295, 0.2876]], [[1.0533449999999995, 14.30191], [1.053345, 6.30191], [7.053345, 6.30191], [7.053345, 14.30191], [1.0533449999999995, 14.30191]], [[14.46212, -4.939605], [14.462120000000002, 11.060395], [8.46212, 11.060395], [8.46212, -4.939605], [14.46212, -4.939605]], [[15.059015, 13.492895], [7.059015, 13.492894999999999], [7.0590150000000005, 7.492894999999999], [15.059015, 7.492895], [15.059015, 13.492895]], [[3.7776199999999998, 7.441754999999998], [3.7776200000000006, -0.5582450000000018], [18.77762, -0.5582450000000009], [18.77762, 7.441754999999999], [3.7776199999999998, 7.441754999999998]], [[-4.798995000000001, 18.260675], [-4.798995, 2.260675], [1.2010049999999999, 2.260675], [1.201004999999999, 18.260675], [-4.798995000000001, 18.260675]]], "node_id": [0, 1, 2, 3, 4, 5]}