{"corners": [[[0.023695, 0.276835], [8.023695, 0.276835], [8.023695, 6.276835], [0.023695, 6.276835], [0.023695, 0.276835]], [[-7.56665, -4.21033], [0.43335, -4.21033], [0.43335, 10.78967], [-7.56665, 10.78967], [-7.56665, -4.21033]], [[8.488765, -4.209235], [16.488765, -4.209235], [16.488765, 10.790765], [8.488765, 10.790765], [8.488765, -4.209235]], [[9.29372, 26.875415], [9.293720000000002, 10.875415], [15.29372, 10.875415], [15.29372, 26.875415], [9.29372, 26.875415]], [[15.442615, -12.47631], [15.442615, -4.47631], [9.442615, -4.47631], [9.442615, -12.47631], [15.442615, -12.47631]], [[15.12211, 26.645675], [15.122110000000001, 10.645675], [21.12211, 10.645675], [21.12211, 26.645675], [15.12211, 26.645675]]], "node_id": [0, 1, 2, 3, 4, 5]}