{"corners": [[[0.16012, 0.026765], [8.16012, 0.026765], [8.16012, 15.026765], [0.16012, 15.026765], [0.16012, 0.026765]], [[7.0124249999999995, -15.650255], [7.012425, 0.349745], [1.012425, 0.349745], [1.012424999999999, -15.650255], [7.0124249999999995, -15.650255]], [[1.0806849999999995, -15.956145], [1.0806850000000003, 0.043855], [-4.919315, 0.043855], [-4.919315, -15.956145], [1.0806849999999995, -15.956145]], [[-9.440369999999998, 8.474460000000002], [-9.44037, 0.47446000000000177], [5.55963, 0.4744599999999982], [5.559630000000002, 8.474459999999999], [-9.440369999999998, 8.474460000000002]], [[-9.297729999999996, 11.822940000000003], [-17.297729999999998, 11.822940000000003], [-17.29773, -3.1770599999999964], [-9.297729999999998, -3.177059999999998], [-9.297729999999996, 11.822940000000003]], [[1.0619649999999987, -31.56589], [1.0619649999999996, -15.56589], [-4.938035, -15.56589], [-4.938035000000002, -31.56589], [1.0619649999999987, -31.56589]]], "node_id": [0, 1, 2, 3, 4, 5]}