{"corners": [[[0.22665, 0.374805], [8.22665, 0.374805], [8.22665, 15.374805], [0.22665, 15.374805], [0.22665, 0.374805]], [[-5.781465, 11.603585], [-5.781464999999999, 3.603585], [0.2185350000000009, 3.603585], [0.218535, 11.603585], [-5.781465, 11.603585]], [[12.25958, 21.28603], [-3.74042, 21.286030000000004], [-3.74042, 15.286030000000002], [12.25958, 15.28603], [12.25958, 21.28603]], [[-11.573174999999999, 15.925785], [-11.573174999999999, -0.07421499999999998], [-5.573174999999999, -0.07421499999999998], [-5.573175, 15.925785], [-11.573174999999999, 15.925785]], [[11.56642, 21.23447], [11.56642, 29.23447], [-3.43358, 29.23447], [-3.43358, 21.23447], [11.56642, 21.23447]], [[-4.640035, -0.2723699999999995], [-12.640035, -0.27237000000000045], [-12.640035, -6.2723700000000004], [-4.640034999999999, -6.272369999999999], [-4.640035, -0.2723699999999995]]], "node_id": [0, 1, 2, 3, 4, 5]}