{"corners": [[[0.216465, 0.41402], [8.216465, 0.41402], [8.216465, 6.41402], [0.216465, 6.41402], [0.216465, 0.41402]], [[0.445115, 6.45787], [8.445115, 6.45787], [8.445115, 21.45787], [0.445115, 21.45787], [0.445115, 6.45787]], [[7.307995, 21.0936], [7.307995000000001, 29.0936], [1.307995000000001, 29.0936], [1.307995, 21.0936], [7.307995, 21.0936]], [[14.26059, 9.65795], [14.26059, 17.65795], [8.26059, 17.65795], [8.26059, 9.65795], [14.26059, 9.65795]], [[14.27235, 17.955105], [14.272349999999998, 9.955105], [20.27235, 9.955104999999998], [20.27235, 17.955105], [14.27235, 17.955105]], [[13.38152, 17.13883], [13.381520000000002, 33.13883], [7.381520000000001, 33.13883], [7.38152, 17.13883], [13.38152, 17.13883]]], "node_id": [0, 1, 2, 3, 4, 5]}