{"corners": [[[0.05183, 0.276335], [8.05183, 0.276335], [8.05183, 6.2763349999999996], [0.05183, 6.2763349999999996], [0.05183, 0.276335]], [[-3.100385, 0.42131499999999955], [-3.1003849999999997, -7.578685], [11.899615, -7.578685], [11.899615, 0.42131500000000044], [-3.100385, 0.42131499999999955]], [[-18.043875, 0.4598749999999982], [-18.043875, -7.5401250000000015], [-3.043875, -7.540125], [-3.043875, 0.45987499999999915], [-18.043875, 0.4598749999999982]], [[-7.725695, -23.535755], [-7.725694999999999, -7.535755], [-13.725695, -7.535755], [-13.725695, -23.535755], [-7.725695, -23.535755]], [[0.3938650000000009, -13.549845], [8.393865, -13.549845], [8.393865, -7.549845], [0.3938650000000009, -7.549845], [0.3938650000000009, -13.549845]]], "node_id": [0, 1, 2, 3, 4]}