{"corners": [[[0.428355, 0.28902], [8.428355, 0.28902], [8.428355, 6.28902], [0.428355, 6.28902], [0.428355, 0.28902]], [[-3.116050000000001, 14.085495], [-3.1160500000000004, 6.085495], [11.88395, 6.085495000000001], [11.88395, 14.085495000000002], [-3.116050000000001, 14.085495]], [[-7.785185, 0.19541], [0.214815, 0.19541], [0.214815, 6.19541], [-7.785185, 6.19541], [-7.785185, 0.19541]], [[-3.4894600000000007, 13.330845], [-11.48946, 13.330844999999998], [-11.48946, 7.330844999999999], [-3.48946, 7.330845], [-3.4894600000000007, 13.330845]], [[8.47784, 7.474345], [8.47784, -0.525655], [23.47784, -0.5256549999999991], [23.47784, 7.474345000000001], [8.47784, 7.474345]], [[18.50566, 7.106115000000001], [18.50566, 23.106115], [12.50566, 23.106115], [12.50566, 7.106115000000001], [18.50566, 7.106115000000001]]], "node_id": [0, 1, 2, 3, 4, 5]}