{"corners": [[[0.16602, 0.013195], [16.16602, 0.013195], [16.16602, 6.013195], [0.16602, 6.013195], [0.16602, 0.013195]], [[-5.663785000000001, 11.31584], [-5.663785, -4.68416], [0.336215, -4.68416], [0.3362149999999991, 11.31584], [-5.663785000000001, 11.31584]], [[-10.195440000000001, 19.41992], [-10.195440000000001, 11.41992], [4.804559999999999, 11.41992], [4.804559999999999, 19.41992], [-10.195440000000001, 19.41992]], [[11.007685, -15.672565], [11.007685000000002, 0.327435], [5.007685000000001, 0.327435], [5.007685, -15.672565], [11.007685, -15.672565]], [[5.417150000000001, -11.9856], [5.417150000000002, -3.9856], [-0.5828499999999982, -3.9856], [-0.5828499999999991, -11.9856], [5.417150000000001, -11.9856]], [[4.8145349999999985, 7.50418], [12.814534999999998, 7.50418], [12.814534999999998, 22.50418], [4.8145349999999985, 22.50418], [4.8145349999999985, 7.50418]]], "node_id": [0, 1, 2, 3, 4, 5]}