{"corners": [[[0.28064, 0.010045], [8.28064, 0.010045], [8.28064, 6.010045], [0.28064, 6.010045], [0.28064, 0.010045]], [[23.093255, -0.849285000000001], [23.093255, 7.150714999999999], [8.093255, 7.150715000000001], [8.093255, -0.8492850000000001], [23.093255, -0.849285000000001]], [[19.656775, 22.482255], [11.656775, 22.482255], [11.656774999999998, 7.482255000000002], [19.656774999999996, 7.482255], [19.656775, 22.482255]], [[11.970425, 22.07611], [19.970425, 22.076109999999996], [19.970425, 28.07611], [11.970425000000002, 28.07611], [11.970425, 22.07611]], [[35.52981, 17.7517], [19.52981, 17.751700000000003], [19.52981, 11.751700000000001], [35.52981, 11.7517], [35.52981, 17.7517]], [[12.465985, 0.13378999999999902], [-3.534015, 0.13379000000000096], [-3.534015, -5.866209999999999], [12.465985, -5.866210000000001], [12.465985, 0.13378999999999902]]], "node_id": [0, 1, 2, 3, 4, 5]}