{"corners": [[[0.16641, 0.366115], [8.16641, 0.366115], [8.16641, 15.366115], [0.16641, 15.366115], [0.16641, 0.366115]], [[0.255685, -5.736145], [8.255685, -5.736145], [8.255685, 0.263855], [0.255685, 0.263855], [0.255685, -5.736145]], [[8.024814999999998, 15.731715], [8.024815, -0.268285], [14.024815, -0.268285], [14.024815, 15.731715], [8.024814999999998, 15.731715]], [[11.777835, 15.13425], [11.777835, 23.13425], [-3.222165, 23.13425], [-3.222165, 15.134250000000002], [11.777835, 15.13425]], [[7.306275, 15.60348], [15.306275, 15.60348], [15.306275, 30.60348], [7.306275, 30.60348], [7.306275, 15.60348]], [[-7.933645, -5.91717], [0.066355, -5.91717], [0.066355, 0.08283], [-7.933645, 0.08283], [-7.933645, -5.91717]]], "node_id": [0, 1, 2, 3, 4, 5]}