{"corners": [[[0.44732, 0.33493], [8.44732, 0.33493], [8.44732, 6.33493], [0.44732, 6.33493], [0.44732, 0.33493]], [[0.03673, 6.249485], [8.03673, 6.249485], [8.03673, 12.249485], [0.03673, 12.249485], [0.03673, 6.249485]], [[0.10334500000000037, 6.35031], [-7.896655, 6.350310000000001], [-7.896655, 0.3503100000000009], [0.10334499999999965, 0.35031], [0.10334500000000037, 6.35031]], [[-5.72796, 13.383865], [-5.7279599999999995, 5.383865], [0.2720400000000009, 5.383865], [0.27204, 13.383865], [-5.72796, 13.383865]], [[16.18496, 12.496865], [8.18496, 12.496865000000001], [8.18496, 6.496865000000001], [16.18496, 6.496865], [16.18496, 12.496865]], [[14.08508, -4.95213], [14.085080000000001, 11.04787], [8.08508, 11.04787], [8.08508, -4.95213], [14.08508, -4.95213]]], "node_id": [0, 1, 2, 3, 4, 5]}