{"corners": [[[0.050945, 0.191235], [8.050945, 0.191235], [8.050945, 15.191235], [0.050945, 15.191235], [0.050945, 0.191235]], [[8.12665, 4.95624], [16.12665, 4.95624], [16.12665, 10.95624], [8.12665, 10.95624], [8.12665, 4.95624]], [[-3.5414, 15.140955], [12.4586, 15.140955], [12.4586, 21.140955], [-3.5414, 21.140955], [-3.5414, 15.140955]], [[16.380745, 16.968835], [8.380745, 16.968835], [8.380745, 10.968835], [16.380745, 10.968835], [16.380745, 16.968835]], [[1.0444399999999991, 37.38403], [1.04444, 21.38403], [7.04444, 21.38403], [7.044439999999999, 37.38403], [1.0444399999999991, 37.38403]], [[8.160719999999998, 52.37327], [0.16071999999999734, 52.37327], [0.1607199999999991, 37.37327], [8.16072, 37.37327], [8.160719999999998, 52.37327]]], "node_id": [0, 1, 2, 3, 4, 5]}