{"corners": [[[0.481985, 0.178525], [16.481985, 0.178525], [16.481985, 6.178525], [0.481985, 6.178525], [0.481985, 0.178525]], [[0.09591000000000036, 6.25886], [-15.90409, 6.258860000000002], [-15.90409, 0.25886000000000176], [0.09590999999999963, 0.25886], [0.09591000000000036, 6.25886]], [[4.45769, 6.12728], [12.45769, 6.12728], [12.45769, 12.12728], [4.45769, 12.12728], [4.45769, 6.12728]], [[5.303725, 0.32269499999999984], [5.303725000000001, -7.677305], [11.303725, -7.677305], [11.303725, 0.3226950000000002], [5.303725, 0.32269499999999984]], [[20.070285, 12.14852], [12.070285, 12.148520000000001], [12.070285, 6.148520000000001], [20.070285, 6.14852], [20.070285, 12.14852]], [[4.1090349999999995, 5.375005], [4.109035, 13.375005], [-10.890965, 13.375005000000002], [-10.890965, 5.375005000000001], [4.1090349999999995, 5.375005]]], "node_id": [0, 1, 2, 3, 4, 5]}