{"corners": [[[0.04041, 0.023325], [16.04041, 0.023325], [16.04041, 6.023325], [0.04041, 6.023325], [0.04041, 0.023325]], [[16.22643, 0.23436], [32.22643, 0.23436], [32.22643, 6.23436], [16.22643, 6.23436], [16.22643, 0.23436]], [[11.259454999999999, 6.053825], [11.259455000000003, 22.053825], [5.259455000000001, 22.053825], [5.259455, 6.053825], [11.259454999999999, 6.053825]], [[-2.9791849999999993, 6.73315], [5.020815000000001, 6.73315], [5.020815000000001, 21.73315], [-2.9791849999999993, 21.73315], [-2.9791849999999993, 6.73315]], [[0.4793250000000004, 6.0747], [-7.520675, 6.074700000000001], [-7.520675, 0.07470000000000089], [0.4793249999999996, 0.0747], [0.4793250000000004, 6.0747]], [[9.279605, 27.656625], [-6.720395, 27.656625000000002], [-6.720395, 21.656625], [9.279605, 21.656625], [9.279605, 27.656625]]], "node_id": [0, 1, 2, 3, 4, 5]}