{"corners": [[[0.37799, 0.060325], [8.37799, 0.060325], [8.37799, 15.060325], [0.37799, 15.060325], [0.37799, 0.060325]], [[-7.681395, 4.702955], [0.318605, 4.702955], [0.318605, 10.702955], [-7.681395, 10.702955], [-7.681395, 4.702955]], [[7.336055, -7.741635], [7.336055000000001, 0.258365], [1.3360550000000009, 0.258365], [1.336055, -7.741635], [7.336055, -7.741635]], [[8.410605, 11.65849], [8.410605, 3.65849], [23.410605, 3.658490000000001], [23.410605, 11.658490000000002], [8.410605, 11.65849]], [[7.93246, 11.943225], [23.93246, 11.943225], [23.93246, 17.943224999999998], [7.93246, 17.943224999999998], [7.93246, 11.943225]], [[23.372635, 11.90619], [23.372635, 3.90619], [29.372635, 3.90619], [29.372635, 11.90619], [23.372635, 11.90619]]], "node_id": [0, 1, 2, 3, 4, 5]}