{"corners": [[[0.036215, 0.312375], [8.036215, 0.312375], [8.036215, 6.312375], [0.036215, 6.312375], [0.036215, 0.312375]], [[12.3497, 12.48237], [-3.6503, 12.482370000000001], [-3.6503, 6.482370000000002], [12.3497, 6.48237], [12.3497, 12.48237]], [[-3.04024, 0.48954499999999956], [-3.0402399999999994, -7.510455], [11.95976, -7.510455], [11.95976, 0.48954500000000045], [-3.04024, 0.48954499999999956]], [[14.0076, -4.976635], [14.007600000000002, 11.023365], [8.0076, 11.023365], [8.0076, -4.976635], [14.0076, -4.976635]], [[-5.678235000000001, 11.287279999999999], [-5.678235, -4.71272], [0.321765, -4.71272], [0.32176499999999914, 11.287279999999999], [-5.678235000000001, 11.287279999999999]]], "node_id": [0, 1, 2, 3, 4]}