{"corners": [[[0.137985, 0.40574], [8.137985, 0.40574], [8.137985, 15.40574], [0.137985, 15.40574], [0.137985, 0.40574]], [[-15.578465, 4.932445], [0.421535, 4.932445], [0.421535, 10.932445], [-15.578465, 10.932445], [-15.578465, 4.932445]], [[-15.08275, 4.671624999999999], [-15.08275, -3.3283750000000007], [-0.08274999999999999, -3.328375], [-0.08274999999999999, 4.671625], [-15.08275, 4.671624999999999]], [[-4.71322, 10.910905], [-4.713219999999999, 26.910905], [-10.71322, 26.910905], [-10.71322, 10.910905], [-4.71322, 10.910905]], [[3.486710000000001, 21.56248], [-4.51329, 21.56248], [-4.51329, 15.56248], [3.48671, 15.56248], [3.486710000000001, 21.56248]], [[3.2142949999999986, 11.382685], [11.214294999999998, 11.382684999999999], [11.214295000000002, 26.382685], [3.214295000000002, 26.382685], [3.2142949999999986, 11.382685]]], "node_id": [0, 1, 2, 3, 4, 5]}