{"corners": [[[0.167505, 0.179065], [8.167505, 0.179065], [8.167505, 15.179065], [0.167505, 15.179065], [0.167505, 0.179065]], [[1.0338599999999996, 23.314005], [1.03386, 15.314005], [7.03386, 15.314005], [7.03386, 23.314005], [1.0338599999999996, 23.314005]], [[-3.4219, 0.39064999999999955], [-3.4218999999999995, -7.60935], [11.5781, -7.60935], [11.5781, 0.39065000000000044], [-3.4219, 0.39064999999999955]], [[-9.4483, 4.480599999999999], [-9.448299999999998, -11.5194], [-3.4482999999999993, -11.5194], [-3.4483, 4.4806], [-9.4483, 4.480599999999999]], [[23.036465, 22.38323], [7.036465, 22.383229999999998], [7.036465, 16.383229999999998], [23.036465, 16.38323], [23.036465, 22.38323]]], "node_id": [0, 1, 2, 3, 4]}