{"corners": [[[0.027055, 0.040405], [16.027055, 0.040405], [16.027055, 6.040405], [0.027055, 6.040405], [0.027055, 0.040405]], [[0.11286999999999975, -0.852595], [0.11287000000000025, 7.147405], [-14.88713, 7.147405000000002], [-14.88713, -0.8525949999999991], [0.11286999999999975, -0.852595]], [[16.41275, 12.279265], [0.41275, 12.279265000000002], [0.41275, 6.279265000000001], [16.41275, 6.279265], [16.41275, 12.279265]], [[16.180735, 7.00634], [16.180735, -0.99366], [31.180735, -0.9936599999999991], [31.180735, 7.006340000000001], [16.180735, 7.00634]], [[-7.863400000000002, 1.9928850000000036], [0.13659999999999822, 1.9928850000000016], [0.13660000000000178, 16.992885], [-7.863399999999999, 16.992885000000005], [-7.863400000000002, 1.9928850000000036]]], "node_id": [0, 1, 2, 3, 4]}