{"corners": [[[0.49986, 0.319235], [8.49986, 0.319235], [8.49986, 6.319235], [0.49986, 6.319235], [0.49986, 0.319235]], [[1.4018349999999995, 14.43012], [1.401835, 6.43012], [7.401835, 6.43012], [7.401835, 14.43012], [1.4018349999999995, 14.43012]], [[24.254535, 6.186029999999998], [8.254535, 6.18603], [8.254535, 0.18603], [24.254535, 0.18602999999999822], [24.254535, 6.186029999999998]], [[1.4678549999999995, 13.251035], [-14.532145, 13.251034999999998], [-14.532145, 7.251034999999998], [1.4678550000000001, 7.251035], [1.4678549999999995, 13.251035]], [[-3.549395000000001, 13.435514999999999], [-3.5493950000000027, 21.435515], [-9.549395000000004, 21.435514999999995], [-9.549395, 13.435514999999997], [-3.549395000000001, 13.435514999999999]]], "node_id": [0, 1, 2, 3, 4]}