{"corners": [[[0.219305, 0.21972], [8.219305, 0.21972], [8.219305, 6.21972], [0.219305, 6.21972], [0.219305, 0.21972]], [[-5.884070000000001, 11.32416], [-5.88407, -4.67584], [0.11593, -4.67584], [0.11592999999999912, 11.32416], [-5.884070000000001, 11.32416]], [[24.060535, 6.352194999999998], [8.060535, 6.352195], [8.060535, 0.352195], [24.060535, 0.3521949999999982], [24.060535, 6.352194999999998]], [[-3.80635, 6.324615], [12.19365, 6.324615], [12.19365, 12.324615], [-3.80635, 12.324615], [-3.80635, 6.324615]], [[-10.768285, -10.88508], [5.231715, -10.88508], [5.231715, -4.88508], [-10.768285, -4.88508], [-10.768285, -10.88508]]], "node_id": [0, 1, 2, 3, 4]}