{"corners": [[[0.1768, 0.17936], [8.1768, 0.17936], [8.1768, 15.17936], [0.1768, 15.17936], [0.1768, 0.17936]], [[8.19915, 0.034415], [16.19915, 0.034415], [16.19915, 15.034415], [8.19915, 15.034415], [8.19915, 0.034415]], [[20.33867, 21.36895], [4.3386700000000005, 21.368950000000005], [4.3386700000000005, 15.368950000000002], [20.33867, 15.36895], [20.33867, 21.36895]], [[1.4877849999999992, 31.198765], [1.4877850000000001, 15.198765], [7.487785, 15.198765], [7.487784999999999, 31.198765], [1.4877849999999992, 31.198765]], [[-5.588255, 11.90633], [-5.588254999999999, 3.90633], [0.4117450000000009, 3.90633], [0.411745, 11.90633], [-5.588255, 11.90633]]], "node_id": [0, 1, 2, 3, 4]}