{"corners": [[[0.45294, 0.15686], [8.45294, 0.15686], [8.45294, 15.15686], [0.45294, 15.15686], [0.45294, 0.15686]], [[8.21653, 21.22035], [0.21653, 21.22035], [0.21653, 15.22035], [8.216529999999999, 15.22035], [8.21653, 21.22035]], [[-7.53359, 4.569445], [0.46641, 4.569445], [0.46641, 10.569445], [-7.53359, 10.569445], [-7.53359, 4.569445]], [[14.35708, 14.2739], [14.35708, 22.2739], [8.35708, 22.2739], [8.35708, 14.2739], [14.35708, 14.2739]], [[8.05254, 0.18487], [16.05254, 0.18487], [16.05254, 15.18487], [8.05254, 15.18487], [8.05254, 0.18487]]], "node_id": [0, 1, 2, 3, 4]}