{"corners": [[[0.084455, 0.477755], [16.084455, 0.477755], [16.084455, 6.477755], [0.084455, 6.477755], [0.084455, 0.477755]], [[12.308790000000002, 21.255495], [4.308790000000002, 21.255495], [4.30879, 6.255495000000002], [12.30879, 6.255495], [12.308790000000002, 21.255495]], [[16.25022, 0.286395], [32.25022, 0.286395], [32.25022, 6.286395], [16.25022, 6.286395], [16.25022, 0.286395]], [[0.7679250000000035, 29.080675], [0.7679250000000022, 21.080675], [15.767925000000002, 21.080674999999996], [15.767925000000004, 29.080674999999996], [0.7679250000000035, 29.080675]], [[18.02719, 5.98201], [18.02719, 21.98201], [12.02719, 21.98201], [12.02719, 5.98201], [18.02719, 5.98201]]], "node_id": [0, 1, 2, 3, 4]}