{"corners": [[[0.1624, 0.274105], [16.1624, 0.274105], [16.1624, 6.274105], [0.1624, 6.274105], [0.1624, 0.274105]], [[0.509525, 0.11413499999999954], [0.5095250000000004, -7.885865], [15.509525, -7.885865], [15.509525, 0.11413500000000046], [0.509525, 0.11413499999999954]], [[0.5198449999999999, -0.7900850000000009], [-15.480155, -0.7900850000000029], [-15.480155, -6.790085000000003], [0.5198450000000006, -6.790085000000001], [0.5198449999999999, -0.7900850000000009]], [[-14.79869, 7.242024999999999], [-14.79869, -0.757975000000001], [0.20131, -0.7579750000000001], [0.20131, 7.242025], [-14.79869, 7.242024999999999]], [[15.540765, 0.32733500000000043], [15.540765, -7.672665], [30.540765, -7.6726649999999985], [30.540765, 0.3273350000000014], [15.540765, 0.32733500000000043]]], "node_id": [0, 1, 2, 3, 4]}