{"corners": [[[0.10626, 0.12138], [8.10626, 0.12138], [8.10626, 15.12138], [0.10626, 15.12138], [0.10626, 0.12138]], [[16.46673, 15.30696], [8.46673, 15.306960000000002], [8.466729999999998, 0.3069600000000018], [16.46673, 0.30696], [16.46673, 15.30696]], [[-7.85479, 4.98703], [0.14521, 4.98703], [0.14521, 10.98703], [-7.85479, 10.98703], [-7.85479, 4.98703]], [[-6.597355, 4.98974], [-6.597354999999999, -11.01026], [-0.5973549999999992, -11.01026], [-0.5973550000000001, 4.98974], [-6.597355, 4.98974]], [[5.002045000000001, -7.44596], [5.002045000000002, 0.55404], [-0.9979549999999983, 0.55404], [-0.9979549999999991, -7.44596], [5.002045000000001, -7.44596]]], "node_id": [0, 1, 2, 3, 4]}