{"corners": [[[0.476495, 0.23313], [8.476495, 0.23313], [8.476495, 6.23313], [0.476495, 6.23313], [0.476495, 0.23313]], [[14.208945, -4.96664], [14.208945000000002, 11.03336], [8.208945, 11.03336], [8.208945, -4.96664], [14.208945, -4.96664]], [[1.0732, 0.3984849999999998], [1.0732000000000008, -15.601515], [7.073200000000001, -15.601515], [7.0732, 0.39848500000000014], [1.0732, 0.3984849999999998]], [[22.145735, 10.89817], [14.145735, 10.898170000000002], [14.145734999999998, -4.101829999999998], [22.145734999999995, -4.10183], [22.145735, 10.89817]], [[25.725525, 10.9011], [25.725525, 18.9011], [10.725525, 18.9011], [10.725525, 10.901100000000001], [25.725525, 10.9011]]], "node_id": [0, 1, 2, 3, 4]}