{"corners": [[[0.265915, 0.33019], [16.265915, 0.33019], [16.265915, 6.33019], [0.265915, 6.33019], [0.265915, 0.33019]], [[12.387665, 0.1602299999999995], [4.387665, 0.1602300000000005], [4.387664999999998, -14.839769999999998], [12.387664999999998, -14.83977], [12.387665, 0.1602299999999995]], [[4.071479999999999, 0.457625], [-3.9285200000000007, 0.457625000000001], [-3.9285200000000025, -14.542374999999998], [4.0714799999999975, -14.542375], [4.071479999999999, 0.457625]], [[4.418675000000001, 15.37297], [-3.581324999999999, 15.372970000000002], [-3.581325000000001, 0.3729700000000018], [4.4186749999999995, 0.37297], [4.418675000000001, 15.37297]], [[5.3967149999999995, 22.05438], [5.396715, 6.05438], [11.396715, 6.05438], [11.396715, 22.05438], [5.3967149999999995, 22.05438]]], "node_id": [0, 1, 2, 3, 4]}