{"corners": [[[0.119055, 0.17809], [8.119055, 0.17809], [8.119055, 15.17809], [0.119055, 15.17809], [0.119055, 0.17809]], [[8.4405, 11.622725], [8.4405, 3.622725], [14.4405, 3.622725], [14.4405, 11.622725], [8.4405, 11.622725]], [[11.80233, -7.88482], [11.80233, 0.11518], [-3.19767, 0.11518000000000178], [-3.19767, -7.8848199999999995], [11.80233, -7.88482]], [[30.25924, 10.845945000000002], [14.25924, 10.845945], [14.25924, 4.845945], [30.25924, 4.845945000000002], [30.25924, 10.845945000000002]], [[15.326304999999998, 26.822215], [7.326304999999998, 26.822215], [7.326305, 11.822214999999998], [15.326305, 11.822215], [15.326304999999998, 26.822215]]], "node_id": [0, 1, 2, 3, 4]}