{"corners": [[[0.280255, 0.08997], [16.280255, 0.08997], [16.280255, 6.08997], [0.280255, 6.08997], [0.280255, 0.08997]], [[5.457685, 14.212585], [5.457685000000001, 6.212585], [11.457685, 6.212585], [11.457685, 14.212585], [5.457685, 14.212585]], [[11.237985, 18.154425], [11.237985000000002, 2.154425], [17.237985, 2.154425], [17.237985, 18.154425], [11.237985, 18.154425]], [[17.185335, 18.096545], [17.185335, 26.096545], [11.185335, 26.096545], [11.185335, 18.096545], [17.185335, 18.096545]], [[23.18762, 18.480855], [23.18762, 26.480855], [17.18762, 26.480855], [17.18762, 18.480855], [23.18762, 18.480855]]], "node_id": [0, 1, 2, 3, 4]}