{"corners": [[[0.067935, 0.4718], [8.067935, 0.4718], [8.067935, 6.4718], [0.067935, 6.4718], [0.067935, 0.4718]], [[0.2773900000000004, 6.42771], [-15.72261, 6.427710000000002], [-15.72261, 0.42771000000000176], [0.27738999999999964, 0.42771], [0.2773900000000004, 6.42771]], [[12.21209, 0.256784999999999], [-3.78791, 0.256785000000001], [-3.78791, -5.743214999999999], [12.21209, -5.743215000000001], [12.21209, 0.256784999999999]], [[-18.69019, 1.1459350000000035], [-18.69019, -6.854064999999997], [-3.6901900000000016, -6.854065], [-3.69019, 1.1459350000000008], [-18.69019, 1.1459350000000035]], [[-11.98079, 6.305685000000002], [-3.98079, 6.305685], [-3.9807899999999963, 21.305685], [-11.980789999999997, 21.305685], [-11.98079, 6.305685000000002]]], "node_id": [0, 1, 2, 3, 4]}