{"corners": [[[0.49782, 0.23513], [8.49782, 0.23513], [8.49782, 6.23513], [0.49782, 6.23513], [0.49782, 0.23513]], [[0.41822999999999977, -0.761825], [0.4182300000000002, 7.238175], [-14.58177, 7.238175000000002], [-14.58177, -0.7618249999999991], [0.41822999999999977, -0.761825]], [[0.8195350000000009, 13.07531], [-15.180465, 13.075310000000002], [-15.180465, 7.075310000000002], [0.8195350000000001, 7.07531], [0.8195350000000009, 13.07531]], [[-3.182570000000001, 14.434025], [-3.1825700000000006, 6.434025], [11.81743, 6.434025000000001], [11.81743, 14.434025000000002], [-3.182570000000001, 14.434025]], [[7.261589999999999, 14.370625], [7.26159, 22.370625], [1.26159, 22.370625], [1.261589999999999, 14.370625], [7.261589999999999, 14.370625]]], "node_id": [0, 1, 2, 3, 4]}