{"corners": [[[0.28554, 0.315805], [16.28554, 0.315805], [16.28554, 6.315805], [0.28554, 6.315805], [0.28554, 0.315805]], [[31.433065, -0.551565000000001], [31.433065, 7.448434999999999], [16.433065, 7.448435000000001], [16.433065, -0.5515650000000001], [31.433065, -0.551565000000001]], [[27.79889, -0.613180000000001], [19.79889, -0.6131799999999998], [19.79889, -15.61318], [27.798889999999997, -15.61318], [27.79889, -0.613180000000001]], [[4.458175, -5.976135], [12.458175, -5.976135], [12.458175, 0.023865], [4.458175, 0.023865], [4.458175, -5.976135]], [[11.532834999999999, -15.854939999999997], [19.532835, -15.85494], [19.532835, -0.85494], [11.532835000000002, -0.8549399999999983], [11.532834999999999, -15.854939999999997]]], "node_id": [0, 1, 2, 3, 4]}