{"corners": [[[0.131975, 0.338265], [8.131975, 0.338265], [8.131975, 6.338265], [0.131975, 6.338265], [0.131975, 0.338265]], [[0.14995999999999976, -0.930005], [0.14996000000000026, 7.069995], [-14.85004, 7.069995000000001], [-14.85004, -0.9300049999999991], [0.14995999999999976, -0.930005]], [[1.4765849999999996, 14.228765], [1.476585, 6.228765], [7.476585, 6.228765], [7.476585, 14.228765], [1.4765849999999996, 14.228765]], [[-10.312595, -0.698729999999999], [-10.312595000000004, -16.69873], [-4.312595000000003, -16.69873], [-4.312595, -0.6987300000000001], [-10.312595, -0.698729999999999]], [[16.104285, 6.285324999999999], [8.104285, 6.285325], [8.104285, 0.285325], [16.104285, 0.2853249999999991], [16.104285, 6.285324999999999]]], "node_id": [0, 1, 2, 3, 4]}