{"corners": [[[0.17164, 0.08545], [8.17164, 0.08545], [8.17164, 6.08545], [0.17164, 6.08545], [0.17164, 0.08545]], [[-7.956525, -4.441175], [0.043475, -4.441175], [0.043475, 10.558825], [-7.956525, 10.558825], [-7.956525, -4.441175]], [[7.228379999999999, -15.56884], [7.22838, 0.43116], [1.22838, 0.43116], [1.2283799999999991, -15.56884], [7.228379999999999, -15.56884]], [[-11.16773, 18.81516], [-11.16773, 10.81516], [3.83227, 10.81516], [3.83227, 18.81516], [-11.16773, 18.81516]], [[7.007590000000002, 0.197265], [7.0075899999999995, -15.802735], [13.00759, -15.802735], [13.007590000000002, 0.19726499999999889], [7.007590000000002, 0.197265]]], "node_id": [0, 1, 2, 3, 4]}