{"corners": [[[0.2436, 0.4043], [16.2436, 0.4043], [16.2436, 6.4043], [0.2436, 6.4043], [0.2436, 0.4043]], [[5.301075, 14.181245], [5.301075000000001, 6.181245], [11.301075, 6.181245], [11.301075, 14.181245], [5.301075, 14.181245]], [[0.2569399999999995, -4.6053049999999995], [0.2569400000000005, 11.394695], [-5.74306, 11.394695], [-5.743060000000001, -4.6053049999999995], [0.2569399999999995, -4.6053049999999995]], [[-5.943, -0.774485], [-5.942999999999999, 7.225515], [-20.943, 7.2255150000000015], [-20.943, -0.7744849999999991], [-5.943, -0.774485]], [[4.53551, 11.28408], [4.535510000000001, 19.28408], [-10.46449, 19.28408], [-10.46449, 11.284080000000001], [4.53551, 11.28408]]], "node_id": [0, 1, 2, 3, 4]}