{"corners": [[[0.338855, 0.011215], [16.338855, 0.011215], [16.338855, 6.011215], [0.338855, 6.011215], [0.338855, 0.011215]], [[-5.959600000000001, 11.0556], [-5.9596, -4.9444], [0.0404, -4.9444], [0.04039999999999911, 11.0556], [-5.959600000000001, 11.0556]], [[-11.722265, 11.097535], [-11.722264999999998, -4.902465], [-5.722264999999999, -4.902465], [-5.722265, 11.097535], [-11.722265, 11.097535]], [[0.735235, 0.04496499999999954], [0.7352350000000004, -7.955035], [15.735235, -7.955035], [15.735235, 0.044965000000000456], [0.735235, 0.04496499999999954]], [[-6.673155, -10.578085], [1.326845, -10.578085], [1.326845, -4.578085], [-6.673155, -4.578085], [-6.673155, -10.578085]]], "node_id": [0, 1, 2, 3, 4]}