{"corners": [[[0.094215, 0.41282], [8.094215, 0.41282], [8.094215, 6.41282], [0.094215, 6.41282], [0.094215, 0.41282]], [[-3.15636, 0.059434999999999544], [-3.1563599999999994, -7.940565], [11.84364, -7.940565], [11.84364, 0.05943500000000046], [-3.15636, 0.059434999999999544]], [[0.22988499999999976, -0.982745], [0.22988500000000026, 7.017255], [-5.770114999999999, 7.017255], [-5.770115, -0.9827449999999996], [0.22988499999999976, -0.982745]], [[1.1909400000000008, -7.900935], [1.1909400000000012, -15.900935], [7.190940000000002, -15.900935], [7.190940000000001, -7.900935], [1.1909400000000008, -7.900935]], [[11.813905, -6.79319], [19.813905, -6.79319], [19.813905, -0.7931900000000001], [11.813905, -0.7931900000000001], [11.813905, -6.79319]]], "node_id": [0, 1, 2, 3, 4]}