{"corners": [[[0.441125, 0.046245], [16.441125, 0.046245], [16.441125, 6.046245], [0.441125, 6.046245], [0.441125, 0.046245]], [[16.0248, -4.370735], [24.0248, -4.370735], [24.0248, 10.629265], [16.0248, 10.629265], [16.0248, -4.370735]], [[17.193015, 18.74066], [17.193015, 10.74066], [23.193015, 10.74066], [23.193015, 18.74066], [17.193015, 18.74066]], [[31.451105, 22.485595], [23.451105, 22.485595], [23.451105, 7.485594999999998], [31.451105000000002, 7.485595], [31.451105, 22.485595]], [[24.127375, -4.27156], [32.127375, -4.27156], [32.127375, 10.72844], [24.127375, 10.72844], [24.127375, -4.27156]]], "node_id": [0, 1, 2, 3, 4]}