{"corners": [[[0.265765, 0.10561], [8.265765, 0.10561], [8.265765, 6.10561], [0.265765, 6.10561], [0.265765, 0.10561]], [[-3.281625, 0.04544999999999954], [-3.2816249999999996, -7.95455], [11.718375, -7.95455], [11.718375, 0.045450000000000455], [-3.281625, 0.04544999999999954]], [[16.07732, 10.96158], [8.07732, 10.961580000000001], [8.077319999999999, -4.038419999999999], [16.077319999999997, -4.03842], [16.07732, 10.96158]], [[7.12993, -15.566605], [7.129930000000001, -7.566605], [1.1299300000000008, -7.566605], [1.1299299999999999, -15.566605], [7.12993, -15.566605]], [[20.301755, 16.89713], [4.301755, 16.897130000000004], [4.301755, 10.897130000000002], [20.301755, 10.89713], [20.301755, 16.89713]]], "node_id": [0, 1, 2, 3, 4]}