{"corners": [[[0.49813, 0.316565], [8.49813, 0.316565], [8.49813, 6.316565], [0.49813, 6.316565], [0.49813, 0.316565]], [[12.349735, 0.356009999999999], [-3.650265, 0.356010000000001], [-3.650265, -5.643989999999999], [12.349735, -5.6439900000000005], [12.349735, 0.356009999999999]], [[12.22679, 1.0289149999999991], [12.226789999999998, -6.971085000000001], [27.22679, -6.971085000000005], [27.22679, 1.0289149999999962], [12.22679, 1.0289149999999991]], [[12.42255, 12.2686], [-3.57745, 12.268600000000001], [-3.57745, 6.268600000000002], [12.42255, 6.2686], [12.42255, 12.2686]], [[14.10868, -0.87895], [14.10868, 7.12105], [8.10868, 7.12105], [8.10868, -0.8789499999999997], [14.10868, -0.87895]]], "node_id": [0, 1, 2, 3, 4]}