{"corners": [[[0.163855, 0.150785], [16.163855, 0.150785], [16.163855, 6.150785], [0.163855, 6.150785], [0.163855, 0.150785]], [[15.806815, -7.62537], [15.806815, 0.37463], [0.8068150000000001, 0.3746300000000018], [0.8068150000000001, -7.625369999999999], [15.806815, -7.62537]], [[-5.971755000000001, 11.22475], [-5.971755, -4.77525], [0.028245, -4.77525], [0.02824499999999911, 11.22475], [-5.971755000000001, 11.22475]], [[-10.45702, -4.748635000000001], [-10.45702, -12.748635], [4.54298, -12.748635], [4.54298, -4.748635], [-10.45702, -4.748635000000001]], [[-10.410895, -12.599975], [-10.410895, -4.599975], [-16.410895, -4.599975], [-16.410895, -12.599975], [-10.410895, -12.599975]]], "node_id": [0, 1, 2, 3, 4]}