{"corners": [[[0.13348, 0.16474], [16.13348, 0.16474], [16.13348, 6.16474], [0.13348, 6.16474], [0.13348, 0.16474]], [[4.3633, -14.763475], [12.3633, -14.763475], [12.3633, 0.236525], [4.3633, 0.236525], [4.3633, -14.763475]], [[4.481395, 6.2914200000000005], [12.481395, 6.2914200000000005], [12.481395, 21.29142], [4.481395, 21.29142], [4.481395, 6.2914200000000005]], [[11.111645, 21.3064], [11.111645, 29.3064], [5.111645000000001, 29.3064], [5.111645, 21.3064], [11.111645, 21.3064]], [[19.264025, 32.570415], [11.264025, 32.570415], [11.264024999999998, 17.570415], [19.264024999999997, 17.570415], [19.264025, 32.570415]]], "node_id": [0, 1, 2, 3, 4]}