{"corners": [[[0.345155, 0.11919], [16.345155, 0.11919], [16.345155, 6.11919], [0.345155, 6.11919], [0.345155, 0.11919]], [[16.413155, 11.146645], [16.413155, -4.853355], [22.413155, -4.853355], [22.413155, 11.146645], [16.413155, 11.146645]], [[15.498635, 11.166935], [23.498635, 11.166935], [23.498635, 26.166935], [15.498635, 26.166935], [15.498635, 11.166935]], [[16.494835, 12.09162], [0.494835, 12.091620000000002], [0.494835, 6.091620000000002], [16.494835, 6.09162], [16.494835, 12.09162]], [[26.853795, -12.54179], [26.853795, -4.54179], [11.853795, -4.541789999999998], [11.853795, -12.541789999999999], [26.853795, -12.54179]]], "node_id": [0, 1, 2, 3, 4]}