{"corners": [[[0.31135, 0.238785], [8.311350000000001, 0.238785], [8.311350000000001, 15.238785], [0.31135, 15.238785], [0.31135, 0.238785]], [[-3.653425, 15.379275], [12.346575, 15.379275], [12.346575, 21.379275], [-3.653425, 21.379275], [-3.653425, 15.379275]], [[0.345435, 21.24287], [8.345435, 21.24287], [8.345435, 36.24287], [0.345435, 36.24287], [0.345435, 21.24287]], [[0.4119749999999995, 20.88647], [0.4119750000000005, 36.88647], [-5.588025, 36.88647], [-5.588025000000001, 20.88647], [0.4119749999999995, 20.88647]], [[8.23874, 0.07564499999999952], [0.23874, 0.07564500000000049], [0.23874, -5.924355], [8.23874, -5.924355000000001], [8.23874, 0.07564499999999952]]], "node_id": [0, 1, 2, 3, 4]}