{"corners": [[[0.363445, 0.10917], [8.363445, 0.10917], [8.363445, 6.10917], [0.363445, 6.10917], [0.363445, 0.10917]], [[11.94446, 6.303264999999999], [11.94446, 14.303265], [-3.05554, 14.303265], [-3.05554, 6.303265], [11.94446, 6.303264999999999]], [[7.350560000000001, 14.35185], [7.3505600000000015, 22.35185], [1.3505600000000018, 22.35185], [1.3505600000000009, 14.35185], [7.350560000000001, 14.35185]], [[7.373105000000001, 10.79337], [15.373105, 10.79337], [15.373105, 25.79337], [7.373105000000001, 25.79337], [7.373105000000001, 10.79337]], [[-5.976125000000001, 11.400675], [-5.976125, -4.599325], [0.023875, -4.599325], [0.023874999999999112, 11.400675], [-5.976125000000001, 11.400675]]], "node_id": [0, 1, 2, 3, 4]}