{"corners": [[[0.382145, 0.31203], [8.382145, 0.31203], [8.382145, 6.31203], [0.382145, 6.31203], [0.382145, 0.31203]], [[8.273425, 7.49055], [8.273425, -0.50945], [23.273425, -0.5094499999999991], [23.273425, 7.490550000000001], [8.273425, 7.49055]], [[12.134095, 12.44553], [-3.865905, 12.445530000000002], [-3.865905, 6.4455300000000015], [12.134095, 6.44553], [12.134095, 12.44553]], [[-15.83196, 0.414015], [0.16804, 0.414015], [0.16804, 6.414015], [-15.83196, 6.414015], [-15.83196, 0.414015]], [[0.341275, 12.488875], [-15.658725, 12.488875000000002], [-15.658725, 6.488875000000002], [0.3412749999999993, 6.488875], [0.341275, 12.488875]]], "node_id": [0, 1, 2, 3, 4]}