{"corners": [[[0.14155, 0.36158], [16.14155, 0.36158], [16.14155, 6.36158], [0.14155, 6.36158], [0.14155, 0.36158]], [[16.15912, 7.246945], [16.15912, -0.753055], [31.15912, -0.7530549999999991], [31.15912, 7.246945000000001], [16.15912, 7.246945]], [[12.092865, 0.2483799999999995], [4.092865, 0.2483800000000005], [4.092864999999998, -14.751619999999999], [12.092864999999998, -14.75162], [12.092865, 0.2483799999999995]], [[12.206944999999997, -10.084925], [28.206945, -10.084925000000004], [28.206945, -4.084925000000004], [12.206945, -4.084925], [12.206944999999997, -10.084925]], [[-1.85038, 0.5221450000000017], [-1.850380000000003, -15.477854999999998], [4.149619999999997, -15.477854999999998], [4.14962, 0.5221450000000006], [-1.85038, 0.5221450000000017]]], "node_id": [0, 1, 2, 3, 4]}