{"corners": [[[0.21264, 0.334445], [8.21264, 0.334445], [8.21264, 6.334445], [0.21264, 6.334445], [0.21264, 0.334445]], [[0.30176, -14.997365], [8.30176, -14.997365], [8.30176, 0.002635], [0.30176, 0.002635], [0.30176, -14.997365]], [[-14.543315, 7.082784999999999], [-14.543315, -0.9172150000000009], [0.456685, -0.917215], [0.456685, 7.082785], [-14.543315, 7.082784999999999]], [[-3.797095, 6.453015], [12.202905, 6.453015], [12.202905, 12.453015], [-3.797095, 12.453015], [-3.797095, 6.453015]], [[0.080005, -8.523845], [0.08000500000000049, -0.523845], [-14.919995, -0.5238449999999982], [-14.919995, -8.523844999999998], [0.080005, -8.523845]]], "node_id": [0, 1, 2, 3, 4]}