{"corners": [[[0.463215, 0.273595], [16.463215, 0.273595], [16.463215, 6.273595], [0.463215, 6.273595], [0.463215, 0.273595]], [[5.141205, 14.27036], [5.141205000000001, 6.27036], [11.141205, 6.27036], [11.141205, 14.27036], [5.141205, 14.27036]], [[0.14970999999999976, -0.86589], [0.14971000000000026, 7.13411], [-5.850289999999999, 7.13411], [-5.85029, -0.8658899999999996], [0.14970999999999976, -0.86589]], [[-6.61613, -6.60865], [1.38387, -6.60865], [1.38387, -0.60865], [-6.61613, -0.60865], [-6.61613, -6.60865]], [[1.0795600000000019, 22.17274], [-6.920439999999998, 22.17274], [-6.92044, 7.172740000000002], [1.0795599999999999, 7.17274], [1.0795600000000019, 22.17274]]], "node_id": [0, 1, 2, 3, 4]}