{"corners": [[[0.20408, 0.070455], [8.20408, 0.070455], [8.20408, 15.070455], [0.20408, 15.070455], [0.20408, 0.070455]], [[0.03296500000000037, 10.66559], [-7.967035, 10.665590000000002], [-7.967035, 4.665590000000001], [0.032964999999999633, 4.66559], [0.03296500000000037, 10.66559]], [[16.451295000000002, 15.42378], [8.451295, 15.423780000000002], [8.451294999999998, 0.42378000000000177], [16.451295, 0.42378], [16.451295000000002, 15.42378]], [[0.14274000000000134, 16.586165], [-7.857259999999998, 16.586165], [-7.857259999999998, 10.586165], [0.14274000000000062, 10.586165], [0.14274000000000134, 16.586165]], [[-7.84945, -0.1905249999999991], [-7.849449999999999, 15.809475], [-13.84945, 15.809475], [-13.84945, -0.19052499999999872], [-7.84945, -0.1905249999999991]]], "node_id": [0, 1, 2, 3, 4]}