{"corners": [[[0.11684, 0.3474], [8.11684, 0.3474], [8.11684, 15.3474], [0.11684, 15.3474], [0.11684, 0.3474]], [[8.149745, 11.699525], [8.149745, 3.699525], [23.149745, 3.699525000000001], [23.149745, 11.699525000000001], [8.149745, 11.699525]], [[12.066765, 0.299169999999999], [-3.933235, 0.299170000000001], [-3.933235, -5.700829999999999], [12.066765, -5.700830000000001], [12.066765, 0.299169999999999]], [[23.50396, 3.540840000000002], [7.50396, 3.54084], [7.50396, -2.45916], [23.50396, -2.459159999999998], [23.50396, 3.540840000000002]], [[18.585200000000004, -18.49278], [18.5852, -2.49278], [12.5852, -2.492780000000002], [12.585200000000004, -18.49278], [18.585200000000004, -18.49278]]], "node_id": [0, 1, 2, 3, 4]}