{"corners": [[[0.11832, 0.16544], [8.11832, 0.16544], [8.11832, 15.16544], [0.11832, 15.16544], [0.11832, 0.16544]], [[12.089675, 0.21971999999999903], [-3.910325, 0.21972000000000097], [-3.910325, -5.780279999999999], [12.089675, -5.780280000000001], [12.089675, 0.21971999999999903]], [[8.405385, -5.809760000000001], [0.405385, -5.80976], [0.4053849999999982, -20.80976], [8.405384999999999, -20.80976], [8.405385, -5.809760000000001]], [[8.418204999999999, -16.39871], [16.418204999999997, -16.398710000000005], [16.418205, -10.398710000000001], [8.418205, -10.39871], [8.418204999999999, -16.39871]], [[0.37413499999999467, -35.78154], [8.374134999999995, -35.78154], [8.374134999999999, -20.78154], [0.37413499999999833, -20.78154], [0.37413499999999467, -35.78154]]], "node_id": [0, 1, 2, 3, 4]}