{"corners": [[[0.10651, 0.38934], [16.10651, 0.38934], [16.10651, 6.38934], [0.10651, 6.38934], [0.10651, 0.38934]], [[15.975115, 6.182949999999999], [15.975115, 14.18295], [0.975115, 14.18295], [0.975115, 6.18295], [15.975115, 6.182949999999999]], [[-5.89485, 7.207105], [-5.894849999999999, -0.792895], [0.10515000000000088, -0.792895], [0.10515, 7.207105], [-5.89485, 7.207105]], [[31.759565, 13.431539999999998], [15.759565, 13.43154], [15.759565, 7.43154], [31.759565, 7.431539999999998], [31.759565, 13.431539999999998]], [[-14.45917, 14.415490000000004], [-14.459170000000002, 6.415490000000004], [0.5408299999999983, 6.41549], [0.54083, 14.41549], [-14.45917, 14.415490000000004]]], "node_id": [0, 1, 2, 3, 4]}