{"corners": [[[0.379475, 0.426615], [8.379475, 0.426615], [8.379475, 6.426615], [0.379475, 6.426615], [0.379475, 0.426615]], [[0.143905, -5.943815], [8.143905, -5.943815], [8.143905, 0.056185], [0.143905, 0.056185], [0.143905, -5.943815]], [[0.4404449999999995, -4.90147], [0.4404450000000005, 11.09853], [-5.559555, 11.09853], [-5.559555000000001, -4.90147], [0.4404449999999995, -4.90147]], [[0.02870999999999951, -10.836005], [0.02871000000000049, 5.163995], [-5.97129, 5.163995], [-5.971290000000001, -10.836005], [0.02870999999999951, -10.836005]], [[-5.877394999999996, 27.28013], [-5.877394999999999, 11.28013], [0.1226050000000009, 11.28013], [0.12260500000000356, 27.28013], [-5.877394999999996, 27.28013]]], "node_id": [0, 1, 2, 3, 4]}