{"corners": [[[0.054455, 0.00537], [8.054455, 0.00537], [8.054455, 15.00537], [0.054455, 15.00537], [0.054455, 0.00537]], [[24.43335, 10.844484999999999], [8.43335, 10.844485], [8.43335, 4.844485], [24.43335, 4.844484999999998], [24.43335, 10.844484999999999]], [[24.477215, 4.699794999999998], [8.477215, 4.699795], [8.477215, -1.300205], [24.477215, -1.3002050000000018], [24.477215, 4.699794999999998]], [[1.2204899999999996, 23.157875], [1.22049, 15.157875], [7.22049, 15.157875], [7.22049, 23.157875], [1.2204899999999996, 23.157875]], [[0.4679150000000004, 10.681595], [-7.532085, 10.681595000000002], [-7.532085, 4.681595000000001], [0.46791499999999964, 4.681595], [0.4679150000000004, 10.681595]]], "node_id": [0, 1, 2, 3, 4]}