{"corners": [[[0.30211, 0.157895], [8.30211, 0.157895], [8.30211, 6.157895], [0.30211, 6.157895], [0.30211, 0.157895]], [[-3.591735, 6.173825], [12.408265, 6.173825], [12.408265, 12.173825], [-3.591735, 12.173825], [-3.591735, 6.173825]], [[27.33146, 5.480964999999999], [27.33146, 13.480965], [12.33146, 13.480965], [12.33146, 5.480965], [27.33146, 5.480964999999999]], [[8.27287, 7.1999], [8.27287, -0.8001], [23.27287, -0.8000999999999991], [23.27287, 7.199900000000001], [8.27287, 7.1999]], [[1.4964999999999995, 20.05577], [1.4965, 12.05577], [7.4965, 12.05577], [7.4965, 20.05577], [1.4964999999999995, 20.05577]]], "node_id": [0, 1, 2, 3, 4]}