{"corners": [[[0.297025, 0.125855], [8.297025, 0.125855], [8.297025, 6.125855], [0.297025, 6.125855], [0.297025, 0.125855]], [[8.0003, 11.233305], [8.0003, -4.766695], [14.0003, -4.766695], [14.0003, 11.233305], [8.0003, 11.233305]], [[12.149165, 0.21423499999999904], [-3.850835, 0.21423500000000098], [-3.850835, -5.785764999999999], [12.149165, -5.7857650000000005], [12.149165, 0.21423499999999904]], [[8.14208, -5.572345000000001], [0.14208, -5.572345], [0.14208, -11.572345], [8.14208, -11.572345], [8.14208, -5.572345000000001]], [[0.1525149999999995, -4.9634], [0.1525150000000005, 11.0366], [-5.847485, 11.0366], [-5.847485000000001, -4.9634], [0.1525149999999995, -4.9634]]], "node_id": [0, 1, 2, 3, 4]}