{"corners": [[[0.377475, 0.296705], [16.377475, 0.296705], [16.377475, 6.296705], [0.377475, 6.296705], [0.377475, 0.296705]], [[-5.57395, 7.00915], [-5.573949999999999, -0.99085], [0.4260500000000009, -0.99085], [0.42605, 7.00915], [-5.57395, 7.00915]], [[0.4474, -8.88954], [0.4474000000000005, -0.88954], [-5.552599999999999, -0.88954], [-5.5526, -8.88954], [0.4474, -8.88954]], [[-5.604829999999999, 2.58125], [-13.60483, 2.5812500000000007], [-13.60483, -12.418749999999998], [-5.604830000000001, -12.41875], [-5.604829999999999, 2.58125]], [[0.34871, 7.042055], [0.348710000000001, 23.042055], [-5.6512899999999995, 23.042055], [-5.65129, 7.042055], [0.34871, 7.042055]]], "node_id": [0, 1, 2, 3, 4]}