{"corners": [[[0.3725, 0.37108], [8.3725, 0.37108], [8.3725, 6.37108], [0.3725, 6.37108], [0.3725, 0.37108]], [[0.23155000000000092, 10.982099999999999], [-7.768449999999999, 10.982100000000003], [-7.76845, -4.017899999999998], [0.2315499999999991, -4.0179], [0.23155000000000092, 10.982099999999999]], [[-11.480525, -4.456124999999998], [-11.480525000000002, -12.456124999999998], [3.519474999999998, -12.456125000000002], [3.519475, -4.456125000000001], [-11.480525, -4.456124999999998]], [[0.37904, 6.260345], [8.37904, 6.260345], [8.37904, 12.260345], [0.37904, 12.260345], [0.37904, 6.260345]], [[0.40861, -5.76614], [8.40861, -5.76614], [8.40861, 0.23386], [0.40861, 0.23386], [0.40861, -5.76614]]], "node_id": [0, 1, 2, 3, 4]}