{"corners": [[[0.385845, 0.34575], [8.385845, 0.34575], [8.385845, 6.34575], [0.385845, 6.34575], [0.385845, 0.34575]], [[0.4725800000000004, 6.2743], [-7.52742, 6.274300000000001], [-7.52742, 0.2743000000000009], [0.4725799999999996, 0.2743], [0.4725800000000004, 6.2743]], [[-11.246419999999999, 14.480315000000003], [-11.24642, 6.480315000000004], [3.75358, 6.480315], [3.7535800000000017, 14.480315], [-11.246419999999999, 14.480315000000003]], [[18.682555, 6.421044999999996], [18.682555000000004, 14.421044999999996], [3.6825550000000016, 14.421045], [3.682555, 6.421045], [18.682555, 6.421044999999996]], [[7.335964999999999, -15.92656], [7.335965, 0.07344], [1.335965, 0.07344], [1.3359649999999992, -15.92656], [7.335964999999999, -15.92656]]], "node_id": [0, 1, 2, 3, 4]}