{"corners": [[[0.118245, 0.16552], [8.118245, 0.16552], [8.118245, 6.16552], [0.118245, 6.16552], [0.118245, 0.16552]], [[8.23653, -4.16087], [16.23653, -4.16087], [16.23653, 10.83913], [8.23653, 10.83913], [8.23653, -4.16087]], [[0.317755, 6.49292], [8.317755, 6.49292], [8.317755, 12.49292], [0.317755, 12.49292], [0.317755, 6.49292]], [[4.208755, -10.38506], [20.208755, -10.38506], [20.208755, -4.38506], [4.208755, -4.38506], [4.208755, -10.38506]], [[0.41237499999999977, -0.508505], [0.4123750000000002, 7.4914950000000005], [-5.587624999999999, 7.4914950000000005], [-5.587625, -0.5085049999999997], [0.41237499999999977, -0.508505]]], "node_id": [0, 1, 2, 3, 4]}