{"corners": [[[0.28559, 0.43267], [8.28559, 0.43267], [8.28559, 6.43267], [0.28559, 6.43267], [0.28559, 0.43267]], [[-14.844015, 7.154634999999999], [-14.844015, -0.8453650000000009], [0.155985, -0.845365], [0.155985, 7.154635], [-14.844015, 7.154634999999999]], [[14.20323, -4.630005], [14.203230000000001, 11.369995], [8.20323, 11.369995], [8.20323, -4.630005], [14.20323, -4.630005]], [[-10.42991, -0.8297150000000002], [-10.429909999999998, -16.829715], [-4.429909999999999, -16.829715], [-4.42991, -0.8297149999999999], [-10.42991, -0.8297150000000002]], [[-3.963215, 6.288845], [12.036785, 6.288845], [12.036785, 12.288845], [-3.963215, 12.288845], [-3.963215, 6.288845]]], "node_id": [0, 1, 2, 3, 4]}