{"corners": [[[0.070985, 0.207265], [16.070985, 0.207265], [16.070985, 6.207265], [0.070985, 6.207265], [0.070985, 0.207265]], [[0.4804850000000004, 6.18097], [-15.519515, 6.180970000000002], [-15.519515, 0.18097000000000177], [0.4804849999999996, 0.18097], [0.4804850000000004, 6.18097]], [[-15.79575, 6.427140000000002], [0.20425, 6.427139999999999], [0.20425, 12.42714], [-15.795749999999998, 12.427140000000003], [-15.79575, 6.427140000000002]], [[-15.035605, 0.17316000000000228], [-15.035605000000002, -7.826839999999997], [-0.035605000000001774, -7.826840000000002], [-0.035605, 0.1731599999999995], [-15.035605, 0.17316000000000228]], [[15.473844999999999, 5.096249999999994], [15.473845, 13.096249999999992], [0.473845, 13.09625], [0.47384499999999824, 5.096249999999999], [15.473844999999999, 5.096249999999994]]], "node_id": [0, 1, 2, 3, 4]}