{"corners": [[[0.29992, 0.00972], [8.29992, 0.00972], [8.29992, 6.00972], [0.29992, 6.00972], [0.29992, 0.00972]], [[8.06327, 0.01737], [16.06327, 0.01737], [16.06327, 6.01737], [8.06327, 6.01737], [8.06327, 0.01737]], [[22.24308, -4.97896], [22.24308, 11.02104], [16.24308, 11.02104], [16.24308, -4.97896], [22.24308, -4.97896]], [[8.338325, 0.06247499999999951], [0.338325, 0.062475000000000495], [0.3383249999999982, -14.937524999999999], [8.338324999999998, -14.937525], [8.338325, 0.06247499999999951]], [[15.16306, -15.70213], [15.163060000000002, 0.29787], [9.16306, 0.29787], [9.16306, -15.70213], [15.16306, -15.70213]]], "node_id": [0, 1, 2, 3, 4]}