{"corners": [[[0.47251, 0.26384], [8.47251, 0.26384], [8.47251, 6.26384], [0.47251, 6.26384], [0.47251, 0.26384]], [[11.987015, -7.51312], [11.987015, 0.48688], [-3.012985, 0.48688000000000176], [-3.012985, -7.513119999999999], [11.987015, -7.51312]], [[1.464725, -7.668549999999998], [1.4647249999999985, -15.668549999999998], [7.464724999999998, -15.66855], [7.464725, -7.668549999999999], [1.464725, -7.668549999999998]], [[19.74574, 3.910529999999999], [11.74574, 3.91053], [11.745739999999998, -11.08947], [19.745739999999998, -11.08947], [19.74574, 3.910529999999999]], [[14.038005, -0.82226], [14.038005, 7.17774], [8.038005, 7.17774], [8.038005, -0.8222599999999997], [14.038005, -0.82226]]], "node_id": [0, 1, 2, 3, 4]}