{"corners": [[[0.26917, 0.31926], [16.26917, 0.31926], [16.26917, 6.31926], [0.26917, 6.31926], [0.26917, 0.31926]], [[12.164765000000001, 21.155895], [4.164765000000002, 21.155895], [4.164765, 6.155895000000002], [12.164765, 6.155895], [12.164765000000001, 21.155895]], [[15.630595, -7.552355], [15.630595, 0.447645], [0.630595, 0.4476450000000018], [0.630595, -7.5523549999999995], [15.630595, -7.552355]], [[16.24887, 11.279345], [16.24887, -4.720655], [22.24887, -4.720655], [22.24887, 11.279345], [16.24887, 11.279345]], [[23.40996, -4.579434999999999], [15.40996, -4.579435], [15.40996, -10.579435], [23.40996, -10.579435], [23.40996, -4.579434999999999]]], "node_id": [0, 1, 2, 3, 4]}