{"corners": [[[0.141965, 0.290005], [16.141965, 0.290005], [16.141965, 6.290005], [0.141965, 6.290005], [0.141965, 0.290005]], [[0.006215000000000368, 6.10674], [-7.993785, 6.106740000000001], [-7.993785, 0.10674000000000089], [0.006214999999999632, 0.10674], [0.006215000000000368, 6.10674]], [[4.377005, 6.22615], [12.377005, 6.22615], [12.377005, 12.22615], [4.377005, 12.22615], [4.377005, 6.22615]], [[-3.67013, 1.829965], [4.32987, 1.829965], [4.32987, 16.829965], [-3.67013, 16.829965], [-3.67013, 1.829965]], [[-7.969075, 6.391625000000002], [0.030925, 6.391625], [0.030925000000003554, 21.391625], [-7.969074999999997, 21.391625], [-7.969075, 6.391625000000002]]], "node_id": [0, 1, 2, 3, 4]}