{"corners": [[[0.251625, 0.2075], [16.251625, 0.2075], [16.251625, 6.2075], [0.251625, 6.2075], [0.251625, 0.2075]], [[24.379955, 6.150664999999999], [16.379955, 6.150665], [16.379955, 0.150665], [24.379955, 0.1506649999999991], [24.379955, 6.150664999999999]], [[16.42133, 6.213935000000001], [24.42133, 6.213934999999999], [24.42133, 12.213935], [16.42133, 12.213935], [16.42133, 6.213935000000001]], [[24.370159999999995, -4.043885000000001], [32.37016, -4.043885000000003], [32.37016, 10.956114999999997], [24.37016, 10.956115], [24.370159999999995, -4.043885000000001]], [[27.687665, -7.553265], [27.687665, 0.446735], [12.687665, 0.44673500000000177], [12.687665, -7.553264999999999], [27.687665, -7.553265]]], "node_id": [0, 1, 2, 3, 4]}