{"corners": [[[0.36539, 0.09745], [16.36539, 0.09745], [16.36539, 6.09745], [0.36539, 6.09745], [0.36539, 0.09745]], [[24.22801, 6.310064999999999], [16.22801, 6.310065], [16.22801, 0.310065], [24.22801, 0.3100649999999991], [24.22801, 6.310064999999999]], [[0.081055, 6.28306], [16.081055, 6.28306], [16.081055, 12.28306], [0.081055, 12.28306], [0.081055, 6.28306]], [[30.075175, -4.674895000000001], [30.075175, 11.325105], [24.075175, 11.325105], [24.075175, -4.674895000000001], [30.075175, -4.674895000000001]], [[32.33292, 12.190224999999998], [16.33292, 12.190225], [16.33292, 6.190225], [32.33292, 6.190224999999998], [32.33292, 12.190224999999998]]], "node_id": [0, 1, 2, 3, 4]}