{"corners": [[[0.05386, 0.20103], [16.05386, 0.20103], [16.05386, 6.20103], [0.05386, 6.20103], [0.05386, 0.20103]], [[0.51238, 0.31337999999999955], [0.5123800000000004, -7.68662], [15.51238, -7.68662], [15.51238, 0.31338000000000044], [0.51238, 0.31337999999999955]], [[12.380490000000002, 21.32471], [4.380490000000002, 21.32471], [4.38049, 6.324710000000001], [12.38049, 6.32471], [12.380490000000002, 21.32471]], [[18.435855, 5.89104], [18.435855, 21.89104], [12.435855, 21.89104], [12.435855, 5.89104], [18.435855, 5.89104]], [[15.707625000000002, 21.473755], [15.707625000000002, 29.473755], [0.7076250000000017, 29.473755], [0.7076250000000017, 21.473755], [15.707625000000002, 21.473755]]], "node_id": [0, 1, 2, 3, 4]}