{"corners": [[[0.40328, 0.268025], [8.40328, 0.268025], [8.40328, 6.268025], [0.40328, 6.268025], [0.40328, 0.268025]], [[-3.619355, 6.36431], [12.380645, 6.36431], [12.380645, 12.36431], [-3.619355, 12.36431], [-3.619355, 6.36431]], [[-7.830545, 0.334865], [0.169455, 0.334865], [0.169455, 6.334865], [-7.830545, 6.334865], [-7.830545, 0.334865]], [[14.484495, -4.553615], [14.484495000000003, 11.446385], [8.484495, 11.446385], [8.484495, -4.553615], [14.484495, -4.553615]], [[15.45375, -4.949430000000001], [7.45375, -4.94943], [7.4537499999999985, -19.94943], [15.453749999999998, -19.94943], [15.45375, -4.949430000000001]]], "node_id": [0, 1, 2, 3, 4]}