{"corners": [[[0.02075, 0.191225], [8.02075, 0.191225], [8.02075, 6.191225], [0.02075, 6.191225], [0.02075, 0.191225]], [[12.17747, 0.333129999999999], [-3.82253, 0.333130000000001], [-3.82253, -5.666869999999999], [12.17747, -5.666870000000001], [12.17747, 0.333129999999999]], [[18.13619, -10.598415], [18.13619, 5.401585], [12.13619, 5.401585], [12.13619, -10.598415], [18.13619, -10.598415]], [[26.25066, 0.4259349999999991], [18.25066, 0.4259350000000001], [18.25066, -5.574065], [26.25066, -5.574065000000001], [26.25066, 0.4259349999999991]], [[7.4057, 6.292945], [7.405700000000001, 14.292945], [1.4057000000000008, 14.292945], [1.4057, 6.292945], [7.4057, 6.292945]]], "node_id": [0, 1, 2, 3, 4]}