{"corners": [[[0.19427, 0.41013], [8.19427, 0.41013], [8.19427, 6.41013], [0.19427, 6.41013], [0.19427, 0.41013]], [[-5.957225000000001, 11.4585], [-5.957225, -4.5415], [0.042775, -4.5415], [0.04277499999999911, 11.4585], [-5.957225000000001, 11.4585]], [[-10.326575, -4.935710000000001], [-10.326575, -12.93571], [4.673425, -12.93571], [4.673425, -4.93571], [-10.326575, -4.935710000000001]], [[8.239775, 0.4087549999999995], [0.239775, 0.4087550000000005], [0.239775, -5.591245], [8.239775, -5.591245000000001], [8.239775, 0.4087549999999995]], [[-5.904429999999999, -12.5283], [-5.904429999999998, -28.5283], [0.09557000000000178, -28.5283], [0.09557000000000089, -12.5283], [-5.904429999999999, -12.5283]]], "node_id": [0, 1, 2, 3, 4]}