{"corners": [[[0.32958, 0.096555], [8.32958, 0.096555], [8.32958, 6.096555], [0.32958, 6.096555], [0.32958, 0.096555]], [[0.05605, 6.410155], [8.05605, 6.410155], [8.05605, 12.410155], [0.05605, 12.410155], [0.05605, 6.410155]], [[-3.426705000000001, 20.052475], [-3.4267050000000006, 12.052475], [11.573295, 12.052475], [11.573295, 20.052475], [-3.426705000000001, 20.052475]], [[1.4171199999999982, 36.031025], [1.4171199999999993, 20.031025], [7.417119999999999, 20.031025], [7.417119999999998, 36.031025], [1.4171199999999982, 36.031025]], [[-14.574945, 7.297219999999999], [-14.574945, -0.7027800000000008], [0.425055, -0.70278], [0.425055, 7.29722], [-14.574945, 7.297219999999999]]], "node_id": [0, 1, 2, 3, 4]}