{"corners": [[[0.399085, 0.21814], [8.399085, 0.21814], [8.399085, 15.21814], [0.399085, 15.21814], [0.399085, 0.21814]], [[12.26745, 21.488345], [-3.73255, 21.488345000000002], [-3.73255, 15.488345000000002], [12.26745, 15.488345], [12.26745, 21.488345]], [[12.096395, 22.184965], [12.096394999999998, 14.184965], [27.096395, 14.184964999999996], [27.096395, 22.184964999999995], [12.096395, 22.184965]], [[0.024779999999999754, 3.510055], [0.024780000000000246, 11.510055], [-14.97522, 11.510055000000001], [-14.97522, 3.510055000000001], [0.024779999999999754, 3.510055]], [[12.32313, 14.098045], [12.323129999999999, 6.098045], [27.32313, 6.098044999999996], [27.32313, 14.098044999999997], [12.32313, 14.098045]]], "node_id": [0, 1, 2, 3, 4]}