{"corners": [[[0.157355, 0.05456], [8.157355, 0.05456], [8.157355, 6.05456], [0.157355, 6.05456], [0.157355, 0.05456]], [[-14.72658, 7.022904999999999], [-14.72658, -0.9770950000000009], [0.27342, -0.977095], [0.27342, 7.022905], [-14.72658, 7.022904999999999]], [[8.336135, 0.09184499999999951], [0.336135, 0.09184500000000048], [0.336135, -5.908155], [8.336134999999999, -5.908155000000001], [8.336135, 0.09184499999999951]], [[0.3657, -8.63874], [0.3657000000000005, -0.63874], [-14.6343, -0.6387399999999982], [-14.6343, -8.638739999999999], [0.3657, -8.63874]], [[-3.1599600000000008, 14.356145], [-3.1599600000000003, 6.356145], [11.84004, 6.356145000000001], [11.84004, 14.356145000000001], [-3.1599600000000008, 14.356145]]], "node_id": [0, 1, 2, 3, 4]}