{"corners": [[[0.412145, 0.129525], [16.412145, 0.129525], [16.412145, 6.129525], [0.412145, 6.129525], [0.412145, 0.129525]], [[22.172045, -4.547875], [22.172045, 11.452125], [16.172045, 11.452125], [16.172045, -4.547875], [22.172045, -4.547875]], [[26.97873, -12.556325], [26.97873, -4.556325], [11.97873, -4.556324999999998], [11.97873, -12.556324999999998], [26.97873, -12.556325]], [[0.003064999999999755, -0.873015], [0.003065000000000245, 7.126985], [-14.996935, 7.126985000000002], [-14.996935, -0.8730149999999991], [0.003064999999999755, -0.873015]], [[22.17758, -4.423445], [30.17758, -4.423445], [30.17758, 10.576555], [22.17758, 10.576555], [22.17758, -4.423445]]], "node_id": [0, 1, 2, 3, 4]}