{"corners": [[[0.445915, 0.49441], [8.445915, 0.49441], [8.445915, 15.49441], [0.445915, 15.49441], [0.445915, 0.49441]], [[11.508385, -7.5162700000000005], [11.508385, 0.48373], [-3.491615, 0.48373000000000177], [-3.491615, -7.516269999999999], [11.508385, -7.5162700000000005]], [[7.04969, -15.659225], [7.049690000000001, -7.659225], [1.049690000000001, -7.659225], [1.04969, -15.659225], [7.04969, -15.659225]], [[0.08488500000000036, 10.96083], [-7.915115, 10.960830000000001], [-7.915115, 4.9608300000000005], [0.08488499999999964, 4.96083], [0.08488500000000036, 10.96083]], [[7.305255000000002, -3.789965], [7.305254999999999, -19.789965], [13.305255, -19.789965], [13.305255000000002, -3.789965000000001], [7.305255000000002, -3.789965]]], "node_id": [0, 1, 2, 3, 4]}