{"corners": [[[0.081825, 0.26316], [8.081825, 0.26316], [8.081825, 6.26316], [0.081825, 6.26316], [0.081825, 0.26316]], [[12.459715, 0.20664999999999903], [-3.540285, 0.20665000000000097], [-3.540285, -5.793349999999999], [12.459715, -5.793350000000001], [12.459715, 0.20664999999999903]], [[16.265285, 10.56852], [8.265285, 10.568520000000001], [8.265284999999999, -4.431479999999998], [16.265285, -4.43148], [16.265285, 10.56852]], [[8.32381, -5.675505000000001], [0.32381, -5.675505], [0.32381, -11.675505], [8.32381, -11.675505], [8.32381, -5.675505000000001]], [[-3.007165000000001, -11.636814999999999], [-3.0071650000000023, -19.636815], [11.992834999999996, -19.636815], [11.992835, -11.636815000000002], [-3.007165000000001, -11.636814999999999]]], "node_id": [0, 1, 2, 3, 4]}