{"corners": [[[0.091985, 0.1875], [8.091985, 0.1875], [8.091985, 15.1875], [0.091985, 15.1875], [0.091985, 0.1875]], [[1.25558, 0.4610949999999998], [1.2555800000000008, -15.538905], [7.255580000000001, -15.538905], [7.25558, 0.46109500000000014], [1.25558, 0.4610949999999998]], [[16.31939, 15.47564], [8.31939, 15.475640000000002], [8.319389999999999, 0.4756400000000018], [16.31939, 0.47564], [16.31939, 15.47564]], [[7.22087, 0.40467], [7.220870000000001, -15.59533], [13.22087, -15.59533], [13.22087, 0.40467000000000036], [7.22087, 0.40467]], [[24.135585, 15.122085], [16.135585, 15.122085000000002], [16.135585, 0.12208500000000178], [24.135584999999995, 0.122085], [24.135585, 15.122085]]], "node_id": [0, 1, 2, 3, 4]}