{"corners": [[[0.24733, 0.499735], [8.24733, 0.499735], [8.24733, 15.499735], [0.24733, 15.499735], [0.24733, 0.499735]], [[0.1348349999999995, -0.1506], [0.1348350000000005, 15.8494], [-5.865165, 15.8494], [-5.865165000000001, -0.15059999999999962], [0.1348349999999995, -0.1506]], [[1.1720050000000013, 21.666775], [-6.827994999999998, 21.666775], [-6.827994999999998, 15.666775], [1.1720050000000006, 15.666775], [1.1720050000000013, 21.666775]], [[-5.810285, 3.912345], [-5.8102849999999995, 11.912345], [-11.810285, 11.912345], [-11.810285, 3.9123450000000006], [-5.810285, 3.912345]], [[-26.794425, 11.589795000000004], [-26.794425, 3.5897950000000036], [-11.794425000000002, 3.589795], [-11.794425, 11.589795], [-26.794425, 11.589795000000004]]], "node_id": [0, 1, 2, 3, 4]}