{"corners": [[[0.2343, 0.44432], [16.2343, 0.44432], [16.2343, 6.44432], [0.2343, 6.44432], [0.2343, 0.44432]], [[4.004845, -14.957555], [12.004845, -14.957555], [12.004845, 0.042445], [4.004845, 0.042445], [4.004845, -14.957555]], [[-3.92021, -14.948955], [4.07979, -14.948955], [4.07979, 0.051045], [-3.92021, 0.051045], [-3.92021, -14.948955]], [[4.34874, -20.578235], [12.34874, -20.578235], [12.34874, -14.578235], [4.34874, -14.578235], [4.34874, -20.578235]], [[-2.694545000000001, 16.15473], [-2.694545, 0.15473], [3.305455, 0.15473], [3.305454999999999, 16.15473], [-2.694545000000001, 16.15473]]], "node_id": [0, 1, 2, 3, 4]}