{"corners": [[[0.09925, 0.20711], [8.09925, 0.20711], [8.09925, 6.20711], [0.09925, 6.20711], [0.09925, 0.20711]], [[8.44587, -4.356275], [16.44587, -4.356275], [16.44587, 10.643725], [8.44587, 10.643725], [8.44587, -4.356275]], [[12.11471, 0.22628499999999901], [-3.88529, 0.22628500000000096], [-3.88529, -5.773714999999999], [12.11471, -5.773715000000001], [12.11471, 0.22628499999999901]], [[20.068135, 0.33392999999999823], [12.068135, 0.3339299999999992], [12.068135, -5.666070000000001], [20.068135, -5.666070000000002], [20.068135, 0.33392999999999823]], [[31.179825, -0.785260000000001], [31.179825, 7.214739999999999], [16.179825, 7.214740000000001], [16.179825, -0.7852600000000001], [31.179825, -0.785260000000001]]], "node_id": [0, 1, 2, 3, 4]}