{"corners": [[[0.40627, 0.263365], [8.40627, 0.263365], [8.40627, 15.263365], [0.40627, 15.263365], [0.40627, 0.263365]], [[11.96551, 15.228555], [11.96551, 23.228555], [-3.03449, 23.228555], [-3.03449, 15.228555000000002], [11.96551, 15.228555]], [[23.065035, 3.8233099999999993], [23.065035, 11.82331], [8.065035, 11.82331], [8.065035, 3.82331], [23.065035, 3.8233099999999993]], [[12.018435, 29.303235], [-3.981565, 29.303235000000004], [-3.981565, 23.303235], [12.018435, 23.303235], [12.018435, 29.303235]], [[8.19424, 35.291615], [0.19424, 35.291615], [0.19424, 29.291615], [8.194239999999999, 29.291615], [8.19424, 35.291615]]], "node_id": [0, 1, 2, 3, 4]}