{"corners": [[[0.43537, 0.25274], [8.43537, 0.25274], [8.43537, 15.25274], [0.43537, 15.25274], [0.43537, 0.25274]], [[1.071235, 0.31710499999999986], [1.0712350000000008, -15.682895], [7.071235000000001, -15.682895], [7.071235, 0.3171050000000002], [1.071235, 0.31710499999999986]], [[22.187785, -11.972215], [22.187785, -3.972215], [7.187785, -3.972214999999998], [7.187785, -11.972214999999998], [22.187785, -11.972215]], [[18.64771, -11.942565], [10.64771, -11.942564999999998], [10.647709999999998, -26.942565], [18.647709999999996, -26.942565], [18.64771, -11.942565]], [[28.03313, -15.552345], [28.03313, 0.447655], [22.03313, 0.447655], [22.03313, -15.552345], [28.03313, -15.552345]]], "node_id": [0, 1, 2, 3, 4]}