{"corners": [[[0.13275, 0.42022], [16.13275, 0.42022], [16.13275, 6.42022], [0.13275, 6.42022], [0.13275, 0.42022]], [[22.49811, -0.85782], [22.49811, 7.14218], [16.49811, 7.14218], [16.49811, -0.8578199999999997], [22.49811, -0.85782]], [[22.274475, -4.27426], [30.274475, -4.27426], [30.274475, 10.72574], [22.274475, 10.72574], [22.274475, -4.27426]], [[45.237795, -0.7892350000000009], [45.237795, 7.210764999999999], [30.237795, 7.210765000000001], [30.237795, -0.789235], [45.237795, -0.7892350000000009]], [[27.45424, -0.6849600000000007], [11.45424, -0.6849599999999987], [11.45424, -6.684959999999999], [27.45424, -6.684960000000001], [27.45424, -0.6849600000000007]]], "node_id": [0, 1, 2, 3, 4]}