{"corners": [[[0.457145, 0.06865], [8.457145, 0.06865], [8.457145, 15.06865], [0.457145, 15.06865], [0.457145, 0.06865]], [[14.05995, -0.3416], [14.059950000000002, 15.6584], [8.05995, 15.6584], [8.05995, -0.34159999999999957], [14.05995, -0.3416]], [[-3.348485000000001, 23.377645], [-3.3484850000000006, 15.377645], [11.651515, 15.377645], [11.651515, 23.377645], [-3.348485000000001, 23.377645]], [[19.701005, 26.92726], [11.701005, 26.92726], [11.701005000000002, 11.927259999999999], [19.701005000000002, 11.92726], [19.701005, 26.92726]], [[18.97917, -8.252785], [18.97917, -0.25278500000000004], [3.97917, -0.25278499999999826], [3.97917, -8.252784999999998], [18.97917, -8.252785]]], "node_id": [0, 1, 2, 3, 4]}