{"corners": [[[0.33338, 0.237875], [8.33338, 0.237875], [8.33338, 6.237875], [0.33338, 6.237875], [0.33338, 0.237875]], [[-7.94056, -4.186005], [0.05944, -4.186005], [0.05944, 10.813995], [-7.94056, 10.813995], [-7.94056, -4.186005]], [[-6.515765, 18.52268], [-6.515764999999999, 10.52268], [-0.5157649999999991, 10.52268], [-0.515765, 18.52268], [-6.515765, 18.52268]], [[-6.648845, 10.750935], [-6.648844999999999, 18.750935], [-21.648845, 18.750935], [-21.648845, 10.750935000000002], [-6.648845, 10.750935]], [[-22.460435, 4.69898], [-6.460435, 4.69898], [-6.460435, 10.69898], [-22.460435, 10.69898], [-22.460435, 4.69898]]], "node_id": [0, 1, 2, 3, 4]}