{"corners": [[[0.05351, 0.203685], [8.05351, 0.203685], [8.05351, 15.203685], [0.05351, 15.203685], [0.05351, 0.203685]], [[1.49829, 0.2434749999999998], [1.4982900000000003, -7.756525], [7.498290000000001, -7.756525], [7.49829, 0.2434750000000002], [1.49829, 0.2434749999999998]], [[13.30073, -11.56419], [13.300730000000001, 4.43581], [7.300730000000001, 4.43581], [7.30073, -11.56419], [13.30073, -11.56419]], [[1.3878099999999995, 23.04048], [1.38781, 15.04048], [7.38781, 15.04048], [7.38781, 23.04048], [1.3878099999999995, 23.04048]], [[-6.78797, 11.7852], [1.21203, 11.7852], [1.21203, 26.7852], [-6.78797, 26.7852], [-6.78797, 11.7852]]], "node_id": [0, 1, 2, 3, 4]}