{"corners": [[[0.23951, 0.338105], [8.23951, 0.338105], [8.23951, 15.338105], [0.23951, 15.338105], [0.23951, 0.338105]], [[0.36422500000000096, 15.227265], [-7.635774999999999, 15.227265000000001], [-7.635775, 0.22726500000000177], [0.3642249999999991, 0.227265], [0.36422500000000096, 15.227265]], [[0.4852199999999991, 0.2273749999999995], [-7.51478, 0.2273750000000005], [-7.514780000000004, -14.772624999999998], [0.48521999999999726, -14.772625], [0.4852199999999991, 0.2273749999999995]], [[11.646705, -7.63928], [11.646705, 0.36072], [-3.353295, 0.36072000000000176], [-3.353295, -7.639279999999999], [11.646705, -7.63928]], [[6.025599999999997, -15.470155], [6.025599999999998, 0.529845], [0.025599999999998225, 0.529845], [0.025599999999997337, -15.470155], [6.025599999999997, -15.470155]]], "node_id": [0, 1, 2, 3, 4]}