{"corners": [[[0.116875, 0.281375], [8.116875, 0.281375], [8.116875, 15.281375], [0.116875, 15.281375], [0.116875, 0.281375]], [[1.3388699999999991, 31.04208], [1.33887, 15.04208], [7.33887, 15.04208], [7.338869999999999, 31.04208], [1.3388699999999991, 31.04208]], [[0.4713699999999991, 31.413265], [8.471369999999999, 31.413265], [8.471369999999999, 46.413265], [0.4713699999999991, 46.413265], [0.4713699999999991, 31.413265]], [[0.22729499999999975, 3.59371], [0.22729500000000025, 11.59371], [-14.772705, 11.593710000000002], [-14.772705, 3.593710000000001], [0.22729499999999975, 3.59371]], [[1.4204449999999986, 30.508085], [-6.579555000000002, 30.508085], [-6.579555, 15.508084999999998], [1.4204450000000004, 15.508085], [1.4204449999999986, 30.508085]]], "node_id": [0, 1, 2, 3, 4]}