{"corners": [[[0.41683, 0.21002], [16.41683, 0.21002], [16.41683, 6.21002], [0.41683, 6.21002], [0.41683, 0.21002]], [[0.05931499999999976, -0.82778], [0.05931500000000024, 7.17222], [-5.940684999999999, 7.17222], [-5.940685, -0.8277799999999996], [0.05931499999999976, -0.82778]], [[-10.656905, 7.156235], [5.343095, 7.156235], [5.343095, 13.156235], [-10.656905, 13.156235], [-10.656905, 7.156235]], [[-13.928905, 0.049665], [-5.928905, 0.049665], [-5.928905, 6.049665], [-13.928905, 6.049665], [-13.928905, 0.049665]], [[4.229115, 6.052895], [12.229115, 6.052895], [12.229115, 12.052895], [4.229115, 12.052895], [4.229115, 6.052895]]], "node_id": [0, 1, 2, 3, 4]}