{"corners": [[[0.30602, 0.14303], [8.30602, 0.14303], [8.30602, 15.14303], [0.30602, 15.14303], [0.30602, 0.14303]], [[-7.528255, 0.477095], [0.471745, 0.477095], [0.471745, 15.477095], [-7.528255, 15.477095], [-7.528255, 0.477095]], [[1.102135, 0.03217499999999982], [1.102135000000001, -15.967825], [7.1021350000000005, -15.967825], [7.102135, 0.03217500000000018], [1.102135, 0.03217499999999982]], [[-11.787885, -5.8708], [4.212115, -5.8708], [4.212115, 0.1292], [-11.787885, 0.1292], [-11.787885, -5.8708]], [[12.314765, -15.840019999999999], [-3.685235, -15.840019999999999], [-3.685235, -21.84002], [12.314765, -21.84002], [12.314765, -15.840019999999999]]], "node_id": [0, 1, 2, 3, 4]}