{"corners": [[[0.18911, 0.127675], [8.18911, 0.127675], [8.18911, 15.127675], [0.18911, 15.127675], [0.18911, 0.127675]], [[0.41260500000000094, 15.45256], [-7.587394999999999, 15.452560000000002], [-7.587395, 0.4525600000000018], [0.41260499999999906, 0.45256], [0.41260500000000094, 15.45256]], [[-6.928809999999999, 23.38183], [-6.92881, 15.38183], [-0.92881, 15.381829999999999], [-0.9288099999999982, 23.38183], [-6.928809999999999, 23.38183]], [[7.272775, 15.376755], [7.272775000000001, 31.376755], [1.2727750000000009, 31.376755], [1.272775, 15.376755], [7.272775, 15.376755]], [[-14.5481, 11.748085000000001], [-6.5481, 11.748085], [-6.548099999999996, 26.748085], [-14.548099999999996, 26.748085], [-14.5481, 11.748085000000001]]], "node_id": [0, 1, 2, 3, 4]}