{"corners": [[[0.12881, 0.367305], [8.12881, 0.367305], [8.12881, 6.367305], [0.12881, 6.367305], [0.12881, 0.367305]], [[14.3417, -4.91974], [14.341700000000001, 11.080259999999999], [8.3417, 11.080259999999999], [8.3417, -4.91974], [14.3417, -4.91974]], [[-7.53034, 0.22269], [0.46966, 0.22269], [0.46966, 6.22269], [-7.53034, 6.22269], [-7.53034, 0.22269]], [[-7.620165, -14.987515], [0.379835, -14.987515], [0.379835, 0.012485], [-7.620165, 0.012485], [-7.620165, -14.987515]], [[14.13063, -12.55484], [14.13063, -4.55484], [8.13063, -4.55484], [8.13063, -12.55484], [14.13063, -12.55484]]], "node_id": [0, 1, 2, 3, 4]}