{"corners": [[[0.017835, 0.19672], [8.017835, 0.19672], [8.017835, 15.19672], [0.017835, 15.19672], [0.017835, 0.19672]], [[8.444285, 0.08010999999999951], [0.444285, 0.08011000000000049], [0.444285, -5.91989], [8.444284999999999, -5.9198900000000005], [8.444285, 0.08010999999999951]], [[-3.66104, 15.38866], [12.33896, 15.38866], [12.33896, 21.38866], [-3.66104, 21.38866], [-3.66104, 15.38866]], [[-9.97543, 26.244195], [-9.975429999999998, 10.244195], [-3.975429999999999, 10.244195], [-3.97543, 26.244195], [-9.97543, 26.244195]], [[-15.668955, 22.18032], [-15.668955, 14.18032], [-9.668955, 14.18032], [-9.668955, 22.18032], [-15.668955, 22.18032]]], "node_id": [0, 1, 2, 3, 4]}