{"corners": [[[0.30356, 0.13593], [16.30356, 0.13593], [16.30356, 6.13593], [0.30356, 6.13593], [0.30356, 0.13593]], [[-5.914375000000001, 11.12902], [-5.914375, -4.87098], [0.085625, -4.87098], [0.08562499999999912, 11.12902], [-5.914375000000001, 11.12902]], [[16.27799, 0.278515], [24.27799, 0.278515], [24.27799, 6.278515], [16.27799, 6.278515], [16.27799, 0.278515]], [[30.03548, -4.83136], [30.03548, 11.16864], [24.03548, 11.16864], [24.03548, -4.83136], [30.03548, -4.83136]], [[27.53028, 6.292094999999999], [27.53028, 14.292095], [12.53028, 14.292095], [12.53028, 6.292095], [27.53028, 6.292094999999999]]], "node_id": [0, 1, 2, 3, 4]}