{"corners": [[[0.370555, 0.21031], [16.370555, 0.21031], [16.370555, 6.21031], [0.370555, 6.21031], [0.370555, 0.21031]], [[5.49882, 0.4809999999999998], [5.498820000000001, -7.519], [11.49882, -7.519], [11.49882, 0.48100000000000015], [5.49882, 0.4809999999999998]], [[5.021469999999999, 3.73483], [-2.978530000000001, 3.734829999999999], [-2.9785299999999992, -11.265170000000001], [5.021470000000001, -11.26517], [5.021469999999999, 3.73483]], [[-2.6814450000000005, -0.6895400000000009], [-10.681445, -0.6895400000000018], [-10.681445, -6.689540000000002], [-2.6814449999999996, -6.689540000000001], [-2.6814450000000005, -0.6895400000000009]], [[-2.62604, -6.593855000000001], [-10.62604, -6.593855000000001], [-10.626039999999998, -21.593855000000005], [-2.6260399999999984, -21.593855], [-2.62604, -6.593855000000001]]], "node_id": [0, 1, 2, 3, 4]}