{"corners": [[[0.19412, 0.250385], [8.19412, 0.250385], [8.19412, 6.250385], [0.19412, 6.250385], [0.19412, 0.250385]], [[7.4453949999999995, -15.616295], [7.4453949999999995, 0.383705], [1.445395, 0.383705], [1.445394999999999, -15.616295], [7.4453949999999995, -15.616295]], [[24.29812, 6.0377649999999985], [8.29812, 6.037765], [8.29812, 0.037765], [24.29812, 0.037764999999998224], [24.29812, 6.0377649999999985]], [[1.2612549999999991, -15.526440000000001], [1.2612549999999976, -23.52644], [7.261254999999998, -23.52644], [7.261254999999999, -15.526440000000001], [1.2612549999999991, -15.526440000000001]], [[20.04889, 12.402759999999999], [12.04889, 12.40276], [12.04889, 6.402759999999999], [20.04889, 6.402759999999998], [20.04889, 12.402759999999999]]], "node_id": [0, 1, 2, 3, 4]}