{"corners": [[[0.03161, 0.322855], [8.03161, 0.322855], [8.03161, 6.322855], [0.03161, 6.322855], [0.03161, 0.322855]], [[8.150644999999999, 11.023405], [8.150645, -4.976595], [14.150645, -4.976595], [14.150645, 11.023405], [8.150644999999999, 11.023405]], [[7.229285, 6.31203], [7.229285000000001, 14.31203], [1.2292850000000008, 14.31203], [1.229285, 6.31203], [7.229285, 6.31203]], [[3.28083, -10.788005], [19.28083, -10.788005], [19.28083, -4.788005], [3.28083, -4.788005], [3.28083, -10.788005]], [[7.131295, -7.948055], [7.131295000000001, 0.051945], [1.1312950000000008, 0.051945], [1.131295, -7.948055], [7.131295, -7.948055]]], "node_id": [0, 1, 2, 3, 4]}