{"corners": [[[0.128585, 0.29987], [16.128585, 0.29987], [16.128585, 6.29987], [0.128585, 6.29987], [0.128585, 0.29987]], [[-15.913215, 0.1357], [0.086785, 0.1357], [0.086785, 6.1357], [-15.913215, 6.1357], [-15.913215, 0.1357]], [[12.270645, 12.03353], [4.270645, 12.033530000000003], [4.270645, 6.033530000000001], [12.270645, 6.03353], [12.270645, 12.03353]], [[16.1287, 0.195375], [24.1287, 0.195375], [24.1287, 6.195375], [16.1287, 6.195375], [16.1287, 0.195375]], [[30.20941, -0.999115], [30.20941, 7.000885], [24.20941, 7.000885], [24.20941, -0.9991149999999996], [30.20941, -0.999115]]], "node_id": [0, 1, 2, 3, 4]}