{"corners": [[[0.13155, 0.128905], [8.13155, 0.128905], [8.13155, 6.128905], [0.13155, 6.128905], [0.13155, 0.128905]], [[8.201315, -4.10218], [16.201315, -4.10218], [16.201315, 10.89782], [8.201315, 10.89782], [8.201315, -4.10218]], [[24.033055, 6.340684999999999], [16.033055, 6.340685], [16.033055, 0.340685], [24.033055, 0.3406849999999991], [24.033055, 6.340684999999999]], [[-3.819845, 6.483215], [12.180155, 6.483215], [12.180155, 12.483215], [-3.819845, 12.483215], [-3.819845, 6.483215]], [[18.35257, 1.22076], [18.35257, 17.22076], [12.35257, 17.22076], [12.35257, 1.2207600000000005], [18.35257, 1.22076]]], "node_id": [0, 1, 2, 3, 4]}