{"corners": [[[0.349, 0.044685], [8.349, 0.044685], [8.349, 15.044685], [0.349, 15.044685], [0.349, 0.044685]], [[12.07541, 21.485735], [-3.92459, 21.485735000000002], [-3.92459, 15.485735000000002], [12.07541, 15.485735], [12.07541, 21.485735]], [[-5.75887, 11.522735], [-5.758869999999999, 3.522735], [0.2411300000000009, 3.522735], [0.24113, 11.522735], [-5.75887, 11.522735]], [[4.835655, 11.67391], [4.835655000000001, 19.67391], [-10.164345, 19.67391], [-10.164345, 11.673910000000001], [4.835655, 11.67391]], [[8.426469999999998, 15.54646], [8.42647, -0.45354], [14.42647, -0.45354], [14.42647, 15.54646], [8.426469999999998, 15.54646]]], "node_id": [0, 1, 2, 3, 4]}