{"corners": [[[0.26693, 0.28619], [8.26693, 0.28619], [8.26693, 15.28619], [0.26693, 15.28619], [0.26693, 0.28619]], [[0.43955, -5.580295], [8.43955, -5.580295], [8.43955, 0.419705], [0.43955, 0.419705], [0.43955, -5.580295]], [[14.05245, -0.405485], [14.052450000000002, 15.594515], [8.05245, 15.594515], [8.05245, -0.4054849999999996], [14.05245, -0.405485]], [[15.1276, -0.02899000000000035], [7.1276, -0.02898999999999935], [7.127599999999998, -15.028989999999999], [15.127599999999997, -15.02899], [15.1276, -0.02899000000000035]], [[-5.58932, 1.1128999999999996], [-5.589319999999999, -6.8871], [0.4106800000000009, -6.8871], [0.41068, 1.1128999999999998], [-5.58932, 1.1128999999999996]]], "node_id": [0, 1, 2, 3, 4]}