{"corners": [[[0.163555, 0.437615], [8.163555, 0.437615], [8.163555, 6.437615], [0.163555, 6.437615], [0.163555, 0.437615]], [[1.064729999999999, 22.48488], [1.06473, 6.48488], [7.06473, 6.48488], [7.064729999999999, 22.48488], [1.064729999999999, 22.48488]], [[1.026315, 0.2168399999999998], [1.0263150000000005, -7.78316], [7.026315000000001, -7.78316], [7.026315, 0.2168400000000002], [1.026315, 0.2168399999999998]], [[-6.793155, 11.084765], [1.206845, 11.084765], [1.206845, 17.084765], [-6.793155, 17.084765], [-6.793155, 11.084765]], [[7.296105, -11.41086], [15.296105, -11.41086], [15.296105, 3.58914], [7.296105, 3.58914], [7.296105, -11.41086]]], "node_id": [0, 1, 2, 3, 4]}