{"corners": [[[0.223485, 0.140855], [8.223485, 0.140855], [8.223485, 15.140855], [0.223485, 15.140855], [0.223485, 0.140855]], [[-3.779205, -5.86699], [12.220795, -5.86699], [12.220795, 0.13301], [-3.779205, 0.13301], [-3.779205, -5.86699]], [[7.260605, 15.069985], [7.260605000000001, 23.069985], [1.2606050000000009, 23.069985], [1.260605, 15.069985], [7.260605, 15.069985]], [[13.04201, 11.026505], [13.042010000000001, 27.026505], [7.042010000000001, 27.026505], [7.04201, 11.026505], [13.04201, 11.026505]], [[8.3183, 11.594525], [8.3183, 3.594525], [14.3183, 3.594525], [14.3183, 11.594525], [8.3183, 11.594525]]], "node_id": [0, 1, 2, 3, 4]}