{"corners": [[[0.475185, 0.326015], [16.475185, 0.326015], [16.475185, 6.326015], [0.475185, 6.326015], [0.475185, 0.326015]], [[-5.7990200000000005, 11.097145], [-5.79902, -4.902855], [0.20098, -4.902855], [0.2009799999999991, 11.097145], [-5.7990200000000005, 11.097145]], [[22.274395, -0.831395], [22.274395, 7.168605], [16.274395, 7.168605], [16.274395, -0.8313949999999997], [22.274395, -0.831395]], [[4.912804999999999, -12.503135], [4.912805, -4.503135], [-10.087195, -4.5031349999999986], [-10.087195, -12.503134999999999], [4.912804999999999, -12.503135]], [[-10.384994999999998, -1.354925], [-18.384995, -1.354924999999999], [-18.384995, -16.354925], [-10.384995, -16.354925], [-10.384994999999998, -1.354925]]], "node_id": [0, 1, 2, 3, 4]}