{"corners": [[[0.100775, 0.0016], [8.100775, 0.0016], [8.100775, 6.0016], [0.100775, 6.0016], [0.100775, 0.0016]], [[8.07909, 0.08903499999999952], [0.07909, 0.08903500000000049], [0.07909, -5.910965], [8.079089999999999, -5.910965000000001], [8.07909, 0.08903499999999952]], [[14.28863, -4.571215], [14.288630000000001, 11.428785], [8.28863, 11.428785], [8.28863, -4.571215], [14.28863, -4.571215]], [[14.452795, 7.441065], [14.452794999999998, -0.558935], [29.452795, -0.5589350000000035], [29.452795, 7.441064999999997], [14.452795, 7.441065]], [[11.634495, 6.161449999999999], [11.634495, 14.16145], [-3.365505, 14.16145], [-3.365505, 6.16145], [11.634495, 6.161449999999999]]], "node_id": [0, 1, 2, 3, 4]}