{"corners": [[[0.23565, 0.09296], [8.23565, 0.09296], [8.23565, 6.09296], [0.23565, 6.09296], [0.23565, 0.09296]], [[8.373845, 7.044445], [8.373845, -0.955555], [23.373845, -0.9555549999999992], [23.373845, 7.0444450000000005], [8.373845, 7.044445]], [[0.48246, 6.30679], [8.48246, 6.30679], [8.48246, 21.30679], [0.48246, 21.30679], [0.48246, 6.30679]], [[14.33587, 5.846925], [14.335870000000002, 21.846925], [8.33587, 21.846925], [8.33587, 5.846925], [14.33587, 5.846925]], [[19.89596, -0.7881949999999986], [11.89596, -0.7881949999999996], [11.895960000000002, -15.788195], [19.895960000000002, -15.788194999999998], [19.89596, -0.7881949999999986]]], "node_id": [0, 1, 2, 3, 4]}