{"corners": [[[0.320895, 0.316815], [8.320895, 0.316815], [8.320895, 15.316815], [0.320895, 15.316815], [0.320895, 0.316815]], [[14.082475, -0.20934999999999998], [14.082475000000002, 15.79065], [8.082475, 15.79065], [8.082475, -0.2093499999999996], [14.082475, -0.20934999999999998]], [[3.30297, 15.578385], [19.30297, 15.578385], [19.30297, 21.578385], [3.30297, 21.578385], [3.30297, 15.578385]], [[7.205775, -7.628215], [7.205775000000001, 0.371785], [1.205775000000001, 0.371785], [1.205775, -7.628215], [7.205775, -7.628215]], [[8.390045, 21.3565], [0.390045, 21.3565], [0.390045, 15.3565], [8.390044999999999, 15.3565], [8.390045, 21.3565]]], "node_id": [0, 1, 2, 3, 4]}