{"corners": [[[0.10718, 0.296495], [8.10718, 0.296495], [8.10718, 15.296495], [0.10718, 15.296495], [0.10718, 0.296495]], [[23.16722, 3.857274999999999], [23.16722, 11.857275], [8.16722, 11.857275], [8.16722, 3.857275], [23.16722, 3.857274999999999]], [[19.88645, 17.71201], [11.88645, 17.71201], [11.88645, 11.71201], [19.88645, 11.71201], [19.88645, 17.71201]], [[12.70838, 3.786265], [12.708379999999996, -12.213735], [18.70838, -12.213735], [18.70838, 3.7862649999999993], [12.70838, 3.786265]], [[11.55067, 17.760275], [19.55067, 17.760274999999996], [19.55067, 23.760275], [11.550670000000002, 23.760275], [11.55067, 17.760275]]], "node_id": [0, 1, 2, 3, 4]}