{"corners": [[[0.123045, 0.10683], [16.123045, 0.10683], [16.123045, 6.10683], [0.123045, 6.10683], [0.123045, 0.10683]], [[11.467315, -7.629225], [11.467315, 0.370775], [5.467315000000001, 0.370775], [5.467315, -7.629225], [11.467315, -7.629225]], [[-5.628210000000001, 11.095175], [-5.62821, -4.904825], [0.37179, -4.904825], [0.3717899999999991, 11.095175], [-5.628210000000001, 11.095175]], [[0.371105, 6.250085], [16.371105, 6.250085], [16.371105, 12.250085], [0.371105, 12.250085], [0.371105, 6.250085]], [[-5.970115, -4.848015], [-5.970114999999999, -20.848015], [0.029885000000000887, -20.848015], [0.029885, -4.848015], [-5.970115, -4.848015]]], "node_id": [0, 1, 2, 3, 4]}