{"corners": [[[0.32023, 0.313575], [8.32023, 0.313575], [8.32023, 15.313575], [0.32023, 15.313575], [0.32023, 0.313575]], [[-5.51097, 11.84779], [-5.5109699999999995, 3.84779], [0.4890300000000009, 3.84779], [0.48903, 11.84779], [-5.51097, 11.84779]], [[11.63476, 15.357815], [11.63476, 23.357815], [-3.36524, 23.357815], [-3.36524, 15.357815000000002], [11.63476, 15.357815]], [[-19.067205, 16.342015], [-3.067205, 16.342015], [-3.067205, 22.342015], [-19.067205, 22.342015], [-19.067205, 16.342015]], [[0.268845, 11.91201], [0.268845000000001, 27.91201], [-5.731154999999999, 27.91201], [-5.731155, 11.91201], [0.268845, 11.91201]]], "node_id": [0, 1, 2, 3, 4]}