{"corners": [[[0.322405, 0.181785], [8.322405, 0.181785], [8.322405, 6.181785], [0.322405, 6.181785], [0.322405, 0.181785]], [[0.40066, -5.665335], [8.40066, -5.665335], [8.40066, 0.334665], [0.40066, 0.334665], [0.40066, -5.665335]], [[14.132655, -6.64603], [14.132655, 1.35397], [8.132655, 1.35397], [8.132655, -6.64603], [14.132655, -6.64603]], [[14.414865, -5.86035], [30.414865, -5.86035], [30.414865, 0.13965], [14.414865, 0.13965], [14.414865, -5.86035]], [[7.036135, 1.139575], [15.036135, 1.139575], [15.036135, 16.139575], [7.036135, 16.139575], [7.036135, 1.139575]]], "node_id": [0, 1, 2, 3, 4]}