{"corners": [[[0.004185, 0.47991], [8.004185, 0.47991], [8.004185, 6.47991], [0.004185, 6.47991], [0.004185, 0.47991]], [[23.064875, -0.7828750000000009], [23.064875, 7.217124999999999], [8.064875, 7.217125000000001], [8.064875, -0.782875], [23.064875, -0.7828750000000009]], [[-7.68333, -4.45656], [0.31667, -4.45656], [0.31667, 10.54344], [-7.68333, 10.54344], [-7.68333, -4.45656]], [[-3.4032750000000007, 14.412405], [-3.4032750000000003, 6.412405], [11.596725, 6.412405000000001], [11.596725, 14.412405000000001], [-3.4032750000000007, 14.412405]], [[23.09406, 7.144029999999998], [23.09406, 15.144029999999999], [8.09406, 15.14403], [8.09406, 7.144029999999999], [23.09406, 7.144029999999998]]], "node_id": [0, 1, 2, 3, 4]}