{"corners": [[[0.46773, 0.275735], [16.46773, 0.275735], [16.46773, 6.275735], [0.46773, 6.275735], [0.46773, 0.275735]], [[4.214175, 6.48416], [12.214175000000001, 6.48416], [12.214175000000001, 12.48416], [4.214175, 12.48416], [4.214175, 6.48416]], [[4.361745000000001, 16.86175], [-3.638254999999999, 16.86175], [-3.638255000000001, 1.8617500000000018], [4.361744999999999, 1.86175], [4.361745000000001, 16.86175]], [[-7.317000000000001, 1.5877700000000012], [-7.317000000000003, -6.412229999999998], [7.682999999999997, -6.412230000000002], [7.682999999999999, 1.5877699999999986], [-7.317000000000001, 1.5877700000000012]], [[12.02439, 13.22503], [12.02439, 5.22503], [27.02439, 5.225030000000001], [27.02439, 13.225030000000002], [12.02439, 13.22503]]], "node_id": [0, 1, 2, 3, 4]}