{"corners": [[[0.142935, 0.07844], [8.142935, 0.07844], [8.142935, 6.07844], [0.142935, 6.07844], [0.142935, 0.07844]], [[8.006075, 11.158384999999999], [8.006075, -4.841615], [14.006075, -4.841615], [14.006075, 11.158384999999999], [8.006075, 11.158384999999999]], [[8.427685, 0.06771999999999952], [0.427685, 0.06772000000000049], [0.4276849999999982, -14.932279999999999], [8.427684999999999, -14.93228], [8.427685, 0.06771999999999952]], [[7.287159999999997, -30.649305], [7.287159999999998, -14.649305], [1.2871599999999983, -14.649305], [1.2871599999999974, -30.649305], [7.287159999999997, -30.649305]], [[12.15981, 12.493625], [-3.8401899999999998, 12.493625000000002], [-3.8401899999999998, 6.4936250000000015], [12.15981, 6.493625], [12.15981, 12.493625]]], "node_id": [0, 1, 2, 3, 4]}