{"corners": [[[0.41292, 0.01427], [8.41292, 0.01427], [8.41292, 15.01427], [0.41292, 15.01427], [0.41292, 0.01427]], [[7.47403, 15.294005], [7.474030000000001, 23.294005], [1.4740300000000008, 23.294005], [1.47403, 15.294005], [7.47403, 15.294005]], [[16.497635, 10.983845], [8.497635, 10.983845000000002], [8.497635, 4.9838450000000005], [16.497635, 4.983845], [16.497635, 10.983845]], [[0.03329000000000037, 10.711585], [-15.96671, 10.711585000000001], [-15.96671, 4.711585000000002], [0.03328999999999963, 4.711585], [0.03329000000000037, 10.711585]], [[15.127850000000002, 26.7844], [7.127850000000001, 26.7844], [7.12785, 11.784400000000002], [15.12785, 11.7844], [15.127850000000002, 26.7844]]], "node_id": [0, 1, 2, 3, 4]}