{"corners": [[[0.319465, 0.03477], [8.319465, 0.03477], [8.319465, 6.03477], [0.319465, 6.03477], [0.319465, 0.03477]], [[-3.240375000000001, 14.397645], [-3.2403750000000002, 6.397645], [11.759625, 6.397645000000001], [11.759625, 14.397645000000002], [-3.240375000000001, 14.397645]], [[-3.997665, -5.73157], [12.002335, -5.73157], [12.002335, 0.26843], [-3.997665, 0.26843], [-3.997665, -5.73157]], [[0.256345, -20.581585], [8.256345, -20.581585], [8.256345, -5.5815850000000005], [0.256345, -5.5815850000000005], [0.256345, -20.581585]], [[23.11055, -0.8856800000000009], [23.11055, 7.114319999999999], [8.11055, 7.114320000000001], [8.11055, -0.88568], [23.11055, -0.8856800000000009]]], "node_id": [0, 1, 2, 3, 4]}