{"corners": [[[0.390765, 0.402525], [8.390765, 0.402525], [8.390765, 15.402525], [0.390765, 15.402525], [0.390765, 0.402525]], [[12.06499, 21.133665], [-3.93501, 21.133665000000004], [-3.93501, 15.133665000000002], [12.06499, 15.133665], [12.06499, 21.133665]], [[7.42686, -7.72487], [7.426860000000001, 0.27513], [1.426860000000001, 0.27513], [1.42686, -7.72487], [7.42686, -7.72487]], [[-5.538140000000001, 15.5978], [-5.53814, -0.4022], [0.46186, -0.4022], [0.4618599999999991, 15.5978], [-5.538140000000001, 15.5978]], [[-6.60152, -11.09223], [1.39848, -11.09223], [1.39848, 3.90777], [-6.60152, 3.90777], [-6.60152, -11.09223]]], "node_id": [0, 1, 2, 3, 4]}