{"corners": [[[0.06295, 0.42974], [16.06295, 0.42974], [16.06295, 6.42974], [0.06295, 6.42974], [0.06295, 0.42974]], [[12.25533, 12.471905], [4.25533, 12.471905000000001], [4.25533, 6.471905000000001], [12.25533, 6.471905], [12.25533, 12.471905]], [[5.0637550000000005, 0.020169999999999817], [5.0637550000000005, -7.97983], [11.063755, -7.97983], [11.063755, 0.020170000000000184], [5.0637550000000005, 0.020169999999999817]], [[16.04548, 0.246495], [32.04548, 0.246495], [32.04548, 6.246495], [16.04548, 6.246495], [16.04548, 0.246495]], [[16.259465, -7.9583699999999995], [0.259465, -7.958370000000002], [0.259465, -13.95837], [16.259465, -13.95837], [16.259465, -7.9583699999999995]]], "node_id": [0, 1, 2, 3, 4]}