{"corners": [[[0.45674, 0.38302], [8.45674, 0.38302], [8.45674, 6.38302], [0.45674, 6.38302], [0.45674, 0.38302]], [[12.486845, 0.08504999999999902], [-3.513155, 0.08505000000000099], [-3.513155, -5.914949999999999], [12.486845, -5.914950000000001], [12.486845, 0.08504999999999902]], [[0.42537999999999976, -0.745845], [0.4253800000000002, 7.254155], [-5.5746199999999995, 7.254155], [-5.57462, -0.7458449999999996], [0.42537999999999976, -0.745845]], [[-3.624680000000002, -11.993334999999998], [12.375319999999999, -11.993335000000002], [12.375319999999999, -5.993335000000002], [-3.62468, -5.993334999999998], [-3.624680000000002, -11.993334999999998]], [[11.950924999999996, -19.951135], [11.950924999999998, -11.951135], [-3.049075000000002, -11.951134999999995], [-3.0490750000000038, -19.951134999999997], [11.950924999999996, -19.951135]]], "node_id": [0, 1, 2, 3, 4]}