{"corners": [[[0.368355, 0.13171], [8.368355, 0.13171], [8.368355, 6.13171], [0.368355, 6.13171], [0.368355, 0.13171]], [[-3.17059, 0.32374999999999954], [-3.17059, -7.67625], [11.82941, -7.67625], [11.82941, 0.3237500000000004], [-3.17059, 0.32374999999999954]], [[-11.397755, -11.385145], [-3.397755, -11.385145], [-3.397755, 3.614855], [-11.397755, 3.614855], [-11.397755, -11.385145]], [[-17.08055, 4.493665], [-17.08055, -11.506335], [-11.08055, -11.506335], [-11.08055, 4.493665], [-17.08055, 4.493665]], [[-18.01957, -17.929585], [-10.01957, -17.929585], [-10.01957, -11.929585], [-18.01957, -11.929585], [-18.01957, -17.929585]]], "node_id": [0, 1, 2, 3, 4]}