{"corners": [[[0.195975, 0.30083], [16.195975, 0.30083], [16.195975, 6.30083], [0.195975, 6.30083], [0.195975, 0.30083]], [[-5.6359900000000005, 11.259305], [-5.63599, -4.740695], [0.36401, -4.740695], [0.3640099999999991, 11.259305], [-5.6359900000000005, 11.259305]], [[-6.992815000000001, 11.25919], [1.007184999999999, 11.25919], [1.007184999999999, 26.25919], [-6.992815000000001, 26.25919], [-6.992815000000001, 11.25919]], [[12.37182, 0.3732799999999995], [4.37182, 0.3732800000000005], [4.37182, -5.62672], [12.37182, -5.626720000000001], [12.37182, 0.3732799999999995]], [[-13.503475, 0.071965], [-5.503475, 0.071965], [-5.503475, 6.071965], [-13.503475, 6.071965], [-13.503475, 0.071965]], [[-6.5024750000000004, 21.58645], [-22.502475, 21.586450000000003], [-22.502475, 15.586450000000001], [-6.502475000000002, 15.58645], [-6.5024750000000004, 21.58645]]], "node_id": [0, 1, 2, 3, 4, 5]}