{"corners": [[[0.393355, 0.16848], [16.393355, 0.16848], [16.393355, 6.16848], [0.393355, 6.16848], [0.393355, 0.16848]], [[11.331795, -7.806355], [11.331795, 0.193645], [5.3317950000000005, 0.193645], [5.331795, -7.806355], [11.331795, -7.806355]], [[-5.611815, 7.24729], [-5.611814999999999, -0.75271], [0.3881850000000009, -0.75271], [0.388185, 7.24729], [-5.611815, 7.24729]], [[-5.975265, -0.7211400000000002], [-5.975264999999999, -8.72114], [0.024735000000000888, -8.72114], [0.024735, -0.7211399999999999], [-5.975265, -0.7211400000000002]], [[17.30035, -7.984735], [17.30035, 0.015265], [11.30035, 0.015265], [11.30035, -7.984735], [17.30035, -7.984735]], [[-13.901605, -4.43297], [-5.901605, -4.43297], [-5.901605, 10.56703], [-13.901605, 10.56703], [-13.901605, -4.43297]]], "node_id": [0, 1, 2, 3, 4, 5]}