{"corners": [[[0.15863, 0.103695], [8.15863, 0.103695], [8.15863, 15.103695], [0.15863, 15.103695], [0.15863, 0.103695]], [[8.425940000000002, 30.00531], [0.42594000000000176, 30.00531], [0.42594, 15.005310000000001], [8.42594, 15.00531], [8.425940000000002, 30.00531]], [[-5.683379999999998, 30.68462], [-5.6833800000000005, 14.68462], [0.3166199999999991, 14.68462], [0.3166200000000018, 30.68462], [-5.683379999999998, 30.68462]], [[-5.677489999999999, 30.12005], [-13.67749, 30.12005], [-13.67749, 15.120050000000003], [-5.677490000000001, 15.12005], [-5.677489999999999, 30.12005]], [[-3.865285, -5.54579], [12.134715, -5.54579], [12.134715, 0.45421], [-3.865285, 0.45421], [-3.865285, -5.54579]], [[23.00913, 3.917399999999999], [23.00913, 11.9174], [8.00913, 11.9174], [8.00913, 3.9173999999999998], [23.00913, 3.917399999999999]]], "node_id": [0, 1, 2, 3, 4, 5]}