{"corners": [[[0.493095, 0.371665], [16.493095, 0.371665], [16.493095, 6.371665], [0.493095, 6.371665], [0.493095, 0.371665]], [[0.9319200000000001, 0.32235999999999954], [0.9319200000000005, -7.67764], [15.93192, -7.67764], [15.93192, 0.3223600000000004], [0.9319200000000001, 0.32235999999999954]], [[11.382325, 6.157395], [11.382325000000002, 22.157395], [5.382325000000001, 22.157395], [5.382325, 6.157395], [11.382325, 6.157395]], [[31.47048, -0.581355000000001], [31.47048, 7.418644999999999], [16.47048, 7.418645000000001], [16.47048, -0.5813550000000001], [31.47048, -0.581355000000001]], [[16.08473, -0.5878899999999991], [16.084729999999997, -8.58789], [31.08473, -8.587890000000003], [31.08473, -0.5878900000000018], [16.08473, -0.5878899999999991]], [[31.302, 7.096199999999998], [31.302, 15.096199999999998], [16.302, 15.0962], [16.302, 7.096199999999999], [31.302, 7.096199999999998]]], "node_id": [0, 1, 2, 3, 4, 5]}