{"corners": [[[0.255595, 0.36129], [16.255595, 0.36129], [16.255595, 6.36129], [0.255595, 6.36129], [0.255595, 0.36129]], [[5.42927, 14.13898], [5.429270000000001, 6.13898], [11.42927, 6.13898], [11.42927, 14.13898], [5.42927, 14.13898]], [[0.64176, 0.07250999999999955], [0.6417600000000004, -7.92749], [15.64176, -7.92749], [15.64176, 0.07251000000000046], [0.64176, 0.07250999999999955]], [[15.634885, 0.038980000000000445], [15.634885, -7.96102], [30.634885, -7.961019999999999], [30.634885, 0.03898000000000136], [15.634885, 0.038980000000000445]], [[4.177955, 14.337395], [12.177955, 14.337395], [12.177955, 29.337395], [4.177955, 29.337395], [4.177955, 14.337395]], [[38.52214, -0.8230749999999978], [30.52214, -0.8230749999999988], [30.52214, -6.8230749999999984], [38.52214, -6.8230749999999984], [38.52214, -0.8230749999999978]]], "node_id": [0, 1, 2, 3, 4, 5]}