{"corners": [[[0.12806, 0.057355], [8.12806, 0.057355], [8.12806, 15.057355], [0.12806, 15.057355], [0.12806, 0.057355]], [[12.35112, 0.412719999999999], [-3.64888, 0.412720000000001], [-3.64888, -5.587279999999999], [12.35112, -5.587280000000001], [12.35112, 0.412719999999999]], [[0.06746000000000037, 10.72813], [-15.93254, 10.728130000000002], [-15.93254, 4.728130000000002], [0.06745999999999965, 4.72813], [0.06746000000000037, 10.72813]], [[8.232825, 4.75979], [16.232825, 4.75979], [16.232825, 10.75979], [8.232825, 10.75979], [8.232825, 4.75979]], [[-15.53995, 10.575335000000004], [0.46005, 10.575335], [0.46005, 16.575335], [-15.539949999999997, 16.575335000000003], [-15.53995, 10.575335000000004]], [[-15.971824999999997, 21.332940000000004], [-23.971824999999995, 21.332940000000008], [-23.971825, 6.332940000000007], [-15.971825000000004, 6.332940000000003], [-15.971824999999997, 21.332940000000004]]], "node_id": [0, 1, 2, 3, 4, 5]}