{"corners": [[[0.259415, 0.326575], [8.259415, 0.326575], [8.259415, 15.326575], [0.259415, 15.326575], [0.259415, 0.326575]], [[0.3243149999999998, 3.819775], [0.32431500000000024, 11.819775], [-5.675684999999999, 11.819775], [-5.675685, 3.8197750000000004], [0.3243149999999998, 3.819775]], [[8.061615000000002, 30.12984], [0.06161500000000178, 30.12984], [0.061615, 15.129840000000002], [8.061615, 15.12984], [8.061615000000002, 30.12984]], [[12.431765000000002, 36.389065], [-3.5682349999999983, 36.389065], [-3.5682349999999983, 30.389065], [12.431765000000002, 30.389065], [12.431765000000002, 36.389065]], [[-3.1252749999999967, 44.488465], [-3.1252749999999976, 36.488465], [11.874725000000002, 36.488465], [11.874725000000003, 44.488465], [-3.1252749999999967, 44.488465]], [[-19.61272, 30.129635000000004], [-3.61272, 30.129635], [-3.61272, 36.129635], [-19.61272, 36.129635], [-19.61272, 30.129635000000004]]], "node_id": [0, 1, 2, 3, 4, 5]}