{"corners": [[[0.038945, 0.3641], [16.038945, 0.3641], [16.038945, 6.3641], [0.038945, 6.3641], [0.038945, 0.3641]], [[12.46809, 0.3964749999999995], [4.46809, 0.3964750000000005], [4.468089999999998, -14.603524999999998], [12.468089999999998, -14.603525], [12.46809, 0.3964749999999995]], [[0.2975900000000004, 6.2295], [-15.70241, 6.229500000000002], [-15.70241, 0.22950000000000179], [0.29758999999999963, 0.2295], [0.2975900000000004, 6.2295]], [[4.03747, 6.41408], [12.03747, 6.41408], [12.03747, 12.41408], [4.03747, 12.41408], [4.03747, 6.41408]], [[16.26868, -4.36017], [24.26868, -4.36017], [24.26868, 10.63983], [16.26868, 10.63983], [16.26868, -4.36017]], [[-3.64978, 0.3553350000000004], [-11.64978, 0.3553350000000014], [-11.649780000000002, -14.644664999999998], [-3.6497800000000016, -14.644665], [-3.64978, 0.3553350000000004]]], "node_id": [0, 1, 2, 3, 4, 5]}