{"corners": [[[0.440555, 0.07253], [16.440555, 0.07253], [16.440555, 6.07253], [0.440555, 6.07253], [0.440555, 0.07253]], [[0.700095, 0.25920999999999955], [0.7000950000000005, -7.74079], [15.700095, -7.74079], [15.700095, 0.25921000000000044], [0.700095, 0.25920999999999955]], [[5.128115, -7.52318], [5.128115000000001, -15.52318], [11.128115, -15.52318], [11.128115, -7.52318], [5.128115, -7.52318]], [[11.21809, -23.62438], [11.21809, -15.62438], [5.218090000000001, -15.62438], [5.21809, -23.62438], [11.21809, -23.62438]], [[11.02294, -15.681955], [11.022939999999998, -23.681955], [26.02294, -23.681955000000002], [26.02294, -15.681955000000004], [11.02294, -15.681955]], [[-9.67824, -15.991094999999996], [-9.678240000000002, -23.991094999999998], [5.3217599999999985, -23.991095], [5.32176, -15.991095], [-9.67824, -15.991094999999996]]], "node_id": [0, 1, 2, 3, 4, 5]}