{"corners": [[[0.25391, 0.30409], [16.25391, 0.30409], [16.25391, 6.30409], [0.25391, 6.30409], [0.25391, 0.30409]], [[-14.71535, 7.2584349999999995], [-14.71535, -0.7415650000000009], [0.28465, -0.741565], [0.28465, 7.258435], [-14.71535, 7.2584349999999995]], [[-22.59345, -4.157335000000001], [-14.59345, -4.157335000000001], [-14.59345, 10.842665], [-22.59345, 10.842665], [-22.59345, -4.157335000000001]], [[0.7569849999999991, 14.00285], [0.7569849999999996, 6.00285], [15.756985, 6.0028500000000005], [15.756985, 14.002850000000002], [0.7569849999999991, 14.00285]], [[16.104605, 11.066035], [16.104605, -4.933965], [22.104605, -4.933965], [22.104605, 11.066035], [16.104605, 11.066035]]], "node_id": [0, 1, 2, 3, 4]}