{"corners": [[[0.2385, 0.20765], [8.2385, 0.20765], [8.2385, 15.20765], [0.2385, 15.20765], [0.2385, 0.20765]], [[-3.9757, 15.23503], [12.0243, 15.23503], [12.0243, 21.23503], [-3.9757, 21.23503], [-3.9757, 15.23503]], [[-3.85572, -5.898035], [12.14428, -5.898035], [12.14428, 0.101965], [-3.85572, 0.101965], [-3.85572, -5.898035]], [[-9.678115, 22.115075], [-9.678115, 14.115075], [-3.678114999999999, 14.115075], [-3.678115, 22.115075], [-9.678115, 22.115075]], [[1.409124999999999, 37.37089], [1.409125, 21.37089], [7.409125, 21.37089], [7.4091249999999995, 37.37089], [1.409124999999999, 37.37089]], [[13.41061, 21.160315], [13.410610000000002, 37.160315], [7.410610000000001, 37.160315], [7.41061, 21.160315], [13.41061, 21.160315]]], "node_id": [0, 1, 2, 3, 4, 5]}