{"corners": [[[0.20639, 0.389155], [16.20639, 0.389155], [16.20639, 6.389155], [0.20639, 6.389155], [0.20639, 0.389155]], [[-15.73347, 0.23406], [0.26653, 0.23406], [0.26653, 6.23406], [-15.73347, 6.23406], [-15.73347, 0.23406]], [[22.274745, -0.563345], [22.274745, 7.436655], [16.274745, 7.436655], [16.274745, -0.5633449999999997], [22.274745, -0.563345]], [[22.136185, 11.242365], [22.136184999999998, -4.757635], [28.136184999999998, -4.757635], [28.136185, 11.242364999999998], [22.136185, 11.242365]], [[22.285664999999998, -4.909809999999999], [22.285664999999998, -12.90981], [28.285664999999995, -12.90981], [28.285664999999998, -4.90981], [22.285664999999998, -4.909809999999999]], [[-21.718805, 7.3637], [-21.718805, -0.6363], [-15.718805, -0.6363], [-15.718805, 7.3637], [-21.718805, 7.3637]]], "node_id": [0, 1, 2, 3, 4, 5]}