{"corners": [[[0.006575, 0.075765], [16.006575, 0.075765], [16.006575, 6.075765], [0.006575, 6.075765], [0.006575, 0.075765]], [[-14.778135, 7.166654999999999], [-14.778135, -0.8333450000000009], [0.221865, -0.833345], [0.221865, 7.166655], [-14.778135, 7.166654999999999]], [[16.472265, 0.288014999999999], [0.472265, 0.288015000000001], [0.472265, -5.711984999999999], [16.472265, -5.711985000000001], [16.472265, 0.288014999999999]], [[15.91938, 6.335594999999999], [15.91938, 14.335595], [0.91938, 14.335595], [0.91938, 6.335595], [15.91938, 6.335594999999999]], [[-3.072385000000001, 13.36388], [-11.072385, 13.363879999999998], [-11.072385, 7.363879999999999], [-3.072385, 7.36388], [-3.072385000000001, 13.36388]], [[31.970815, 13.227284999999998], [15.970815, 13.227285], [15.970815, 7.227285], [31.970815, 7.227284999999998], [31.970815, 13.227284999999998]]], "node_id": [0, 1, 2, 3, 4, 5]}