{"corners": [[[0.16645, 0.21701], [8.16645, 0.21701], [8.16645, 6.21701], [0.16645, 6.21701], [0.16645, 0.21701]], [[14.272085, -4.51538], [14.272085000000002, 11.48462], [8.272085, 11.48462], [8.272085, -4.51538], [14.272085, -4.51538]], [[1.4266099999999995, 14.235655], [1.42661, 6.235655], [7.42661, 6.235655], [7.42661, 14.235655], [1.4266099999999995, 14.235655]], [[0.07260499999999975, -0.55243], [0.07260500000000025, 7.44757], [-5.927394999999999, 7.44757], [-5.927395, -0.5524299999999996], [0.07260499999999975, -0.55243]], [[8.170639999999999, 29.25906], [0.1706399999999982, 29.25906], [0.17064, 14.259059999999998], [8.17064, 14.25906], [8.170639999999999, 29.25906]], [[14.436415, 7.43946], [14.436414999999998, -0.56054], [20.436415, -0.5605400000000018], [20.436415, 7.4394599999999995], [14.436415, 7.43946]]], "node_id": [0, 1, 2, 3, 4, 5]}