{"corners": [[[0.42243, 0.256195], [8.42243, 0.256195], [8.42243, 15.256195], [0.42243, 15.256195], [0.42243, 0.256195]], [[16.19289, 15.01958], [8.19289, 15.019580000000001], [8.192889999999998, 0.019580000000001777], [16.19289, 0.01958], [16.19289, 15.01958]], [[4.342, 15.144605000000002], [20.342, 15.144604999999999], [20.342, 21.144605], [4.342000000000001, 21.144605], [4.342, 15.144605000000002]], [[9.174819999999999, 0.02545500000000055], [9.174819999999997, -7.974544999999999], [15.174819999999997, -7.974545000000002], [15.174819999999999, 0.025454999999999447], [9.174819999999999, 0.02545500000000055]], [[0.007905000000000918, 15.29798], [-7.992094999999999, 15.297980000000003], [-7.992095, 0.2979800000000018], [0.007904999999999083, 0.29798], [0.007905000000000918, 15.29798]], [[-7.98393, 10.609955], [-23.98393, 10.609955000000001], [-23.98393, 4.609955000000002], [-7.98393, 4.609955], [-7.98393, 10.609955]]], "node_id": [0, 1, 2, 3, 4, 5]}