{"corners": [[[0.014855, 0.243695], [8.014855, 0.243695], [8.014855, 6.243695], [0.014855, 6.243695], [0.014855, 0.243695]], [[-5.963775000000001, 11.26719], [-5.963775, -4.73281], [0.036225, -4.73281], [0.03622499999999911, 11.26719], [-5.963775000000001, 11.26719]], [[4.895574999999999, -12.609245], [4.895575, -4.609245], [-10.104424999999999, -4.609244999999998], [-10.104424999999999, -12.609244999999998], [4.895574999999999, -12.609245]], [[1.3884799999999995, 14.421385], [1.38848, 6.421385], [7.38848, 6.421385], [7.38848, 14.421385], [1.3884799999999995, 14.421385]], [[-6.605285000000001, 11.36971], [1.394714999999999, 11.36971], [1.394714999999999, 17.36971], [-6.605285000000001, 17.36971], [-6.605285000000001, 11.36971]], [[8.23036, 11.115285], [8.23036, -4.884715], [14.23036, -4.884715], [14.23036, 11.115285], [8.23036, 11.115285]]], "node_id": [0, 1, 2, 3, 4, 5]}