{"corners": [[[0.15422, 0.272145], [8.15422, 0.272145], [8.15422, 6.272145], [0.15422, 6.272145], [0.15422, 0.272145]], [[12.040425, 0.337184999999999], [-3.959575, 0.337185000000001], [-3.959575, -5.662814999999999], [12.040425, -5.662815000000001], [12.040425, 0.337184999999999]], [[24.365635, 6.108189999999998], [8.365635, 6.10819], [8.365635, 0.10819], [24.365635, 0.10818999999999822], [24.365635, 6.108189999999998]], [[12.416095, 6.4545], [20.416095, 6.454499999999999], [20.416095, 12.454499999999998], [12.416095000000002, 12.4545], [12.416095, 6.4545]], [[12.13964, -5.745090000000001], [28.13964, -5.745090000000005], [28.13964, 0.2549099999999956], [12.139640000000002, 0.25490999999999914], [12.13964, -5.745090000000001]], [[12.356529999999998, -11.51185], [28.35653, -11.511850000000004], [28.35653, -5.5118500000000035], [12.35653, -5.51185], [12.356529999999998, -11.51185]]], "node_id": [0, 1, 2, 3, 4, 5]}