{"corners": [[[0.301, 0.166595], [8.301, 0.166595], [8.301, 15.166595], [0.301, 15.166595], [0.301, 0.166595]], [[7.095025, -7.78009], [7.095025000000001, 0.21991], [1.0950250000000008, 0.21991], [1.095025, -7.78009], [7.095025, -7.78009]], [[7.480875, -6.875055], [15.480875, -6.875055], [15.480875, -0.875055], [7.480875, -0.875055], [7.480875, -6.875055]], [[14.10416, -14.84538], [14.10416, -6.84538], [8.10416, -6.84538], [8.10416, -14.84538], [14.10416, -14.84538]], [[1.1605249999999996, 23.317165], [1.160525, 15.317165], [7.160525, 15.317165], [7.160525, 23.317165], [1.1605249999999996, 23.317165]], [[-4.7307749999999995, 0.2181200000000009], [-4.730775000000001, -7.781879999999999], [1.2692249999999992, -7.78188], [1.269225000000001, 0.2181199999999998], [-4.7307749999999995, 0.2181200000000009]]], "node_id": [0, 1, 2, 3, 4, 5]}