{"corners": [[[0.19253, 0.328415], [8.19253, 0.328415], [8.19253, 15.328415], [0.19253, 15.328415], [0.19253, 0.328415]], [[8.409505, 21.058125], [0.409505, 21.058125], [0.409505, 15.058125], [8.409505, 15.058125], [8.409505, 21.058125]], [[0.32904500000000036, 21.06115], [-7.670955, 21.06115], [-7.670955, 15.06115], [0.3290449999999996, 15.06115], [0.32904500000000036, 21.06115]], [[-15.625235, 10.954260000000001], [-7.625235, 10.95426], [-7.625234999999996, 25.95426], [-15.625234999999996, 25.95426], [-15.625235, 10.954260000000001]], [[8.49535, 4.976715], [16.49535, 4.976715], [16.49535, 10.976715], [8.49535, 10.976715], [8.49535, 4.976715]], [[-0.9295399999999996, 21.256085], [-0.9295399999999986, 37.256085], [-6.9295399999999985, 37.256085], [-6.92954, 21.256085], [-0.9295399999999996, 21.256085]]], "node_id": [0, 1, 2, 3, 4, 5]}