{"corners": [[[0.030695, 0.136095], [8.030695, 0.136095], [8.030695, 6.136095], [0.030695, 6.136095], [0.030695, 0.136095]], [[1.057129999999999, 22.425805], [1.05713, 6.425805], [7.05713, 6.425805], [7.057129999999999, 22.425805], [1.057129999999999, 22.425805]], [[1.2631899999999983, 38.42368], [1.2631899999999991, 22.42368], [7.263189999999999, 22.42368], [7.263189999999998, 38.42368], [1.2631899999999983, 38.42368]], [[7.256385, 11.422595], [15.256385, 11.422595], [15.256385, 17.422595], [7.256385, 17.422595], [7.256385, 11.422595]], [[7.224755, 17.39323], [15.224755, 17.39323], [15.224755, 23.39323], [7.224755, 23.39323], [7.224755, 17.39323]], [[16.428295, 6.181259999999999], [8.428295, 6.18126], [8.428295, 0.18126], [16.428295, 0.18125999999999912], [16.428295, 6.181259999999999]]], "node_id": [0, 1, 2, 3, 4, 5]}