{"corners": [[[0.23841, 0.02947], [8.23841, 0.02947], [8.23841, 15.02947], [0.23841, 15.02947], [0.23841, 0.02947]], [[7.18505, -7.79676], [7.185050000000001, 0.20324], [1.1850500000000008, 0.20324], [1.18505, -7.79676], [7.18505, -7.79676]], [[-3.858065, -13.800075], [12.141935, -13.800075], [12.141935, -7.800075], [-3.858065, -7.800075], [-3.858065, -13.800075]], [[1.02887, -13.644765], [1.0288700000000004, -21.644765], [7.028870000000001, -21.644765], [7.02887, -13.644765], [1.02887, -13.644765]], [[-19.945325, -13.722735], [-3.945325, -13.722735], [-3.945325, -7.722735], [-19.945325, -7.722735], [-19.945325, -13.722735]], [[11.70157, -29.60555], [11.70157, -21.60555], [-3.29843, -21.60555], [-3.29843, -29.60555], [11.70157, -29.60555]]], "node_id": [0, 1, 2, 3, 4, 5]}