{"corners": [[[0.057075, 0.05688], [8.057075, 0.05688], [8.057075, 6.05688], [0.057075, 6.05688], [0.057075, 0.05688]], [[0.13359999999999975, -0.70357], [0.13360000000000025, 7.29643], [-14.8664, 7.296430000000002], [-14.8664, -0.7035699999999991], [0.13359999999999975, -0.70357]], [[1.1882849999999996, 14.28806], [1.188285, 6.28806], [7.188285, 6.28806], [7.188285, 14.28806], [1.1882849999999996, 14.28806]], [[-3.4997649999999974, 22.29831], [-11.499764999999996, 22.29831], [-11.499765, 7.298310000000002], [-3.499764999999999, 7.29831], [-3.4997649999999974, 22.29831]], [[-11.369249999999996, 22.20383], [-3.3692499999999965, 22.203829999999996], [-3.369249999999993, 37.20383], [-11.369249999999992, 37.20383], [-11.369249999999996, 22.20383]], [[-10.125805, -0.858789999999999], [-10.125805000000001, -8.858789999999999], [-4.1258050000000015, -8.85879], [-4.125805, -0.8587899999999999], [-10.125805, -0.858789999999999]]], "node_id": [0, 1, 2, 3, 4, 5]}