{"corners": [[[0.03859, 0.12587], [8.03859, 0.12587], [8.03859, 6.12587], [0.03859, 6.12587], [0.03859, 0.12587]], [[0.275005, 6.066875], [8.275005, 6.066875], [8.275005, 12.066875], [0.275005, 12.066875], [0.275005, 6.066875]], [[-3.493695, 0.18222499999999953], [-3.4936949999999998, -7.817775], [11.506305, -7.817775], [11.506305, 0.18222500000000047], [-3.493695, 0.18222499999999953]], [[-5.5554950000000005, 17.34485], [-5.555495, 1.34485], [0.444505, 1.34485], [0.4445049999999991, 17.34485], [-5.5554950000000005, 17.34485]], [[16.084015, 12.08973], [8.084015, 12.089730000000001], [8.084015, 6.089730000000001], [16.084015, 6.08973], [16.084015, 12.08973]], [[16.40063, 17.47219], [16.400629999999996, 1.4721899999999999], [22.400629999999996, 1.4721899999999999], [22.40063, 17.47219], [16.40063, 17.47219]]], "node_id": [0, 1, 2, 3, 4, 5]}