{"corners": [[[0.49912, 0.03532], [16.49912, 0.03532], [16.49912, 6.03532], [0.49912, 6.03532], [0.49912, 0.03532]], [[16.445125, 7.154815], [16.445125, -0.845185], [22.445125, -0.845185], [22.445125, 7.154815], [16.445125, 7.154815]], [[11.192835, 6.104435], [11.192835, 14.104435], [5.1928350000000005, 14.104435], [5.192835, 6.104435], [11.192835, 6.104435]], [[5.35159, 13.47258], [-10.64841, 13.472580000000002], [-10.64841, 7.4725800000000016], [5.351589999999999, 7.47258], [5.35159, 13.47258]], [[0.49959499999999957, -0.6743099999999991], [0.49959500000000007, 7.325690000000001], [-5.500405, 7.325690000000001], [-5.500405, -0.6743099999999989], [0.49959499999999957, -0.6743099999999991]], [[22.4069, 11.46933], [22.4069, -4.53067], [28.4069, -4.53067], [28.4069, 11.46933], [22.4069, 11.46933]]], "node_id": [0, 1, 2, 3, 4, 5]}