{"corners": [[[0.341095, 0.255675], [16.341095, 0.255675], [16.341095, 6.255675], [0.341095, 6.255675], [0.341095, 0.255675]], [[32.429495, 6.0690849999999985], [16.429495, 6.069085], [16.429495, 0.069085], [32.429495, 0.06908499999999822], [32.429495, 6.0690849999999985]], [[31.61851, -7.697945], [31.61851, 0.302055], [16.61851, 0.3020550000000018], [16.61851, -7.697944999999999], [31.61851, -7.697945]], [[32.37481, -4.166270000000002], [40.37481, -4.1662700000000035], [40.37481, 10.833729999999996], [32.37481, 10.833729999999997], [32.37481, -4.166270000000002]], [[28.44296, -7.54633], [20.44296, -7.546329999999999], [20.44296, -13.54633], [28.44296, -13.54633], [28.44296, -7.54633]], [[16.334114999999997, -19.978295], [32.334115, -19.978295000000003], [32.334115, -13.978295000000003], [16.334115, -13.978295], [16.334114999999997, -19.978295]]], "node_id": [0, 1, 2, 3, 4, 5]}