{"corners": [[[0.049825, 0.05019], [16.049825, 0.05019], [16.049825, 6.05019], [0.049825, 6.05019], [0.049825, 0.05019]], [[31.464485, -0.6230050000000009], [31.464485, 7.376994999999999], [16.464485, 7.376995000000001], [16.464485, -0.623005], [31.464485, -0.6230050000000009]], [[27.556575, 13.376099999999997], [19.556575, 13.3761], [19.556575, 7.376099999999999], [27.556575, 7.376099999999998], [27.556575, 13.376099999999997]], [[11.304195, 6.003585], [11.304195, 14.003585], [5.304195000000001, 14.003585], [5.304195, 6.003585], [11.304195, 6.003585]], [[16.00278, -0.6882599999999991], [16.002779999999998, -8.68826], [31.00278, -8.688260000000003], [31.00278, -0.6882600000000018], [16.00278, -0.6882599999999991]], [[0.3757099999999995, -4.950255], [0.3757100000000005, 11.049745], [-5.62429, 11.049745], [-5.624290000000001, -4.950255], [0.3757099999999995, -4.950255]]], "node_id": [0, 1, 2, 3, 4, 5]}