{"corners": [[[0.453785, 0.41424], [8.453785, 0.41424], [8.453785, 6.41424], [0.453785, 6.41424], [0.453785, 0.41424]], [[8.499885, 0.08054], [16.499885, 0.08054], [16.499885, 6.08054], [8.499885, 6.08054], [8.499885, 0.08054]], [[9.30784, 14.337905], [9.30784, 6.337905], [15.30784, 6.337905], [15.30784, 14.337905], [9.30784, 14.337905]], [[15.3629, 7.19977], [31.3629, 7.19977], [31.3629, 13.199770000000001], [15.3629, 13.199770000000001], [15.3629, 7.19977]], [[4.31546, -5.6669], [20.31546, -5.6669], [20.31546, 0.3331], [4.31546, 0.3331], [4.31546, -5.6669]], [[47.151605, 13.184204999999999], [31.151605, 13.184205], [31.151605, 7.184205], [47.151605, 7.184204999999999], [47.151605, 13.184204999999999]]], "node_id": [0, 1, 2, 3, 4, 5]}