{"corners": [[[0.261505, 0.028225], [8.261505, 0.028225], [8.261505, 6.028225], [0.261505, 6.028225], [0.261505, 0.028225]], [[8.313005, 0.336205], [24.313005, 0.336205], [24.313005, 6.336205], [8.313005, 6.336205], [8.313005, 0.336205]], [[0.04536500000000037, 6.041875], [-7.954635, 6.041875000000001], [-7.954635, 0.04187500000000089], [0.045364999999999635, 0.041875], [0.04536500000000037, 6.041875]], [[8.089305, 0.4532799999999995], [0.089305, 0.4532800000000005], [0.08930499999999822, -14.546719999999999], [8.089304999999998, -14.54672], [8.089305, 0.4532799999999995]], [[8.185839999999999, -14.937775], [0.18583999999999823, -14.937774999999998], [0.18583999999999645, -29.937775], [8.185839999999997, -29.937775], [8.185839999999999, -14.937775]], [[23.451035, -11.420670000000001], [23.451035, -3.4206700000000017], [8.451035, -3.42067], [8.451035, -11.42067], [23.451035, -11.420670000000001]]], "node_id": [0, 1, 2, 3, 4, 5]}