{"corners": [[[0.391685, 0.308955], [8.391685, 0.308955], [8.391685, 15.308955], [0.391685, 15.308955], [0.391685, 0.308955]], [[8.215285, 4.840465], [24.215285, 4.840465], [24.215285, 10.840465], [8.215285, 10.840465], [8.215285, 4.840465]], [[24.32375, 15.872995], [24.32375, -0.12700499999999998], [30.32375, -0.12700499999999998], [30.32375, 15.872995], [24.32375, 15.872995]], [[30.05149, 15.93617], [30.05149, 31.93617], [24.05149, 31.93617], [24.05149, 15.93617], [30.05149, 15.93617]], [[23.878125, -3.419695], [23.878125, 4.580305], [8.878125, 4.580305000000002], [8.878125, -3.419694999999999], [23.878125, -3.419695]], [[20.125725, -3.389055], [12.125725, -3.389054999999999], [12.125725, -9.389055], [20.125725, -9.389055], [20.125725, -3.389055]]], "node_id": [0, 1, 2, 3, 4, 5]}