{"corners": [[[0.17424, 0.22601], [8.17424, 0.22601], [8.17424, 15.22601], [0.17424, 15.22601], [0.17424, 0.22601]], [[12.23501, 0.22924499999999903], [-3.76499, 0.22924500000000098], [-3.76499, -5.770754999999999], [12.23501, -5.770755000000001], [12.23501, 0.22924499999999903]], [[8.386480000000002, 30.28703], [0.38648000000000177, 30.28703], [0.38648, 15.287030000000001], [8.38648, 15.28703], [8.386480000000002, 30.28703]], [[-7.7423, 4.678205], [0.2577, 4.678205], [0.2577, 10.678205], [-7.7423, 10.678205], [-7.7423, 4.678205]], [[-7.960455, 3.982325], [-7.960454999999999, 11.982325], [-13.960455, 11.982325], [-13.960455, 3.9823250000000003], [-7.960455, 3.982325]]], "node_id": [0, 1, 2, 3, 4]}