{"corners": [[[0.336295, 0.45094], [16.336295, 0.45094], [16.336295, 6.45094], [0.336295, 6.45094], [0.336295, 0.45094]], [[11.313005, 6.155495], [11.313005000000002, 22.155495], [5.313005, 22.155495], [5.313005, 6.155495], [11.313005, 6.155495]], [[16.02799, 7.13117], [16.02799, -0.86883], [31.02799, -0.8688299999999991], [31.02799, 7.131170000000001], [16.02799, 7.13117]], [[20.63289, -0.9992749999999994], [20.63289, -16.999275], [26.63289, -16.999275], [26.63289, -0.999274999999999], [20.63289, -0.9992749999999994]], [[16.33522, 0.426124999999999], [0.33522, 0.426125000000001], [0.33522, -5.573874999999999], [16.33522, -5.573875000000001], [16.33522, 0.426124999999999]], [[4.58878, -11.502275000000001], [20.58878, -11.502275000000001], [20.58878, -5.502275], [4.58878, -5.502275], [4.58878, -11.502275000000001]]], "node_id": [0, 1, 2, 3, 4, 5]}