{"corners": [[[0.41789, 0.265375], [8.41789, 0.265375], [8.41789, 15.265375], [0.41789, 15.265375], [0.41789, 0.265375]], [[0.18812000000000093, 15.076815], [-7.8118799999999995, 15.076815000000002], [-7.81188, 0.07681500000000177], [0.1881199999999991, 0.076815], [0.18812000000000093, 15.076815]], [[0.42156000000000265, 30.21815], [-7.578439999999997, 30.21815], [-7.578439999999999, 15.218150000000001], [0.4215600000000008, 15.21815], [0.42156000000000265, 30.21815]], [[3.8862650000000025, 30.26564], [3.886265000000003, 38.26564], [-11.113734999999997, 38.26564], [-11.113734999999997, 30.26564], [3.8862650000000025, 30.26564]], [[-17.212149999999998, 38.3949], [-17.212149999999998, 30.3949], [-11.212149999999998, 30.3949], [-11.212149999999996, 38.3949], [-17.212149999999998, 38.3949]], [[-3.96224, -5.55021], [12.03776, -5.55021], [12.03776, 0.44979], [-3.96224, 0.44979], [-3.96224, -5.55021]]], "node_id": [0, 1, 2, 3, 4, 5]}