{"corners": [[[0.48175, 0.302645], [8.48175, 0.302645], [8.48175, 15.302645], [0.48175, 15.302645], [0.48175, 0.302645]], [[8.342075, 11.845035], [8.342075, 3.845035], [14.342075, 3.845035], [14.342075, 11.845035], [8.342075, 11.845035]], [[-5.7684750000000005, 15.956765], [-5.768475, -0.04323500000000002], [0.231525, -0.04323500000000002], [0.23152499999999912, 15.956765], [-5.7684750000000005, 15.956765]], [[14.26736, 11.609365], [14.26736, 3.609365], [20.26736, 3.609365], [20.26736, 11.609365], [14.26736, 11.609365]], [[35.07149, 3.807629999999999], [35.07149, 11.80763], [20.07149, 11.80763], [20.07149, 3.80763], [35.07149, 3.807629999999999]], [[1.38265, -0.11663499999999949], [-6.61735, -0.11663500000000043], [-6.617349999999999, -6.116635], [1.3826500000000006, -6.116634999999999], [1.38265, -0.11663499999999949]]], "node_id": [0, 1, 2, 3, 4, 5]}