{"corners": [[[0.283355, 0.259545], [8.283355, 0.259545], [8.283355, 6.259545], [0.283355, 6.259545], [0.283355, 0.259545]], [[0.448225, -5.995385], [8.448225, -5.995385], [8.448225, 0.004615], [0.448225, 0.004615], [0.448225, -5.995385]], [[23.21027, -6.957800000000001], [23.21027, 1.0421999999999991], [8.21027, 1.042200000000001], [8.21027, -6.9578], [23.21027, -6.957800000000001]], [[12.541920000000003, 17.420515], [12.54192, 1.420515], [18.54192, 1.420515], [18.541920000000005, 17.420515], [12.541920000000003, 17.420515]], [[38.336435, -6.684795000000002], [38.336435, 1.3152049999999982], [23.336435, 1.315205], [23.336435, -6.684795000000001], [38.336435, -6.684795000000002]], [[8.05168, -5.523375000000001], [0.05168, -5.523375], [0.05167999999999822, -20.523375], [8.051679999999998, -20.523375], [8.05168, -5.523375000000001]]], "node_id": [0, 1, 2, 3, 4, 5]}