{"corners": [[[0.088575, 0.491695], [16.088575, 0.491695], [16.088575, 6.491695], [0.088575, 6.491695], [0.088575, 0.491695]], [[-15.519135, 0.280935], [0.480865, 0.280935], [0.480865, 6.280935], [-15.519135, 6.280935], [-15.519135, 0.280935]], [[0.040565, -5.99418], [16.040565, -5.99418], [16.040565, 0.00582], [0.040565, 0.00582], [0.040565, -5.99418]], [[16.143775, 0.250355], [24.143775, 0.250355], [24.143775, 6.250355], [16.143775, 6.250355], [16.143775, 0.250355]], [[-7.627225, -5.91867], [0.372775, -5.91867], [0.372775, 0.08133], [-7.627225, 0.08133], [-7.627225, -5.91867]], [[-15.765804999999999, 10.548545], [-23.765805, 10.548545000000003], [-23.765805, -4.451454999999998], [-15.765805, -4.451455], [-15.765804999999999, 10.548545]]], "node_id": [0, 1, 2, 3, 4, 5]}