{"corners": [[[0.366465, 0.094815], [16.366465, 0.094815], [16.366465, 6.094815], [0.366465, 6.094815], [0.366465, 0.094815]], [[22.391, -0.739445], [22.391, 7.260555], [16.391, 7.260555], [16.391, -0.7394449999999997], [22.391, -0.739445]], [[12.426825000000001, 0.4266099999999995], [4.426825, 0.4266100000000005], [4.426824999999998, -14.573389999999998], [12.426824999999997, -14.57339], [12.426825000000001, 0.4266099999999995]], [[16.14379, 12.27175], [0.14379, 12.271750000000003], [0.14379, 6.271750000000002], [16.14379, 6.27175], [16.14379, 12.27175]], [[-15.8304, 6.448365000000005], [0.1696, 6.448365000000002], [0.1696, 12.448365000000003], [-15.830399999999997, 12.448365000000006], [-15.8304, 6.448365000000005]], [[16.40646, -14.810660000000002], [0.4064599999999982, -14.81066], [0.4064599999999982, -20.81066], [16.40646, -20.81066], [16.40646, -14.810660000000002]]], "node_id": [0, 1, 2, 3, 4, 5]}