{"corners": [[[0.275375, 0.116495], [8.275375, 0.116495], [8.275375, 6.116495], [0.275375, 6.116495], [0.275375, 0.116495]], [[-3.33645, 0.39312499999999956], [-3.3364499999999997, -7.606875], [11.66355, -7.606875], [11.66355, 0.39312500000000045], [-3.33645, 0.39312499999999956]], [[8.38431, 0.271455], [24.38431, 0.271455], [24.38431, 6.271455], [8.38431, 6.271455], [8.38431, 0.271455]], [[17.898555, -7.75343], [17.898555, 0.24657], [11.898555, 0.24657], [11.898555, -7.75343], [17.898555, -7.75343]], [[23.86379, -7.708355], [23.86379, 0.291645], [17.86379, 0.291645], [17.86379, -7.708355], [23.86379, -7.708355]], [[-7.675665, 0.43702], [0.324335, 0.43702], [0.324335, 6.43702], [-7.675665, 6.43702], [-7.675665, 0.43702]]], "node_id": [0, 1, 2, 3, 4, 5]}