{"corners": [[[0.240445, 0.34986], [16.240445, 0.34986], [16.240445, 6.34986], [0.240445, 6.34986], [0.240445, 0.34986]], [[12.147795, 0.3918099999999995], [4.147795, 0.3918100000000005], [4.147794999999999, -14.608189999999999], [12.147794999999999, -14.60819], [12.147795, 0.3918099999999995]], [[4.046454999999999, 0.01417], [-3.953545000000001, 0.01417000000000098], [-3.9535450000000028, -14.985829999999998], [4.046454999999997, -14.98583], [4.046454999999999, 0.01417]], [[-9.577155000000001, -3.011754999999998], [-9.577155000000003, -11.011754999999999], [-3.5771550000000034, -11.011755], [-3.5771550000000016, -3.011754999999999], [-9.577155000000001, -3.011754999999998]], [[16.37646, 0.394045], [32.37646, 0.394045], [32.37646, 6.394045], [16.37646, 6.394045], [16.37646, 0.394045]], [[-9.724889999999998, 12.930245000000001], [-9.724890000000002, -3.069754999999998], [-3.7248900000000007, -3.069754999999998], [-3.724889999999998, 12.930245], [-9.724889999999998, 12.930245000000001]]], "node_id": [0, 1, 2, 3, 4, 5]}