{"corners": [[[0.19789, 0.08545], [16.19789, 0.08545], [16.19789, 6.08545], [0.19789, 6.08545], [0.19789, 0.08545]], [[0.09818000000000036, 6.38791], [-15.90182, 6.3879100000000015], [-15.90182, 0.38791000000000175], [0.09817999999999964, 0.38791], [0.09818000000000036, 6.38791]], [[22.219535, -4.72659], [22.219535, 11.27341], [16.219535, 11.27341], [16.219535, -4.72659], [22.219535, -4.72659]], [[22.190115, 0.33687], [30.190115, 0.33687], [30.190115, 6.33687], [22.190115, 6.33687], [22.190115, 0.33687]], [[0.5065999999999992, 14.46537], [0.5065999999999996, 6.46537], [15.5066, 6.465370000000001], [15.5066, 14.465370000000002], [0.5065999999999992, 14.46537]], [[15.59238, 14.07885], [15.59238, 22.07885], [0.59238, 22.07885], [0.59238, 14.078850000000001], [15.59238, 14.07885]]], "node_id": [0, 1, 2, 3, 4, 5]}