{"corners": [[[0.477635, 0.42543], [16.477635, 0.42543], [16.477635, 6.42543], [0.477635, 6.42543], [0.477635, 0.42543]], [[11.402845, 6.336975], [11.402845, 14.336975], [5.402845000000001, 14.336975], [5.402845, 6.336975], [11.402845, 6.336975]], [[0.08456000000000036, 6.292565], [-15.91544, 6.2925650000000015], [-15.91544, 0.2925650000000018], [0.08455999999999964, 0.292565], [0.08456000000000036, 6.292565]], [[12.245005, 0.2466999999999995], [4.245005, 0.2467000000000005], [4.245005, -5.7533], [12.245005, -5.753300000000001], [12.245005, 0.2466999999999995]], [[5.2756799999999995, -5.702634999999999], [5.275679999999998, -13.702635], [11.275679999999996, -13.702635], [11.27568, -5.702635], [5.2756799999999995, -5.702634999999999]]], "node_id": [0, 1, 2, 3, 4]}