{"corners": [[[0.076465, 0.079225], [8.076465, 0.079225], [8.076465, 6.079225], [0.076465, 6.079225], [0.076465, 0.079225]], [[-14.825355, 7.331779999999999], [-14.825355, -0.6682200000000009], [0.174645, -0.66822], [0.174645, 7.33178], [-14.825355, 7.331779999999999]], [[-14.6473, 6.078704999999999], [-30.6473, 6.078704999999998], [-30.6473, 0.07870499999999733], [-14.6473, 0.07870499999999911], [-14.6473, 6.078704999999999]], [[8.10933, 12.437245], [0.10933, 12.437245000000003], [0.10933, 6.437245000000001], [8.10933, 6.437245], [8.10933, 12.437245]], [[0.41292, 12.273065000000003], [8.41292, 12.273065], [8.412920000000002, 18.273065], [0.41292000000000145, 18.273065], [0.41292, 12.273065000000003]], [[-30.543875, -0.7980700000000027], [-30.543875, 7.201929999999997], [-45.543875, 7.201929999999995], [-45.543875, -0.7980700000000054], [-30.543875, -0.7980700000000027]]], "node_id": [0, 1, 2, 3, 4, 5]}