{"corners": [[[0.45671, 0.380025], [8.45671, 0.380025], [8.45671, 6.380025], [0.45671, 6.380025], [0.45671, 0.380025]], [[0.28801500000000096, 10.62126], [-7.711984999999999, 10.621260000000001], [-7.711985, -4.378739999999998], [0.2880149999999991, -4.37874], [0.28801500000000096, 10.62126]], [[1.3546749999999992, 22.080655], [1.354675, 6.080655], [7.354675, 6.080655], [7.354674999999999, 22.080655], [1.3546749999999992, 22.080655]], [[-7.64292, 6.338245000000001], [-23.64292, 6.338245000000002], [-23.64292, 0.3382450000000027], [-7.64292, 0.3382450000000009], [-7.64292, 6.338245000000001]], [[-0.7858599999999991, 10.87069], [-0.7858599999999987, 18.87069], [-6.785859999999998, 18.87069], [-6.78586, 10.87069], [-0.7858599999999991, 10.87069]], [[-7.59257, 0.08136000000000079], [-23.59257, 0.08136000000000276], [-23.59257, -5.918639999999997], [-7.59257, -5.918639999999999], [-7.59257, 0.08136000000000079]]], "node_id": [0, 1, 2, 3, 4, 5]}