{"corners": [[[0.181095, 0.388655], [8.181095, 0.388655], [8.181095, 6.388655], [0.181095, 6.388655], [0.181095, 0.388655]], [[-3.262560000000001, 14.00879], [-3.2625600000000006, 6.00879], [11.73744, 6.008790000000001], [11.73744, 14.008790000000001], [-3.262560000000001, 14.00879]], [[8.067235, 0.393325], [24.067235, 0.393325], [24.067235, 6.393325], [8.067235, 6.393325], [8.067235, 0.393325]], [[8.22474, 0.4717249999999995], [0.22474, 0.4717250000000005], [0.22474, -5.528275], [8.224739999999999, -5.528275000000001], [8.22474, 0.4717249999999995]], [[23.676645, -7.722025], [23.676645, 0.277975], [8.676645, 0.2779750000000018], [8.676645, -7.7220249999999995], [23.676645, -7.722025]], [[-7.972225, 0.395075], [0.027775, 0.395075], [0.027775, 6.395075], [-7.972225, 6.395075], [-7.972225, 0.395075]], [[39.96674, -0.9076200000000018], [23.96674, -0.9076199999999998], [23.96674, -6.90762], [39.96674, -6.907620000000001], [39.96674, -0.9076200000000018]]], "node_id": [0, 1, 2, 3, 4, 5, 6]}