{"corners": [[[0.472305, 0.348575], [8.472305, 0.348575], [8.472305, 15.348575], [0.472305, 15.348575], [0.472305, 0.348575]], [[-3.126640000000001, 23.2495], [-3.1266400000000005, 15.2495], [11.87336, 15.2495], [11.87336, 23.2495], [-3.126640000000001, 23.2495]], [[11.638285, 27.091165], [11.638285000000002, 11.091165], [17.638285, 11.091165], [17.638285, 27.091165], [11.638285, 27.091165]], [[11.917805, 43.292105], [11.917805000000001, 27.292105], [17.917805, 27.292105], [17.917805, 43.292105], [11.917805, 43.292105]], [[0.36364999999999975, 3.608725], [0.3636500000000002, 11.608725], [-5.636349999999999, 11.608725], [-5.63635, 3.6087250000000006], [0.36364999999999975, 3.608725]], [[11.5636, 11.16565], [11.5636, 3.16565], [17.5636, 3.16565], [17.5636, 11.16565], [11.5636, 11.16565]], [[17.694955, -0.10054000000000002], [25.694955, -0.10054000000000002], [25.694955, 14.89946], [17.694955, 14.89946], [17.694955, -0.10054000000000002]]], "node_id": [0, 1, 2, 3, 4, 5, 6]}