{"corners": [[[0.019815, 0.38965], [16.019815, 0.38965], [16.019815, 6.38965], [0.019815, 6.38965], [0.019815, 0.38965]], [[24.44452, 10.64415], [16.44452, 10.644150000000002], [16.444519999999997, -4.3558499999999984], [24.444519999999997, -4.35585], [24.44452, 10.64415]], [[24.47978, 7.4648], [24.47978, -0.5352], [30.47978, -0.5352000000000018], [30.47978, 7.464799999999999], [24.47978, 7.4648]], [[30.13272, 7.083874999999999], [30.13272, -0.9161250000000009], [36.13272, -0.9161250000000026], [36.13272, 7.083874999999998], [30.13272, 7.083874999999999]], [[12.025675, 10.836505000000002], [28.025675, 10.836504999999999], [28.025675, 16.836505], [12.025675000000001, 16.836505], [12.025675, 10.836505000000002]], [[25.210305, -6.659884999999999], [41.210305, -6.659885000000003], [41.210305, -0.6598850000000027], [25.210305, -0.6598849999999992], [25.210305, -6.659884999999999]], [[36.338044999999994, -22.71919], [36.338045, -6.71919], [30.338045, -6.719189999999997], [30.338044999999994, -22.719189999999998], [36.338044999999994, -22.71919]]], "node_id": [0, 1, 2, 3, 4, 5, 6]}