{"corners": [[[0.379775, 0.13356], [8.379775, 0.13356], [8.379775, 15.13356], [0.379775, 15.13356], [0.379775, 0.13356]], [[0.0793, 15.05686], [8.0793, 15.05686], [8.0793, 30.05686], [0.0793, 30.05686], [0.0793, 15.05686]], [[12.155245, 0.036379999999999024], [-3.844755, 0.03638000000000098], [-3.844755, -5.963619999999999], [12.155245, -5.963620000000001], [12.155245, 0.036379999999999024]], [[0.45240999999999976, 18.984195], [0.4524100000000002, 26.984195], [-5.54759, 26.984195], [-5.54759, 18.984195], [0.45240999999999976, 18.984195]], [[-11.965864999999999, 30.911835], [-11.965865000000003, 14.911835], [-5.965865000000001, 14.911835], [-5.965864999999998, 30.911835], [-11.965864999999999, 30.911835]], [[7.114935, 30.054825], [7.114935000000001, 38.054825], [1.114935000000001, 38.054825], [1.114935, 30.054825], [7.114935, 30.054825]], [[1.3356700000000004, 37.43263], [-6.66433, 37.43263], [-6.66433, 31.43263], [1.3356699999999997, 31.43263], [1.3356700000000004, 37.43263]]], "node_id": [0, 1, 2, 3, 4, 5, 6]}