{"corners": [[[0.48838, 0.251665], [16.48838, 0.251665], [16.48838, 6.251665], [0.48838, 6.251665], [0.48838, 0.251665]], [[31.474425, -0.9110300000000009], [31.474425, 7.088969999999999], [16.474425, 7.088970000000001], [16.474425, -0.91103], [31.474425, -0.9110300000000009]], [[19.906815, -6.86804], [27.906815, -6.86804], [27.906815, -0.86804], [19.906815, -0.86804], [19.906815, -6.86804]], [[0.382955, 6.09628], [16.382955, 6.09628], [16.382955, 12.09628], [0.382955, 12.09628], [0.382955, 6.09628]], [[0.3323699999999995, 1.436525], [0.3323700000000005, 17.436525], [-5.66763, 17.436525], [-5.667630000000001, 1.4365250000000005], [0.3323699999999995, 1.436525]], [[16.402635, 0.22873499999999902], [0.402635, 0.22873500000000097], [0.402635, -5.771264999999999], [16.402635, -5.7712650000000005], [16.402635, 0.22873499999999902]], [[0.6441250000000001, -5.6099549999999985], [0.6441249999999985, -13.609954999999998], [15.644124999999999, -13.609955000000001], [15.644125, -5.609955000000001], [0.6441250000000001, -5.6099549999999985]]], "node_id": [0, 1, 2, 3, 4, 5, 6]}