{"corners": [[[0.360045, 0.405515], [8.360045, 0.405515], [8.360045, 15.405515], [0.360045, 15.405515], [0.360045, 0.405515]], [[7.409279999999999, -15.54401], [7.40928, 0.45599], [1.4092799999999999, 0.45599], [1.409279999999999, -15.54401], [7.409279999999999, -15.54401]], [[7.45395, -15.28348], [15.45395, -15.28348], [15.45395, -0.28348], [7.45395, -0.28348], [7.45395, -15.28348]], [[-5.691000000000001, 15.809775], [-5.691, -0.19022499999999998], [0.309, -0.19022499999999998], [0.3089999999999991, 15.809775], [-5.691000000000001, 15.809775]], [[15.086155, -3.872835], [15.086155, -11.872835], [30.086155, -11.872835], [30.086155, -3.872834999999999], [15.086155, -3.872835]], [[0.2204049999999991, -21.574525], [8.220405, -21.574525], [8.220405, -15.574525], [0.2204049999999991, -15.574525], [0.2204049999999991, -21.574525]], [[19.7141, -11.70678], [19.7141, -27.70678], [25.7141, -27.70678], [25.7141, -11.70678], [19.7141, -11.70678]]], "node_id": [0, 1, 2, 3, 4, 5, 6]}