{"corners": [[[0.118545, 0.293545], [8.118545, 0.293545], [8.118545, 15.293545], [0.118545, 15.293545], [0.118545, 0.293545]], [[-7.665455, 4.73163], [0.334545, 4.73163], [0.334545, 10.73163], [-7.665455, 10.73163], [-7.665455, 4.73163]], [[0.315905, -5.641955], [8.315905, -5.641955], [8.315905, 0.358045], [0.315905, 0.358045], [0.315905, -5.641955]], [[0.24943000000000093, 4.567795], [-7.750569999999999, 4.567795000000001], [-7.75057, -10.432204999999998], [0.2494299999999991, -10.432205], [0.24943000000000093, 4.567795]], [[8.0711, -10.03424], [16.0711, -10.03424], [16.0711, 4.96576], [8.0711, 4.96576], [8.0711, -10.03424]]], "node_id": [0, 1, 2, 3, 4]}