{"corners": [[[0.242985, 0.165895], [8.242985000000001, 0.165895], [8.242985000000001, 15.165895], [0.242985, 15.165895], [0.242985, 0.165895]], [[0.07607, 15.02471], [8.07607, 15.02471], [8.07607, 21.02471], [0.07607, 21.02471], [0.07607, 15.02471]], [[8.278965, 11.85445], [8.278965, 3.85445], [14.278965, 3.85445], [14.278965, 11.85445], [8.278965, 11.85445]], [[-15.869175, 4.78821], [0.130825, 4.78821], [0.130825, 10.78821], [-15.869175, 10.78821], [-15.869175, 4.78821]], [[14.25917, 14.19374], [14.25917, 22.19374], [8.25917, 22.19374], [8.25917, 14.19374], [14.25917, 14.19374]], [[-4.66462, -3.23305], [-4.664619999999999, 4.76695], [-10.66462, 4.76695], [-10.66462, -3.2330499999999995], [-4.66462, -3.23305]], [[-30.89234, 11.99546], [-30.89234, 3.99546], [-15.89234, 3.995460000000001], [-15.89234, 11.995460000000001], [-30.89234, 11.99546]]], "node_id": [0, 1, 2, 3, 4, 5, 6]}