{"corners": [[[0.087335, 0.1724], [16.087335, 0.1724], [16.087335, 6.1724], [0.087335, 6.1724], [0.087335, 0.1724]], [[16.017295, 12.292785], [0.017295, 12.292785000000002], [0.017295, 6.292785000000002], [16.017295, 6.292785], [16.017295, 12.292785]], [[16.34898, 6.03855], [24.34898, 6.038549999999998], [24.34898, 12.038549999999999], [16.34898, 12.03855], [16.34898, 6.03855]], [[-7.728825, 0.12544], [0.271175, 0.12544], [0.271175, 6.12544], [-7.728825, 6.12544], [-7.728825, 0.12544]], [[32.296185, 6.4838049999999985], [16.296185, 6.483805], [16.296185, 0.483805], [32.296185, 0.4838049999999982], [32.296185, 6.4838049999999985]], [[11.3729, 12.440095000000001], [11.372900000000001, 28.440095], [5.372900000000001, 28.440095], [5.3729, 12.440095000000001], [11.3729, 12.440095000000001]], [[5.494970000000001, 23.382345], [-2.505029999999999, 23.382345], [-2.505029999999999, 17.382345], [5.49497, 17.382345], [5.494970000000001, 23.382345]]], "node_id": [0, 1, 2, 3, 4, 5, 6]}