{"corners": [[[0.02246, 0.28661], [16.02246, 0.28661], [16.02246, 6.28661], [0.02246, 6.28661], [0.02246, 0.28661]], [[16.45918, 7.165095], [16.45918, -0.834905], [31.45918, -0.8349049999999991], [31.45918, 7.165095000000001], [16.45918, 7.165095]], [[0.12308000000000091, 10.982585], [-7.876919999999999, 10.982585000000002], [-7.87692, -4.017414999999998], [0.12307999999999908, -4.017415], [0.12308000000000091, 10.982585]], [[-7.701795, 6.001800000000001], [-23.701795, 6.001800000000003], [-23.701795, 0.0018000000000026645], [-7.701795, 0.0018000000000008881], [-7.701795, 6.001800000000001]], [[5.083929999999999, 22.299885], [5.08393, 6.299885], [11.08393, 6.299885], [11.08393, 22.299885], [5.083929999999999, 22.299885]], [[27.223505, 17.338625], [11.223505, 17.338624999999997], [11.223505, 11.338624999999999], [27.223505, 11.338625], [27.223505, 17.338625]], [[-12.758465, 6.459405000000002], [-12.758465, 14.459405000000002], [-18.758465, 14.459405000000002], [-18.758465, 6.459405000000002], [-12.758465, 6.459405000000002]]], "node_id": [0, 1, 2, 3, 4, 5, 6]}