{"corners": [[[0.3743, 0.174745], [16.3743, 0.174745], [16.3743, 6.174745], [0.3743, 6.174745], [0.3743, 0.174745]], [[4.093245, 6.480565], [12.093245, 6.480565], [12.093245, 21.480565], [4.093245, 21.480565], [4.093245, 6.480565]], [[16.35032, 27.043275], [0.35032, 27.043275000000005], [0.35032, 21.043275], [16.35032, 21.043275], [16.35032, 27.043275]], [[-5.94776, 7.436275], [-5.947759999999999, -0.563725], [0.05224000000000089, -0.563725], [0.05224, 7.436275], [-5.94776, 7.436275]], [[0.9882800000000018, 35.159115], [0.9882800000000003, 27.159115], [15.98828, 27.159114999999996], [15.988280000000001, 35.159115], [0.9882800000000018, 35.159115]], [[-15.82047, 21.078105000000004], [0.17953, 21.078105], [0.17953, 27.078105], [-15.820469999999998, 27.078105000000004], [-15.82047, 21.078105000000004]], [[-15.761809999999997, 31.788890000000002], [-23.761809999999997, 31.788890000000006], [-23.76181, 16.788890000000006], [-15.761810000000004, 16.788890000000002], [-15.761809999999997, 31.788890000000002]]], "node_id": [0, 1, 2, 3, 4, 5, 6]}