{"corners": [[[0.269615, 0.139605], [8.269615, 0.139605], [8.269615, 15.139605], [0.269615, 15.139605], [0.269615, 0.139605]], [[-3.917375, -5.56947], [12.082625, -5.56947], [12.082625, 0.43053], [-3.917375, 0.43053], [-3.917375, -5.56947]], [[12.442395, -10.471095], [20.442395, -10.471095], [20.442395, 4.528905], [12.442395, 4.528905], [12.442395, -10.471095]], [[-7.974625, 4.668205], [0.025375, 4.668205], [0.025375, 10.668205], [-7.974625, 10.668205], [-7.974625, 4.668205]], [[-6.7626800000000005, 26.527475], [-6.76268, 10.527475], [-0.76268, 10.527475], [-0.7626800000000009, 26.527475], [-6.7626800000000005, 26.527475]], [[-7.77095, 26.963425], [0.22905, 26.963425], [0.22905, 41.963425], [-7.77095, 41.963425], [-7.77095, 26.963425]], [[8.86227, -10.0339], [8.86227, -18.0339], [23.86227, -18.0339], [23.86227, -10.033899999999997], [8.86227, -10.0339]]], "node_id": [0, 1, 2, 3, 4, 5, 6]}