{"corners": [[[0.038465, 0.33833], [16.038465, 0.33833], [16.038465, 6.33833], [0.038465, 6.33833], [0.038465, 0.33833]], [[0.4898500000000004, 6.352195], [-15.51015, 6.352195000000002], [-15.51015, 0.35219500000000176], [0.4898499999999996, 0.352195], [0.4898500000000004, 6.352195]], [[-10.886355, 0.14232500000000145], [-10.886355000000004, -15.857674999999999], [-4.886355000000003, -15.857674999999999], [-4.886355, 0.14232500000000034], [-10.886355, 0.14232500000000145]], [[24.24076, 6.1091999999999995], [16.24076, 6.1092], [16.24076, 0.1092], [24.24076, 0.10919999999999912], [24.24076, 6.1091999999999995]], [[0.410215, 12.14622], [-15.589785, 12.146220000000001], [-15.589785, 6.146220000000001], [0.4102149999999993, 6.14622], [0.410215, 12.14622]]], "node_id": [0, 1, 2, 3, 4]}