{"corners": [[[0.194455, 0.421625], [8.194455, 0.421625], [8.194455, 15.421625], [0.194455, 15.421625], [0.194455, 0.421625]], [[12.26748, 21.19164], [-3.73252, 21.191640000000003], [-3.73252, 15.191640000000001], [12.26748, 15.19164], [12.26748, 21.19164]], [[-3.0313649999999983, 29.335895], [-3.0313649999999996, 21.335895], [11.968635, 21.335894999999997], [11.968635000000003, 29.335894999999997], [-3.0313649999999983, 29.335895]], [[8.35627, 0.2540599999999995], [0.35627, 0.2540600000000005], [0.3562699999999982, -14.745939999999997], [8.356269999999999, -14.74594], [8.35627, 0.2540599999999995]], [[-3.7298499999999994, 21.313685], [-11.72985, 21.313685], [-11.72985, 15.313685], [-3.72985, 15.313685], [-3.7298499999999994, 21.313685]], [[19.68543, 28.113859999999995], [11.68543, 28.113859999999995], [11.68543, 22.113859999999995], [19.68543, 22.113859999999995], [19.68543, 28.113859999999995]], [[27.83573, 32.99243499999999], [19.83573, 32.99243499999999], [19.83573, 17.992434999999993], [27.835729999999998, 17.992434999999993], [27.83573, 32.99243499999999]]], "node_id": [0, 1, 2, 3, 4, 5, 6]}