{"corners": [[[0.16474, 0.23512], [16.16474, 0.23512], [16.16474, 6.23512], [0.16474, 6.23512], [0.16474, 0.23512]], [[0.004444999999999756, -0.559955], [0.004445000000000245, 7.440045], [-5.9955549999999995, 7.440045], [-5.995555, -0.5599549999999996], [0.004444999999999756, -0.559955]], [[0.136225, 7.019505], [0.1362250000000005, 15.019505], [-5.8637749999999995, 15.019505], [-5.863775, 7.019505], [0.136225, 7.019505]], [[-20.67493, 15.318575000000003], [-20.67493, 7.318575000000004], [-5.674930000000002, 7.318575], [-5.67493, 15.318575], [-20.67493, 15.318575000000003]], [[12.418740000000001, 21.112465], [4.4187400000000014, 21.112465], [4.41874, 6.112465000000002], [12.41874, 6.112465], [12.418740000000001, 21.112465]], [[-20.550260000000005, 3.400660000000004], [-20.55026, 19.400660000000002], [-26.55026, 19.400660000000006], [-26.550260000000005, 3.4006600000000056], [-20.550260000000005, 3.400660000000004]], [[-10.006585, 15.05771], [-10.006584999999994, 31.05771], [-16.006584999999994, 31.057710000000004], [-16.006585, 15.057710000000002], [-10.006585, 15.05771]]], "node_id": [0, 1, 2, 3, 4, 5, 6]}