{"corners": [[[0.24642, 0.42603], [8.24642, 0.42603], [8.24642, 15.42603], [0.24642, 15.42603], [0.24642, 0.42603]], [[8.080195, 11.755045], [8.080195, 3.755045], [23.080195, 3.755045000000001], [23.080195, 11.755045000000003], [8.080195, 11.755045]], [[0.4301, 15.127], [8.4301, 15.127], [8.4301, 30.127], [0.4301, 30.127], [0.4301, 15.127]], [[8.461045, 19.975], [24.461045, 19.975], [24.461045, 25.975], [8.461045, 25.975], [8.461045, 19.975]], [[24.323305, 26.69885], [24.323305, 18.69885], [39.323305, 18.69885], [39.323305, 26.69885], [24.323305, 26.69885]], [[35.74054, 18.552475], [27.74054, 18.552475], [27.74054, 12.552475], [35.74054, 12.552475], [35.74054, 18.552475]], [[23.07808, 4.726805000000001], [39.07808, 4.726805000000001], [39.07808, 10.726805], [23.07808, 10.726805], [23.07808, 4.726805000000001]]], "node_id": [0, 1, 2, 3, 4, 5, 6]}