{"corners": [[[0.115205, 0.2512], [8.115205, 0.2512], [8.115205, 15.2512], [0.115205, 15.2512], [0.115205, 0.2512]], [[11.99716, -7.888155], [11.99716, 0.111845], [-3.00284, 0.11184500000000178], [-3.00284, -7.888154999999999], [11.99716, -7.888155]], [[16.359415, 10.820545], [8.359415, 10.820545000000001], [8.359415, 4.820545000000001], [16.359415, 4.820545], [16.359415, 10.820545]], [[16.122375, 4.71579], [32.122375, 4.715789999999997], [32.122375, 10.715789999999997], [16.122375, 10.71579], [16.122375, 4.71579]], [[8.269425, -7.748805], [0.269425, -7.748804999999999], [0.26942499999999825, -22.748805], [8.269424999999998, -22.748805], [8.269425, -7.748805]], [[0.01573, 15.03421], [8.01573, 15.03421], [8.01573, 21.03421], [0.01573, 21.03421], [0.01573, 15.03421]], [[15.39189, 10.602185], [15.391890000000002, 26.602185], [9.39189, 26.602185], [9.39189, 10.602185], [15.39189, 10.602185]]], "node_id": [0, 1, 2, 3, 4, 5, 6]}