{"corners": [[[0.05726, 0.32429], [16.05726, 0.32429], [16.05726, 6.32429], [0.05726, 6.32429], [0.05726, 0.32429]], [[24.086715, 10.5588], [16.086715, 10.558800000000002], [16.086714999999998, -4.4411999999999985], [24.086714999999998, -4.4412], [24.086715, 10.5588]], [[12.713300000000002, 18.743365], [12.7133, 10.743365], [27.7133, 10.743364999999997], [27.7133, 18.743364999999997], [12.713300000000002, 18.743365]], [[32.006735, 6.484409999999999], [24.006735, 6.4844100000000005], [24.006735, 0.48441], [32.006735, 0.4844099999999991], [32.006735, 6.484409999999999]], [[24.194595, 33.549385], [16.194595, 33.549385], [16.194595, 18.549385], [24.194594999999996, 18.549385], [24.194595, 33.549385]], [[1.3376149999999982, 30.164395000000003], [1.337614999999997, 22.164395000000003], [16.337614999999996, 22.164395], [16.337615, 30.164395], [1.3376149999999982, 30.164395000000003]], [[4.35272, 6.32042], [12.35272, 6.32042], [12.35272, 12.32042], [4.35272, 12.32042], [4.35272, 6.32042]]], "node_id": [0, 1, 2, 3, 4, 5, 6]}