{"corners": [[[0.239675, 0.48205], [8.239675, 0.48205], [8.239675, 15.48205], [0.239675, 15.48205], [0.239675, 0.48205]], [[1.313585, 0.2469249999999998], [1.313585000000001, -15.753075], [7.313585000000001, -15.753075], [7.313585, 0.2469250000000002], [1.313585, 0.2469249999999998]], [[15.401835, -0.16756499999999913], [7.401835, -0.16756500000000013], [7.401835000000002, -15.167565], [15.401835000000002, -15.167565], [15.401835, -0.16756499999999913]], [[-13.93504, -3.861540000000001], [-13.93504, -11.86154], [1.06496, -11.86154], [1.06496, -3.86154], [-13.93504, -3.861540000000001]], [[8.454155000000002, -15.484935], [8.454155000000002, -23.484935], [14.454155000000004, -23.484935], [14.454155000000002, -15.484935], [8.454155000000002, -15.484935]], [[0.21628999999999976, 3.97374], [0.21629000000000026, 11.97374], [-5.783709999999999, 11.97374], [-5.78371, 3.9737400000000003], [0.21628999999999976, 3.97374]], [[7.164715, 15.0374], [7.164715000000001, 31.0374], [1.1647150000000008, 31.0374], [1.164715, 15.0374], [7.164715, 15.0374]]], "node_id": [0, 1, 2, 3, 4, 5, 6]}