{"corners": [[[0.110035, 0.173595], [8.110035, 0.173595], [8.110035, 15.173595], [0.110035, 15.173595], [0.110035, 0.173595]], [[8.083599999999999, 15.800795], [8.0836, -0.19920500000000002], [14.0836, -0.19920500000000002], [14.0836, 15.800795], [8.083599999999999, 15.800795]], [[14.12727, 11.52394], [14.12727, 3.52394], [20.12727, 3.52394], [20.12727, 11.52394], [14.12727, 11.52394]], [[7.18391, -15.271565], [15.18391, -15.271565], [15.18391, -0.271565], [7.18391, -0.271565], [7.18391, -15.271565]], [[7.243795000000001, -0.479165], [-0.7562049999999991, -0.479164999999999], [-0.7562050000000009, -15.479164999999998], [7.2437949999999995, -15.479165], [7.243795000000001, -0.479165]], [[7.44848, 15.107625], [7.448480000000001, 31.107625], [1.4484800000000009, 31.107625], [1.44848, 15.107625], [7.44848, 15.107625]], [[23.13202, -4.709105000000001], [15.13202, -4.709105], [15.13202, -10.709105], [23.13202, -10.709105], [23.13202, -4.709105000000001]]], "node_id": [0, 1, 2, 3, 4, 5, 6]}