{"corners": [[[0.37148, 0.45546], [8.37148, 0.45546], [8.37148, 6.45546], [0.37148, 6.45546], [0.37148, 0.45546]], [[0.145575, 6.25499], [8.145575000000001, 6.25499], [8.145575000000001, 12.25499], [0.145575, 12.25499], [0.145575, 6.25499]], [[0.42841500000000093, 16.58068], [-7.571584999999999, 16.58068], [-7.571585, 1.5806800000000019], [0.42841499999999905, 1.58068], [0.42841500000000093, 16.58068]], [[0.37689000000000267, 31.81971], [-7.623109999999997, 31.81971], [-7.623109999999999, 16.81971], [0.37689000000000084, 16.81971], [0.37689000000000267, 31.81971]], [[-7.669079999999999, 27.283095], [-15.66908, 27.283095], [-15.66908, 21.283095], [-7.66908, 21.283095], [-7.669079999999999, 27.283095]], [[-7.78822, 21.216615], [-15.78822, 21.216615], [-15.78822, 15.216615000000001], [-7.78822, 15.216615000000001], [-7.78822, 21.216615]], [[-3.426405, 0.15097999999999953], [-3.4264049999999995, -7.84902], [11.573595, -7.84902], [11.573595, 0.15098000000000047], [-3.426405, 0.15097999999999953]]], "node_id": [0, 1, 2, 3, 4, 5, 6]}