{"corners": [[[0.280055, 0.28092], [8.280055, 0.28092], [8.280055, 15.28092], [0.280055, 15.28092], [0.280055, 0.28092]], [[-3.370095, 0.37244999999999956], [-3.3700949999999996, -7.62755], [11.629905, -7.62755], [11.629905, 0.37245000000000045], [-3.370095, 0.37244999999999956]], [[-3.430004999999999, -7.82714], [-3.4300049999999986, -15.82714], [11.569995, -15.82714], [11.569995, -7.827139999999999], [-3.430004999999999, -7.82714]], [[11.911445, -14.64145], [19.911445, -14.64145], [19.911445, -8.64145], [11.911445, -8.64145], [11.911445, -14.64145]], [[34.513615, -15.573835], [34.513615, -7.573835], [19.513615, -7.573834999999998], [19.513615, -15.573834999999999], [34.513615, -15.573835]], [[8.457745000000001, -15.798905], [0.4577450000000018, -15.798905], [0.45774500000000357, -30.798905], [8.457745000000003, -30.798905], [8.457745000000001, -15.798905]], [[23.111695, -21.649785], [31.111695, -21.649785], [31.111695, -15.649785], [23.111695, -15.649785], [23.111695, -21.649785]]], "node_id": [0, 1, 2, 3, 4, 5, 6]}