{"corners": [[[0.21058, 0.230485], [8.21058, 0.230485], [8.21058, 15.230485], [0.21058, 15.230485], [0.21058, 0.230485]], [[1.13834, 0.43660999999999983], [1.1383400000000008, -15.56339], [7.138340000000001, -15.56339], [7.13834, 0.43661000000000016], [1.13834, 0.43660999999999983]], [[-13.75009, -3.697035000000001], [-13.75009, -11.697035], [1.24991, -11.697035], [1.24991, -3.697035], [-13.75009, -3.697035000000001]], [[-10.255595, -3.90663], [-2.255595, -3.90663], [-2.255595, 11.09337], [-10.255595, 11.09337], [-10.255595, -3.90663]], [[-2.368259999999998, 26.22438], [-10.368259999999998, 26.22438], [-10.36826, 11.224380000000002], [-2.36826, 11.22438], [-2.368259999999998, 26.22438]]], "node_id": [0, 1, 2, 3, 4]}