{"corners": [[[0.11964, 0.42218], [16.11964, 0.42218], [16.11964, 6.42218], [0.11964, 6.42218], [0.11964, 0.42218]], [[-14.55898, 7.373914999999999], [-14.55898, -0.6260850000000009], [0.44102, -0.626085], [0.44102, 7.373915], [-14.55898, 7.373914999999999]], [[-10.3566, -0.5456650000000003], [-10.356599999999998, -16.545665], [-4.356599999999999, -16.545665], [-4.3566, -0.5456649999999998], [-10.3566, -0.5456650000000003]], [[5.466335, 0.46902999999999984], [5.466335000000001, -7.53097], [11.466335, -7.53097], [11.466335, 0.46903000000000017], [5.466335, 0.46902999999999984]], [[22.23006, -4.733015], [22.23006, 11.266985], [16.23006, 11.266985], [16.23006, -4.733015], [22.23006, -4.733015]], [[-10.26861, -12.832215], [-10.26861, -4.832215], [-16.26861, -4.832215], [-16.26861, -12.832215], [-10.26861, -12.832215]], [[27.497175, -4.713550000000001], [11.497175, -4.713549999999999], [11.497175, -10.71355], [27.497175, -10.71355], [27.497175, -4.713550000000001]]], "node_id": [0, 1, 2, 3, 4, 5, 6]}