{"corners": [[[0.232095, 0.48913], [16.232095, 0.48913], [16.232095, 6.48913], [0.232095, 6.48913], [0.232095, 0.48913]], [[16.237235, -4.481565], [24.237235, -4.481565], [24.237235, 10.518435], [16.237235, 10.518435], [16.237235, -4.481565]], [[4.2844, 6.04229], [12.2844, 6.04229], [12.2844, 21.04229], [4.2844, 21.04229], [4.2844, 6.04229]], [[12.109235, 10.937525], [28.109235, 10.937525], [28.109235, 16.937525], [12.109235, 16.937525], [12.109235, 10.937525]], [[-11.683185, 10.94867], [4.316815, 10.94867], [4.316815, 16.94867], [-11.683185, 16.94867], [-11.683185, 10.94867]], [[4.32348, -14.50505], [12.32348, -14.50505], [12.32348, 0.49495], [4.32348, 0.49495], [4.32348, -14.50505]], [[-10.551285, -3.174850000000001], [-10.551285, -11.17485], [4.448715, -11.17485], [4.448715, -3.17485], [-10.551285, -3.174850000000001]]], "node_id": [0, 1, 2, 3, 4, 5, 6]}