{"corners": [[[0.338335, 0.495235], [8.338335, 0.495235], [8.338335, 15.495235], [0.338335, 15.495235], [0.338335, 0.495235]], [[12.144275, 21.20878], [-3.855725, 21.208780000000004], [-3.855725, 15.208780000000003], [12.144275, 15.20878], [12.144275, 21.20878]], [[-7.597315, 4.761355], [0.402685, 4.761355], [0.402685, 10.761355], [-7.597315, 10.761355], [-7.597315, 4.761355]], [[-13.95459, 11.604135], [-13.95459, 3.604135], [-7.954589999999999, 3.604135], [-7.95459, 11.604135], [-13.95459, 11.604135]], [[-14.768665, 11.8003], [-6.768665, 11.8003], [-6.768665, 17.8003], [-14.768665, 17.8003], [-14.768665, 11.8003]], [[-7.53317, 17.779305], [-7.533169999999999, 25.779305], [-13.53317, 25.779305], [-13.53317, 17.779305], [-7.53317, 17.779305]], [[1.3500650000000014, 29.44818], [1.3500649999999998, 21.44818], [7.350065, 21.44818], [7.350065000000002, 29.44818], [1.3500650000000014, 29.44818]]], "node_id": [0, 1, 2, 3, 4, 5, 6]}