{"corners": [[[0.026115, 0.409785], [8.026115, 0.409785], [8.026115, 6.409785], [0.026115, 6.409785], [0.026115, 0.409785]], [[11.56213, -7.991105], [11.56213, 0.008895], [-3.43787, 0.008895000000001776], [-3.43787, -7.991104999999999], [11.56213, -7.991105]], [[11.68244, 0.292205], [11.682439999999998, -7.707795], [26.68244, -7.7077950000000035], [26.68244, 0.2922049999999972], [11.68244, 0.292205]], [[-11.088225, -11.267345], [-3.088225, -11.267345], [-3.088225, 3.732655], [-11.088225, 3.732655], [-11.088225, -11.267345]], [[26.82004, -6.6926900000000025], [34.82004, -6.692690000000004], [34.82004, -0.6926900000000045], [26.82004, -0.6926900000000027], [26.82004, -6.6926900000000025]], [[-3.095149999999998, 18.79744], [-11.095149999999999, 18.79744], [-11.09515, 3.7974400000000017], [-3.09515, 3.79744], [-3.095149999999998, 18.79744]], [[15.347555, 0.3760399999999996], [23.347555, 0.37603999999999765], [23.347555, 6.376039999999998], [15.347555000000002, 6.37604], [15.347555, 0.3760399999999996]]], "node_id": [0, 1, 2, 3, 4, 5, 6]}