{"corners": [[[0.1732, 0.303795], [8.1732, 0.303795], [8.1732, 6.303795], [0.1732, 6.303795], [0.1732, 0.303795]], [[24.48094, 6.039024999999998], [8.48094, 6.039025], [8.48094, 0.039025], [24.48094, 0.03902499999999822], [24.48094, 6.039024999999998]], [[1.065059999999999, 22.25454], [1.06506, 6.25454], [7.06506, 6.25454], [7.065059999999999, 22.25454], [1.065059999999999, 22.25454]], [[0.39344, -5.90262], [8.39344, -5.90262], [8.39344, 0.09738], [0.39344, 0.09738], [0.39344, -5.90262]], [[0.25277499999999914, 22.39743], [8.252775, 22.39743], [8.252775, 37.39743], [0.25277499999999914, 37.39743], [0.25277499999999914, 22.39743]], [[-15.830815, 26.82032], [0.169185, 26.82032], [0.169185, 32.82032], [-15.830815, 32.82032], [-15.830815, 26.82032]], [[30.06576, -0.8362800000000018], [30.06576, 7.163719999999998], [24.06576, 7.163719999999998], [24.06576, -0.8362800000000014], [30.06576, -0.8362800000000018]]], "node_id": [0, 1, 2, 3, 4, 5, 6]}