{"corners": [[[0.144395, 0.21664], [16.144395, 0.21664], [16.144395, 6.21664], [0.144395, 6.21664], [0.144395, 0.21664]], [[4.36913, -14.59468], [12.36913, -14.59468], [12.36913, 0.40532], [4.36913, 0.40532], [4.36913, -14.59468]], [[0.3568599999999995, -4.72434], [0.3568600000000005, 11.27566], [-5.64314, 11.27566], [-5.643140000000001, -4.72434], [0.3568599999999995, -4.72434]], [[-11.817195, 7.217600000000001], [-11.817195000000002, -0.7823999999999991], [-5.817195000000002, -0.7824000000000009], [-5.817195, 7.2176], [-11.817195, 7.217600000000001]], [[-11.970485000000002, -0.6447449999999986], [-11.970485000000005, -16.644745], [-5.9704850000000045, -16.644745], [-5.970485000000002, -0.6447449999999997], [-11.970485000000002, -0.6447449999999986]], [[-10.65006, 11.017775], [5.34994, 11.017775], [5.34994, 17.017775], [-10.65006, 17.017775], [-10.65006, 11.017775]], [[-11.795015, 6.4085600000000005], [-27.795015, 6.408560000000002], [-27.795015, 0.40856000000000264], [-11.795015, 0.40856000000000087], [-11.795015, 6.4085600000000005]]], "node_id": [0, 1, 2, 3, 4, 5, 6]}