{"corners": [[[0.360585, 0.326305], [8.360585, 0.326305], [8.360585, 6.326305], [0.360585, 6.326305], [0.360585, 0.326305]], [[0.27444500000000094, 10.59993], [-7.725554999999999, 10.599930000000002], [-7.725555, -4.400069999999999], [0.27444499999999905, -4.40007], [0.27444500000000094, 10.59993]], [[-7.7942950000000035, -19.46083], [0.20570499999999645, -19.460830000000005], [0.205705, -4.460830000000001], [-7.794295, -4.46083], [-7.7942950000000035, -19.46083]], [[0.17305499999999643, -19.144765], [-7.826945000000004, -19.144764999999996], [-7.826945000000006, -25.144764999999996], [0.17305499999999424, -25.144765], [0.17305499999999643, -19.144765]], [[0.15210499999999638, -19.223135], [8.152104999999997, -19.223135000000003], [8.152105, -4.223135000000002], [0.15210500000000005, -4.223135], [0.15210499999999638, -19.223135]], [[8.396955, 7.200405], [8.396955, -0.7995950000000001], [23.396955, -0.7995949999999992], [23.396955, 7.200405000000001], [8.396955, 7.200405]], [[-11.132165000000006, -25.394659999999995], [-11.13216500000001, -33.39466], [3.867834999999991, -33.39466], [3.8678349999999946, -25.394660000000002], [-11.132165000000006, -25.394659999999995]]], "node_id": [0, 1, 2, 3, 4, 5, 6]}