{"corners": [[[0.07093, 0.46893], [16.07093, 0.46893], [16.07093, 6.46893], [0.07093, 6.46893], [0.07093, 0.46893]], [[16.41444, 0.208435], [24.41444, 0.208435], [24.41444, 6.208435], [16.41444, 6.208435], [16.41444, 0.208435]], [[11.24154, 6.311815], [11.241540000000002, 22.311815], [5.2415400000000005, 22.311815], [5.24154, 6.311815], [11.24154, 6.311815]], [[12.37893, -5.573965], [28.37893, -5.573965], [28.37893, 0.426035], [12.37893, 0.426035], [12.37893, -5.573965]], [[-0.5727549999999973, 22.155495], [-0.5727550000000002, 6.155495], [5.427245, 6.155495], [5.427245000000003, 22.155495], [-0.5727549999999973, 22.155495]], [[0.2860450000000004, 6.193155], [-7.713955, 6.193155000000001], [-7.713955, 0.19315500000000088], [0.2860449999999996, 0.193155], [0.2860450000000004, 6.193155]], [[-13.66116, 7.1655000000000015], [-13.661160000000002, -0.8344999999999982], [-7.6611600000000015, -0.8345], [-7.66116, 7.165500000000001], [-13.66116, 7.1655000000000015]]], "node_id": [0, 1, 2, 3, 4, 5, 6]}