{"corners": [[[0.225615, 0.40205], [8.225615, 0.40205], [8.225615, 15.40205], [0.225615, 15.40205], [0.225615, 0.40205]], [[1.4785299999999992, 31.323885], [1.4785300000000001, 15.323885], [7.47853, 15.323885], [7.478529999999999, 31.323885], [1.4785299999999992, 31.323885]], [[14.13229, 3.80388], [14.13229, 11.80388], [8.13229, 11.80388], [8.13229, 3.8038800000000004], [14.13229, 3.80388]], [[-5.92942, 11.511955], [-5.9294199999999995, 3.511955], [0.07058000000000089, 3.511955], [0.07058, 11.511955], [-5.92942, 11.511955]], [[7.283795, 27.10859], [7.283795000000001, 19.10859], [13.283795, 19.10859], [13.283795, 27.10859], [7.283795, 27.10859]], [[21.344215, 30.72888], [13.344215, 30.72888], [13.344215000000002, 15.728879999999998], [21.344215000000002, 15.72888], [21.344215, 30.72888]], [[-21.61177, 4.7807], [-5.61177, 4.7807], [-5.61177, 10.7807], [-21.61177, 10.7807], [-21.61177, 4.7807]]], "node_id": [0, 1, 2, 3, 4, 5, 6]}