{"corners": [[[0.31501, 0.222865], [8.315010000000001, 0.222865], [8.315010000000001, 6.222865], [0.31501, 6.222865], [0.31501, 0.222865]], [[8.096210000000001, 21.146765], [0.09621000000000178, 21.146765], [0.09621, 6.146765000000002], [8.09621, 6.146765], [8.096210000000001, 21.146765]], [[8.316375000000003, 21.540845], [8.316374999999999, 5.540845], [14.316375, 5.540845], [14.316375000000003, 21.540845], [8.316375000000003, 21.540845]], [[8.459085, 0.4568049999999995], [0.459085, 0.4568050000000005], [0.459085, -5.543195], [8.459085, -5.543195000000001], [8.459085, 0.4568049999999995]], [[29.25698, 9.711114999999992], [29.256980000000002, 17.711114999999992], [14.256980000000002, 17.711115], [14.25698, 9.711114999999998], [29.25698, 9.711114999999992]], [[8.38771, 1.3079599999999996], [8.387709999999998, -6.69204], [23.38771, -6.692040000000004], [23.38771, 1.307959999999997], [8.38771, 1.3079599999999996]], [[8.22608, -5.519515000000001], [0.22607999999999912, -5.519515], [0.22607999999999912, -11.519515], [8.226079999999998, -11.519515], [8.22608, -5.519515000000001]]], "node_id": [0, 1, 2, 3, 4, 5, 6]}