{"corners": [[[0.247075, 0.454775], [16.247075, 0.454775], [16.247075, 6.454775], [0.247075, 6.454775], [0.247075, 0.454775]], [[0.7040749999999991, 14.093435], [0.7040749999999996, 6.093435], [15.704075, 6.093435000000001], [15.704075, 14.093435000000001], [0.7040749999999991, 14.093435]], [[-5.73482, 7.31685], [-5.734819999999999, -0.6831499999999999], [0.2651800000000009, -0.6831499999999999], [0.26518, 7.31685], [-5.73482, 7.31685]], [[1.0202950000000004, -0.6308299999999996], [-6.979705, -0.6308300000000004], [-6.979704999999998, -15.63083], [1.0202950000000022, -15.63083], [1.0202950000000004, -0.6308299999999996]], [[-5.80147, 15.1642], [-5.801469999999999, 7.1642], [0.1985300000000009, 7.1642], [0.19853, 15.1642], [-5.80147, 15.1642]], [[16.20808, -4.31189], [24.20808, -4.31189], [24.20808, 10.68811], [16.20808, 10.68811], [16.20808, -4.31189]], [[-6.7019449999999985, -5.38823], [-22.701945, -5.388230000000002], [-22.701945, -11.388230000000002], [-6.701944999999998, -11.38823], [-6.7019449999999985, -5.38823]]], "node_id": [0, 1, 2, 3, 4, 5, 6]}