{"corners": [[[0.26458, 0.09251], [16.26458, 0.09251], [16.26458, 6.09251], [0.26458, 6.09251], [0.26458, 0.09251]], [[4.285865, 6.16334], [12.285865, 6.16334], [12.285865, 12.16334], [4.285865, 12.16334], [4.285865, 6.16334]], [[24.34459, 10.64645], [16.34459, 10.646450000000002], [16.344589999999997, -4.3535499999999985], [24.344589999999997, -4.35355], [24.34459, 10.64645]], [[40.397565, 6.357529999999998], [24.397565, 6.35753], [24.397565, 0.35753], [40.397565, 0.35752999999999824], [40.397565, 6.357529999999998]], [[40.36244, -4.061750000000002], [48.36244, -4.0617500000000035], [48.36244, 10.938249999999996], [40.36244000000001, 10.938249999999998], [40.36244, -4.061750000000002]], [[15.64722, -7.99307], [15.64722, 0.00693], [0.64722, 0.006930000000001777], [0.64722, -7.9930699999999995], [15.64722, -7.99307]], [[4.277665, 12.209055], [-3.722335, 12.209055000000001], [-3.722335, 6.209055000000001], [4.277664999999999, 6.209055], [4.277665, 12.209055]]], "node_id": [0, 1, 2, 3, 4, 5, 6]}