{"corners": [[[0.43527, 0.23225], [8.43527, 0.23225], [8.43527, 6.23225], [0.43527, 6.23225], [0.43527, 0.23225]], [[0.1379200000000009, 10.707525], [-7.862079999999999, 10.707525000000002], [-7.86208, -4.292474999999998], [0.13791999999999907, -4.292475], [0.1379200000000009, 10.707525]], [[7.180925, 6.28309], [7.180925000000001, 22.28309], [1.180925000000001, 22.28309], [1.180925, 6.28309], [7.180925, 6.28309]], [[7.034960000000002, 18.10637], [7.03496, 10.10637], [22.03496, 10.106369999999997], [22.03496, 18.106369999999995], [7.034960000000002, 18.10637]], [[22.144835, 18.328699999999998], [22.144835, 10.328699999999996], [28.144835, 10.328699999999994], [28.144835, 18.328699999999998], [22.144835, 18.328699999999998]], [[34.2499, 6.327549999999995], [34.249900000000004, 22.32754999999999], [28.249900000000007, 22.32755], [28.2499, 6.327549999999997], [34.2499, 6.327549999999995]], [[10.925995000000002, 18.038445], [18.925995, 18.038444999999996], [18.925995000000004, 24.038445], [10.925995000000004, 24.038445], [10.925995000000002, 18.038445]]], "node_id": [0, 1, 2, 3, 4, 5, 6]}