{"corners": [[[0.140925, 0.187535], [16.140925, 0.187535], [16.140925, 6.1875350000000005], [0.140925, 6.1875350000000005], [0.140925, 0.187535]], [[11.407935, 6.1637], [11.407935000000002, 22.1637], [5.407935000000001, 22.1637], [5.407935, 6.1637], [11.407935, 6.1637]], [[31.30479, -0.6935250000000008], [31.30479, 7.306474999999999], [16.30479, 7.306475000000001], [16.30479, -0.693525], [31.30479, -0.6935250000000008]], [[0.036209999999999756, -0.861435], [0.03621000000000024, 7.138565], [-14.96379, 7.138565000000002], [-14.96379, -0.8614349999999991], [0.036209999999999756, -0.861435]], [[20.551875000000003, 23.145675], [20.551875, 7.145675], [26.551875, 7.145675], [26.551875000000003, 23.145675], [20.551875000000003, 23.145675]], [[26.734415, 12.093949999999998], [42.734415, 12.093949999999994], [42.734415, 18.093949999999992], [26.734415, 18.09395], [26.734415, 12.093949999999998]], [[5.0141100000000005, 17.36782], [-10.98589, 17.367820000000002], [-10.98589, 11.367820000000002], [5.01411, 11.36782], [5.0141100000000005, 17.36782]]], "node_id": [0, 1, 2, 3, 4, 5, 6]}