{"corners": [[[0.469905, 0.36268], [8.469905, 0.36268], [8.469905, 6.36268], [0.469905, 6.36268], [0.469905, 0.36268]], [[14.271, -0.979075], [14.271, 7.020925], [8.271, 7.020925], [8.271, -0.9790749999999997], [14.271, -0.979075]], [[20.05541, -0.92455], [20.05541, 7.07545], [14.05541, 7.07545], [14.05541, -0.9245499999999996], [20.05541, -0.92455]], [[20.159945, 7.03179], [20.159945, 23.03179], [14.159945, 23.03179], [14.159945, 7.03179], [20.159945, 7.03179]], [[20.26554, 7.843745], [28.26554, 7.843745], [28.26554, 22.843745], [20.26554, 22.843745], [20.26554, 7.843745]], [[14.09047, -0.6571849999999992], [14.090469999999998, -8.657185], [20.09047, -8.657185000000002], [20.09047, -0.6571850000000002], [14.09047, -0.6571849999999992]], [[35.436275, -8.918585000000004], [35.436275, -0.9185850000000035], [20.436275, -0.9185849999999982], [20.436275, -8.918584999999998], [35.436275, -8.918585000000004]]], "node_id": [0, 1, 2, 3, 4, 5, 6]}