{"corners": [[[0.224625, 0.39649], [16.224625, 0.39649], [16.224625, 6.39649], [0.224625, 6.39649], [0.224625, 0.39649]], [[11.26636, -7.50002], [11.26636, 0.49998], [5.266360000000001, 0.49998], [5.26636, -7.50002], [11.26636, -7.50002]], [[0.1992550000000009, 10.95563], [-7.800744999999999, 10.955630000000001], [-7.800745, -4.044369999999998], [0.19925499999999907, -4.04437], [0.1992550000000009, 10.95563]], [[0.053739999999999115, -4.233575000000001], [-7.94626, -4.233575], [-7.946260000000003, -19.233575], [0.053739999999997276, -19.233575], [0.053739999999999115, -4.233575000000001]], [[4.35373, -13.693465], [12.35373, -13.693465], [12.35373, -7.693465], [4.35373, -7.693465], [4.35373, -13.693465]], [[24.356015, 6.247829999999999], [16.356015, 6.24783], [16.356015, 0.24783], [24.356015, 0.2478299999999991], [24.356015, 6.247829999999999]], [[-6.782655000000003, -19.130865], [-6.7826550000000045, -27.130865], [-0.7826550000000044, -27.130865], [-0.7826550000000027, -19.130865], [-6.782655000000003, -19.130865]]], "node_id": [0, 1, 2, 3, 4, 5, 6]}