{"corners": [[[0.036655, 0.021465], [16.036655, 0.021465], [16.036655, 6.021465], [0.036655, 6.021465], [0.036655, 0.021465]], [[22.064735, -0.89308], [22.064735, 7.10692], [16.064735, 7.10692], [16.064735, -0.8930799999999997], [22.064735, -0.89308]], [[22.07252, -16.967745], [22.07252, -0.967745], [16.07252, -0.967745], [16.07252, -16.967745], [22.07252, -16.967745]], [[26.894245, 7.436734999999999], [26.894245, 15.436735], [11.894245, 15.436735], [11.894245, 7.436735], [26.894245, 7.436734999999999]], [[16.19307, -16.81623], [16.19307, -24.81623], [22.19307, -24.81623], [22.19307, -16.81623], [16.19307, -16.81623]], [[-3.484075, 15.454790000000003], [-3.484075000000001, 7.454790000000004], [11.515924999999998, 7.45479], [11.515925, 15.45479], [-3.484075, 15.454790000000003]], [[-14.86899, 7.117189999999999], [-14.86899, -0.8828100000000009], [0.13101, -0.88281], [0.13101, 7.11719], [-14.86899, 7.117189999999999]]], "node_id": [0, 1, 2, 3, 4, 5, 6]}