{"corners": [[[0.157685, 0.238075], [8.157685, 0.238075], [8.157685, 6.238075], [0.157685, 6.238075], [0.157685, 0.238075]], [[7.289054999999999, -15.828115], [7.289055, 0.171885], [1.289055, 0.171885], [1.2890549999999992, -15.828115], [7.289054999999999, -15.828115]], [[-15.569055, 0.341935], [0.430945, 0.341935], [0.430945, 6.341935], [-15.569055, 6.341935], [-15.569055, 0.341935]], [[7.147164999999998, -31.78427], [7.147164999999999, -15.78427], [1.147164999999999, -15.78427], [1.1471649999999982, -31.78427], [7.147164999999998, -31.78427]], [[8.308535, -4.02787], [16.308535, -4.02787], [16.308535, 10.97213], [8.308535, 10.97213], [8.308535, -4.02787]], [[7.376245, -19.803935], [7.376244999999998, -27.803935], [22.376245, -27.803935000000003], [22.376245, -19.803935000000003], [7.376245, -19.803935]], [[7.047815000000002, -11.892299999999999], [7.047815, -19.8923], [22.047815, -19.8923], [22.047815, -11.892300000000002], [7.047815000000002, -11.892299999999999]]], "node_id": [0, 1, 2, 3, 4, 5, 6]}