{"corners": [[[0.27846, 0.154155], [16.27846, 0.154155], [16.27846, 6.154155], [0.27846, 6.154155], [0.27846, 0.154155]], [[0.2938700000000004, 6.16835], [-7.70613, 6.168350000000001], [-7.70613, 0.1683500000000009], [0.29386999999999963, 0.16835], [0.2938700000000004, 6.16835]], [[32.062125, 6.060159999999998], [16.062125, 6.06016], [16.062125, 0.06016], [32.062125, 0.06015999999999822], [32.062125, 6.060159999999998]], [[12.133610000000001, 0.2639149999999995], [4.13361, 0.2639150000000005], [4.13361, -5.736085], [12.133610000000001, -5.736085000000001], [12.133610000000001, 0.2639149999999995]], [[28.14151, 0.18337999999999777], [12.14151, 0.18337999999999974], [12.14151, -5.81662], [28.14151, -5.816620000000002], [28.14151, 0.18337999999999777]], [[16.478079999999995, -20.65042], [24.478079999999995, -20.650420000000004], [24.47808, -5.650420000000002], [16.47808, -5.65042], [16.478079999999995, -20.65042]], [[16.46283, 6.257250000000001], [32.46283, 6.257249999999997], [32.46283, 12.257249999999996], [16.46283, 12.257249999999999], [16.46283, 6.257250000000001]], [[16.303835, 12.481145], [0.303835, 12.481145000000001], [0.303835, 6.4811450000000015], [16.303835, 6.481145], [16.303835, 12.481145]]], "node_id": [0, 1, 2, 3, 4, 5, 6, 7]}