{"corners": [[[0.10637, 0.224095], [16.10637, 0.224095], [16.10637, 6.224095], [0.10637, 6.224095], [0.10637, 0.224095]], [[22.350855, -4.826075], [22.350855, 11.173925], [16.350855, 11.173925], [16.350855, -4.826075], [22.350855, -4.826075]], [[4.08754, 6.122225], [12.08754, 6.122225], [12.08754, 21.122225], [4.08754, 21.122225], [4.08754, 6.122225]], [[22.43561, -20.919005], [22.43561, -4.919005], [16.43561, -4.919005], [16.43561, -20.919005], [22.43561, -20.919005]], [[16.025585, -5.007205], [8.025585, -5.007204999999999], [8.025584999999998, -20.007205], [16.025585, -20.007205], [16.025585, -5.007205]], [[12.067960000000001, 36.050505], [4.067960000000002, 36.050505], [4.06796, 21.050505], [12.06796, 21.050505], [12.067960000000001, 36.050505]], [[5.494340000000004, 44.058885], [5.494340000000002, 36.058885], [11.494340000000001, 36.058885], [11.494340000000003, 44.058885], [5.494340000000004, 44.058885]], [[26.56831, -28.552125], [26.56831, -20.552125], [11.56831, -20.552125], [11.56831, -28.552125], [26.56831, -28.552125]]], "node_id": [0, 1, 2, 3, 4, 5, 6, 7]}