{"corners": [[[0.30167, 0.09325], [8.30167, 0.09325], [8.30167, 15.09325], [0.30167, 15.09325], [0.30167, 0.09325]], [[-3.1451100000000007, 23.473345], [-3.1451100000000003, 15.473345], [11.85489, 15.473345], [11.85489, 23.473345], [-3.1451100000000007, 23.473345]], [[11.980085, -7.96662], [11.980085, 0.03338], [-3.019915, 0.033380000000001776], [-3.019915, -7.966619999999999], [11.980085, -7.96662]], [[8.389939999999998, 38.023475], [0.38993999999999734, 38.023475], [0.3899399999999991, 23.023475], [8.38994, 23.023475], [8.389939999999998, 38.023475]], [[0.2521049999999973, 38.44527], [-7.747895000000003, 38.44527], [-7.7478950000000015, 23.44527], [0.2521049999999992, 23.44527], [0.2521049999999973, 38.44527]], [[3.5254399999999975, 38.27738], [3.525439999999996, 46.27738], [-11.474560000000004, 46.27738], [-11.474560000000004, 38.27738], [3.5254399999999975, 38.27738]], [[4.102044999999995, 52.260695], [-11.897955000000005, 52.260695], [-11.897955000000005, 46.260695], [4.102044999999996, 46.260695], [4.102044999999995, 52.260695]], [[0.36867, -22.624215], [8.36867, -22.624215], [8.36867, -7.624215], [0.36867, -7.624215], [0.36867, -22.624215]]], "node_id": [0, 1, 2, 3, 4, 5, 6, 7]}