{"corners": [[[0.400725, 0.317975], [8.400725, 0.317975], [8.400725, 6.317975], [0.400725, 6.317975], [0.400725, 0.317975]], [[8.096075, 0.2529299999999995], [0.096075, 0.2529300000000005], [0.09607499999999822, -14.747069999999999], [8.096074999999999, -14.74707], [8.096075, 0.2529299999999995]], [[12.391939999999998, -14.797200000000002], [-3.608060000000002, -14.7972], [-3.608060000000002, -20.7972], [12.391939999999998, -20.7972], [12.391939999999998, -14.797200000000002]], [[16.446085, -4.370235000000002], [8.446085, -4.370235000000001], [8.446085, -10.370235], [16.446085, -10.370235000000001], [16.446085, -4.370235000000002]], [[0.34269, 6.08161], [8.34269, 6.08161], [8.34269, 21.08161], [0.34269, 21.08161], [0.34269, 6.08161]], [[0.11375499999999975, -0.621415], [0.11375500000000024, 7.378585], [-14.886245, 7.378585000000002], [-14.886245, -0.6214149999999992], [0.11375499999999975, -0.621415]], [[-14.927585, 17.826625], [-14.927585, 9.826625], [0.072415, 9.826625], [0.072415, 17.826625], [-14.927585, 17.826625]], [[-4.187635, 17.81298], [-4.187634999999999, 33.81298], [-10.187635, 33.81298], [-10.187635, 17.81298], [-4.187635, 17.81298]]], "node_id": [0, 1, 2, 3, 4, 5, 6, 7]}