{"corners": [[[0.36431, 0.17694], [16.36431, 0.17694], [16.36431, 6.17694], [0.36431, 6.17694], [0.36431, 0.17694]], [[0.3930300000000004, 6.048625], [-15.60697, 6.048625000000002], [-15.60697, 0.04862500000000178], [0.3930299999999996, 0.048625], [0.3930300000000004, 6.048625]], [[32.281065, 6.058279999999998], [16.281065, 6.05828], [16.281065, 0.05828], [32.281065, 0.05827999999999822], [32.281065, 6.058279999999998]], [[47.227, -0.7022200000000027], [47.227, 7.297779999999998], [32.227, 7.2977799999999995], [32.227, -0.7022200000000018], [47.227, -0.7022200000000027]], [[55.35137, 10.853629999999997], [47.35137, 10.853629999999999], [47.35137, -4.146370000000002], [55.35137, -4.146370000000004], [55.35137, 10.853629999999997]], [[32.03081, 12.359779999999999], [16.03081, 12.35978], [16.03081, 6.35978], [32.03081, 6.359779999999998], [32.03081, 12.359779999999999]], [[55.250735, -4.036060000000004], [47.250735, -4.0360600000000035], [47.250735, -10.036060000000003], [55.250735, -10.036060000000003], [55.250735, -4.036060000000004]], [[71.22741, -4.008525000000006], [55.22741, -4.008525000000004], [55.22741, -10.008525000000004], [71.22741, -10.008525000000008], [71.22741, -4.008525000000006]]], "node_id": [0, 1, 2, 3, 4, 5, 6, 7]}