{"corners": [[[0.29982, 0.33575], [8.29982, 0.33575], [8.29982, 15.33575], [0.29982, 15.33575], [0.29982, 0.33575]], [[-7.667345, 4.80411], [0.332655, 4.80411], [0.332655, 10.80411], [-7.667345, 10.80411], [-7.667345, 4.80411]], [[-6.92322, 18.63515], [-6.923219999999999, 10.63515], [-0.9232199999999992, 10.63515], [-0.92322, 18.63515], [-6.92322, 18.63515]], [[-22.99418, 11.510405], [-22.99418, 3.510405], [-7.99418, 3.510405000000001], [-7.99418, 11.510405000000002], [-22.99418, 11.510405]], [[0.04113499999999822, 33.652435], [-7.958865000000002, 33.652435], [-7.958865, 18.652435], [0.04113500000000006, 18.652435], [0.04113499999999822, 33.652435]], [[0.49612999999999735, 39.947645], [-7.503870000000004, 39.947645], [-7.503870000000002, 33.947645], [0.4961299999999981, 33.947645], [0.49612999999999735, 39.947645]], [[-22.74443, 10.50084], [-38.74443, 10.500839999999998], [-38.74443, 4.500839999999998], [-22.74443, 4.50084], [-22.74443, 10.50084]], [[8.294215, 21.16137], [0.294215, 21.16137], [0.294215, 15.16137], [8.294215, 15.16137], [8.294215, 21.16137]]], "node_id": [0, 1, 2, 3, 4, 5, 6, 7]}