{"corners": [[[0.456775, 0.2358], [8.456775, 0.2358], [8.456775, 6.2358], [0.456775, 6.2358], [0.456775, 0.2358]], [[16.36617, 10.783065], [8.36617, 10.783065000000002], [8.366169999999999, -4.2169349999999985], [16.366169999999997, -4.216935], [16.36617, 10.783065]], [[1.390545, 0.2146899999999998], [1.3905450000000008, -15.78531], [7.390545000000001, -15.78531], [7.390545, 0.2146900000000002], [1.390545, 0.2146899999999998]], [[9.236189999999999, -4.454934999999999], [9.236189999999997, -12.454935], [15.236189999999997, -12.454935], [15.236189999999999, -4.454935], [9.236189999999999, -4.454934999999999]], [[9.161730000000002, 18.54757], [9.16173, 10.54757], [15.16173, 10.547569999999999], [15.161730000000002, 18.54757], [9.161730000000002, 18.54757]], [[9.149039999999996, -12.01019], [9.149039999999992, -28.01019], [15.149039999999992, -28.01019], [15.149039999999996, -12.010190000000001], [9.149039999999996, -12.01019]], [[1.4622149999999996, 14.146625], [1.462215, 6.146625], [7.462215, 6.146625], [7.462215, 14.146625], [1.4622149999999996, 14.146625]], [[-5.5015450000000055, -16.003944999999998], [-5.501545000000007, -24.003944999999998], [9.498454999999993, -24.003945], [9.498454999999995, -16.003945], [-5.5015450000000055, -16.003944999999998]]], "node_id": [0, 1, 2, 3, 4, 5, 6, 7]}