{"corners": [[[0.14072, 0.191575], [16.14072, 0.191575], [16.14072, 6.191575], [0.14072, 6.191575], [0.14072, 0.191575]], [[-7.834025, -4.34382], [0.165975, -4.34382], [0.165975, 10.65618], [-7.834025, 10.65618], [-7.834025, -4.34382]], [[-7.85225, 6.36014], [-23.85225, 6.360140000000002], [-23.85225, 0.3601400000000018], [-7.85225, 0.36014], [-7.85225, 6.36014]], [[-23.8567, -0.6409449999999982], [-23.8567, 7.3590550000000015], [-29.8567, 7.3590550000000015], [-29.8567, -0.6409449999999979], [-23.8567, -0.6409449999999982]], [[16.18753, 0.2024], [32.18753, 0.2024], [32.18753, 6.2024], [16.18753, 6.2024], [16.18753, 0.2024]], [[-29.5372, 10.942855000000002], [-37.5372, 10.942855000000003], [-37.5372, -4.057144999999997], [-29.537200000000002, -4.0571449999999984], [-29.5372, 10.942855000000002]], [[21.39929, 0.08013499999999982], [21.39929, -7.919865], [27.39929, -7.919865], [27.39929, 0.08013500000000018], [21.39929, 0.08013499999999982]], [[47.191815, -0.679680000000001], [47.191815, 7.320319999999999], [32.191815, 7.320320000000001], [32.191815, -0.6796800000000001], [47.191815, -0.679680000000001]]], "node_id": [0, 1, 2, 3, 4, 5, 6, 7]}