{"corners": [[[0.473545, 0.189215], [8.473545, 0.189215], [8.473545, 15.189215], [0.473545, 15.189215], [0.473545, 0.189215]], [[11.843185, 15.105385], [11.843185, 23.105385], [-3.156815, 23.105385], [-3.156815, 15.105385000000002], [11.843185, 15.105385]], [[-14.60154, 11.778465], [-14.60154, 3.778465], [0.39846, 3.778465000000001], [0.39846, 11.778465000000002], [-14.60154, 11.778465]], [[8.21789, 0.3752399999999995], [0.21789, 0.3752400000000005], [0.21788999999999822, -14.624759999999998], [8.217889999999999, -14.62476], [8.21789, 0.3752399999999995]], [[8.480225, 0.079115], [16.480225, 0.079115], [16.480225, 15.079115], [8.480225, 15.079115], [8.480225, 0.079115]], [[7.379055000000001, 23.45245], [7.379055000000002, 31.45245], [1.3790550000000017, 31.45245], [1.3790550000000008, 23.45245], [7.379055000000001, 23.45245]], [[0.17020499999999644, -20.97243], [8.170204999999996, -20.972430000000003], [8.170204999999997, -14.972430000000001], [0.1702049999999979, -14.97243], [0.17020499999999644, -20.97243]], [[7.325079999999994, -28.782655], [7.325079999999996, -20.782655], [1.3250799999999965, -20.782655], [1.3250799999999938, -28.782654999999995], [7.325079999999994, -28.782655]]], "node_id": [0, 1, 2, 3, 4, 5, 6, 7]}