{"corners": [[[0.143635, 0.241385], [8.143635, 0.241385], [8.143635, 15.241385], [0.143635, 15.241385], [0.143635, 0.241385]], [[0.3816549999999998, 3.89211], [0.38165500000000024, 11.89211], [-14.618345, 11.892110000000002], [-14.618345, 3.892110000000001], [0.3816549999999998, 3.89211]], [[8.145595000000002, 30.23165], [0.14559500000000178, 30.23165], [0.145595, 15.231650000000002], [8.145595, 15.23165], [8.145595000000002, 30.23165]], [[8.471035, 0.25029], [16.471035, 0.25029], [16.471035, 15.25029], [8.471035, 15.25029], [8.471035, 0.25029]], [[-14.863, 3.593260000000001], [-14.863, 11.59326], [-29.863, 11.593260000000004], [-29.863, 3.5932600000000017], [-14.863, 3.593260000000001]], [[11.924415, -7.66406], [11.924415, 0.33594], [-3.0755850000000002, 0.3359400000000018], [-3.0755850000000002, -7.664059999999999], [11.924415, -7.66406]], [[32.412795, 10.835974999999998], [16.412795, 10.835975], [16.412795, 4.835975], [32.412795, 4.835974999999999], [32.412795, 10.835974999999998]], [[-3.009434999999998, 17.849125], [-11.009434999999998, 17.849125], [-11.009434999999998, 11.849125], [-3.009434999999999, 11.849125], [-3.009434999999998, 17.849125]]], "node_id": [0, 1, 2, 3, 4, 5, 6, 7]}