{"corners": [[[0.495025, 0.32918], [16.495025, 0.32918], [16.495025, 6.32918], [0.495025, 6.32918], [0.495025, 0.32918]], [[16.121135, 0.04351], [32.121135, 0.04351], [32.121135, 6.04351], [16.121135, 6.04351], [16.121135, 0.04351]], [[47.33269, -0.6990550000000009], [47.33269, 7.300944999999999], [32.33269, 7.3009450000000005], [32.33269, -0.699055], [47.33269, -0.6990550000000009]], [[11.41644, 6.117895], [11.41644, 14.117895], [5.416440000000001, 14.117895], [5.41644, 6.117895], [11.41644, 6.117895]], [[27.08443, -15.59658], [27.08443, 0.40342], [21.08443, 0.40342], [21.08443, -15.59658], [27.08443, -15.59658]], [[28.21582, -15.557045], [20.21582, -15.557044999999999], [20.21582, -21.557045], [28.21582, -21.557045], [28.21582, -15.557045]], [[34.189905, -22.604635], [34.189905, -14.604635], [28.189905, -14.604635], [28.189905, -22.604635], [34.189905, -22.604635]], [[32.411235, 12.278835], [16.411235, 12.278835000000003], [16.411235, 6.278835000000002], [32.411235, 6.278835], [32.411235, 12.278835]]], "node_id": [0, 1, 2, 3, 4, 5, 6, 7]}