{"corners": [[[0.372175, 0.19045], [8.372175, 0.19045], [8.372175, 15.19045], [0.372175, 15.19045], [0.372175, 0.19045]], [[0.42937, -14.768175], [8.42937, -14.768175], [8.42937, 0.231825], [0.42937, 0.231825], [0.42937, -14.768175]], [[8.250315, 21.20011], [0.250315, 21.20011], [0.250315, 15.20011], [8.250314999999999, 15.20011], [8.250315, 21.20011]], [[0.3856799999999998, -11.47763], [0.38568000000000024, -3.47763], [-5.614319999999999, -3.47763], [-5.61432, -11.47763], [0.3856799999999998, -11.47763]], [[24.19424, 10.950104999999999], [8.19424, 10.950105], [8.19424, 4.950105], [24.19424, 4.950104999999998], [24.19424, 10.950104999999999]], [[0.3983649999999995, 10.010975], [0.3983650000000005, 26.010975], [-5.601635, 26.010975], [-5.601635000000001, 10.010975], [0.3983649999999995, 10.010975]], [[24.155805, 4.896064999999998], [32.155805, 4.896064999999997], [32.155805, 10.896064999999997], [24.155805, 10.896064999999998], [24.155805, 4.896064999999998]], [[16.436865, 0.3230749999999991], [8.436865, 0.3230750000000001], [8.436864999999997, -14.676925], [16.436864999999997, -14.676925], [16.436865, 0.3230749999999991]]], "node_id": [0, 1, 2, 3, 4, 5, 6, 7]}