{"corners": [[[0.04432, 0.283705], [8.04432, 0.283705], [8.04432, 15.283705], [0.04432, 15.283705], [0.04432, 0.283705]], [[0.03896, -14.73464], [8.03896, -14.73464], [8.03896, 0.26536], [0.03896, 0.26536], [0.03896, -14.73464]], [[1.2812699999999997, 23.404555], [1.2812700000000001, 15.404555], [7.28127, 15.404555], [7.28127, 23.404555], [1.2812699999999997, 23.404555]], [[1.26371, -14.5313], [1.2637100000000006, -22.5313], [7.2637100000000006, -22.5313], [7.26371, -14.5313], [1.26371, -14.5313]], [[13.376725, 15.13015], [13.376725, 23.13015], [7.376725, 23.13015], [7.376725, 15.13015], [13.376725, 15.13015]], [[-3.0548150000000014, 31.440735], [-3.054815000000001, 23.440735], [11.945184999999999, 23.440735], [11.945184999999999, 31.440735], [-3.0548150000000014, 31.440735]], [[0.1950699999999995, -15.03003], [0.1950700000000005, 0.96997], [-5.80493, 0.96997], [-5.804930000000001, -15.03003], [0.1950699999999995, -15.03003]], [[11.595774999999998, 24.37468], [27.595775, 24.37468], [27.595775, 30.37468], [11.595774999999998, 30.37468], [11.595774999999998, 24.37468]]], "node_id": [0, 1, 2, 3, 4, 5, 6, 7]}