{"corners": [[[0.32356, 0.469615], [16.32356, 0.469615], [16.32356, 6.469615], [0.32356, 6.469615], [0.32356, 0.469615]], [[0.3511250000000004, 6.10513], [-15.648875, 6.105130000000002], [-15.648875, 0.10513000000000178], [0.35112499999999963, 0.10513], [0.3511250000000004, 6.10513]], [[11.122295, -15.893565], [11.122295000000001, 0.106435], [5.122295000000001, 0.106435], [5.122295, -15.893565], [11.122295, -15.893565]], [[11.220915, 6.312205], [11.220915000000002, 22.312205], [5.220915000000001, 22.312205], [5.220915, 6.312205], [11.220915, 6.312205]], [[16.182995, -4.009345], [24.182995, -4.009345], [24.182995, 10.990655], [16.182995, 10.990655], [16.182995, -4.009345]], [[4.122365, -21.925565], [12.122365, -21.925565], [12.122365, -15.925565], [4.122365, -15.925565], [4.122365, -21.925565]], [[23.479675, 10.960565], [23.479675, 26.960565], [17.479675, 26.960565], [17.479675, 10.960565], [23.479675, 10.960565]], [[24.488625, 32.885015], [16.488625, 32.885015], [16.488625, 26.885015], [24.488625, 26.885015], [24.488625, 32.885015]]], "node_id": [0, 1, 2, 3, 4, 5, 6, 7]}