{"corners": [[[0.33492, 0.043335], [8.33492, 0.043335], [8.33492, 15.043335], [0.33492, 15.043335], [0.33492, 0.043335]], [[8.25455, 11.86206], [8.25455, 3.86206], [23.25455, 3.862060000000001], [23.25455, 11.862060000000001], [8.25455, 11.86206]], [[0.02986000000000037, 10.662835], [-15.97014, 10.662835000000001], [-15.97014, 4.662835000000002], [0.029859999999999633, 4.662835], [0.02986000000000037, 10.662835]], [[8.334395000000002, 30.111675], [0.3343950000000018, 30.111675], [0.334395, 15.111675000000002], [8.334395, 15.111675], [8.334395000000002, 30.111675]], [[-3.7285749999999984, 30.398665000000005], [12.271425000000002, 30.398665], [12.271425000000002, 36.398665], [-3.7285749999999966, 36.398665], [-3.7285749999999984, 30.398665000000005]], [[18.026705, 25.024515], [18.026705000000003, 41.024515], [12.026705000000005, 41.024515], [12.026705, 25.024515000000005], [18.026705, 25.024515]], [[-15.798125, 10.705150000000003], [0.201875, 10.70515], [0.201875, 16.70515], [-15.798124999999999, 16.705150000000003], [-15.798125, 10.705150000000003]], [[18.412445000000005, 30.019965], [26.412445000000005, 30.019964999999996], [26.41244500000001, 36.019965], [18.412445000000005, 36.019965], [18.412445000000005, 30.019965]]], "node_id": [0, 1, 2, 3, 4, 5, 6, 7]}