{"corners": [[[0.192785, 0.2027], [16.192785, 0.2027], [16.192785, 6.2027], [0.192785, 6.2027], [0.192785, 0.2027]], [[0.204745, 6.102295], [16.204745, 6.102295], [16.204745, 12.102295], [0.204745, 12.102295], [0.204745, 6.102295]], [[-7.5672, -4.2969100000000005], [0.4328, -4.2969100000000005], [0.4328, 10.70309], [-7.5672, 10.70309], [-7.5672, -4.2969100000000005]], [[12.375620000000001, 27.40318], [4.375620000000001, 27.40318], [4.37562, 12.403180000000003], [12.37562, 12.40318], [12.375620000000001, 27.40318]], [[32.10733, 12.124424999999999], [16.10733, 12.124425], [16.10733, 6.124425], [32.10733, 6.124424999999998], [32.10733, 12.124424999999999]], [[27.007525, -9.840225], [27.007525, 6.159775], [21.007525, 6.159775], [21.007525, -9.840225], [27.007525, -9.840225]], [[-6.703260000000001, 26.89711], [-6.70326, 10.89711], [-0.70326, 10.89711], [-0.7032600000000009, 26.89711], [-6.703260000000001, 26.89711]], [[16.221745, -15.68259], [32.221745, -15.68259], [32.221745, -9.68259], [16.221745, -9.68259], [16.221745, -15.68259]]], "node_id": [0, 1, 2, 3, 4, 5, 6, 7]}