{"corners": [[[0.256635, 0.15099], [8.256635, 0.15099], [8.256635, 15.15099], [0.256635, 15.15099], [0.256635, 0.15099]], [[14.252705, -0.05152499999999999], [14.252705000000002, 15.948475], [8.252705, 15.948475], [8.252705, -0.0515249999999996], [14.252705, -0.05152499999999999]], [[-15.954835, 4.935525], [0.045165, 4.935525], [0.045165, 10.935525], [-15.954835, 10.935525], [-15.954835, 4.935525]], [[30.30116, 10.588329999999997], [14.30116, 10.58833], [14.30116, 4.58833], [30.30116, 4.588329999999998], [30.30116, 10.588329999999997]], [[-10.62996, 4.5004], [-10.62996, -3.4996], [-4.629959999999999, -3.4996], [-4.62996, 4.5004], [-10.62996, 4.5004]], [[-11.910845, -9.441925], [-3.910845, -9.441925], [-3.910845, -3.441925], [-11.910845, -3.441925], [-11.910845, -9.441925]], [[7.44869, -6.00204], [15.44869, -6.00204], [15.44869, -0.0020399999999999863], [7.44869, -0.0020399999999999863], [7.44869, -6.00204]], [[7.184764999999999, -15.76077], [7.184765, 0.23923], [1.184765, 0.23923], [1.1847649999999992, -15.76077], [7.184764999999999, -15.76077]]], "node_id": [0, 1, 2, 3, 4, 5, 6, 7]}