{"corners": [[[0.35623, 0.06018], [8.35623, 0.06018], [8.35623, 6.06018], [0.35623, 6.06018], [0.35623, 0.06018]], [[8.424575, 0.479795], [24.424575, 0.479795], [24.424575, 6.479795], [8.424575, 6.479795], [8.424575, 0.479795]], [[8.434525, 0.4535549999999995], [0.434525, 0.4535550000000005], [0.434525, -5.546445], [8.434524999999999, -5.546445000000001], [8.434525, 0.4535549999999995]], [[8.3745, -5.951075000000001], [0.3744999999999991, -5.951075], [0.37449999999999734, -20.951075], [8.374499999999998, -20.951075], [8.3745, -5.951075000000001]], [[7.030745, 6.12587], [7.0307450000000005, 14.12587], [1.030745000000001, 14.12587], [1.030745, 6.12587], [7.030745, 6.12587]], [[19.02073, -15.643105], [19.02073, 0.356895], [13.02073, 0.356895], [13.02073, -15.643105], [19.02073, -15.643105]], [[40.45189, 6.382559999999998], [24.45189, 6.38256], [24.45189, 0.38256], [40.45189, 0.38255999999999823], [40.45189, 6.382559999999998]], [[0.16334999999999708, -17.482485], [0.16334999999999758, -9.482485], [-14.836650000000004, -9.482484999999999], [-14.836650000000004, -17.482485], [0.16334999999999708, -17.482485]]], "node_id": [0, 1, 2, 3, 4, 5, 6, 7]}