{"corners": [[[0.1277, 0.318325], [16.1277, 0.318325], [16.1277, 6.318325], [0.1277, 6.318325], [0.1277, 0.318325]], [[16.069275, 0.1218], [32.069275, 0.1218], [32.069275, 6.1218], [16.069275, 6.1218], [16.069275, 0.1218]], [[38.005155, -4.562015], [38.005155, 11.437985], [32.005155, 11.437985], [32.005155, -4.562015], [38.005155, -4.562015]], [[11.418225, 6.453355], [11.418225, 14.453355], [5.4182250000000005, 14.453355], [5.418225, 6.453355], [11.418225, 6.453355]], [[5.467245000000002, 22.28435], [5.467245, 14.28435], [11.467245, 14.284349999999998], [11.467245000000002, 22.28435], [5.467245000000002, 22.28435]], [[-5.828175, 7.06373], [-5.828174999999999, -0.93627], [0.1718250000000009, -0.93627], [0.171825, 7.06373], [-5.828175, 7.06373]], [[46.14318, 6.377749999999999], [38.14318, 6.37775], [38.14318, 0.37775], [46.14318, 0.3777499999999991], [46.14318, 6.377749999999999]], [[32.069785, 19.011135], [32.069785, 11.011135], [38.069785, 11.011134999999998], [38.069785, 19.011135], [32.069785, 19.011135]]], "node_id": [0, 1, 2, 3, 4, 5, 6, 7]}