{"corners": [[[0.127075, 0.09213], [8.127075, 0.09213], [8.127075, 15.09213], [0.127075, 15.09213], [0.127075, 0.09213]], [[23.486145, 3.804239999999999], [23.486145, 11.80424], [8.486145, 11.80424], [8.486145, 3.80424], [23.486145, 3.804239999999999]], [[7.35142, 15.257865], [7.351420000000001, 31.257865], [1.351420000000001, 31.257865], [1.35142, 15.257865], [7.35142, 15.257865]], [[23.40685, 15.57318], [23.406849999999995, -0.42682], [29.406849999999995, -0.42682], [29.40685, 15.573179999999999], [23.40685, 15.57318]], [[15.045075, 26.353245], [7.045075, 26.353245], [7.045075, 20.353245], [15.045075, 20.353245], [15.045075, 26.353245]], [[15.031575, 27.093155], [15.031574999999998, 19.093155], [30.031575, 19.093154999999996], [30.031575, 27.093154999999996], [15.031575, 27.093155]], [[7.265720000000001, 31.45605], [7.265720000000002, 39.45605], [1.2657200000000017, 39.45605], [1.2657200000000008, 31.45605], [7.265720000000001, 31.45605]], [[-13.602835, 27.190640000000002], [-13.602835000000002, 19.190640000000002], [1.3971649999999982, 19.19064], [1.397165, 27.19064], [-13.602835, 27.190640000000002]]], "node_id": [0, 1, 2, 3, 4, 5, 6, 7]}