{"corners": [[[0.14863, 0.21346], [16.14863, 0.21346], [16.14863, 6.21346], [0.14863, 6.21346], [0.14863, 0.21346]], [[12.016485, 0.1597649999999995], [4.016485, 0.1597650000000005], [4.0164849999999985, -14.840234999999998], [12.016484999999998, -14.840235], [12.016485, 0.1597649999999995]], [[11.2764, 6.28669], [11.276400000000002, 22.28669], [5.276400000000001, 22.28669], [5.2764, 6.28669], [11.2764, 6.28669]], [[-9.6079, 18.367115000000002], [-9.607900000000003, 10.367115000000004], [5.392099999999998, 10.367115], [5.3921, 18.367115], [-9.6079, 18.367115000000002]], [[32.360135, 6.189799999999998], [16.360135, 6.1898], [16.360135, 0.1898], [32.360135, 0.18979999999999822], [32.360135, 6.189799999999998]], [[-6.31866, 18.245995000000004], [1.68134, 18.245995], [1.6813400000000036, 33.245995], [-6.318659999999997, 33.245995], [-6.31866, 18.245995000000004]], [[15.610534999999997, -22.62023], [15.610534999999997, -14.62023], [0.6105349999999965, -14.620229999999998], [0.6105349999999965, -22.62023], [15.610534999999997, -22.62023]], [[4.094864999999997, -28.670245], [12.094864999999997, -28.670245], [12.094864999999997, -22.670245], [4.094864999999997, -22.670245], [4.094864999999997, -28.670245]]], "node_id": [0, 1, 2, 3, 4, 5, 6, 7]}