{"corners": [[[0.1415, 0.4601], [8.1415, 0.4601], [8.1415, 6.4601], [0.1415, 6.4601], [0.1415, 0.4601]], [[7.419605, 6.194795], [7.419605000000001, 22.194795], [1.419605000000001, 22.194795], [1.419605, 6.194795], [7.419605, 6.194795]], [[1.3135100000000013, 17.1346], [-6.686489999999998, 17.1346], [-6.686489999999998, 11.1346], [1.3135100000000006, 11.1346], [1.3135100000000013, 17.1346]], [[8.224595000000003, 28.382605], [0.22459500000000177, 28.382605], [0.22459500000000177, 22.382605], [8.224595000000003, 22.382605], [8.224595000000003, 28.382605]], [[23.17678, -0.5258350000000009], [23.17678, 7.474164999999999], [8.17678, 7.474165000000001], [8.17678, -0.525835], [23.17678, -0.5258350000000009]], [[-14.954599999999997, 29.227565000000002], [-14.9546, 21.227565000000002], [0.0454, 21.227565], [0.04540000000000178, 29.227565], [-14.954599999999997, 29.227565000000002]], [[8.447865, 0.3181049999999995], [0.447865, 0.3181050000000005], [0.447865, -5.681895], [8.447864999999998, -5.681895000000001], [8.447865, 0.3181049999999995]], [[-7.625865, -4.187325], [0.374135, -4.187325], [0.374135, 10.812675], [-7.625865, 10.812675], [-7.625865, -4.187325]]], "node_id": [0, 1, 2, 3, 4, 5, 6, 7]}