{"corners": [[[0.219965, 0.4695], [8.219965, 0.4695], [8.219965, 15.4695], [0.219965, 15.4695], [0.219965, 0.4695]], [[8.15743, 0.011774999999999512], [0.15743, 0.01177500000000049], [0.1574299999999982, -14.988224999999998], [8.157429999999998, -14.988225], [8.15743, 0.011774999999999512]], [[14.44365, 3.6551299999999998], [14.44365, 11.65513], [8.44365, 11.65513], [8.44365, 3.6551300000000007], [14.44365, 3.6551299999999998]], [[0.217585, 15.40361], [8.217585, 15.40361], [8.217585, 21.40361], [0.217585, 21.40361], [0.217585, 15.40361]], [[-14.926955, 11.853095], [-14.926955, 3.853095], [0.073045, 3.853095000000001], [0.073045, 11.853095000000001], [-14.926955, 11.853095]], [[1.4956449999999997, 29.416150000000002], [1.4956450000000001, 21.416150000000002], [7.495645, 21.416150000000002], [7.495645, 29.416150000000002], [1.4956449999999997, 29.416150000000002]], [[-20.592395, 11.87839], [-20.592395, 3.87839], [-14.592395, 3.87839], [-14.592395, 11.87839], [-20.592395, 11.87839]], [[8.388465, 22.05927], [8.388465, 14.05927], [14.388465, 14.05927], [14.388465, 22.05927], [8.388465, 22.05927]]], "node_id": [0, 1, 2, 3, 4, 5, 6, 7]}