{"corners": [[[0.40908, 0.37667], [16.40908, 0.37667], [16.40908, 6.37667], [0.40908, 6.37667], [0.40908, 0.37667]], [[16.000915, 0.277665], [24.000915, 0.277665], [24.000915, 6.277665], [16.000915, 6.277665], [16.000915, 0.277665]], [[0.8953949999999999, 0.43046499999999954], [0.8953950000000004, -7.569535], [15.895395, -7.569535], [15.895395, 0.43046500000000043], [0.8953949999999999, 0.43046499999999954]], [[23.096445, 6.01097], [23.096445, 22.01097], [17.096445, 22.01097], [17.096445, 6.01097], [23.096445, 6.01097]], [[15.80012, -15.999715], [15.80012, -7.999715], [0.8001199999999999, -7.999714999999998], [0.8001199999999999, -15.999714999999998], [15.80012, -15.999715]], [[0.529345, -7.787695], [0.5293450000000004, 0.212305], [-5.470654999999999, 0.212305], [-5.470655, -7.787695], [0.529345, -7.787695]], [[39.48694, 17.48306], [23.48694, 17.483060000000002], [23.48694, 11.483060000000002], [39.48694, 11.48306], [39.48694, 17.48306]], [[15.965445, 0.06364000000000045], [15.965445, -7.93636], [30.965445, -7.936359999999998], [30.965445, 0.06364000000000136], [15.965445, 0.06364000000000045]]], "node_id": [0, 1, 2, 3, 4, 5, 6, 7]}