{"corners": [[[0.293395, 0.38612], [8.293395, 0.38612], [8.293395, 15.38612], [0.293395, 15.38612], [0.293395, 0.38612]], [[1.253449999999999, 31.48475], [1.25345, 15.48475], [7.25345, 15.48475], [7.253449999999999, 31.48475], [1.253449999999999, 31.48475]], [[8.105169999999998, 46.48921], [0.10516999999999734, 46.48921], [0.10516999999999911, 31.48921], [8.10517, 31.48921], [8.105169999999998, 46.48921]], [[16.21255, 15.16705], [8.21255, 15.167050000000001], [8.212549999999998, 0.16705000000000178], [16.212549999999997, 0.16705], [16.21255, 15.16705]], [[16.472335, 15.74402], [16.472334999999998, -0.25598], [22.472334999999998, -0.25598], [22.472335, 15.744019999999999], [16.472335, 15.74402]], [[38.304565, 10.662114999999996], [22.304565, 10.662114999999998], [22.304565, 4.662114999999998], [38.304565, 4.6621149999999965], [38.304565, 10.662114999999996]], [[7.116329999999997, 46.159195], [7.116329999999994, 62.159195], [1.1163299999999947, 62.159195], [1.1163299999999974, 46.159195], [7.116329999999997, 46.159195]], [[15.107574999999995, 61.832075], [7.107574999999994, 61.832075], [7.107574999999996, 46.832075], [15.107574999999997, 46.832075], [15.107574999999995, 61.832075]]], "node_id": [0, 1, 2, 3, 4, 5, 6, 7]}