{"corners": [[[0.307875, 0.191525], [8.307875, 0.191525], [8.307875, 6.191525], [0.307875, 6.191525], [0.307875, 0.191525]], [[8.4549, 0.29072], [24.4549, 0.29072], [24.4549, 6.29072], [8.4549, 6.29072], [8.4549, 0.29072]], [[19.092805, -15.805165], [19.092805, 0.194835], [13.092805, 0.194835], [13.092805, -15.805165], [19.092805, -15.805165]], [[0.4225849999999995, -4.698405], [0.4225850000000005, 11.301595], [-5.577415, 11.301595], [-5.577415000000001, -4.698405], [0.4225849999999995, -4.698405]], [[8.430640000000002, 21.18713], [0.4306400000000018, 21.18713], [0.43064, 6.187130000000002], [8.43064, 6.18713], [8.430640000000002, 21.18713]], [[8.425195, 17.632835], [8.425194999999999, 9.632835], [14.425194999999999, 9.632834999999998], [14.425195, 17.632835], [8.425195, 17.632835]], [[20.388415, -15.58634], [12.388415, -15.586339999999998], [12.388415, -21.58634], [20.388415, -21.58634], [20.388415, -15.58634]], [[32.12215, 6.276809999999999], [24.12215, 6.27681], [24.12215, 0.27681], [32.12215, 0.2768099999999991], [32.12215, 6.276809999999999]]], "node_id": [0, 1, 2, 3, 4, 5, 6, 7]}