{"corners": [[[0.26913, 0.47999], [16.26913, 0.47999], [16.26913, 6.47999], [0.26913, 6.47999], [0.26913, 0.47999]], [[0.05939499999999951, -4.83488], [0.059395000000000496, 11.16512], [-5.940605, 11.16512], [-5.940605000000001, -4.83488], [0.05939499999999951, -4.83488]], [[32.22337, 6.150179999999998], [16.22337, 6.15018], [16.22337, 0.15018], [32.22337, 0.15017999999999823], [32.22337, 6.150179999999998]], [[-6.99472, 11.32008], [1.00528, 11.32008], [1.00528, 26.32008], [-6.99472, 26.32008], [-6.99472, 11.32008]], [[16.656415, 0.4936050000000005], [16.656415, -7.5063949999999995], [31.656415, -7.506395000000004], [31.656415, 0.49360499999999774], [16.656415, 0.4936050000000005]], [[1.4307750000000001, 15.832365], [17.430775, 15.832365], [17.430775, 21.832365], [1.4307750000000001, 21.832365], [1.4307750000000001, 15.832365]], [[31.89242, 0.3759549999999982], [31.89242, -7.6240450000000015], [37.89242, -7.624045000000003], [37.89242, 0.3759549999999971], [31.89242, 0.3759549999999982]], [[-6.642519999999999, 26.493225], [-14.64252, 26.493225], [-14.64252, 11.493225000000002], [-6.642520000000001, 11.493225], [-6.642519999999999, 26.493225]]], "node_id": [0, 1, 2, 3, 4, 5, 6, 7]}