{"corners": [[[0.432405, 0.35044], [8.432405, 0.35044], [8.432405, 15.35044], [0.432405, 15.35044], [0.432405, 0.35044]], [[14.21291, 3.6294750000000002], [14.21291, 11.629475], [8.21291, 11.629475], [8.21291, 3.6294750000000002], [14.21291, 3.6294750000000002]], [[8.15739, 0.02326999999999951], [0.15739, 0.023270000000000488], [0.15739, -5.97673], [8.15739, -5.976730000000001], [8.15739, 0.02326999999999951]], [[-7.52789, 4.7625], [0.47211, 4.7625], [0.47211, 10.7625], [-7.52789, 10.7625], [-7.52789, 4.7625]], [[8.180019999999999, -5.76504], [24.18002, -5.7650400000000035], [24.18002, 0.23495999999999645], [8.18002, 0.23496], [8.180019999999999, -5.76504]], [[0.26367499999999555, -20.944405], [8.263674999999996, -20.944405000000003], [8.263675, -5.9444050000000015], [0.2636749999999992, -5.944405], [0.26367499999999555, -20.944405]], [[-13.874565, 15.90016], [-13.874564999999999, -0.09983999999999998], [-7.874564999999999, -0.09983999999999998], [-7.874565, 15.90016], [-13.874565, 15.90016]], [[-13.662535, 10.68677], [-29.662535, 10.686769999999997], [-29.662535, 4.686769999999998], [-13.662535, 4.68677], [-13.662535, 10.68677]]], "node_id": [0, 1, 2, 3, 4, 5, 6, 7]}