{"corners": [[[0.4895, 0.334375], [8.4895, 0.334375], [8.4895, 15.334375], [0.4895, 15.334375], [0.4895, 0.334375]], [[1.000604999999999, 31.328975], [1.000605, 15.328975], [7.000605, 15.328975], [7.000604999999999, 31.328975], [1.000604999999999, 31.328975]], [[0.404835, -14.730805], [8.404835, -14.730805], [8.404835, 0.269195], [0.404835, 0.269195], [0.404835, -14.730805]], [[12.130184999999997, 37.480055], [-3.869815000000002, 37.480055], [-3.869815000000002, 31.480055], [12.130184999999997, 31.480055], [12.130184999999997, 37.480055]], [[16.136465, 10.91285], [8.136465, 10.912850000000002], [8.136465, 4.912850000000001], [16.136465, 4.91285], [16.136465, 10.91285]], [[11.779044999999998, 37.10842], [11.779044999999996, 45.10842], [-3.2209550000000036, 45.10842], [-3.220955000000002, 37.10842], [11.779044999999998, 37.10842]], [[-11.658290000000001, 31.376095], [-3.658290000000002, 31.376095], [-3.658290000000002, 37.376095], [-11.658290000000001, 37.376095], [-11.658290000000001, 31.376095]], [[-4.966595000000002, 37.262095], [-4.966595000000001, 53.262095], [-10.966595, 53.262095], [-10.966595000000002, 37.262095], [-4.966595000000002, 37.262095]]], "node_id": [0, 1, 2, 3, 4, 5, 6, 7]}