{"corners": [[[0.110325, 0.11538], [16.110325, 0.11538], [16.110325, 6.11538], [0.110325, 6.11538], [0.110325, 0.11538]], [[11.175865, 6.443835], [11.175865000000002, 22.443835], [5.175865000000001, 22.443835], [5.175865, 6.443835], [11.175865, 6.443835]], [[16.35685, 7.129175], [16.35685, -0.870825], [22.35685, -0.870825], [22.35685, 7.129175], [16.35685, 7.129175]], [[5.304150000000002, 30.335955], [5.30415, 22.335955], [11.30415, 22.335955], [11.304150000000002, 30.335955], [5.304150000000002, 30.335955]], [[5.066975000000006, 46.385705], [5.066975000000003, 30.385705], [11.066975000000003, 30.385705], [11.066975000000005, 46.385705], [5.066975000000006, 46.385705]], [[30.44666, 6.237005000000002], [22.44666, 6.237005000000001], [22.44666, 0.23700500000000088], [30.44666, 0.23700500000000177], [30.44666, 6.237005000000002]], [[15.622805000000005, 46.26915], [15.622805000000007, 54.26915], [0.6228050000000072, 54.26915000000001], [0.6228050000000054, 46.26915000000001], [15.622805000000005, 46.26915]], [[-7.94827, 0.312025], [0.05173, 0.312025], [0.05173, 6.312025], [-7.94827, 6.312025], [-7.94827, 0.312025]], [[-0.7853100000000004, -7.63766], [-0.78531, 0.36234], [-6.78531, 0.36234], [-6.78531, -7.63766], [-0.7853100000000004, -7.63766]]], "node_id": [0, 1, 2, 3, 4, 5, 6, 7, 8]}