{"corners": [[[0.445865, 0.214155], [16.445865, 0.214155], [16.445865, 6.214155], [0.445865, 6.214155], [0.445865, 0.214155]], [[0.10358500000000036, 6.307765], [-7.896415, 6.307765000000001], [-7.896415, 0.3077650000000009], [0.10358499999999964, 0.307765], [0.10358500000000036, 6.307765]], [[-7.98263, -0.6816399999999991], [-7.9826299999999994, 7.318360000000001], [-13.98263, 7.318360000000001], [-13.98263, -0.6816399999999988], [-7.98263, -0.6816399999999991]], [[-0.5017599999999995, 6.160735000000001], [-0.5017599999999985, 22.160735], [-6.501759999999998, 22.160735], [-6.50176, 6.160735000000001], [-0.5017599999999995, 6.160735000000001]], [[15.47768, 17.092635], [-0.52232, 17.092635000000005], [-0.52232, 11.092635000000001], [15.47768, 11.092635], [15.47768, 17.092635]], [[31.21639, 17.290895], [15.21639, 17.290895000000003], [15.21639, 11.290895000000003], [31.21639, 11.290895], [31.21639, 17.290895]], [[-21.801135, -4.334294999999999], [-13.801135, -4.334294999999999], [-13.801135, 10.665704999999999], [-21.801135, 10.665704999999999], [-21.801135, -4.334294999999999]], [[16.481405, 11.391395], [16.481405, -4.608605], [22.481405, -4.608605], [22.481405, 11.391395], [16.481405, 11.391395]], [[-6.967220000000001, 0.15012000000000145], [-6.967220000000004, -15.849879999999999], [-0.9672200000000035, -15.849879999999999], [-0.9672200000000009, 0.15012000000000034], [-6.967220000000001, 0.15012000000000145]]], "node_id": [0, 1, 2, 3, 4, 5, 6, 7, 8]}