{"corners": [[[0.064805, 0.396525], [16.064805, 0.396525], [16.064805, 6.3965250000000005], [0.064805, 6.3965250000000005], [0.064805, 0.396525]], [[11.293065, -7.701845], [11.293065, 0.298155], [5.293065000000001, 0.298155], [5.293065, -7.701845], [11.293065, -7.701845]], [[-7.550625, 0.19359], [0.449375, 0.19359], [0.449375, 6.19359], [-7.550625, 6.19359], [-7.550625, 0.19359]], [[-7.96319, 6.02527], [-15.96319, 6.025270000000001], [-15.96319, 0.02527000000000089], [-7.96319, 0.02527], [-7.96319, 6.02527]], [[11.096605, -6.90352], [27.096605, -6.90352], [27.096605, -0.90352], [11.096605, -0.90352], [11.096605, -6.90352]], [[-23.88164, 0.45900500000000266], [-15.88164, 0.4590050000000007], [-15.881639999999999, 6.459005000000001], [-23.88164, 6.459005000000003], [-23.88164, 0.45900500000000266]], [[23.218275, -6.973820000000001], [15.218275, -6.97382], [15.218274999999998, -21.97382], [23.218274999999995, -21.97382], [23.218275, -6.973820000000001]], [[-29.643505, 11.162895000000004], [-29.643505000000005, -4.837104999999997], [-23.643505000000005, -4.837104999999997], [-23.643505, 11.162895000000002], [-29.643505, 11.162895000000004]], [[-23.949125, 11.454920000000001], [-23.949124999999995, 19.45492], [-29.949124999999995, 19.454920000000005], [-29.949125, 11.454920000000003], [-23.949125, 11.454920000000001]]], "node_id": [0, 1, 2, 3, 4, 5, 6, 7, 8]}