{"corners": [[[0.27955, 0.453855], [8.27955, 0.453855], [8.27955, 15.453855], [0.27955, 15.453855], [0.27955, 0.453855]], [[1.4629699999999999, 0.3437049999999998], [1.4629700000000008, -15.656295], [7.462970000000001, -15.656295], [7.46297, 0.34370500000000015], [1.4629699999999999, 0.3437049999999998]], [[1.1125649999999996, 23.236515], [1.112565, 15.236515], [7.112565, 15.236515], [7.112565, 23.236515], [1.1125649999999996, 23.236515]], [[8.09621, -15.792885], [0.09621, -15.792885], [0.09621000000000178, -30.792885], [8.096210000000001, -30.792885], [8.09621, -15.792885]], [[1.0604549999999995, 15.29886], [1.060455, 23.29886], [-13.939545, 23.29886], [-13.939545, 15.298860000000001], [1.0604549999999995, 15.29886]], [[-9.17147, 15.301915], [-9.171470000000001, 7.301915], [-3.171470000000002, 7.301914999999998], [-3.1714700000000002, 15.301914999999997], [-9.17147, 15.301915]], [[-17.067195, 8.020820000000002], [-9.067195, 8.02082], [-9.067194999999998, 14.02082], [-17.067195, 14.020820000000002], [-17.067195, 8.020820000000002]], [[-25.31044, 8.069800000000004], [-17.31044, 8.069800000000003], [-17.31044, 14.069800000000003], [-25.31044, 14.069800000000004], [-25.31044, 8.069800000000004]], [[24.130555, -20.466475], [8.130555, -20.466475000000003], [8.130555, -26.466475], [24.130555, -26.466475], [24.130555, -20.466475]]], "node_id": [0, 1, 2, 3, 4, 5, 6, 7, 8]}