{"corners": [[[0.2263, 0.49781], [8.2263, 0.49781], [8.2263, 15.49781], [0.2263, 15.49781], [0.2263, 0.49781]], [[0.26848500000000036, 10.56784], [-7.731515, 10.567840000000002], [-7.731515, 4.567840000000001], [0.2684849999999996, 4.56784], [0.26848500000000036, 10.56784]], [[0.494625, -5.843475], [8.494625, -5.843475], [8.494625, 0.156525], [0.494625, 0.156525], [0.494625, -5.843475]], [[-0.8486149999999996, 10.93521], [-0.8486149999999991, 18.93521], [-6.848614999999998, 18.93521], [-6.848615, 10.93521], [-0.8486149999999996, 10.93521]], [[8.082825, -5.529], [24.082825, -5.529], [24.082825, 0.471], [8.082825, 0.471], [8.082825, -5.529]], [[8.56857, -5.939710000000001], [8.56857, -13.93971], [23.56857, -13.93971], [23.56857, -5.93971], [8.56857, -5.939710000000001]], [[-12.715475, 18.658945], [-12.715475000000001, 10.658945], [-6.715475000000001, 10.658944999999997], [-6.715475, 18.658945], [-12.715475, 18.658945]], [[8.516805, -13.89272], [8.516805, -5.89272], [2.516805000000001, -5.89272], [2.516805, -13.89272], [8.516805, -13.89272]], [[2.8003249999999995, -13.65137], [2.800325, -5.65137], [-3.1996749999999996, -5.65137], [-3.1996750000000005, -13.65137], [2.8003249999999995, -13.65137]]], "node_id": [0, 1, 2, 3, 4, 5, 6, 7, 8]}