{"corners": [[[0.37936, 0.07574], [8.37936, 0.07574], [8.37936, 15.07574], [0.37936, 15.07574], [0.37936, 0.07574]], [[8.211345, 0.4924999999999995], [0.211345, 0.4925000000000005], [0.21134499999999823, -14.507499999999999], [8.211344999999998, -14.5075], [8.211345, 0.4924999999999995]], [[24.04372, 10.729649999999998], [8.04372, 10.72965], [8.04372, 4.72965], [24.04372, 4.729649999999999], [24.04372, 10.729649999999998]], [[24.460914999999996, 0.16508499999999823], [32.460915, 0.16508499999999626], [32.460915, 15.165084999999996], [24.460915, 15.165084999999998], [24.460914999999996, 0.16508499999999823]], [[13.329445000000003, 26.67863], [13.329445, 10.67863], [19.329445, 10.67863], [19.329445000000003, 26.67863], [13.329445000000003, 26.67863]], [[11.798299999999996, -22.80517], [11.798299999999996, -14.80517], [-3.2017000000000033, -14.805169999999999], [-3.2017000000000033, -22.80517], [11.798299999999996, -22.80517]], [[24.35296, 15.448649999999999], [32.35296, 15.448649999999997], [32.35296, 30.448649999999997], [24.352960000000003, 30.44865], [24.35296, 15.448649999999999]], [[-3.497565000000004, -26.567045], [-3.497565000000003, -10.567045], [-9.497565000000003, -10.567045], [-9.497565000000003, -26.567045], [-3.497565000000004, -26.567045]], [[19.995659999999997, -15.61414], [11.995659999999997, -15.614139999999999], [11.995659999999997, -21.61414], [19.995659999999997, -21.61414], [19.995659999999997, -15.61414]]], "node_id": [0, 1, 2, 3, 4, 5, 6, 7, 8]}