{"corners": [[[0.29376, 0.30972], [8.29376, 0.30972], [8.29376, 15.30972], [0.29376, 15.30972], [0.29376, 0.30972]], [[-3.535935, -5.921205], [12.464065, -5.921205], [12.464065, 0.078795], [-3.535935, 0.078795], [-3.535935, -5.921205]], [[12.234765, -5.572320000000001], [-3.765235, -5.5723199999999995], [-3.765235, -11.57232], [12.234765, -11.57232], [12.234765, -5.572320000000001]], [[0.3848450000000004, 10.58417], [-15.615155, 10.584170000000002], [-15.615155, 4.584170000000002], [0.3848449999999996, 4.58417], [0.3848450000000004, 10.58417]], [[-3.561935, -12.740455], [-3.5619349999999996, -4.740455], [-18.561935, -4.740454999999998], [-18.561935, -12.740454999999999], [-3.561935, -12.740455]], [[-24.857465, -0.6353949999999982], [-24.857465000000005, -16.635395], [-18.857465000000005, -16.635395], [-18.857465, -0.6353949999999993], [-24.857465, -0.6353949999999982]], [[7.14348, -19.80806], [7.143480000000001, -11.80806], [1.143480000000001, -11.80806], [1.14348, -19.80806], [7.14348, -19.80806]], [[-29.253540000000005, -16.83433], [-29.253540000000005, -24.83433], [-14.253540000000005, -24.834330000000005], [-14.253540000000003, -16.834330000000005], [-29.253540000000005, -16.83433]], [[-3.924375, 4.92638], [-11.924375, 4.926380000000001], [-11.924375, -1.0736199999999991], [-3.924375000000001, -1.07362], [-3.924375, 4.92638]]], "node_id": [0, 1, 2, 3, 4, 5, 6, 7, 8]}