{"corners": [[[0.422785, 0.43986], [8.422785, 0.43986], [8.422785, 6.43986], [0.422785, 6.43986], [0.422785, 0.43986]], [[8.141029999999999, 11.254275], [8.14103, -4.745725], [14.14103, -4.745725], [14.14103, 11.254275], [8.141029999999999, 11.254275]], [[0.04855, 6.025925], [8.04855, 6.025925], [8.04855, 21.025925], [0.04855, 21.025925], [0.04855, 6.025925]], [[-7.769345, 6.2801], [0.230655, 6.2801], [0.230655, 21.2801], [-7.769345, 21.2801], [-7.769345, 6.2801]], [[8.44457, 0.056869999999999504], [0.44457, 0.05687000000000049], [0.44457, -5.94313], [8.444569999999999, -5.943130000000001], [8.44457, 0.056869999999999504]], [[-7.558145, 9.787535], [-7.558144999999999, 17.787535], [-22.558145, 17.787535], [-22.558145, 9.787535000000002], [-7.558145, 9.787535]], [[29.121645, -0.8560150000000009], [29.121645, 7.143984999999999], [14.121645000000001, 7.143985000000001], [14.121645000000001, -0.856015], [29.121645, -0.8560150000000009]], [[8.056765, -4.808885], [8.056765000000002, -20.808885], [14.056765, -20.808885], [14.056765, -4.808885], [8.056765, -4.808885]], [[14.228755, -8.644075], [14.228755, -16.644075], [29.228755, -16.644075], [29.228755, -8.644074999999999], [14.228755, -8.644075]]], "node_id": [0, 1, 2, 3, 4, 5, 6, 7, 8]}