{"corners": [[[0.34461, 0.323445], [16.34461, 0.323445], [16.34461, 6.3234449999999995], [0.34461, 6.3234449999999995], [0.34461, 0.323445]], [[4.38642, 6.36698], [12.38642, 6.36698], [12.38642, 12.36698], [4.38642, 12.36698], [4.38642, 6.36698]], [[12.376665, 6.085055], [20.376665, 6.085055], [20.376665, 12.085055], [12.376665, 12.085055], [12.376665, 6.085055]], [[11.37922, 12.031455], [11.379220000000002, 28.031455], [5.379220000000001, 28.031455], [5.37922, 12.031455], [11.37922, 12.031455]], [[11.25591, 28.34354], [11.25591, 36.34354], [5.255910000000001, 36.34354], [5.25591, 28.34354], [11.25591, 28.34354]], [[36.36101, 12.017889999999998], [20.36101, 12.01789], [20.36101, 6.01789], [36.36101, 6.017889999999999], [36.36101, 12.017889999999998]], [[-9.86523, 36.43315], [-9.865230000000002, 28.43315], [5.134769999999998, 28.433149999999998], [5.13477, 36.43315], [-9.86523, 36.43315]], [[-14.867485, 7.064644999999999], [-14.867485, -0.9353550000000009], [0.132515, -0.935355], [0.132515, 7.064645], [-14.867485, 7.064644999999999]], [[12.143585, 12.121865], [20.143585, 12.121865], [20.143585, 18.121865], [12.143585, 18.121865], [12.143585, 12.121865]]], "node_id": [0, 1, 2, 3, 4, 5, 6, 7, 8]}