{"corners": [[[0.218475, 0.380295], [8.218475, 0.380295], [8.218475, 15.380295], [0.218475, 15.380295], [0.218475, 0.380295]], [[8.30894, 15.91579], [8.30894, -0.08421000000000001], [14.30894, -0.08421000000000001], [14.30894, 15.91579], [8.30894, 15.91579]], [[15.400275, -0.0952499999999995], [7.400275, -0.09525000000000045], [7.400275000000001, -6.09525], [15.400275, -6.095249999999999], [15.400275, -0.0952499999999995]], [[0.36893500000000096, 15.379705], [-7.6310649999999995, 15.379705000000001], [-7.6310649999999995, 0.3797050000000018], [0.36893499999999907, 0.379705], [0.36893500000000096, 15.379705]], [[7.03591, -12.05882], [15.03591, -12.05882], [15.03591, -6.05882], [7.03591, -6.05882], [7.03591, -12.05882]], [[18.630145, 15.929085], [18.630145, 23.929085], [3.630145, 23.929085], [3.630145, 15.929085000000002], [18.630145, 15.929085]], [[18.99108, 16.75012], [34.99108, 16.75012], [34.99108, 22.75012], [18.99108, 22.75012], [18.99108, 16.75012]], [[31.03914, -6.281465000000002], [15.03914, -6.281465], [15.03914, -12.281465], [31.03914, -12.281465000000003], [31.03914, -6.281465000000002]], [[-4.166955, 16.739315], [3.833045, 16.739315], [3.833045, 22.739315], [-4.166955, 22.739315], [-4.166955, 16.739315]]], "node_id": [0, 1, 2, 3, 4, 5, 6, 7, 8]}