{"corners": [[[0.27466, 0.25817], [8.27466, 0.25817], [8.27466, 6.25817], [0.27466, 6.25817], [0.27466, 0.25817]], [[7.279159999999999, -15.842605], [7.27916, 0.157395], [1.27916, 0.157395], [1.2791599999999992, -15.842605], [7.279159999999999, -15.842605]], [[1.4777149999999994, 14.105305], [1.477715, 6.105305], [7.477715, 6.105305], [7.477715, 14.105305], [1.4777149999999994, 14.105305]], [[0.24658999999999912, -21.89338], [8.24659, -21.89338], [8.24659, -15.89338], [0.24658999999999912, -15.89338], [0.24658999999999912, -21.89338]], [[0.14385499999999862, -26.90207], [0.14385499999999962, -10.90207], [-5.856145000000001, -10.90207], [-5.8561450000000015, -26.90207], [0.14385499999999862, -26.90207]], [[1.2248649999999996, 6.46938], [1.224865, 14.46938], [-13.775135, 14.469380000000001], [-13.775135, 6.469380000000001], [1.2248649999999996, 6.46938]], [[1.3358549999999991, 22.33872], [1.3358549999999996, 14.33872], [7.3358550000000005, 14.33872], [7.335854999999999, 22.33872], [1.3358549999999991, 22.33872]], [[15.475099999999998, 25.812615], [7.4750999999999985, 25.812615], [7.4751, 10.812614999999997], [15.4751, 10.812615], [15.475099999999998, 25.812615]], [[-13.941914999999998, 17.51428], [-21.941915, 17.51428], [-21.941915, 2.5142800000000016], [-13.941915, 2.51428], [-13.941914999999998, 17.51428]]], "node_id": [0, 1, 2, 3, 4, 5, 6, 7, 8]}