{"corners": [[[0.398665, 0.179465], [8.398665, 0.179465], [8.398665, 15.179465], [0.398665, 15.179465], [0.398665, 0.179465]], [[0.24365, 15.31624], [8.24365, 15.31624], [8.24365, 21.31624], [0.24365, 21.31624], [0.24365, 15.31624]], [[-7.565185, 15.255075], [0.434815, 15.255075], [0.434815, 21.255075], [-7.565185, 21.255075], [-7.565185, 15.255075]], [[-7.513945, 21.334205], [-23.513945, 21.334205000000004], [-23.513945, 15.334205000000003], [-7.513945, 15.334205], [-7.513945, 21.334205]], [[8.48951, 22.100075], [8.48951, 14.100075], [14.48951, 14.100075], [14.48951, 22.100075], [8.48951, 22.100075]], [[-18.742379999999997, 37.28013], [-18.74238, 21.28013], [-12.74238, 21.28013], [-12.742379999999997, 37.28013], [-18.742379999999997, 37.28013]], [[7.104275, 22.236435], [15.104275, 22.236435], [15.104275, 37.236435], [7.104275, 37.236435], [7.104275, 22.236435]], [[-6.8989650000000005, 21.47437], [-6.898964999999995, 37.47437], [-12.898964999999997, 37.47437], [-12.898965, 21.474370000000004], [-6.8989650000000005, 21.47437]], [[19.05187, 43.11389], [3.05187, 43.11389], [3.05187, 37.11389], [19.05187, 37.11389], [19.05187, 43.11389]]], "node_id": [0, 1, 2, 3, 4, 5, 6, 7, 8]}