{"corners": [[[0.073535, 0.11141], [16.073535, 0.11141], [16.073535, 6.11141], [0.073535, 6.11141], [0.073535, 0.11141]], [[-15.852095, 0.269995], [0.147905, 0.269995], [0.147905, 6.269995], [-15.852095, 6.269995], [-15.852095, 0.269995]], [[-4.83418, 6.15908], [-4.834179999999999, 22.15908], [-10.83418, 22.15908], [-10.83418, 6.15908], [-4.83418, 6.15908]], [[-11.959315, 22.00094], [-3.959315, 22.00094], [-3.959315, 37.00094], [-11.959315, 37.00094], [-11.959315, 22.00094]], [[-23.62921, 0.06469], [-15.62921, 0.06469], [-15.62921, 6.06469], [-23.62921, 6.06469], [-23.62921, 0.06469]], [[-4.8634749999999976, 22.076665], [-4.863475, 6.076665], [1.136525, 6.076665], [1.1365250000000027, 22.076665], [-4.8634749999999976, 22.076665]], [[7.33087, 10.340299999999996], [7.330870000000003, 18.340299999999996], [1.3308700000000027, 18.3403], [1.33087, 10.340299999999997], [7.33087, 10.340299999999996]], [[0.48293, 43.04144], [-15.51707, 43.04144], [-15.51707, 37.04144], [0.4829299999999993, 37.04144], [0.48293, 43.04144]], [[-17.753445, 33.985455], [-17.753445, 25.985455], [-11.753445, 25.985455], [-11.753445, 33.985455], [-17.753445, 33.985455]]], "node_id": [0, 1, 2, 3, 4, 5, 6, 7, 8]}