{"corners": [[[0.260015, 0.00432], [8.260015, 0.00432], [8.260015, 15.00432], [0.260015, 15.00432], [0.260015, 0.00432]], [[1.3059249999999991, 31.079255], [1.305925, 15.079255], [7.305925, 15.079255], [7.305924999999999, 31.079255], [1.3059249999999991, 31.079255]], [[8.40322, 0.201595], [16.40322, 0.201595], [16.40322, 15.201595], [8.40322, 15.201595], [8.40322, 0.201595]], [[-7.965445, 4.849875], [0.034555, 4.849875], [0.034555, 10.849875], [-7.965445, 10.849875], [-7.965445, 4.849875]], [[16.026765, 4.796525], [24.026765, 4.796525], [24.026765, 10.796525], [16.026765, 10.796525], [16.026765, 4.796525]], [[0.4806399999999991, 31.15718], [8.48064, 31.15718], [8.48064, 46.15718], [0.4806399999999991, 46.15718], [0.4806399999999991, 31.15718]], [[40.069005, 10.844774999999998], [24.069005, 10.844775], [24.069005, 4.844775], [40.069005, 4.8447749999999985], [40.069005, 10.844774999999998]], [[24.265805, 10.705495000000003], [40.265805, 10.705494999999999], [40.265805, 16.705495], [24.265805, 16.705495], [24.265805, 10.705495000000003]], [[35.085335, 16.930475], [35.085335, 24.930475], [29.085335000000004, 24.930475], [29.085335, 16.930475000000005], [35.085335, 16.930475]]], "node_id": [0, 1, 2, 3, 4, 5, 6, 7, 8]}