{"corners": [[[0.416035, 0.027665], [8.416035, 0.027665], [8.416035, 15.027665], [0.416035, 15.027665], [0.416035, 0.027665]], [[-3.939505, -5.720015], [12.060495, -5.720015], [12.060495, 0.279985], [-3.939505, 0.279985], [-3.939505, -5.720015]], [[-19.649415, -5.731185], [-3.649415, -5.731185], [-3.649415, 0.268815], [-19.649415, 0.268815], [-19.649415, -5.731185]], [[0.389085, 15.080965], [8.389085, 15.080965], [8.389085, 30.080965], [0.389085, 30.080965], [0.389085, 15.080965]], [[8.009115000000001, 45.468385], [0.009115000000001776, 45.468385], [0.009115, 30.468385], [8.009115, 30.468385], [8.009115000000001, 45.468385]]], "node_id": [0, 1, 2, 3, 4]}