{"corners": [[[0.242075, 0.381965], [8.242075, 0.381965], [8.242075, 15.381965], [0.242075, 15.381965], [0.242075, 0.381965]], [[7.048065, 15.45463], [7.048065000000001, 23.45463], [1.048065000000001, 23.45463], [1.048065, 15.45463], [7.048065, 15.45463]], [[-7.596355, 4.91249], [0.403645, 4.91249], [0.403645, 10.91249], [-7.596355, 10.91249], [-7.596355, 4.91249]], [[-7.537305, -0.491545], [-7.537304999999999, 15.508455], [-13.537305, 15.508455], [-13.537305, -0.4915449999999996], [-7.537305, -0.491545]], [[8.454105, 0.25172], [16.454105, 0.25172], [16.454105, 15.25172], [8.454105, 15.25172], [8.454105, 0.25172]], [[7.481185000000001, 23.420175], [7.481184999999999, 15.420175], [13.481185, 15.420174999999999], [13.481185, 23.420175], [7.481185000000001, 23.420175]], [[1.2480850000000006, 22.3858], [-14.751915, 22.385800000000003], [-14.751915, 16.3858], [1.2480849999999997, 16.3858], [1.2480850000000006, 22.3858]], [[8.47171, 0.1763849999999995], [0.47171, 0.17638500000000049], [0.47171, -5.823615], [8.47171, -5.823615000000001], [8.47171, 0.1763849999999995]], [[-18.586585, -6.103545], [-2.586585, -6.103545], [-2.586585, -0.103545], [-18.586585, -0.103545], [-18.586585, -6.103545]]], "node_id": [0, 1, 2, 3, 4, 5, 6, 7, 8]}