{"corners": [[[0.258875, 0.03507], [16.258875, 0.03507], [16.258875, 6.03507], [0.258875, 6.03507], [0.258875, 0.03507]], [[16.41339, 7.195745], [16.41339, -0.8042549999999999], [31.41339, -0.804254999999999], [31.41339, 7.1957450000000005], [16.41339, 7.195745]], [[27.80926, -0.8249099999999987], [19.80926, -0.8249099999999997], [19.80926, -15.82491], [27.809260000000002, -15.824909999999997], [27.80926, -0.8249099999999987]], [[19.684595, 7.274000000000001], [27.684595, 7.274000000000001], [27.684595, 22.274], [19.684595, 22.274], [19.684595, 7.274000000000001]], [[31.94543, 28.12329], [15.94543, 28.123290000000004], [15.94543, 22.12329], [31.94543, 22.12329], [31.94543, 28.12329]], [[4.048915, -5.65334], [12.048915, -5.65334], [12.048915, 0.34666], [4.048915, 0.34666], [4.048915, -5.65334]], [[43.941785, 17.502745], [27.941785, 17.502745000000004], [27.941785, 11.502745000000003], [43.941785, 11.502745], [43.941785, 17.502745]], [[4.37623, -20.64119], [12.37623, -20.64119], [12.37623, -5.64119], [4.37623, -5.64119], [4.37623, -20.64119]], [[46.18902, -0.730575], [46.18902, 7.269425], [31.18902, 7.269425000000002], [31.18902, -0.7305749999999991], [46.18902, -0.730575]]], "node_id": [0, 1, 2, 3, 4, 5, 6, 7, 8]}