{"corners": [[[0.126985, 0.42755], [8.126985, 0.42755], [8.126985, 15.42755], [0.126985, 15.42755], [0.126985, 0.42755]], [[14.144235, -0.21164500000000003], [14.144235000000002, 15.788355], [8.144235, 15.788355], [8.144235, -0.21164499999999964], [14.144235, -0.21164500000000003]], [[0.2556199999999998, 3.990065], [0.25562000000000024, 11.990065], [-5.744379999999999, 11.990065], [-5.74438, 3.9900650000000004], [0.2556199999999998, 3.990065]], [[-5.535185, 10.52989], [-13.535185, 10.529890000000002], [-13.535185, 4.529890000000001], [-5.535185000000001, 4.52989], [-5.535185, 10.52989]], [[3.676095, -0.49968499999999844], [3.676094999999999, -8.499684999999998], [18.676095, -8.499685000000001], [18.676095, -0.4996850000000012], [3.676095, -0.49968499999999844]], [[3.497345, 15.96367], [19.497345, 15.96367], [19.497345, 21.96367], [3.497345, 21.96367], [3.497345, 15.96367]], [[18.82471, -0.17032000000000092], [18.82471, -8.17032], [33.82471, -8.170320000000004], [33.82471, -0.1703200000000037], [18.82471, -0.17032000000000092]], [[39.66238, -8.356890000000005], [39.66238, -0.35689000000000537], [33.66238, -0.3568900000000036], [33.66238, -8.356890000000003], [39.66238, -8.356890000000005]], [[-12.531685, 15.78836], [3.468315, 15.78836], [3.468315, 21.78836], [-12.531685, 21.78836], [-12.531685, 15.78836]]], "node_id": [0, 1, 2, 3, 4, 5, 6, 7, 8]}