{"corners": [[[0.07539, 0.365135], [8.07539, 0.365135], [8.07539, 6.365135], [0.07539, 6.365135], [0.07539, 0.365135]], [[1.28992, 0.2447549999999998], [1.2899200000000008, -15.755245], [7.289920000000001, -15.755245], [7.28992, 0.2447550000000002], [1.28992, 0.2447549999999998]], [[13.39772, -15.79423], [13.397720000000001, 0.20577], [7.3977200000000005, 0.20577], [7.39772, -15.79423], [13.39772, -15.79423]], [[29.109835, -4.930835000000002], [13.109835, -4.930835], [13.109835, -10.930835], [29.109835, -10.930835000000002], [29.109835, -4.930835000000002]], [[0.3287100000000009, -30.888125], [8.32871, -30.888125], [8.32871, -15.888125], [0.3287100000000009, -15.888125], [0.3287100000000009, -30.888125]], [[29.168275, -3.8905350000000016], [29.168275, -11.890535000000002], [44.168275, -11.890535000000005], [44.168275, -3.8905350000000043], [29.168275, -3.8905350000000016]], [[0.39410500000000087, -45.89406], [8.394105, -45.89406], [8.394105, -30.89406], [0.39410500000000087, -30.89406], [0.39410500000000087, -45.89406]], [[39.883325, -19.681940000000008], [39.883325, -11.681940000000008], [33.883325, -11.681940000000004], [33.883325, -19.681940000000004], [39.883325, -19.681940000000008]], [[1.4147199999999995, 14.334005], [1.41472, 6.334005], [7.41472, 6.334005], [7.41472, 14.334005], [1.4147199999999995, 14.334005]]], "node_id": [0, 1, 2, 3, 4, 5, 6, 7, 8]}