{"corners": [[[0.395735, 0.29026], [8.395735, 0.29026], [8.395735, 6.29026], [0.395735, 6.29026], [0.395735, 0.29026]], [[1.4519799999999992, 22.401665], [1.45198, 6.401665], [7.45198, 6.401665], [7.451979999999999, 22.401665], [1.4519799999999992, 22.401665]], [[8.32603, 11.428685], [8.32603, -4.571315], [14.32603, -4.571315], [14.32603, 11.428685], [8.32603, 11.428685]], [[14.060485, 11.131535], [14.060485000000002, 27.131535], [8.060485, 27.131535], [8.060485, 11.131535], [14.060485, 11.131535]], [[1.0539999999999994, 10.15281], [1.0539999999999998, 18.15281], [-13.946, 18.15281], [-13.946, 10.152810000000002], [1.0539999999999994, 10.15281]], [[15.269920000000003, 42.275595], [7.269920000000002, 42.275595], [7.26992, 27.275595], [15.26992, 27.275595], [15.269920000000003, 42.275595]], [[-13.893465, 6.352625], [-13.893464999999999, 22.352625], [-19.893465, 22.352625], [-19.893465, 6.352625], [-13.893465, 6.352625]], [[-5.659295, 7.352655], [-5.659294999999999, -0.6473450000000001], [0.34070500000000087, -0.6473450000000001], [0.340705, 7.352655], [-5.659295, 7.352655]], [[1.0379450000000017, 42.73908], [1.0379449999999988, 26.73908], [7.037944999999999, 26.73908], [7.0379450000000014, 42.73908], [1.0379450000000017, 42.73908]]], "node_id": [0, 1, 2, 3, 4, 5, 6, 7, 8]}