{"corners": [[[0.031785, 0.045065], [16.031785, 0.045065], [16.031785, 6.045065], [0.031785, 6.045065], [0.031785, 0.045065]], [[0.07598000000000037, 6.412355], [-15.92402, 6.412355000000002], [-15.92402, 0.4123550000000018], [0.07597999999999965, 0.412355], [0.07598000000000037, 6.412355]], [[-11.885280000000002, -5.6433149999999985], [-3.8852800000000016, -5.643315], [-3.88528, 0.356685], [-11.88528, 0.35668500000000175], [-11.885280000000002, -5.6433149999999985]], [[5.202109999999999, 22.03097], [5.20211, 6.03097], [11.20211, 6.03097], [11.20211, 22.03097], [5.202109999999999, 22.03097]], [[16.33335, 28.35389], [0.3333499999999982, 28.353889999999996], [0.3333499999999982, 22.35389], [16.33335, 22.35389], [16.33335, 28.35389]], [[0.39619999999999783, 28.286015], [-7.6038000000000014, 28.286015], [-7.6038000000000014, 22.286015], [0.3961999999999986, 22.286015], [0.39619999999999783, 28.286015]], [[32.310965, 28.11684], [16.310965, 28.116839999999996], [16.310965, 22.11684], [32.310965, 22.11684], [32.310965, 28.11684]], [[5.24246, 0.18531999999999982], [5.242460000000001, -7.81468], [11.24246, -7.81468], [11.24246, 0.1853200000000002], [5.24246, 0.18531999999999982]], [[-7.665355, 16.260985], [0.334645, 16.260985], [0.334645, 22.260985], [-7.665355, 22.260985], [-7.665355, 16.260985]]], "node_id": [0, 1, 2, 3, 4, 5, 6, 7, 8]}