{"corners": [[[0.4828, 0.48195], [16.4828, 0.48195], [16.4828, 6.48195], [0.4828, 6.48195], [0.4828, 0.48195]], [[0.20319499999999974, -0.887865], [0.20319500000000024, 7.112135], [-5.796804999999999, 7.112135], [-5.796805, -0.8878649999999997], [0.20319499999999974, -0.887865]], [[0.26451999999999865, -16.706815], [0.26451999999999964, -0.706815], [-5.73548, -0.706815], [-5.735480000000002, -16.706815], [0.26451999999999865, -16.706815]], [[22.312315, -4.568525], [22.312315, 11.431475], [16.312315, 11.431475], [16.312315, -4.568525], [22.312315, -4.568525]], [[-13.587814999999999, -16.341765], [-5.587815, -16.341765], [-5.587815, -1.341765], [-13.587814999999999, -1.341765], [-13.587814999999999, -16.341765]], [[6.074699999999999, -12.70295], [6.0747, -4.70295], [0.0747, -4.70295], [0.07469999999999911, -12.70295], [6.074699999999999, -12.70295]], [[-5.719179999999996, 23.29806], [-5.719179999999999, 7.2980599999999995], [0.2808200000000009, 7.2980599999999995], [0.28082000000000357, 23.29806], [-5.719179999999996, 23.29806]], [[16.04317, -4.5611049999999995], [16.04317, -12.561105], [22.04317, -12.561105], [22.04317, -4.561105], [16.04317, -4.5611049999999995]], [[-5.65136, 6.41506], [-13.65136, 6.41506], [-13.65136, 0.4150600000000009], [-5.651360000000001, 0.41506], [-5.65136, 6.41506]]], "node_id": [0, 1, 2, 3, 4, 5, 6, 7, 8]}