{"corners": [[[0.305345, 0.011505], [8.305344999999999, 0.011505], [8.305344999999999, 6.011505], [0.305345, 6.011505], [0.305345, 0.011505]], [[8.016815, 0.37318], [24.016815, 0.37318], [24.016815, 6.37318], [8.016815, 6.37318], [8.016815, 0.37318]], [[-14.53329, 7.389984999999999], [-14.53329, -0.6100150000000009], [0.46671, -0.610015], [0.46671, 7.389985], [-14.53329, 7.389984999999999]], [[20.40539, 0.1283299999999995], [12.40539, 0.1283300000000005], [12.405389999999999, -14.871669999999998], [20.405389999999997, -14.87167], [20.40539, 0.1283299999999995]], [[20.1222, -14.73153], [12.1222, -14.731529999999998], [12.122199999999998, -29.73153], [20.122199999999996, -29.73153], [20.1222, -14.73153]], [[7.09059, 6.278905], [7.090590000000001, 22.278905], [1.0905900000000008, 22.278905], [1.09059, 6.278905], [7.09059, 6.278905]], [[-10.189935, 15.15627], [-10.189935, 7.15627], [-4.189934999999999, 7.15627], [-4.189935, 15.15627], [-10.189935, 15.15627]], [[-20.61492, 11.15658], [-20.61492, -4.84342], [-14.61492, -4.84342], [-14.61492, 11.15658], [-20.61492, 11.15658]], [[20.058625, -10.117205], [28.058625, -10.117205000000002], [28.058625, -4.117205000000002], [20.058625, -4.117205], [20.058625, -10.117205]]], "node_id": [0, 1, 2, 3, 4, 5, 6, 7, 8]}