{"corners": [[[0.380945, 0.374795], [8.380945, 0.374795], [8.380945, 6.374795], [0.380945, 6.374795], [0.380945, 0.374795]], [[0.096755, 6.24754], [8.096755, 6.24754], [8.096755, 21.24754], [0.096755, 21.24754], [0.096755, 6.24754]], [[8.41714, 11.16985], [8.41714, -4.83015], [14.41714, -4.83015], [14.41714, 11.16985], [8.41714, 11.16985]], [[8.214005, 19.470785], [8.214005, 11.470785], [14.214005, 11.470785], [14.214005, 19.470785], [8.214005, 19.470785]], [[-3.728865, 21.03888], [12.271135, 21.03888], [12.271135, 27.03888], [-3.728865, 27.03888], [-3.728865, 21.03888]], [[-3.9198749999999993, 31.696635], [-11.919875, 31.696635], [-11.919875, 16.696635], [-3.919875000000001, 16.696635], [-3.9198749999999993, 31.696635]], [[27.32222, 20.14508], [27.32222, 28.14508], [12.32222, 28.14508], [12.32222, 20.14508], [27.32222, 20.14508]], [[14.37082, 19.149625], [14.37082, 11.149625], [29.37082, 11.149625], [29.37082, 19.149625], [14.37082, 19.149625]], [[-10.720884999999999, 16.7641], [-10.720885000000003, 8.7641], [-4.720885000000002, 8.7641], [-4.720885, 16.7641], [-10.720884999999999, 16.7641]]], "node_id": [0, 1, 2, 3, 4, 5, 6, 7, 8]}