{"corners": [[[0.3154, 0.017095], [8.3154, 0.017095], [8.3154, 15.017095], [0.3154, 15.017095], [0.3154, 0.017095]], [[-3.80641, 15.00555], [12.19359, 15.00555], [12.19359, 21.00555], [-3.80641, 21.00555], [-3.80641, 15.00555]], [[0.034685, -14.914855], [8.034685, -14.914855], [8.034685, 0.085145], [0.034685, 0.085145], [0.034685, -14.914855]], [[0.115315, 21.13718], [8.115315, 21.13718], [8.115315, 27.13718], [0.115315, 27.13718], [0.115315, 21.13718]], [[-3.6109299999999998, 14.208], [-3.6109299999999998, 22.208], [-18.61093, 22.208], [-18.61093, 14.208000000000002], [-3.6109299999999998, 14.208]]], "node_id": [0, 1, 2, 3, 4]}