{"corners": [[[0.498245, 0.392815], [8.498245, 0.392815], [8.498245, 6.392815], [0.498245, 6.392815], [0.498245, 0.392815]], [[1.2806099999999991, 22.434555], [1.28061, 6.434555], [7.28061, 6.434555], [7.280609999999999, 22.434555], [1.2806099999999991, 22.434555]], [[7.21199, 11.25531], [23.21199, 11.25531], [23.21199, 17.25531], [7.21199, 17.25531], [7.21199, 11.25531]], [[0.32868, -14.879815], [8.32868, -14.879815], [8.32868, 0.120185], [0.32868, 0.120185], [0.32868, -14.879815]], [[8.0733, 0.425245], [24.0733, 0.425245], [24.0733, 6.425245], [8.0733, 6.425245], [8.0733, 0.425245]]], "node_id": [0, 1, 2, 3, 4]}