{"corners": [[[0.23066, 0.487065], [8.23066, 0.487065], [8.23066, 15.487065], [0.23066, 15.487065], [0.23066, 0.487065]], [[0.16732500000000036, 10.50316], [-15.832675, 10.503160000000001], [-15.832675, 4.503160000000002], [0.16732499999999964, 4.50316], [0.16732500000000036, 10.50316]], [[11.751435, -7.954105], [11.751435, 0.045895], [-3.248565, 0.045895000000001775], [-3.248565, -7.954104999999999], [11.751435, -7.954105]], [[-3.412860000000001, 23.01319], [-3.4128600000000002, 15.01319], [11.58714, 15.01319], [11.58714, 23.01319], [-3.412860000000001, 23.01319]], [[8.403245, -7.936055], [0.403245, -7.936054999999999], [0.403245, -13.936055], [8.403244999999998, -13.936055], [8.403245, -7.936055]]], "node_id": [0, 1, 2, 3, 4]}