{"corners": [[[0.145385, 0.413255], [8.145385, 0.413255], [8.145385, 15.413255], [0.145385, 15.413255], [0.145385, 0.413255]], [[11.653475, -7.626875], [11.653475, 0.373125], [-3.346525, 0.37312500000000176], [-3.346525, -7.626874999999999], [11.653475, -7.626875]], [[-9.469969999999998, 4.330820000000003], [-9.469970000000002, -11.669179999999997], [-3.469970000000001, -11.669179999999997], [-3.4699699999999982, 4.330820000000002], [-9.469969999999998, 4.330820000000003]], [[-14.029110000000003, -17.936014999999994], [1.9708899999999965, -17.936014999999998], [1.9708899999999965, -11.936014999999996], [-14.029110000000001, -11.936014999999992], [-14.029110000000003, -17.936014999999994]], [[0.11741500000000037, 10.79956], [-15.882585, 10.799560000000001], [-15.882585, 4.799560000000001], [0.11741499999999964, 4.79956], [0.11741500000000037, 10.79956]]], "node_id": [0, 1, 2, 3, 4]}