{"corners": [[[0.31122, 0.14181], [8.31122, 0.14181], [8.31122, 15.14181], [0.31122, 15.14181], [0.31122, 0.14181]], [[8.31972, 11.645695], [8.31972, 3.645695], [14.31972, 3.645695], [14.31972, 11.645695], [8.31972, 11.645695]], [[14.00325, 11.749575], [14.00325, 3.749575], [20.00325, 3.749575], [20.00325, 11.749575], [14.00325, 11.749575]], [[26.491425, 3.941325], [26.491425, 11.941325], [20.491425, 11.941325], [20.491425, 3.9413250000000004], [26.491425, 3.941325]], [[26.39716, 11.81578], [26.39716, 19.81578], [20.39716, 19.81578], [20.39716, 11.81578], [26.39716, 11.81578]]], "node_id": [0, 1, 2, 3, 4]}