{"corners": [[[0.07709, 0.262], [8.07709, 0.262], [8.07709, 15.262], [0.07709, 15.262], [0.07709, 0.262]], [[-5.973565000000001, 15.92196], [-5.973565, -0.07804], [0.026435, -0.07804], [0.026434999999999112, 15.92196], [-5.973565000000001, 15.92196]], [[-5.69149, -0.21235500000000024], [-5.691489999999999, -8.212355], [0.3085100000000009, -8.212355], [0.30851, -0.21235499999999985], [-5.69149, -0.21235500000000024]], [[0.331995, 15.21333], [8.331995, 15.21333], [8.331995, 21.21333], [0.331995, 21.21333], [0.331995, 15.21333]], [[8.230675, 11.81835], [8.230675, 3.81835], [14.230675, 3.81835], [14.230675, 11.81835], [8.230675, 11.81835]]], "node_id": [0, 1, 2, 3, 4]}