{"corners": [[[0.034065, 0.011355], [8.034065, 0.011355], [8.034065, 6.011355], [0.034065, 6.011355], [0.034065, 0.011355]], [[1.3004850000000001, 0.46685999999999983], [1.300485000000001, -15.53314], [7.300485000000001, -15.53314], [7.300485, 0.46686000000000016], [1.3004850000000001, 0.46685999999999983]], [[0.37719999999999976, -0.927525], [0.3772000000000002, 7.072475], [-5.622799999999999, 7.072475], [-5.6228, -0.9275249999999997], [0.37719999999999976, -0.927525]], [[7.190025, 0.2297], [7.190025000000001, -15.7703], [13.190025, -15.7703], [13.190025, 0.22970000000000035], [7.190025, 0.2297]], [[18.47534, -15.880124999999998], [2.47534, -15.880125], [2.47534, -21.880125], [18.47534, -21.880125], [18.47534, -15.880124999999998]]], "node_id": [0, 1, 2, 3, 4]}