{"corners": [[[0.223, 0.156675], [16.223, 0.156675], [16.223, 6.156675], [0.223, 6.156675], [0.223, 0.156675]], [[12.251360000000002, 21.001505], [4.251360000000002, 21.001505], [4.25136, 6.001505000000002], [12.25136, 6.001505], [12.251360000000002, 21.001505]], [[5.2571200000000005, 0.06359999999999982], [5.2571200000000005, -7.9364], [11.25712, -7.9364], [11.25712, 0.06360000000000018], [5.2571200000000005, 0.06359999999999982]], [[11.41125, 0.21921000000000043], [11.41125, -7.78079], [17.41125, -7.78079], [17.41125, 0.2192100000000008], [11.41125, 0.21921000000000043]], [[33.476615, -0.7899849999999973], [17.476615, -0.7899849999999993], [17.476615, -6.789984999999999], [33.476615, -6.789984999999997], [33.476615, -0.7899849999999973]]], "node_id": [0, 1, 2, 3, 4]}