{"corners": [[[0.472755, 0.17397], [8.472755, 0.17397], [8.472755, 15.17397], [0.472755, 15.17397], [0.472755, 0.17397]], [[14.39752, 3.6032], [14.39752, 11.6032], [8.39752, 11.6032], [8.39752, 3.6032000000000006], [14.39752, 3.6032]], [[20.043135, -0.36355499999999996], [20.043135, 15.636445], [14.043135, 15.636445], [14.043135, -0.36355499999999963], [20.043135, -0.36355499999999996]], [[14.151310000000002, 23.7464], [14.15131, 15.7464], [20.15131, 15.746399999999998], [20.15131, 23.7464], [14.151310000000002, 23.7464]], [[26.08519, -0.13576], [26.08519, 15.86424], [20.08519, 15.86424], [20.08519, -0.1357599999999996], [26.08519, -0.13576]]], "node_id": [0, 1, 2, 3, 4]}