{"corners": [[[0.49308, 0.236525], [16.49308, 0.236525], [16.49308, 6.236525], [0.49308, 6.236525], [0.49308, 0.236525]], [[4.00856, 6.32976], [12.00856, 6.32976], [12.00856, 21.32976], [4.00856, 21.32976], [4.00856, 6.32976]], [[-15.56813, 0.154295], [0.43187, 0.154295], [0.43187, 6.154295], [-15.56813, 6.154295], [-15.56813, 0.154295]], [[4.339695, 21.162725000000002], [12.339695, 21.162725000000002], [12.339695, 36.162725], [4.339695, 36.162725], [4.339695, 21.162725000000002]], [[12.090005, 0.23838499999999951], [4.090005, 0.2383850000000005], [4.090004999999998, -14.761614999999999], [12.090004999999998, -14.761615], [12.090005, 0.23838499999999951]]], "node_id": [0, 1, 2, 3, 4]}