{"corners": [[[0.13804, 0.05503], [16.13804, 0.05503], [16.13804, 6.05503], [0.13804, 6.05503], [0.13804, 0.05503]], [[31.232495, -0.6873050000000009], [31.232495, 7.312694999999999], [16.232495, 7.312695000000001], [16.232495, -0.687305], [31.232495, -0.6873050000000009]], [[20.929345, -0.5436849999999999], [20.929344999999998, -16.543685], [26.929344999999998, -16.543685], [26.929345, -0.5436850000000009], [20.929345, -0.5436849999999999]], [[37.363945, -4.5532900000000005], [37.363945, 11.44671], [31.363945, 11.44671], [31.363945, -4.5532900000000005], [37.363945, -4.5532900000000005]], [[41.86135, -12.540190000000008], [41.86135, -4.540190000000007], [26.86135, -4.540190000000002], [26.86135, -12.540190000000003], [41.86135, -12.540190000000008]]], "node_id": [0, 1, 2, 3, 4]}