{"corners": [[[0.398455, 0.15927], [16.398455, 0.15927], [16.398455, 6.15927], [0.398455, 6.15927], [0.398455, 0.15927]], [[0.166245, -5.635665], [16.166245, -5.635665], [16.166245, 0.364335], [0.166245, 0.364335], [0.166245, -5.635665]], [[0.25172500000000037, 0.24134], [-15.748275, 0.24134000000000197], [-15.748275, -5.758659999999998], [0.2517249999999996, -5.75866], [0.25172500000000037, 0.24134]], [[-7.74943, 0.14508], [0.25057, 0.14508], [0.25057, 6.14508], [-7.74943, 6.14508], [-7.74943, 0.14508]], [[0.22735, -11.83971], [16.22735, -11.83971], [16.22735, -5.83971], [0.22735, -5.83971], [0.22735, -11.83971]]], "node_id": [0, 1, 2, 3, 4]}