{"corners": [[[0.269195, 0.415125], [16.269195, 0.415125], [16.269195, 6.415125], [0.269195, 6.415125], [0.269195, 0.415125]], [[0.172315, -5.912985], [16.172315, -5.912985], [16.172315, 0.087015], [0.172315, 0.087015], [0.172315, -5.912985]], [[-7.84938, -10.01265], [0.15062, -10.01265], [0.15062, 4.98735], [-7.84938, 4.98735], [-7.84938, -10.01265]], [[15.522415, 6.083854999999999], [15.522415, 14.083855], [0.522415, 14.083855], [0.522415, 6.083855], [15.522415, 6.083854999999999]], [[21.781885, 6.36841], [21.781885, 14.36841], [15.781885, 14.36841], [15.781885, 6.36841], [21.781885, 6.36841]]], "node_id": [0, 1, 2, 3, 4]}