{"corners": [[[0.07796, 0.34404], [8.07796, 0.34404], [8.07796, 6.34404], [0.07796, 6.34404], [0.07796, 0.34404]], [[-14.65204, 7.141069999999999], [-14.65204, -0.8589300000000009], [0.34796, -0.85893], [0.34796, 7.14107], [-14.65204, 7.141069999999999]], [[-11.120535, 7.08055], [-3.120535, 7.08055], [-3.120535, 13.08055], [-11.120535, 13.08055], [-11.120535, 7.08055]], [[16.46217, 6.4826999999999995], [8.46217, 6.4827], [8.46217, 0.4827], [16.46217, 0.48269999999999913], [16.46217, 6.4826999999999995]], [[16.315625, 7.304819999999999], [16.315624999999997, -0.6951800000000009], [22.315625, -0.6951800000000027], [22.315625, 7.3048199999999985], [16.315625, 7.304819999999999]]], "node_id": [0, 1, 2, 3, 4]}