{"corners": [[[0.008565, 0.265365], [8.008565, 0.265365], [8.008565, 15.265365], [0.008565, 15.265365], [0.008565, 0.265365]], [[7.37842, -7.789955], [7.378420000000001, 0.210045], [1.3784200000000009, 0.210045], [1.37842, -7.789955], [7.37842, -7.789955]], [[7.304735, 15.445275], [7.304735000000001, 23.445275], [1.3047350000000009, 23.445275], [1.304735, 15.445275], [7.304735, 15.445275]], [[-13.60726, 0.27636000000000266], [-13.607260000000002, -7.723639999999997], [1.392739999999998, -7.72364], [1.3927399999999999, 0.2763599999999999], [-13.60726, 0.27636000000000266]], [[-21.57821, -11.276834999999997], [-13.57821, -11.276834999999998], [-13.578209999999997, 3.7231650000000016], [-21.578209999999995, 3.7231650000000034], [-21.57821, -11.276834999999997]]], "node_id": [0, 1, 2, 3, 4]}