{"corners": [[[0.339195, 0.23322], [8.339195, 0.23322], [8.339195, 6.23322], [0.339195, 6.23322], [0.339195, 0.23322]], [[14.001095, -4.8349], [14.001095000000001, 11.1651], [8.001095, 11.1651], [8.001095, -4.8349], [14.001095, -4.8349]], [[14.23044, 11.26509], [14.23044, 19.26509], [8.23044, 19.26509], [8.23044, 11.26509], [14.23044, 11.26509]], [[0.23033, 6.239595], [8.23033, 6.239595], [8.23033, 12.239595], [0.23033, 12.239595], [0.23033, 6.239595]], [[1.0932399999999995, 20.24111], [1.09324, 12.24111], [7.09324, 12.24111], [7.09324, 20.24111], [1.0932399999999995, 20.24111]]], "node_id": [0, 1, 2, 3, 4]}