{"corners": [[[0.47576, 0.110535], [16.47576, 0.110535], [16.47576, 6.110535], [0.47576, 6.110535], [0.47576, 0.110535]], [[4.240145, 6.46799], [12.240145, 6.46799], [12.240145, 21.46799], [4.240145, 21.46799], [4.240145, 6.46799]], [[15.60373, 21.409895], [15.60373, 29.409895], [0.60373, 29.409895], [0.60373, 21.409895], [15.60373, 21.409895]], [[12.174270000000002, 44.28624], [4.174270000000002, 44.28624], [4.17427, 29.28624], [12.17427, 29.28624], [12.174270000000002, 44.28624]], [[-11.987265, 33.746385000000004], [4.012735, 33.746385], [4.012735, 39.746385], [-11.987264999999999, 39.746385000000004], [-11.987265, 33.746385000000004]]], "node_id": [0, 1, 2, 3, 4]}