{"corners": [[[0.01205, 0.064495], [16.01205, 0.064495], [16.01205, 6.064495], [0.01205, 6.064495], [0.01205, 0.064495]], [[16.23796, 11.231055], [16.23796, -4.768945], [22.23796, -4.768945], [22.23796, 11.231055], [16.23796, 11.231055]], [[27.23939, 17.1408], [11.23939, 17.140799999999995], [11.23939, 11.140799999999999], [27.23939, 11.1408], [27.23939, 17.1408]], [[-3.522605, 18.017779999999995], [-3.5226049999999995, 10.017779999999997], [11.477395, 10.017779999999997], [11.477395, 18.017779999999995], [-3.522605, 18.017779999999995]], [[-0.19637500000000002, 18.117704999999997], [7.803625, 18.117704999999997], [7.803625, 24.117704999999997], [-0.19637500000000002, 24.117704999999997], [-0.19637500000000002, 18.117704999999997]]], "node_id": [0, 1, 2, 3, 4]}