{"corners": [[[0.233895, 0.145455], [8.233895, 0.145455], [8.233895, 15.145455], [0.233895, 15.145455], [0.233895, 0.145455]], [[-3.20552, 0.29415999999999953], [-3.2055199999999995, -7.70584], [11.79448, -7.70584], [11.79448, 0.2941600000000004], [-3.20552, 0.29415999999999953]], [[19.537, -0.6919799999999987], [11.537, -0.6919799999999996], [11.537, -6.69198], [19.537, -6.691979999999998], [19.537, -0.6919799999999987]], [[-3.31398, -0.8088650000000008], [-11.31398, -0.8088650000000017], [-11.31398, -6.808865000000002], [-3.313979999999999, -6.808865000000001], [-3.31398, -0.8088650000000008]], [[8.054190000000002, 30.15286], [0.05419000000000178, 30.15286], [0.05419, 15.152860000000002], [8.05419, 15.15286], [8.054190000000002, 30.15286]]], "node_id": [0, 1, 2, 3, 4]}