{"corners": [[[0.029435, 0.23942], [16.029435, 0.23942], [16.029435, 6.23942], [0.029435, 6.23942], [0.029435, 0.23942]], [[-15.95375, 0.24998], [0.04625, 0.24998], [0.04625, 6.24998], [-15.95375, 6.24998], [-15.95375, 0.24998]], [[-3.7678849999999993, 12.018095], [-11.767885, 12.018095000000002], [-11.767885, 6.018095000000001], [-3.767885, 6.018095], [-3.7678849999999993, 12.018095]], [[-15.804315, -0.5247299999999999], [-15.804315, 7.47527], [-21.804315, 7.47527], [-21.804315, -0.5247299999999997], [-15.804315, -0.5247299999999999]], [[-4.845479999999999, 12.16378], [-4.8454799999999985, 20.16378], [-10.845479999999998, 20.16378], [-10.84548, 12.16378], [-4.845479999999999, 12.16378]], [[16.425735, 7.27592], [16.425735, -0.7240800000000001], [22.425735, -0.7240800000000001], [22.425735, 7.27592], [16.425735, 7.27592]]], "node_id": [0, 1, 2, 3, 4, 5]}