{"corners": [[[0.329625, 0.17563], [16.329625, 0.17563], [16.329625, 6.17563], [0.329625, 6.17563], [0.329625, 0.17563]], [[22.084515, -4.78494], [22.084515, 11.21506], [16.084515, 11.21506], [16.084515, -4.78494], [22.084515, -4.78494]], [[0.6932299999999991, 14.23018], [0.6932299999999996, 6.23018], [15.69323, 6.230180000000001], [15.69323, 14.230180000000002], [0.6932299999999991, 14.23018]], [[30.44056, 6.460179999999999], [22.44056, 6.46018], [22.44056, 0.46018], [30.44056, 0.4601799999999991], [30.44056, 6.460179999999999]], [[15.113625, -10.506075], [23.113625, -10.506075], [23.113625, -4.506075], [15.113625, -4.506075], [15.113625, -10.506075]]], "node_id": [0, 1, 2, 3, 4]}