{"corners": [[[0.02461, 0.38053], [16.02461, 0.38053], [16.02461, 6.38053], [0.02461, 6.38053], [0.02461, 0.38053]], [[-7.5493, -4.49865], [0.4507, -4.49865], [0.4507, 10.50135], [-7.5493, 10.50135], [-7.5493, -4.49865]], [[16.477945, 7.3037], [16.477945, -0.6962999999999999], [22.477945, -0.6962999999999999], [22.477945, 7.3037], [16.477945, 7.3037]], [[-0.6426050000000004, -12.480205], [-0.642605, -4.480205], [-6.642605, -4.480205], [-6.642605, -12.480205], [-0.6426050000000004, -12.480205]], [[-6.889665, -12.334815], [-6.889664999999999, -4.334815], [-12.889665, -4.334815], [-12.889665, -12.334815], [-6.889665, -12.334815]], [[-2.002400000000001, -20.231985], [-2.0024000000000006, -12.231985], [-17.0024, -12.231984999999998], [-17.0024, -20.231985], [-2.002400000000001, -20.231985]]], "node_id": [0, 1, 2, 3, 4, 5]}