{"corners": [[[0.104275, 0.370285], [8.104275, 0.370285], [8.104275, 6.370285], [0.104275, 6.370285], [0.104275, 0.370285]], [[11.642845, 6.4845299999999995], [11.642845, 14.48453], [-3.357155, 14.48453], [-3.357155, 6.48453], [11.642845, 6.4845299999999995]], [[-3.1376399999999993, 13.17026], [-11.13764, 13.170260000000003], [-11.13764, 7.170260000000001], [-3.13764, 7.17026], [-3.1376399999999993, 13.17026]], [[7.300965, -7.698595], [7.300965000000001, 0.301405], [1.3009650000000008, 0.301405], [1.300965, -7.698595], [7.300965, -7.698595]], [[-19.06536, 2.714735000000002], [-11.06536, 2.714735], [-11.065359999999997, 17.714735], [-19.065359999999995, 17.714735], [-19.06536, 2.714735000000002]], [[8.186750000000004, 29.04118], [0.18675000000000355, 29.04118], [0.18675000000000178, 14.041180000000002], [8.186750000000002, 14.04118], [8.186750000000004, 29.04118]]], "node_id": [0, 1, 2, 3, 4, 5]}