{"corners": [[[0.018775, 0.08731], [8.018775, 0.08731], [8.018775, 15.08731], [0.018775, 15.08731], [0.018775, 0.08731]], [[8.49604, 0.4282699999999995], [0.49604, 0.4282700000000005], [0.49604, -5.57173], [8.496039999999999, -5.5717300000000005], [8.49604, 0.4282699999999995]], [[24.183975, 0.2664249999999978], [8.183975, 0.26642499999999975], [8.183975, -5.733575], [24.183975, -5.733575000000002], [24.183975, 0.2664249999999978]], [[24.11377, 6.415199999999999], [8.11377, 6.4152000000000005], [8.11377, 0.4152], [24.11377, 0.41519999999999824], [24.11377, 6.415199999999999]], [[8.246284999999999, -5.548700000000001], [0.24628499999999912, -5.5487], [0.24628499999999734, -20.5487], [8.246284999999997, -20.5487], [8.246284999999999, -5.548700000000001]], [[19.24207, -13.702935000000002], [19.24207, -5.702935000000002], [13.24207, -5.702935000000002], [13.24207, -13.702935000000002], [19.24207, -13.702935000000002]]], "node_id": [0, 1, 2, 3, 4, 5]}