{"corners": [[[0.010935, 0.18342], [16.010935, 0.18342], [16.010935, 6.18342], [0.010935, 6.18342], [0.010935, 0.18342]], [[12.09926, 0.1911049999999995], [4.09926, 0.1911050000000005], [4.099259999999998, -14.808894999999998], [12.099259999999997, -14.808895], [12.09926, 0.1911049999999995]], [[-7.78124, -4.253525], [0.21876, -4.253525], [0.21876, 10.746475], [-7.78124, 10.746475], [-7.78124, -4.253525]], [[-11.054775, 18.546195], [-11.054775, 10.546195], [3.9452249999999998, 10.546195], [3.9452249999999998, 18.546195], [-11.054775, 18.546195]], [[16.074885, -4.085265], [24.074885, -4.085265], [24.074885, 10.914735], [16.074885, 10.914735], [16.074885, -4.085265]], [[30.141735, -0.5066999999999999], [30.141735, 7.4933], [24.141735, 7.4933], [24.141735, -0.5066999999999997], [30.141735, -0.5066999999999999]]], "node_id": [0, 1, 2, 3, 4, 5]}