{"corners": [[[0.40087, 0.2728], [8.40087, 0.2728], [8.40087, 15.2728], [0.40087, 15.2728], [0.40087, 0.2728]], [[-7.55694, 0.292085], [0.44306, 0.292085], [0.44306, 15.292085], [-7.55694, 15.292085], [-7.55694, 0.292085]], [[-7.64163, -5.556605], [0.35837, -5.556605], [0.35837, 0.443395], [-7.64163, 0.443395], [-7.64163, -5.556605]], [[23.171975, 3.638699999999999], [23.171975, 11.6387], [8.171975, 11.6387], [8.171975, 3.6387], [23.171975, 3.638699999999999]], [[31.358555, 15.493774999999998], [23.358555, 15.493775], [23.358555, 0.493775], [31.358554999999996, 0.49377499999999824], [31.358555, 15.493774999999998]], [[46.46891, 3.8961399999999973], [46.46891, 11.896139999999997], [31.46891, 11.89614], [31.46891, 3.896139999999998], [46.46891, 3.8961399999999973]]], "node_id": [0, 1, 2, 3, 4, 5]}