{"corners": [[[0.29157, 0.153455], [16.29157, 0.153455], [16.29157, 6.153455], [0.29157, 6.153455], [0.29157, 0.153455]], [[-15.827025, 0.08353], [0.172975, 0.08353], [0.172975, 6.08353], [-15.827025, 6.08353], [-15.827025, 0.08353]], [[15.756485, -7.6219], [15.756485, 0.3781], [0.7564850000000001, 0.37810000000000177], [0.7564850000000001, -7.621899999999999], [15.756485, -7.6219]], [[-11.5352, -14.91229], [-3.5352, -14.91229], [-3.5352, 0.08771], [-11.5352, 0.08771], [-11.5352, -14.91229]], [[16.10771, 0.119695], [32.10771, 0.119695], [32.10771, 6.119695], [16.10771, 6.119695], [16.10771, 0.119695]], [[-15.996355, -4.58184], [-15.996354999999998, 11.41816], [-21.996355, 11.41816], [-21.996355, -4.58184], [-15.996355, -4.58184]]], "node_id": [0, 1, 2, 3, 4, 5]}