{"corners": [[[0.057285, 0.493475], [16.057285, 0.493475], [16.057285, 6.493475], [0.057285, 6.493475], [0.057285, 0.493475]], [[11.472485, 6.124245], [11.472485000000002, 22.124245], [5.472485000000001, 22.124245], [5.472485, 6.124245], [11.472485, 6.124245]], [[16.08752, 28.010525], [0.08752, 28.010525000000005], [0.08752, 22.010525], [16.08752, 22.010525], [16.08752, 28.010525]], [[27.04456, 17.05623], [11.04456, 17.056230000000003], [11.04456, 11.056230000000001], [27.04456, 11.05623], [27.04456, 17.05623]], [[43.012615, 17.093045], [27.012615, 17.093045000000004], [27.012615, 11.093045000000002], [43.012615, 11.093045], [43.012615, 17.093045]], [[43.05825, 23.273285], [27.05825, 23.273285000000005], [27.05825, 17.273285], [43.05825, 17.273285], [43.05825, 23.273285]]], "node_id": [0, 1, 2, 3, 4, 5]}