{"corners": [[[0.168805, 0.29394], [16.168805, 0.29394], [16.168805, 6.29394], [0.168805, 6.29394], [0.168805, 0.29394]], [[24.369555, 6.498154999999999], [16.369555, 6.498155], [16.369555, 0.498155], [24.369555, 0.4981549999999991], [24.369555, 6.498154999999999]], [[11.088765, -7.94732], [11.088765, 0.05268], [5.088765000000001, 0.05268], [5.088765, -7.94732], [11.088765, -7.94732]], [[27.70189, 6.338074999999999], [27.70189, 14.338075], [12.70189, 14.338075], [12.70189, 6.338075], [27.70189, 6.338074999999999]], [[6.894305000000001, 14.341095], [6.894304999999999, 6.341095], [12.894305, 6.341094999999998], [12.894305, 14.341094999999997], [6.894305000000001, 14.341095]], [[-9.090905, 7.384940000000004], [6.909095, 7.38494], [6.909095, 13.38494], [-9.090904999999998, 13.384940000000004], [-9.090905, 7.384940000000004]]], "node_id": [0, 1, 2, 3, 4, 5]}