{"corners": [[[0.256145, 0.464265], [8.256145, 0.464265], [8.256145, 6.464265], [0.256145, 6.464265], [0.256145, 0.464265]], [[0.495415, -14.643215], [8.495415, -14.643215], [8.495415, 0.356785], [0.495415, 0.356785], [0.495415, -14.643215]], [[8.49094, -3.3927], [8.49094, -11.3927], [23.49094, -11.3927], [23.49094, -3.392699999999999], [8.49094, -3.3927]], [[-3.312615, -14.786305], [-3.3126149999999996, -22.786305], [11.687385, -22.786305], [11.687385, -14.786304999999999], [-3.312615, -14.786305]], [[-3.063505, -15.64979], [-19.063505, -15.649790000000003], [-19.063505, -21.64979], [-3.0635049999999993, -21.64979], [-3.063505, -15.64979]], [[-19.435555, -15.70302], [-3.435555, -15.70302], [-3.435555, -9.70302], [-19.435555, -9.70302], [-19.435555, -15.70302]]], "node_id": [0, 1, 2, 3, 4, 5]}