{"corners": [[[0.30791, 0.074275], [8.30791, 0.074275], [8.30791, 15.074275], [0.30791, 15.074275], [0.30791, 0.074275]], [[8.091545, 21.057205], [0.091545, 21.057205], [0.091545, 15.057205], [8.091545, 15.057205], [8.091545, 21.057205]], [[-5.992689999999999, 22.243375], [-5.9926900000000005, 14.243375], [0.0073099999999991115, 14.243374999999999], [0.007310000000000888, 22.243375], [-5.992689999999999, 22.243375]], [[8.48245, 0.03228], [16.48245, 0.03228], [16.48245, 15.03228], [8.48245, 15.03228], [8.48245, 0.03228]], [[-5.729455, 11.73295], [-5.729454999999999, 3.7329499999999998], [0.27054500000000087, 3.7329499999999998], [0.270545, 11.73295], [-5.729455, 11.73295]], [[-5.699270000000003, 10.044465], [-5.699269999999998, 26.044465], [-11.699269999999997, 26.044465000000002], [-11.699270000000004, 10.044465000000002], [-5.699270000000003, 10.044465]]], "node_id": [0, 1, 2, 3, 4, 5]}