{"corners": [[[0.012055, 0.47083], [8.012055, 0.47083], [8.012055, 6.47083], [0.012055, 6.47083], [0.012055, 0.47083]], [[0.13642499999999974, -0.68394], [0.13642500000000024, 7.31606], [-14.863575, 7.316060000000002], [-14.863575, -0.6839399999999991], [0.13642499999999974, -0.68394]], [[-29.764025, 7.357800000000004], [-29.764025, -0.6421999999999964], [-14.764025000000002, -0.6422], [-14.764025, 7.357800000000001], [-29.764025, 7.357800000000004]], [[0.30048, -5.558115], [8.30048, -5.558115], [8.30048, 0.441885], [0.30048, 0.441885], [0.30048, -5.558115]], [[-14.624629999999996, 15.109860000000001], [-14.624629999999998, 7.109860000000002], [0.37537000000000176, 7.1098599999999985], [0.37537000000000353, 15.109859999999998], [-14.624629999999996, 15.109860000000001]], [[0.43189500000000425, 15.09017], [0.4318950000000028, 7.09017], [6.431895000000003, 7.090169999999998], [6.431895000000004, 15.090169999999999], [0.43189500000000425, 15.09017]]], "node_id": [0, 1, 2, 3, 4, 5]}