{"corners": [[[0.31677, 0.156465], [8.31677, 0.156465], [8.31677, 6.156465], [0.31677, 6.156465], [0.31677, 0.156465]], [[0.11553999999999952, -4.93653], [0.11554000000000049, 11.06347], [-5.88446, 11.06347], [-5.884460000000001, -4.93653], [0.11553999999999952, -4.93653]], [[16.264165, 6.137894999999999], [8.264165, 6.137895], [8.264165, 0.137895], [16.264165, 0.1378949999999991], [16.264165, 6.137894999999999]], [[-10.8402, 11.0514], [5.1598, 11.0514], [5.1598, 17.0514], [-10.8402, 17.0514], [-10.8402, 11.0514]], [[16.055755, 7.3935949999999995], [16.055754999999998, -0.606405000000001], [22.055755, -0.6064050000000027], [22.055755, 7.393594999999999], [16.055755, 7.3935949999999995]], [[16.28181, 12.084635], [8.28181, 12.084635000000002], [8.28181, 6.0846350000000005], [16.28181, 6.084635], [16.28181, 12.084635]]], "node_id": [0, 1, 2, 3, 4, 5]}