{"corners": [[[0.120665, 0.25278], [8.120665, 0.25278], [8.120665, 6.25278], [0.120665, 6.25278], [0.120665, 0.25278]], [[8.204514999999999, 11.19161], [8.204515, -4.80839], [14.204515, -4.80839], [14.204515, 11.19161], [8.204514999999999, 11.19161]], [[-15.99619, 0.019875], [0.00381, 0.019875], [0.00381, 6.019875], [-15.99619, 6.019875], [-15.99619, 0.019875]], [[14.17957, 0.37788], [22.17957, 0.37788], [22.17957, 6.37788], [14.17957, 6.37788], [14.17957, 0.37788]], [[22.433655, 0.4661549999999995], [14.433655, 0.4661550000000005], [14.433654999999998, -14.533844999999998], [22.433654999999998, -14.533845], [22.433655, 0.4661549999999995]], [[-0.03880500000000087, -7.809805], [-0.03880500000000042, 0.190195], [-15.038805, 0.19019500000000178], [-15.038805, -7.809804999999999], [-0.03880500000000087, -7.809805]]], "node_id": [0, 1, 2, 3, 4, 5]}