{"corners": [[[0.31742, 0.275555], [16.31742, 0.275555], [16.31742, 6.275555], [0.31742, 6.275555], [0.31742, 0.275555]], [[16.2518, 0.21583], [24.2518, 0.21583], [24.2518, 6.21583], [16.2518, 6.21583], [16.2518, 0.21583]], [[0.401035, 6.01299], [16.401035, 6.01299], [16.401035, 12.01299], [0.401035, 12.01299], [0.401035, 6.01299]], [[16.24919, 18.04244], [0.24919, 18.042440000000003], [0.24919, 12.042440000000001], [16.24919, 12.04244], [16.24919, 18.04244]], [[4.28765, -14.940795], [12.28765, -14.940795], [12.28765, 0.059205], [4.28765, 0.059205], [4.28765, -14.940795]], [[11.37327, -22.883875], [11.37327, -14.883875], [5.373270000000001, -14.883875], [5.37327, -22.883875], [11.37327, -22.883875]]], "node_id": [0, 1, 2, 3, 4, 5]}