{"corners": [[[0.164215, 0.442935], [8.164215, 0.442935], [8.164215, 6.442935], [0.164215, 6.442935], [0.164215, 0.442935]], [[8.20576, 0.00470499999999951], [0.20576, 0.00470500000000049], [0.20575999999999822, -14.995294999999999], [8.205759999999998, -14.995295], [8.20576, 0.00470499999999951]], [[24.351675, -4.257500000000003], [8.351675, -4.257500000000001], [8.351675, -10.2575], [24.351675, -10.257500000000004], [24.351675, -4.257500000000003]], [[24.03624, -10.057985000000004], [32.03624, -10.057985000000006], [32.03624, -4.057985000000006], [24.03624, -4.057985000000004], [24.03624, -10.057985000000004]], [[0.42912999999999774, -15.12983], [0.42912999999999873, 0.87017], [-5.570870000000002, 0.87017], [-5.570870000000003, -15.12983], [0.42912999999999774, -15.12983]], [[24.234665, -4.246920000000004], [32.234665, -4.246920000000006], [32.234665, 10.753079999999995], [24.234665000000003, 10.753079999999997], [24.234665, -4.246920000000004]]], "node_id": [0, 1, 2, 3, 4, 5]}