{"corners": [[[0.139995, 0.079975], [16.139995, 0.079975], [16.139995, 6.079975], [0.139995, 6.079975], [0.139995, 0.079975]], [[16.22751, 7.26025], [16.22751, -0.73975], [31.22751, -0.7397499999999991], [31.22751, 7.260250000000001], [16.22751, 7.26025]], [[47.235955, 6.281780000000003], [31.235955, 6.281780000000001], [31.235955, 0.28178000000000086], [47.235955, 0.28178000000000264], [47.235955, 6.281780000000003]], [[-14.541935, 7.128429999999999], [-14.541935, -0.8715700000000008], [0.458065, -0.87157], [0.458065, 7.12843], [-14.541935, 7.128429999999999]], [[27.586335, -0.6015149999999987], [19.586335, -0.6015149999999997], [19.586335, -6.601515], [27.586335, -6.601514999999998], [27.586335, -0.6015149999999987]], [[31.103685, -5.7453249999999985], [47.103685, -5.7453249999999985], [47.103685, 0.25467500000000176], [31.103685, 0.25467500000000176], [31.103685, -5.7453249999999985]]], "node_id": [0, 1, 2, 3, 4, 5]}