{"corners": [[[0.131065, 0.066725], [8.131065, 0.066725], [8.131065, 15.066725], [0.131065, 15.066725], [0.131065, 0.066725]], [[-3.427445, 0.4886999999999996], [-3.4274449999999996, -7.5113], [11.572555, -7.5113], [11.572555, 0.48870000000000047], [-3.427445, 0.4886999999999996]], [[1.4732900000000009, -7.859185], [1.4732900000000013, -15.859185], [7.473290000000002, -15.859185], [7.47329, -7.859185], [1.4732900000000009, -7.859185]], [[1.3421700000000016, -15.610685], [1.342170000000002, -23.610685], [7.342170000000003, -23.610685], [7.342170000000002, -15.610685], [1.3421700000000016, -15.610685]], [[11.910125, -6.884245], [27.910125, -6.884245], [27.910125, -0.884245], [11.910125, -0.884245], [11.910125, -6.884245]], [[7.013095000000002, -15.74872], [7.0130950000000025, -23.74872], [22.013095, -23.74872], [22.013095, -15.748719999999999], [7.013095000000002, -15.74872]]], "node_id": [0, 1, 2, 3, 4, 5]}