{"corners": [[[0.248095, 0.235175], [16.248095, 0.235175], [16.248095, 6.235175], [0.248095, 6.235175], [0.248095, 0.235175]], [[0.00894999999999951, -4.93023], [0.008950000000000489, 11.06977], [-5.99105, 11.06977], [-5.991050000000001, -4.93023], [0.00894999999999951, -4.93023]], [[1.2032800000000021, 26.04414], [-6.796719999999998, 26.04414], [-6.79672, 11.044140000000002], [1.2032800000000003, 11.04414], [1.2032800000000021, 26.04414]], [[4.40028, -14.956985], [12.40028, -14.956985], [12.40028, 0.043015], [4.40028, 0.043015], [4.40028, -14.956985]], [[-5.591325, 6.320915], [-21.591325, 6.320915000000002], [-21.591325, 0.3209150000000018], [-5.591325000000001, 0.320915], [-5.591325, 6.320915]], [[-12.7557, 22.528], [-12.755700000000001, 14.528], [-6.755700000000002, 14.527999999999999], [-6.7557, 22.528], [-12.7557, 22.528]]], "node_id": [0, 1, 2, 3, 4, 5]}