{"corners": [[[0.273155, 0.102625], [16.273155, 0.102625], [16.273155, 6.102625], [0.273155, 6.102625], [0.273155, 0.102625]], [[0.2285, 6.257445], [16.2285, 6.257445], [16.2285, 12.257445], [0.2285, 12.257445], [0.2285, 6.257445]], [[16.48705, -4.45379], [24.48705, -4.45379], [24.48705, 10.54621], [16.48705, 10.54621], [16.48705, -4.45379]], [[4.093875, -14.58328], [12.093875, -14.58328], [12.093875, 0.41672], [4.093875, 0.41672], [4.093875, -14.58328]], [[-14.837795, 7.258384999999999], [-14.837795, -0.7416150000000009], [0.162205, -0.741615], [0.162205, 7.258385], [-14.837795, 7.258384999999999]], [[24.07834, 7.01531], [24.07834, -0.98469], [30.07834, -0.98469], [30.07834, 7.01531], [24.07834, 7.01531]]], "node_id": [0, 1, 2, 3, 4, 5]}