{"corners": [[[0.140995, 0.295395], [8.140995, 0.295395], [8.140995, 6.295395], [0.140995, 6.295395], [0.140995, 0.295395]], [[-7.643915, 0.317185], [0.356085, 0.317185], [0.356085, 6.317185], [-7.643915, 6.317185], [-7.643915, 0.317185]], [[-0.8763, 6.15073], [-0.876299999999999, 22.15073], [-6.876299999999999, 22.15073], [-6.8763, 6.15073], [-0.8763, 6.15073]], [[1.393225, 0.1528049999999998], [1.3932250000000004, -7.847195], [7.393225000000001, -7.847195], [7.393225, 0.1528050000000002], [1.393225, 0.1528049999999998]], [[-0.9667199999999988, 18.34418], [-0.9667200000000002, 10.34418], [5.0332799999999995, 10.344179999999998], [5.033280000000001, 18.34418], [-0.9667199999999988, 18.34418]], [[16.448915, 6.345374999999999], [8.448915, 6.345375], [8.448915, 0.345375], [16.448915, 0.3453749999999991], [16.448915, 6.345374999999999]]], "node_id": [0, 1, 2, 3, 4, 5]}