{"corners": [[[0.48211, 0.36331], [8.48211, 0.36331], [8.48211, 15.36331], [0.48211, 15.36331], [0.48211, 0.36331]], [[14.12603, 3.52247], [14.12603, 11.52247], [8.12603, 11.52247], [8.12603, 3.5224700000000007], [14.12603, 3.52247]], [[-3.71006, -5.985385], [12.28994, -5.985385], [12.28994, 0.014615], [-3.71006, 0.014615], [-3.71006, -5.985385]], [[-3.7568949999999997, 0.40719], [-19.756895, 0.40719000000000194], [-19.756895, -5.592809999999998], [-3.756895, -5.59281], [-3.7568949999999997, 0.40719]], [[14.410295, 4.940905], [22.410295, 4.940905], [22.410295, 10.940905], [14.410295, 10.940905], [14.410295, 4.940905]], [[-14.54553, 11.65975], [-14.54553, 3.65975], [0.45447, 3.6597500000000007], [0.45447, 11.659750000000003], [-14.54553, 11.65975]]], "node_id": [0, 1, 2, 3, 4, 5]}