{"corners": [[[0.03786, 0.427525], [8.03786, 0.427525], [8.03786, 15.427525], [0.03786, 15.427525], [0.03786, 0.427525]], [[8.16343, 0.427955], [16.16343, 0.427955], [16.16343, 15.427955], [8.16343, 15.427955], [8.16343, 0.427955]], [[9.043955, 0.49782999999999983], [9.043955, -7.50217], [15.043955, -7.50217], [15.043955, 0.49783000000000016], [9.043955, 0.49782999999999983]], [[16.38626, 11.93241], [16.38626, 3.93241], [22.38626, 3.93241], [22.38626, 11.93241], [16.38626, 11.93241]], [[0.32539500000000093, 15.355595], [-7.674604999999999, 15.355595000000001], [-7.674605, 0.35559500000000177], [0.32539499999999905, 0.355595], [0.32539500000000093, 15.355595]], [[37.380455, 3.568294999999999], [37.380455, 11.568294999999999], [22.380455, 11.568294999999999], [22.380455, 3.568295], [37.380455, 3.568294999999999]]], "node_id": [0, 1, 2, 3, 4, 5]}