{"corners": [[[0.352495, 0.022835], [8.352495, 0.022835], [8.352495, 15.022835], [0.352495, 15.022835], [0.352495, 0.022835]], [[8.133350000000002, 30.127745], [0.13335000000000177, 30.127745], [0.13335, 15.127745], [8.13335, 15.127745], [8.133350000000002, 30.127745]], [[0.4536450000000018, 30.37282], [8.453645000000002, 30.372819999999997], [8.453645000000005, 45.37282], [0.45364500000000546, 45.37282], [0.4536450000000018, 30.37282]], [[-7.996715, 19.74558], [0.003285, 19.745579999999997], [0.0032850000000017765, 25.74558], [-7.996714999999998, 25.74558], [-7.996715, 19.74558]], [[7.46259, -7.615975], [7.4625900000000005, 0.384025], [1.462590000000001, 0.384025], [1.46259, -7.615975], [7.46259, -7.615975]]], "node_id": [0, 1, 2, 3, 4]}