{"corners": [[[0.152475, 0.267875], [8.152475, 0.267875], [8.152475, 6.267875], [0.152475, 6.267875], [0.152475, 0.267875]], [[-15.569205, 0.07727], [0.430795, 0.07727], [0.430795, 6.07727], [-15.569205, 6.07727], [-15.569205, 0.07727]], [[1.1442049999999995, 14.1669], [1.144205, 6.1669], [7.144205, 6.1669], [7.144205, 14.1669], [1.1442049999999995, 14.1669]], [[0.44779, -14.99533], [8.44779, -14.99533], [8.44779, 0.00467], [0.44779, 0.00467], [0.44779, -14.99533]], [[0.474985, 0.492899999999999], [-15.525015, 0.492900000000001], [-15.525015, -5.507099999999999], [0.47498499999999927, -5.507100000000001], [0.474985, 0.492899999999999]]], "node_id": [0, 1, 2, 3, 4]}