{"corners": [[[0.21038, 0.075275], [16.21038, 0.075275], [16.21038, 6.075275], [0.21038, 6.075275], [0.21038, 0.075275]], [[16.468695, 0.145505], [24.468695, 0.145505], [24.468695, 6.145505], [16.468695, 6.145505], [16.468695, 0.145505]], [[12.02947, -5.58088], [28.02947, -5.58088], [28.02947, 0.41912], [12.02947, 0.41912], [12.02947, -5.58088]], [[12.89509, -5.811095000000001], [12.89509, -13.811095], [27.89509, -13.811095], [27.89509, -5.811095], [12.89509, -5.811095000000001]], [[33.5217, -13.539325], [33.5217, -5.539325], [27.5217, -5.539325], [27.5217, -13.539325], [33.5217, -13.539325]], [[-3.199045, -12.74577], [12.800955, -12.74577], [12.800955, -6.74577], [-3.199045, -6.74577], [-3.199045, -12.74577]]], "node_id": [0, 1, 2, 3, 4, 5]}