{"corners": [[[0.03441, 0.209925], [16.03441, 0.209925], [16.03441, 6.209925], [0.03441, 6.209925], [0.03441, 0.209925]], [[0.17384499999999975, -0.83089], [0.17384500000000025, 7.16911], [-14.826155, 7.169110000000002], [-14.826155, -0.8308899999999991], [0.17384499999999975, -0.83089]], [[-14.682255, -0.8998749999999982], [-14.682255000000001, -8.899874999999998], [0.3177449999999982, -8.899875000000002], [0.317745, -0.8998750000000009], [-14.682255, -0.8998749999999982]], [[-11.38146, 7.03086], [-3.38146, 7.03086], [-3.38146, 22.03086], [-11.38146, 22.03086], [-11.38146, 7.03086]], [[24.382815, 10.890115], [16.382815, 10.890115000000002], [16.382814999999997, -4.1098849999999985], [24.382814999999997, -4.109885], [24.382815, 10.890115]]], "node_id": [0, 1, 2, 3, 4]}