{"corners": [[[0.334965, 0.46986], [8.334965, 0.46986], [8.334965, 6.46986], [0.334965, 6.46986], [0.334965, 0.46986]], [[1.21943, 0.2552499999999998], [1.2194300000000005, -7.74475], [7.219430000000001, -7.74475], [7.21943, 0.25525000000000014], [1.21943, 0.2552499999999998]], [[0.008104999999999755, -0.954985], [0.008105000000000244, 7.045015], [-14.991895, 7.045015000000002], [-14.991895, -0.9549849999999991], [0.008104999999999755, -0.954985]], [[11.579905, -15.62923], [11.579905, -7.62923], [-3.420095, -7.629229999999998], [-3.420095, -15.629229999999998], [11.579905, -15.62923]], [[1.1289449999999996, 14.36884], [1.128945, 6.36884], [7.128945, 6.36884], [7.128945, 14.36884], [1.1289449999999996, 14.36884]], [[13.394095, 6.00333], [13.394095, 14.00333], [7.394095000000001, 14.00333], [7.394095, 6.00333], [13.394095, 6.00333]]], "node_id": [0, 1, 2, 3, 4, 5]}