{"corners": [[[0.242995, 0.21508], [16.242995, 0.21508], [16.242995, 6.21508], [0.242995, 6.21508], [0.242995, 0.21508]], [[-15.954285, 0.13496], [0.045715, 0.13496], [0.045715, 6.13496], [-15.954285, 6.13496], [-15.954285, 0.13496]], [[0.9238699999999991, 14.353045], [0.9238699999999996, 6.353045], [15.92387, 6.353045000000001], [15.92387, 14.353045000000002], [0.9238699999999991, 14.353045]], [[-3.543804999999998, 21.363905], [-11.543804999999999, 21.363905], [-11.543805, 6.363905000000002], [-3.543805, 6.363905], [-3.543804999999998, 21.363905]], [[-3.622045, 0.4067299999999995], [-11.622045, 0.4067300000000005], [-11.622045, -5.59327], [-3.622045000000001, -5.593270000000001], [-3.622045, 0.4067299999999995]], [[-0.08143500000000087, -13.913565], [-0.08143500000000042, -5.913565], [-15.081435, -5.913564999999998], [-15.081435, -13.913564999999998], [-0.08143500000000087, -13.913565]]], "node_id": [0, 1, 2, 3, 4, 5]}