{"corners": [[[0.177035, 0.126195], [8.177035, 0.126195], [8.177035, 6.126195], [0.177035, 6.126195], [0.177035, 0.126195]], [[7.39939, -7.963405], [7.399390000000001, 0.036595], [1.3993900000000008, 0.036595], [1.39939, -7.963405], [7.39939, -7.963405]], [[8.22777, 11.437425], [8.22777, -4.562575], [14.22777, -4.562575], [14.22777, 11.437425], [8.22777, 11.437425]], [[8.206795, 19.12672], [8.206795, 11.12672], [14.206795, 11.12672], [14.206795, 19.12672], [8.206795, 19.12672]], [[14.186545, 12.13926], [22.186545, 12.13926], [22.186545, 18.13926], [14.186545, 18.13926], [14.186545, 12.13926]], [[-4.579504999999999, 0.4313600000000009], [-4.579505000000001, -7.568639999999999], [1.4204949999999992, -7.56864], [1.420495000000001, 0.4313599999999998], [-4.579504999999999, 0.4313600000000009]]], "node_id": [0, 1, 2, 3, 4, 5]}