{"corners": [[[0.0927, 0.184545], [8.0927, 0.184545], [8.0927, 6.184545], [0.0927, 6.184545], [0.0927, 0.184545]], [[8.480345, 0.07898499999999951], [0.480345, 0.07898500000000049], [0.48034499999999825, -14.921014999999999], [8.480344999999998, -14.921015], [8.480345, 0.07898499999999951]], [[23.19777, -11.022415000000002], [23.19777, -3.022415000000002], [8.19777, -3.022415], [8.19777, -11.022415], [23.19777, -11.022415000000002]], [[38.21785, -11.443380000000003], [38.21785, -3.4433800000000034], [23.21785, -3.4433800000000017], [23.21785, -11.443380000000001], [38.21785, -11.443380000000003]], [[23.05636, -11.161225000000002], [23.05636, -19.161225], [38.05636, -19.16122500000001], [38.05636, -11.161225000000005], [23.05636, -11.161225000000002]], [[27.68604, 4.721489999999997], [27.68604, -3.2785100000000034], [33.68604, -3.278510000000005], [33.68604, 4.721489999999996], [27.68604, 4.721489999999997]]], "node_id": [0, 1, 2, 3, 4, 5]}