{"corners": [[[0.11881, 0.00215], [8.11881, 0.00215], [8.11881, 15.00215], [0.11881, 15.00215], [0.11881, 0.00215]], [[0.2749599999999995, -0.489925], [0.2749600000000005, 15.510075], [-5.72504, 15.510075], [-5.725040000000001, -0.4899249999999996], [0.2749599999999995, -0.489925]], [[-5.5114249999999965, 31.99939], [-5.511424999999999, 15.99939], [0.48857500000000087, 15.99939], [0.48857500000000353, 31.99939], [-5.5114249999999965, 31.99939]], [[-5.5927699999999945, 39.864635], [-5.592769999999996, 31.864635], [0.40723000000000353, 31.864635], [0.4072300000000053, 39.864635], [-5.5927699999999945, 39.864635]], [[0.1373700000000026, 28.05093], [8.137370000000002, 28.050929999999997], [8.137370000000006, 43.05093], [0.13737000000000626, 43.05093], [0.1373700000000026, 28.05093]], [[-5.746314999999998, 26.839714999999998], [-13.746314999999997, 26.839714999999998], [-13.746314999999997, 20.839714999999998], [-5.746314999999999, 20.839714999999998], [-5.746314999999998, 26.839714999999998]]], "node_id": [0, 1, 2, 3, 4, 5]}