{"corners": [[[0.44245, 0.45104], [8.442450000000001, 0.45104], [8.442450000000001, 15.45104], [0.44245, 15.45104], [0.44245, 0.45104]], [[-7.61529, 4.82474], [0.38471, 4.82474], [0.38471, 10.82474], [-7.61529, 10.82474], [-7.61529, 4.82474]], [[7.21083, 15.44789], [7.2108300000000005, 23.44789], [1.210830000000001, 23.44789], [1.21083, 15.44789], [7.21083, 15.44789]], [[23.482555, 3.670279999999999], [23.482555, 11.67028], [8.482555, 11.67028], [8.482555, 3.67028], [23.482555, 3.670279999999999]], [[-13.607025, 11.895185], [-13.607025, 3.895185], [-7.607024999999999, 3.895185], [-7.607025, 11.895185], [-13.607025, 11.895185]], [[7.235635000000001, 23.1379], [7.235634999999999, 15.1379], [13.235635, 15.137899999999998], [13.235635, 23.1379], [7.235635000000001, 23.1379]]], "node_id": [0, 1, 2, 3, 4, 5]}