{"corners": [[[0.2701, 0.488015], [8.2701, 0.488015], [8.2701, 15.488015], [0.2701, 15.488015], [0.2701, 0.488015]], [[16.026055, 15.146125], [8.026055, 15.146125000000001], [8.026054999999998, 0.14612500000000178], [16.026055, 0.146125], [16.026055, 15.146125]], [[15.339355, 15.10212], [15.339355000000001, 31.10212], [9.339355, 31.10212], [9.339355, 15.10212], [15.339355, 15.10212]], [[9.201845, 19.07352], [9.201845, 27.07352], [-5.798155, 27.07352], [-5.798155, 19.07352], [9.201845, 19.07352]], [[20.150665, 0.05404999999999902], [4.150665, 0.05405000000000098], [4.150665, -5.945949999999999], [20.150665, -5.945950000000001], [20.150665, 0.05404999999999902]], [[9.372795, -5.793259999999999], [9.372794999999998, -13.79326], [15.372794999999998, -13.79326], [15.372795, -5.79326], [9.372795, -5.793259999999999]]], "node_id": [0, 1, 2, 3, 4, 5]}