{"corners": [[[0.217725, 0.384275], [8.217725, 0.384275], [8.217725, 6.384275], [0.217725, 6.384275], [0.217725, 0.384275]], [[8.312115, 7.011665], [8.312115, -0.988335], [14.312115, -0.988335], [14.312115, 7.011665], [8.312115, 7.011665]], [[29.203775, -0.7535450000000005], [29.203775, 7.246455], [14.203775, 7.246455000000002], [14.203775, -0.7535449999999996], [29.203775, -0.7535450000000005]], [[7.3904250000000005, 6.303375], [7.3904250000000005, 14.303375], [1.390425000000001, 14.303375], [1.390425, 6.303375], [7.3904250000000005, 6.303375]], [[14.27122, -0.8628399999999987], [14.271219999999998, -8.862839999999998], [29.27122, -8.862840000000002], [29.27122, -0.8628400000000014], [14.27122, -0.8628399999999987]], [[17.530489999999997, -23.86605], [25.530489999999997, -23.866050000000005], [25.53049, -8.866050000000001], [17.53049, -8.86605], [17.530489999999997, -23.86605]]], "node_id": [0, 1, 2, 3, 4, 5]}