{"corners": [[[0.278545, 0.023465], [16.278545, 0.023465], [16.278545, 6.023465], [0.278545, 6.023465], [0.278545, 0.023465]], [[-5.9592600000000004, 7.301825], [-5.959259999999999, -0.698175], [0.04074000000000089, -0.698175], [0.04074, 7.301825], [-5.9592600000000004, 7.301825]], [[-5.643170000000001, 23.26626], [-5.64317, 7.26626], [0.35683, 7.26626], [0.3568299999999991, 23.26626], [-5.643170000000001, 23.26626]], [[-11.98363, 23.315505], [-11.983629999999998, 7.315505], [-5.983629999999999, 7.315505], [-5.98363, 23.315505], [-11.98363, 23.315505]], [[22.02751, -0.671095], [22.02751, 7.328905], [16.02751, 7.328905], [16.02751, -0.6710949999999997], [22.02751, -0.671095]]], "node_id": [0, 1, 2, 3, 4]}