{"corners": [[[0.300345, 0.343645], [8.300345, 0.343645], [8.300345, 15.343645], [0.300345, 15.343645], [0.300345, 0.343645]], [[0.4211499999999998, 3.694515], [0.42115000000000025, 11.694514999999999], [-5.578849999999999, 11.694514999999999], [-5.57885, 3.6945150000000004], [0.4211499999999998, 3.694515]], [[14.020275, 3.75625], [14.020275, 11.75625], [8.020275, 11.75625], [8.020275, 3.7562500000000005], [14.020275, 3.75625]], [[20.004515, 3.944665], [20.004515, 11.944665], [14.004515, 11.944665], [14.004515, 3.9446650000000005], [20.004515, 3.944665]], [[13.348725, 11.93874], [21.348725, 11.93874], [21.348725, 17.93874], [13.348725, 17.93874], [13.348725, 11.93874]], [[-5.682155000000001, -0.07611499999999999], [-5.682155, 15.923885], [-11.682155, 15.923885], [-11.682155, -0.0761149999999996], [-5.682155000000001, -0.07611499999999999]]], "node_id": [0, 1, 2, 3, 4, 5]}