{"corners": [[[0.166455, 0.140325], [8.166455, 0.140325], [8.166455, 15.140325], [0.166455, 15.140325], [0.166455, 0.140325]], [[8.23571, 0.46764], [16.23571, 0.46764], [16.23571, 15.46764], [8.23571, 15.46764], [8.23571, 0.46764]], [[0.02742, 15.38996], [8.02742, 15.38996], [8.02742, 30.38996], [0.02742, 30.38996], [0.02742, 15.38996]], [[1.439289999999999, 46.10526], [1.43929, 30.10526], [7.43929, 30.10526], [7.439289999999999, 46.10526], [1.439289999999999, 46.10526]], [[32.174825, 10.758024999999998], [16.174825, 10.758025], [16.174825, 4.758025], [32.174825, 4.758024999999998], [32.174825, 10.758024999999998]], [[-7.847925, 15.3576], [0.152075, 15.3576], [0.152075, 30.3576], [-7.847925, 30.3576], [-7.847925, 15.3576]]], "node_id": [0, 1, 2, 3, 4, 5]}