{"corners": [[[0.04678, 0.220355], [8.04678, 0.220355], [8.04678, 15.220355], [0.04678, 15.220355], [0.04678, 0.220355]], [[24.49829, 10.777969999999998], [8.49829, 10.77797], [8.49829, 4.77797], [24.49829, 4.777969999999998], [24.49829, 10.777969999999998]], [[-5.50705, 11.881835], [-5.50705, 3.881835], [0.4929500000000009, 3.881835], [0.49295, 11.881835], [-5.50705, 11.881835]], [[0.35914, 11.836905], [0.359140000000001, 27.836905], [-5.640859999999999, 27.836905], [-5.64086, 11.836905], [0.35914, 11.836905]], [[0.197535, 15.002255], [8.197535, 15.002255], [8.197535, 30.002255], [0.197535, 30.002255], [0.197535, 15.002255]], [[13.400575000000002, 18.986825], [13.400575, 10.986825], [19.400575, 10.986824999999998], [19.400575, 18.986825], [13.400575000000002, 18.986825]]], "node_id": [0, 1, 2, 3, 4, 5]}