{"corners": [[[0.217565, 0.26769], [8.217565, 0.26769], [8.217565, 15.26769], [0.217565, 15.26769], [0.217565, 0.26769]], [[0.44477000000000094, 15.2172], [-7.555229999999999, 15.217200000000002], [-7.55523, 0.21720000000000178], [0.44476999999999905, 0.2172], [0.44477000000000094, 15.2172]], [[-0.7037799999999992, 15.40119], [-0.7037799999999981, 31.40119], [-6.703779999999998, 31.40119], [-6.703779999999999, 15.40119], [-0.7037799999999992, 15.40119]], [[-6.8936449999999985, 26.281265], [-22.893645, 26.281265000000005], [-22.893645, 20.281265], [-6.893644999999999, 20.281265], [-6.8936449999999985, 26.281265]], [[-0.7193500000000017, -15.884845], [-0.7193500000000008, 0.115155], [-6.719350000000001, 0.115155], [-6.719350000000002, -15.884845], [-0.7193500000000017, -15.884845]], [[-30.97608, 20.344005], [-22.97608, 20.344004999999996], [-22.97608, 26.344005], [-30.97608, 26.344005], [-30.97608, 20.344005]]], "node_id": [0, 1, 2, 3, 4, 5]}