{"corners": [[[0.055105, 0.43695], [8.055105, 0.43695], [8.055105, 6.43695], [0.055105, 6.43695], [0.055105, 0.43695]], [[0.145955, -5.89391], [8.145955, -5.89391], [8.145955, 0.10609], [0.145955, 0.10609], [0.145955, -5.89391]], [[-5.573465000000001, 11.299045], [-5.573465, -4.700955], [0.426535, -4.700955], [0.4265349999999991, 11.299045], [-5.573465000000001, 11.299045]], [[1.4536449999999983, 17.471245], [-6.546355000000002, 17.471245], [-6.546355000000001, 11.471245], [1.453644999999999, 11.471245], [1.4536449999999983, 17.471245]], [[-22.70335, 11.24049], [-6.70335, 11.24049], [-6.70335, 17.24049], [-22.70335, 17.24049], [-22.70335, 11.24049]], [[0.0479, -11.964725], [8.0479, -11.964725], [8.0479, -5.964725], [0.0479, -5.964725], [0.0479, -11.964725]]], "node_id": [0, 1, 2, 3, 4, 5]}