{"corners": [[[0.39192, 0.18677], [8.39192, 0.18677], [8.39192, 15.18677], [0.39192, 15.18677], [0.39192, 0.18677]], [[8.31179, 21.31652], [0.31179, 21.31652], [0.31179, 15.31652], [8.311789999999998, 15.31652], [8.31179, 21.31652]], [[0.210375, 21.011515], [8.210375, 21.011514999999996], [8.210375000000004, 36.011515], [0.21037500000000367, 36.011515], [0.210375, 21.011515]], [[-3.6452049999999963, 36.223925], [12.354795000000003, 36.223924999999994], [12.354795000000003, 42.223925], [-3.645204999999995, 42.223925], [-3.6452049999999963, 36.223925]], [[0.3455450000000004, 21.01341], [-7.6544550000000005, 21.01341], [-7.6544550000000005, 15.01341], [0.3455449999999996, 15.01341], [0.3455450000000004, 21.01341]], [[-7.63483, 10.49934], [-7.634829999999999, 26.49934], [-13.634830000000001, 26.49934], [-13.634830000000001, 10.49934], [-7.63483, 10.49934]]], "node_id": [0, 1, 2, 3, 4, 5]}