{"corners": [[[0.07721, 0.15321], [8.077210000000001, 0.15321], [8.077210000000001, 6.15321], [0.07721, 6.15321], [0.07721, 0.15321]], [[8.320875000000001, 7.4144], [8.320875000000001, -0.5856], [23.320875, -0.5855999999999991], [23.320875, 7.4144000000000005], [8.320875000000001, 7.4144]], [[23.301095, 11.037455], [23.301095, -4.962545], [29.301095, -4.962545], [29.301095, 11.037455], [23.301095, 11.037455]], [[0.49482999999999977, -0.7230449999999999], [0.4948300000000002, 7.276955], [-5.505169999999999, 7.276955], [-5.50517, -0.7230449999999997], [0.49482999999999977, -0.7230449999999999]], [[23.35415, -4.652745], [23.35415, -12.652745], [29.35415, -12.652745], [29.35415, -4.652745], [23.35415, -4.652745]]], "node_id": [0, 1, 2, 3, 4]}