{"corners": [[[0.28434, 0.073465], [16.28434, 0.073465], [16.28434, 6.073465], [0.28434, 6.073465], [0.28434, 0.073465]], [[5.203305, 0.06510999999999982], [5.203305000000001, -7.93489], [11.203305, -7.93489], [11.203305, 0.06511000000000018], [5.203305, 0.06510999999999982]], [[11.016595, 0.29354500000000044], [11.016595, -7.706455], [17.016595, -7.706455], [17.016595, 0.29354500000000083], [11.016595, 0.29354500000000044]], [[6.14822, -13.852725], [22.14822, -13.852725], [22.14822, -7.852725], [6.14822, -7.852725], [6.14822, -13.852725]], [[11.341055, -13.73343], [11.341055000000003, -29.73343], [17.341055, -29.73343], [17.341055, -13.73343], [11.341055, -13.73343]], [[22.235855, -13.66782], [30.235855, -13.66782], [30.235855, -7.66782], [22.235855, -7.66782], [22.235855, -13.66782]]], "node_id": [0, 1, 2, 3, 4, 5]}