{"corners": [[[0.132305, 0.25783], [8.132305, 0.25783], [8.132305, 15.25783], [0.132305, 15.25783], [0.132305, 0.25783]], [[0.25678, 15.399655], [8.25678, 15.399655], [8.25678, 30.399655], [0.25678, 30.399655], [0.25678, 15.399655]], [[1.312805, 0.1621649999999998], [1.3128050000000009, -15.837835], [7.312805000000001, -15.837835], [7.312805, 0.1621650000000002], [1.312805, 0.1621649999999998]], [[8.187725, 19.868185], [16.187725, 19.868185], [16.187725, 25.868185], [8.187725, 25.868185], [8.187725, 19.868185]], [[0.24347000000000088, -30.52056], [8.24347, -30.52056], [8.24347, -15.52056], [0.24347000000000088, -15.52056], [0.24347000000000088, -30.52056]], [[0.08363500000000089, -45.569835], [8.083635, -45.569835], [8.083635, -30.569835], [0.08363500000000089, -30.569835], [0.08363500000000089, -45.569835]]], "node_id": [0, 1, 2, 3, 4, 5]}