{"corners": [[[0.022875, 0.145415], [8.022875, 0.145415], [8.022875, 15.145415], [0.022875, 15.145415], [0.022875, 0.145415]], [[8.235595, 0.2059199999999995], [0.235595, 0.2059200000000005], [0.23559499999999822, -14.794079999999997], [8.235594999999998, -14.79408], [8.235595, 0.2059199999999995]], [[0.37769999999999976, 3.8999800000000002], [0.3777000000000002, 11.89998], [-14.6223, 11.899980000000001], [-14.6223, 3.899980000000001], [0.37769999999999976, 3.8999800000000002]], [[-3.3654, 3.753095], [-11.3654, 3.753095000000001], [-11.365400000000001, -11.246904999999998], [-3.365400000000002, -11.246905], [-3.3654, 3.753095]], [[1.0272499999999982, -14.999665], [1.0272499999999953, -30.999665], [7.027249999999996, -30.999665], [7.027249999999999, -14.999665000000002], [1.0272499999999982, -14.999665]], [[23.16175, 3.834984999999999], [23.16175, 11.834985], [8.16175, 11.834985], [8.16175, 3.834985], [23.16175, 3.834984999999999]]], "node_id": [0, 1, 2, 3, 4, 5]}