{"corners": [[[0.138835, 0.22682], [16.138835, 0.22682], [16.138835, 6.22682], [0.138835, 6.22682], [0.138835, 0.22682]], [[5.293705, 0.06030499999999982], [5.293705000000001, -15.939695], [11.293705, -15.939695], [11.293705, 0.06030500000000018], [5.293705, 0.06030499999999982]], [[5.351405000000001, -11.863935], [5.3514050000000015, -3.863935], [-0.6485949999999983, -3.863935], [-0.6485949999999991, -11.863935], [5.351405000000001, -11.863935]], [[0.39878, 6.22496], [16.39878, 6.22496], [16.39878, 12.22496], [0.39878, 12.22496], [0.39878, 6.22496]], [[16.214335, 17.44975], [16.214335, 1.4497499999999999], [22.214335, 1.4497499999999999], [22.214335, 17.44975], [16.214335, 17.44975]], [[26.146615, -11.85621], [26.146615, -3.85621], [11.146615, -3.856209999999998], [11.146615, -11.856209999999999], [26.146615, -11.85621]]], "node_id": [0, 1, 2, 3, 4, 5]}