{"corners": [[[0.235725, 0.392965], [16.235725, 0.392965], [16.235725, 6.392965], [0.235725, 6.392965], [0.235725, 0.392965]], [[5.37326, 0.1440899999999998], [5.373260000000001, -7.85591], [11.37326, -7.85591], [11.37326, 0.1440900000000002], [5.37326, 0.1440899999999998]], [[19.048345, -0.9098449999999987], [11.048345, -0.9098449999999997], [11.048345, -6.909845], [19.048345, -6.909844999999998], [19.048345, -0.9098449999999987]], [[4.28833, -22.77327], [12.28833, -22.77327], [12.28833, -7.77327], [4.28833, -7.77327], [4.28833, -22.77327]], [[-14.515475, 7.399794999999999], [-14.515475, -0.6002050000000009], [0.484525, -0.600205], [0.484525, 7.399795], [-14.515475, 7.399794999999999]], [[15.54272, -30.841885], [15.54272, -22.841885], [0.54272, -22.841885], [0.54272, -30.841885], [15.54272, -30.841885]]], "node_id": [0, 1, 2, 3, 4, 5]}