{"corners": [[[0.359355, 0.42866], [8.359355, 0.42866], [8.359355, 15.42866], [0.359355, 15.42866], [0.359355, 0.42866]], [[8.07052, 0.3190499999999995], [0.07052, 0.3190500000000005], [0.07052, -5.68095], [8.070519999999998, -5.680950000000001], [8.07052, 0.3190499999999995]], [[8.402425, 11.92026], [8.402425, 3.92026], [14.402425, 3.92026], [14.402425, 11.92026], [8.402425, 11.92026]], [[-7.647475, 0.15034], [0.352525, 0.15034], [0.352525, 15.15034], [-7.647475, 15.15034], [-7.647475, 0.15034]], [[-7.65349, 10.54082], [-23.65349, 10.540820000000002], [-23.65349, 4.540820000000002], [-7.65349, 4.54082], [-7.65349, 10.54082]], [[-12.997055, -3.097504999999999], [-12.997055, 4.902495000000001], [-18.997055, 4.902495000000001], [-18.997055, -3.0975049999999986], [-12.997055, -3.097504999999999]]], "node_id": [0, 1, 2, 3, 4, 5]}