{"corners": [[[0.03048, 0.083], [8.03048, 0.083], [8.03048, 15.083], [0.03048, 15.083], [0.03048, 0.083]], [[8.355455, 0.10432999999999952], [0.355455, 0.10433000000000049], [0.35545499999999824, -14.895669999999999], [8.355454999999997, -14.89567], [8.355455, 0.10432999999999952]], [[8.436459999999999, -10.409025], [16.436459999999997, -10.409025000000002], [16.43646, -4.4090250000000015], [8.43646, -4.409025], [8.436459999999999, -10.409025]], [[8.106045, 4.8904250000000005], [16.106045, 4.8904250000000005], [16.106045, 10.890425], [8.106045, 10.890425], [8.106045, 4.8904250000000005]], [[24.39216, 10.586925], [16.39216, 10.586925000000003], [16.39216, 4.586925000000001], [24.39216, 4.586925], [24.39216, 10.586925]], [[12.649185, 4.839960000000002], [12.649184999999997, -3.1600399999999973], [27.649185, -3.160040000000001], [27.649185, 4.83996], [12.649185, 4.839960000000002]]], "node_id": [0, 1, 2, 3, 4, 5]}