{"corners": [[[0.0993, 0.005995], [16.0993, 0.005995], [16.0993, 6.005995], [0.0993, 6.005995], [0.0993, 0.005995]], [[4.1418800000000005, -14.825705], [12.14188, -14.825705], [12.14188, 0.174295], [4.1418800000000005, 0.174295], [4.1418800000000005, -14.825705]], [[11.414735, 6.19268], [11.414735000000002, 22.19268], [5.414735000000001, 22.19268], [5.414735, 6.19268], [11.414735, 6.19268]], [[32.45293, 6.2384249999999986], [16.45293, 6.238425], [16.45293, 0.238425], [32.45293, 0.23842499999999822], [32.45293, 6.2384249999999986]], [[11.248105, 11.47995], [27.248105, 11.47995], [27.248105, 17.47995], [11.248105, 17.47995], [11.248105, 11.47995]], [[11.89633, 25.204455], [11.89633, 17.204455], [26.89633, 17.204455], [26.89633, 25.204455], [11.89633, 25.204455]]], "node_id": [0, 1, 2, 3, 4, 5]}