{"corners": [[[0.054265, 0.010215], [8.054265, 0.010215], [8.054265, 15.010215], [0.054265, 15.010215], [0.054265, 0.010215]], [[8.14041, 0.3585499999999995], [0.14041, 0.3585500000000005], [0.14041, -5.64145], [8.14041, -5.641450000000001], [8.14041, 0.3585499999999995]], [[0.4271799999999995, -0.265575], [0.4271800000000005, 15.734425], [-5.57282, 15.734425], [-5.572820000000001, -0.2655749999999996], [0.4271799999999995, -0.265575]], [[-5.583485, 3.802545], [-5.583484999999999, 11.802545], [-11.583485, 11.802545], [-11.583485, 3.8025450000000003], [-5.583485, 3.802545]], [[8.203365, -5.759055], [24.203365, -5.759055000000004], [24.203365, 0.24094499999999644], [8.203365, 0.240945], [8.203365, -5.759055]], [[32.259085, 4.575339999999993], [24.259085, 4.575339999999995], [24.259084999999992, -10.424660000000003], [32.25908499999999, -10.424660000000006], [32.259085, 4.575339999999993]]], "node_id": [0, 1, 2, 3, 4, 5]}