{"corners": [[[0.478925, 0.02076], [16.478925, 0.02076], [16.478925, 6.02076], [0.478925, 6.02076], [0.478925, 0.02076]], [[16.144545, 11.406345], [16.144545, -4.593655], [22.144545, -4.593655], [22.144545, 11.406345], [16.144545, 11.406345]], [[12.26719, 12.28859], [4.26719, 12.288590000000001], [4.26719, 6.288590000000001], [12.26719, 6.28859], [12.26719, 12.28859]], [[11.389205, 12.15368], [11.389205, 20.15368], [5.3892050000000005, 20.15368], [5.3892050000000005, 12.15368], [11.389205, 12.15368]], [[22.03322, 11.38979], [22.03322, 19.38979], [16.03322, 19.38979], [16.03322, 11.38979], [22.03322, 11.38979]], [[38.49353, 6.0806900000000015], [22.49353, 6.08069], [22.49353, 0.08069], [38.49353, 0.08069000000000177], [38.49353, 6.0806900000000015]]], "node_id": [0, 1, 2, 3, 4, 5]}