{"corners": [[[0.033925, 0.472155], [16.033925, 0.472155], [16.033925, 6.472155], [0.033925, 6.472155], [0.033925, 0.472155]], [[5.028695, 14.444205], [5.028695000000001, 6.444205], [11.028695, 6.444205], [11.028695, 14.444205], [5.028695, 14.444205]], [[11.152705, -7.859545], [11.152705, 0.140455], [5.152705000000001, 0.140455], [5.152705, -7.859545], [11.152705, -7.859545]], [[5.13733, -7.69931], [5.137330000000001, 0.30069], [-0.8626699999999992, 0.30069], [-0.86267, -7.69931], [5.13733, -7.69931]], [[-0.8185849999999997, -0.502205], [-16.818585, -0.502204999999998], [-16.818585, -6.502204999999998], [-0.8185850000000005, -6.502205], [-0.8185849999999997, -0.502205]]], "node_id": [0, 1, 2, 3, 4]}