{"corners": [[[0.19213, 0.336095], [8.19213, 0.336095], [8.19213, 15.336095], [0.19213, 15.336095], [0.19213, 0.336095]], [[8.210065, 4.98067], [16.210065, 4.98067], [16.210065, 10.98067], [8.210065, 10.98067], [8.210065, 4.98067]], [[-3.999635, -5.91046], [12.000365, -5.91046], [12.000365, 0.08954], [-3.999635, 0.08954], [-3.999635, -5.91046]], [[16.216065, 4.734175], [24.216065, 4.734175], [24.216065, 10.734175], [16.216065, 10.734175], [16.216065, 4.734175]], [[24.05948, 4.624465], [32.05948, 4.624465], [32.05948, 10.624465], [24.05948, 10.624465], [24.05948, 4.624465]], [[27.897655, 10.795], [27.897655, 18.795], [12.897655, 18.795], [12.897655, 10.795000000000002], [27.897655, 10.795]]], "node_id": [0, 1, 2, 3, 4, 5]}