{"corners": [[[0.176955, 0.045755], [16.176955, 0.045755], [16.176955, 6.045755], [0.176955, 6.045755], [0.176955, 0.045755]], [[16.33375, 11.22258], [16.33375, -4.77742], [22.33375, -4.77742], [22.33375, 11.22258], [16.33375, 11.22258]], [[15.119375, -19.578055], [23.119375, -19.578055], [23.119375, -4.578055], [15.119375, -4.578055], [15.119375, -19.578055]], [[23.354025, -19.61041], [15.354025, -19.61041], [15.354024999999998, -34.61041], [23.354024999999996, -34.61041], [23.354025, -19.61041]], [[0.09300500000000037, 6.30466], [-7.906995, 6.304660000000001], [-7.906995, 0.3046600000000009], [0.09300499999999964, 0.30466], [0.09300500000000037, 6.30466]], [[9.358115, -4.27126], [9.358115000000002, -20.27126], [15.358115, -20.27126], [15.358115, -4.27126], [9.358115, -4.27126]]], "node_id": [0, 1, 2, 3, 4, 5]}