{"corners": [[[0.370285, 0.146465], [8.370284999999999, 0.146465], [8.370284999999999, 15.146465], [0.370285, 15.146465], [0.370285, 0.146465]], [[12.05662, 0.354294999999999], [-3.94338, 0.354295000000001], [-3.94338, -5.6457049999999995], [12.05662, -5.645705000000001], [12.05662, 0.354294999999999]], [[14.07151, 3.8145], [14.07151, 11.8145], [8.07151, 11.8145], [8.07151, 3.8145000000000007], [14.07151, 3.8145]], [[8.422305000000003, 27.8618], [8.422305, 11.8618], [14.422305, 11.8618], [14.422305000000003, 27.8618], [8.422305000000003, 27.8618]], [[7.025065, -13.716345], [7.025065000000001, -5.7163450000000005], [1.0250650000000008, -5.7163450000000005], [1.025065, -13.716345], [7.025065, -13.716345]], [[7.420399999999999, -29.882345], [7.4204, -13.882345], [1.4203999999999999, -13.882345], [1.420399999999999, -29.882345], [7.420399999999999, -29.882345]]], "node_id": [0, 1, 2, 3, 4, 5]}