{"corners": [[[0.32666, 0.275695], [16.32666, 0.275695], [16.32666, 6.275695], [0.32666, 6.275695], [0.32666, 0.275695]], [[-5.544875, 7.22251], [-5.544874999999999, -0.77749], [0.4551250000000009, -0.77749], [0.455125, 7.22251], [-5.544875, 7.22251]], [[0.16534, -5.893515], [16.16534, -5.893515], [16.16534, 0.106485], [0.16534, 0.106485], [0.16534, -5.893515]], [[24.051415, 4.992899999999999], [16.051415, 4.9929], [16.051415, -10.0071], [24.051414999999995, -10.0071], [24.051415, 4.992899999999999]], [[12.049385, -5.8780850000000004], [4.049385, -5.8780850000000004], [4.049385, -11.878085], [12.049385, -11.878085], [12.049385, -5.8780850000000004]], [[17.457355000000003, 20.820955], [17.457355, 4.820955], [23.457355, 4.820955], [23.457355000000003, 20.820955], [17.457355000000003, 20.820955]]], "node_id": [0, 1, 2, 3, 4, 5]}