{"corners": [[[0.053835, 0.205935], [16.053835, 0.205935], [16.053835, 6.205935], [0.053835, 6.205935], [0.053835, 0.205935]], [[16.484005, 12.417255], [0.484005, 12.417255000000003], [0.484005, 6.417255000000002], [16.484005, 6.417255], [16.484005, 12.417255]], [[0.38664999999999977, 5.448600000000002], [0.3866500000000002, 13.448600000000003], [-5.613349999999999, 13.448600000000003], [-5.61335, 5.448600000000002], [0.38664999999999977, 5.448600000000002]], [[-21.98857, 6.3088000000000015], [-5.98857, 6.3088000000000015], [-5.98857, 12.308800000000002], [-21.98857, 12.308800000000002], [-21.98857, 6.3088000000000015]], [[-10.560425, -1.5397999999999983], [-10.560425, 6.460200000000002], [-16.560425, 6.460200000000002], [-16.560425, -1.5397999999999978], [-10.560425, -1.5397999999999983]]], "node_id": [0, 1, 2, 3, 4]}