{"corners": [[[0.255125, 0.031425], [16.255125, 0.031425], [16.255125, 6.031425], [0.255125, 6.031425], [0.255125, 0.031425]], [[5.232164999999999, 22.400835], [5.232165, 6.400835], [11.232165, 6.400835], [11.232165, 22.400835], [5.232164999999999, 22.400835]], [[0.3529599999999991, 22.020795], [16.35296, 22.020795], [16.35296, 28.020795], [0.3529599999999991, 28.020795], [0.3529599999999991, 22.020795]], [[22.067575, -0.67664], [22.067575, 7.32336], [16.067575, 7.32336], [16.067575, -0.6766399999999997], [22.067575, -0.67664]], [[16.2019, 33.479715], [16.2019, 17.479715], [22.2019, 17.479715], [22.2019, 33.479715], [16.2019, 33.479715]], [[11.203125, 28.19467], [11.203125, 36.19467], [5.203125000000001, 36.19467], [5.203125, 28.19467], [11.203125, 28.19467]]], "node_id": [0, 1, 2, 3, 4, 5]}