{"corners": [[[0.46866, 0.403805], [16.46866, 0.403805], [16.46866, 6.403805], [0.46866, 6.403805], [0.46866, 0.403805]], [[11.243865, -7.721205], [11.243865, 0.278795], [5.243865000000001, 0.278795], [5.2438649999999996, -7.721205], [11.243865, -7.721205]], [[0.82875, -7.722464999999998], [0.8287499999999985, -15.722464999999998], [15.828749999999998, -15.722465], [15.82875, -7.7224650000000015], [0.82875, -7.722464999999998]], [[15.90689, 6.2792449999999995], [15.90689, 14.279245], [0.90689, 14.279245], [0.90689, 6.279245], [15.90689, 6.2792449999999995]], [[0.9811650000000003, 13.108395], [-15.018835, 13.108395000000002], [-15.018835, 7.108395000000002], [0.9811649999999996, 7.108395], [0.9811650000000003, 13.108395]]], "node_id": [0, 1, 2, 3, 4]}