{"corners": [[[0.41488, 0.007765], [16.41488, 0.007765], [16.41488, 6.007765], [0.41488, 6.007765], [0.41488, 0.007765]], [[22.497395, -4.9101], [22.497395, 11.0899], [16.497395, 11.0899], [16.497395, -4.9101], [22.497395, -4.9101]], [[15.445675, -19.785135], [23.445675, -19.785135], [23.445675, -4.785135], [15.445675, -4.785135], [15.445675, -19.785135]], [[-15.99233, 0.01417], [0.00767, 0.01417], [0.00767, 6.01417], [-15.99233, 6.01417], [-15.99233, 0.01417]], [[23.34154, -15.36564], [31.34154, -15.36564], [31.34154, -9.36564], [23.34154, -9.36564], [23.34154, -15.36564]], [[11.373025, -7.609315], [11.373025, 0.390685], [5.373025000000001, 0.390685], [5.373025, -7.609315], [11.373025, -7.609315]]], "node_id": [0, 1, 2, 3, 4, 5]}