{"corners": [[[0.122245, 0.380855], [8.122245, 0.380855], [8.122245, 6.380855], [0.122245, 6.380855], [0.122245, 0.380855]], [[11.92957, -7.93154], [11.92957, 0.06846], [-3.07043, 0.06846000000000177], [-3.07043, -7.931539999999999], [11.92957, -7.93154]], [[0.49327, -13.64698], [8.49327, -13.64698], [8.49327, -7.64698], [0.49327, -7.64698], [0.49327, -13.64698]], [[-3.593465, -19.53587], [12.406535, -19.53587], [12.406535, -13.53587], [-3.593465, -13.53587], [-3.593465, -19.53587]], [[-3.2491650000000005, -11.72459], [-3.2491649999999996, 4.27541], [-9.249165, 4.27541], [-9.249165, -11.72459], [-3.2491650000000005, -11.72459]], [[-3.078845, 4.054125], [-3.078844999999999, 20.054125], [-9.078845, 20.054125], [-9.078845, 4.054125], [-3.078845, 4.054125]], [[1.4016049999999995, 14.48419], [1.401605, 6.48419], [7.401605, 6.48419], [7.401605, 14.48419], [1.4016049999999995, 14.48419]]], "node_id": [0, 1, 2, 3, 4, 5, 6]}