{"corners": [[[0.135765, 0.285145], [16.135765, 0.285145], [16.135765, 6.285145], [0.135765, 6.285145], [0.135765, 0.285145]], [[-7.980185, -4.28467], [0.019815, -4.28467], [0.019815, 10.71533], [-7.980185, 10.71533], [-7.980185, -4.28467]], [[12.213915, 0.1401399999999995], [4.213915, 0.1401400000000005], [4.213914999999998, -14.859859999999998], [12.213914999999998, -14.85986], [12.213915, 0.1401399999999995]], [[-7.939585, -0.83039], [-7.939584999999999, 7.16961], [-13.939585, 7.16961], [-13.939585, -0.8303899999999996], [-7.939585, -0.83039]], [[4.169339999999995, -29.8156], [12.169339999999995, -29.815600000000003], [12.169339999999998, -14.815600000000002], [4.169339999999998, -14.8156], [4.169339999999995, -29.8156]], [[-7.639545, 7.405285], [-7.639544999999999, 15.405285], [-13.639545, 15.405285], [-13.639545, 7.405285], [-7.639545, 7.405285]], [[4.115259999999991, -44.996015], [12.11525999999999, -44.996015], [12.115259999999994, -29.996015], [4.115259999999995, -29.996015], [4.115259999999991, -44.996015]]], "node_id": [0, 1, 2, 3, 4, 5, 6]}