{"corners": [[[0.219355, 0.23036], [8.219355, 0.23036], [8.219355, 15.23036], [0.219355, 15.23036], [0.219355, 0.23036]], [[7.44209, 15.26223], [7.442090000000001, 31.26223], [1.4420900000000008, 31.26223], [1.4420899999999999, 15.26223], [7.44209, 15.26223]], [[8.17929, 11.91632], [8.17929, 3.91632], [23.17929, 3.9163200000000007], [23.17929, 11.916320000000002], [8.17929, 11.91632]], [[23.4703, 4.613800000000001], [31.4703, 4.613800000000001], [31.4703, 10.6138], [23.4703, 10.6138], [23.4703, 4.613800000000001]], [[19.929935, 26.6024], [11.929935, 26.6024], [11.929935000000002, 11.602399999999998], [19.929935000000004, 11.6024], [19.929935, 26.6024]]], "node_id": [0, 1, 2, 3, 4]}