{"corners": [[[0.218305, 0.48821], [8.218305, 0.48821], [8.218305, 15.48821], [0.218305, 15.48821], [0.218305, 0.48821]], [[0.07472000000000036, 10.540755], [-15.92528, 10.540755000000003], [-15.92528, 4.540755000000002], [0.07471999999999963, 4.540755], [0.07472000000000036, 10.540755]], [[8.44738, 0.2491449999999995], [0.44738, 0.2491450000000005], [0.44738, -5.750855], [8.447379999999999, -5.7508550000000005], [8.44738, 0.2491449999999995]], [[12.153115, 21.198005], [-3.846885, 21.198005000000002], [-3.846885, 15.198005000000002], [12.153115, 15.198005], [12.153115, 21.198005]], [[-11.65958, 10.649645000000003], [-3.65958, 10.649645000000001], [-3.6595799999999965, 25.649645], [-11.659579999999997, 25.649645000000003], [-11.65958, 10.649645000000003]], [[1.326085000000003, 37.4196], [1.3260850000000002, 21.4196], [7.326085, 21.4196], [7.3260850000000035, 37.4196], [1.326085000000003, 37.4196]], [[-14.868049999999998, 26.224715000000003], [1.1319500000000018, 26.224715], [1.1319500000000018, 32.224715], [-14.868049999999997, 32.224715], [-14.868049999999998, 26.224715000000003]]], "node_id": [0, 1, 2, 3, 4, 5, 6]}