{"corners": [[[0.421535, 0.01633], [16.421535, 0.01633], [16.421535, 6.01633], [0.421535, 6.01633], [0.421535, 0.01633]], [[4.304035, -14.61238], [12.304035, -14.61238], [12.304035, 0.38762], [4.304035, 0.38762], [4.304035, -14.61238]], [[4.33321, -20.782505], [12.33321, -20.782505], [12.33321, -14.782505], [4.33321, -14.782505], [4.33321, -20.782505]], [[12.41016, -20.62232], [28.41016, -20.62232], [28.41016, -14.62232], [12.41016, -14.62232], [12.41016, -20.62232]], [[0.7300749999999991, 14.28847], [0.7300749999999996, 6.28847], [15.730075, 6.288470000000001], [15.730075, 14.288470000000002], [0.7300749999999991, 14.28847]], [[4.334695000000001, -10.331135], [-3.665304999999999, -10.331134999999998], [-3.665305000000001, -25.331135], [4.334694999999999, -25.331135], [4.334695000000001, -10.331135]], [[17.28446, -6.697345], [17.28446, -14.697345], [23.28446, -14.697345], [23.28446, -6.697345], [17.28446, -6.697345]]], "node_id": [0, 1, 2, 3, 4, 5, 6]}