{"corners": [[[0.312375, 0.10798], [16.312375, 0.10798], [16.312375, 6.10798], [0.312375, 6.10798], [0.312375, 0.10798]], [[16.077745, 0.17658], [24.077745, 0.17658], [24.077745, 6.17658], [16.077745, 6.17658], [16.077745, 0.17658]], [[5.461424999999999, 22.209255], [5.461425, 6.209255], [11.461425, 6.209255], [11.461425, 22.209255], [5.461424999999999, 22.209255]], [[0.15136500000000036, 6.46265], [-7.848635, 6.462650000000001], [-7.848635, 0.4626500000000009], [0.15136499999999964, 0.46265], [0.15136500000000036, 6.46265]], [[-7.609395, 6.261420000000002], [0.390605, 6.26142], [0.39060500000000176, 12.26142], [-7.609394999999998, 12.261420000000001], [-7.609395, 6.261420000000002]], [[-6.755339999999997, 20.40095], [-6.755339999999999, 12.40095], [-0.7553399999999982, 12.400949999999998], [-0.7553399999999965, 20.40095], [-6.755339999999997, 20.40095]], [[-22.579045, 7.097285000000004], [-22.579045, -0.9027149999999965], [-7.579045000000002, -0.902715], [-7.579045, 7.097285000000001], [-22.579045, 7.097285000000004]]], "node_id": [0, 1, 2, 3, 4, 5, 6]}