{"corners": [[[0.413565, 0.41019], [8.413565, 0.41019], [8.413565, 15.41019], [0.413565, 15.41019], [0.413565, 0.41019]], [[1.168105, 0.3962649999999998], [1.1681050000000004, -7.603735], [7.168105000000001, -7.603735], [7.168105, 0.39626500000000014], [1.168105, 0.3962649999999998]], [[0.047135, 15.172785], [8.047135, 15.172785], [8.047135, 30.172785], [0.047135, 30.172785], [0.047135, 15.172785]], [[15.19665, -0.8158799999999986], [7.19665, -0.8158799999999997], [7.196650000000001, -6.81588], [15.19665, -6.815879999999998], [15.19665, -0.8158799999999986]], [[15.000135, -11.038789999999999], [23.000135, -11.038789999999999], [23.000135, 3.9612100000000017], [15.000135, 3.9612100000000017], [15.000135, -11.038789999999999]], [[14.204925, 18.83334], [14.204925, 26.83334], [8.204925, 26.83334], [8.204925, 18.83334], [14.204925, 18.83334]], [[-3.442195000000001, 38.453285], [-3.4421950000000003, 30.453285], [11.557805, 30.453285], [11.557805, 38.453285], [-3.442195000000001, 38.453285]]], "node_id": [0, 1, 2, 3, 4, 5, 6]}