{"corners": [[[0.168715, 0.2309], [8.168715, 0.2309], [8.168715, 15.2309], [0.168715, 15.2309], [0.168715, 0.2309]], [[-3.427505000000001, 23.445675], [-3.4275050000000005, 15.445675], [11.572495, 15.445675], [11.572495, 23.445675], [-3.427505000000001, 23.445675]], [[-3.7606800000000007, 23.329995], [12.23932, 23.329995], [12.23932, 29.329995], [-3.7606800000000007, 29.329995], [-3.7606800000000007, 23.329995]], [[-3.520805000000001, 29.107175], [-11.520805, 29.107175], [-11.520805, 23.107175], [-3.520805000000002, 23.107175], [-3.520805000000001, 29.107175]], [[8.134585, 4.728485], [24.134585, 4.728485], [24.134585, 10.728485], [8.134585, 10.728485], [8.134585, 4.728485]], [[0.15459999999999974, 3.610755], [0.15460000000000024, 11.610755], [-5.845399999999999, 11.610755], [-5.8454, 3.6107550000000006], [0.15459999999999974, 3.610755]], [[-17.74443, 30.287425], [-17.74443, 22.287425], [-11.744430000000001, 22.287425], [-11.74443, 30.287425], [-17.74443, 30.287425]]], "node_id": [0, 1, 2, 3, 4, 5, 6]}