{"corners": [[[0.16137, 0.03111], [8.16137, 0.03111], [8.16137, 15.03111], [0.16137, 15.03111], [0.16137, 0.03111]], [[-14.645340000000001, 11.87278], [-14.645340000000001, 3.87278], [0.35466, 3.872780000000001], [0.35466, 11.872780000000002], [-14.645340000000001, 11.87278]], [[-11.499535, -2.063969999999999], [-3.499535, -2.063969999999999], [-3.499535, 3.936030000000001], [-11.499535, 3.936030000000001], [-11.499535, -2.063969999999999]], [[-14.53312, 10.67754], [-30.53312, 10.677539999999999], [-30.53312, 4.677539999999998], [-14.53312, 4.67754], [-14.53312, 10.67754]], [[14.093115, -0.276145], [14.093115000000001, 15.723855], [8.093115, 15.723855], [8.093115, -0.27614499999999964], [14.093115, -0.276145]], [[3.84601, -0.25027499999999847], [3.846009999999999, -8.250274999999998], [18.84601, -8.250275000000002], [18.84601, -0.25027500000000125], [3.84601, -0.25027499999999847]], [[-26.74882, -10.05095], [-18.74882, -10.05095], [-18.74882, 4.94905], [-26.74882, 4.94905], [-26.74882, -10.05095]]], "node_id": [0, 1, 2, 3, 4, 5, 6]}