{"corners": [[[0.30745, 0.49346], [8.30745, 0.49346], [8.30745, 6.49346], [0.30745, 6.49346], [0.30745, 0.49346]], [[8.064520000000002, 21.322745], [0.06452000000000177, 21.322745], [0.06452, 6.322745000000002], [8.06452, 6.322745], [8.064520000000002, 21.322745]], [[-3.2361799999999965, 29.17429], [-3.236179999999998, 21.17429], [11.763820000000003, 21.174289999999996], [11.763820000000004, 29.174289999999996], [-3.2361799999999965, 29.17429]], [[7.018399999999999, -15.51435], [7.0184, 0.48565], [1.0184, 0.48565], [1.018399999999999, -15.51435], [7.018399999999999, -15.51435]], [[8.17652, -15.82135], [0.17651999999999912, -15.821349999999999], [0.17651999999999735, -30.82135], [8.176519999999996, -30.82135], [8.17652, -15.82135]], [[-15.894595, 0.423155], [0.105405, 0.423155], [0.105405, 6.423155], [-15.894595, 6.423155], [-15.894595, 0.423155]], [[1.3649799999999999, -11.574015], [1.3649800000000003, -3.574015], [-4.635019999999999, -3.574015], [-4.63502, -11.574015], [1.3649799999999999, -11.574015]]], "node_id": [0, 1, 2, 3, 4, 5, 6]}