{"corners": [[[0.06107, 0.181325], [16.06107, 0.181325], [16.06107, 6.181325], [0.06107, 6.181325], [0.06107, 0.181325]], [[0.40872999999999976, -0.6288750000000001], [0.4087300000000002, 7.371125], [-5.591269999999999, 7.371125], [-5.59127, -0.6288749999999996], [0.40872999999999976, -0.6288750000000001]], [[16.166495, -4.146095], [24.166495, -4.146095], [24.166495, 10.853905], [16.166495, 10.853905], [16.166495, -4.146095]], [[27.982315, -12.131505], [27.982315, -4.131505], [12.982315, -4.131504999999998], [12.982315, -12.131504999999999], [27.982315, -12.131505]], [[0.358765, 7.10962], [0.358765000000001, 23.10962], [-5.641234999999999, 23.10962], [-5.641235, 7.10962], [0.358765, 7.10962]], [[12.87744, -5.24428], [-3.12256, -5.244279999999998], [-3.12256, -11.244279999999998], [12.87744, -11.24428], [12.87744, -5.24428]], [[27.53632, -4.09959], [27.53632, -12.09959], [33.53632, -12.099590000000001], [33.53632, -4.099590000000001], [27.53632, -4.09959]]], "node_id": [0, 1, 2, 3, 4, 5, 6]}