{"corners": [[[0.427105, 0.093595], [16.427105, 0.093595], [16.427105, 6.093595], [0.427105, 6.093595], [0.427105, 0.093595]], [[11.37029, 6.447305], [11.37029, 14.447305], [5.370290000000001, 14.447305], [5.37029, 6.447305], [11.37029, 6.447305]], [[4.30088, -5.73472], [12.30088, -5.73472], [12.30088, 0.26528], [4.30088, 0.26528], [4.30088, -5.73472]], [[0.21465500000000093, 10.926905], [-7.7853449999999995, 10.926905000000001], [-7.785345, -4.073094999999999], [0.2146549999999991, -4.073095], [0.21465500000000093, 10.926905]], [[16.12156, 7.371565], [16.12156, -0.6284350000000001], [31.12156, -0.6284349999999992], [31.12156, 7.371565000000001], [16.12156, 7.371565]], [[-11.368329999999997, 18.51319], [-11.368329999999998, 10.51319], [3.631670000000002, 10.513189999999996], [3.6316700000000037, 18.513189999999998], [-11.368329999999997, 18.51319]], [[11.06524, -21.96], [11.065240000000001, -5.96], [5.065240000000001, -5.96], [5.06524, -21.96], [11.06524, -21.96]]], "node_id": [0, 1, 2, 3, 4, 5, 6]}