{"corners": [[[0.33211, 0.36116], [16.33211, 0.36116], [16.33211, 6.36116], [0.33211, 6.36116], [0.33211, 0.36116]], [[0.19986999999999974, -0.591595], [0.19987000000000024, 7.408405], [-5.800129999999999, 7.408405], [-5.80013, -0.5915949999999996], [0.19986999999999974, -0.591595]], [[12.42578, 12.30163], [4.42578, 12.301630000000001], [4.42578, 6.301630000000001], [12.42578, 6.30163], [12.42578, 12.30163]], [[16.20478, 0.237285], [32.20478, 0.237285], [32.20478, 6.237285], [16.20478, 6.237285], [16.20478, 0.237285]], [[0.27468, 12.409015000000002], [16.27468, 12.409014999999998], [16.27468, 18.409015], [0.2746800000000014, 18.409015], [0.27468, 12.409015000000002]], [[5.060505000000005, 34.407085], [5.060505000000003, 18.407085], [11.060505000000003, 18.407085], [11.060505000000004, 34.407085], [5.060505000000005, 34.407085]], [[48.398265, 6.173189999999998], [32.398265, 6.17319], [32.398265, 0.17319], [48.398265, 0.17318999999999823], [48.398265, 6.173189999999998]]], "node_id": [0, 1, 2, 3, 4, 5, 6]}