{"corners": [[[0.38148, 0.28246], [16.38148, 0.28246], [16.38148, 6.28246], [0.38148, 6.28246], [0.38148, 0.28246]], [[31.07191, -0.6242350000000009], [31.07191, 7.3757649999999995], [16.07191, 7.375765000000001], [16.07191, -0.624235], [31.07191, -0.6242350000000009]], [[0.21914500000000092, 10.63236], [-7.780854999999999, 10.632360000000002], [-7.780855, -4.367639999999998], [0.2191449999999991, -4.36764], [0.21914500000000092, 10.63236]], [[0.1639599999999991, -4.486720000000001], [-7.83604, -4.48672], [-7.836040000000003, -19.48672], [0.16395999999999727, -19.48672], [0.1639599999999991, -4.486720000000001]], [[31.93229, 13.421914999999998], [15.93229, 13.421915], [15.93229, 7.421915], [31.93229, 7.4219149999999985], [31.93229, 13.421914999999998]], [[31.768575, 14.399304999999998], [31.768575, 6.399304999999998], [37.768575, 6.3993049999999965], [37.768575, 14.399304999999996], [31.768575, 14.399304999999998]], [[-0.5890000000000031, -27.07541], [-0.5890000000000026, -19.07541], [-6.589000000000002, -19.07541], [-6.589000000000004, -27.07541], [-0.5890000000000031, -27.07541]]], "node_id": [0, 1, 2, 3, 4, 5, 6]}