{"corners": [[[0.45557, 0.085955], [8.45557, 0.085955], [8.45557, 15.085955], [0.45557, 15.085955], [0.45557, 0.085955]], [[8.065655000000001, 30.31565], [0.06565500000000178, 30.31565], [0.065655, 15.315650000000002], [8.065655, 15.31565], [8.065655000000001, 30.31565]], [[0.04062500000000037, 10.614215], [-15.959375, 10.614215000000002], [-15.959375, 4.6142150000000015], [0.040624999999999634, 4.614215], [0.04062500000000037, 10.614215]], [[0.087375, -5.6479099999999995], [8.087375, -5.6479099999999995], [8.087375, 0.35209], [0.087375, 0.35209], [0.087375, -5.6479099999999995]], [[16.04693, 4.7837499999999995], [8.04693, 4.78375], [8.046929999999998, -10.21625], [16.04693, -10.21625], [16.04693, 4.7837499999999995]], [[16.490759999999998, -10.112795], [24.490759999999998, -10.112795000000002], [24.49076, 4.887204999999998], [16.49076, 4.887205], [16.490759999999998, -10.112795]], [[24.427655, 5.3682599999999985], [24.427654999999998, -10.631740000000002], [30.427654999999998, -10.631740000000002], [30.427655, 5.368259999999998], [24.427655, 5.3682599999999985]]], "node_id": [0, 1, 2, 3, 4, 5, 6]}