{"corners": [[[0.28439, 0.003765], [16.28439, 0.003765], [16.28439, 6.003765], [0.28439, 6.003765], [0.28439, 0.003765]], [[0.031114999999999754, -0.5434950000000001], [0.031115000000000247, 7.456505], [-5.968884999999999, 7.456505], [-5.968885, -0.5434949999999996], [0.031114999999999754, -0.5434950000000001]], [[0.49476, -5.813595], [16.49476, -5.813595], [16.49476, 0.186405], [0.49476, 0.186405], [0.49476, -5.813595]], [[16.109895, 1.38712], [16.109895, -6.61288], [31.109895, -6.612879999999999], [31.109895, 1.3871200000000008], [16.109895, 1.38712]], [[16.290305, -5.938645000000001], [0.290305, -5.938644999999999], [0.290305, -11.938645], [16.290305, -11.938645], [16.290305, -5.938645000000001]], [[27.90336, 7.4296950000000015], [19.90336, 7.429695000000001], [19.90336, 1.4296950000000008], [27.90336, 1.4296950000000017], [27.90336, 7.4296950000000015]], [[-21.736945, 0.416005], [-5.736945, 0.416005], [-5.736945, 6.416005], [-21.736945, 6.416005], [-21.736945, 0.416005]]], "node_id": [0, 1, 2, 3, 4, 5, 6]}