{"corners": [[[0.37464, 0.206385], [8.37464, 0.206385], [8.37464, 6.206385], [0.37464, 6.206385], [0.37464, 0.206385]], [[-7.71392, -4.48878], [0.28608, -4.48878], [0.28608, 10.51122], [-7.71392, 10.51122], [-7.71392, -4.48878]], [[-7.91625, 6.385175], [-15.91625, 6.385175000000001], [-15.91625, 0.3851750000000009], [-7.91625, 0.385175], [-7.91625, 6.385175]], [[0.13324, -4.006395000000001], [-7.86676, -4.006395], [-7.866760000000002, -19.006395], [0.13323999999999817, -19.006395], [0.13324, -4.006395000000001]], [[-31.99691, 0.3363700000000049], [-15.99691, 0.33637000000000095], [-15.99691, 6.336370000000001], [-31.99691, 6.336370000000005], [-31.99691, 0.3363700000000049]]], "node_id": [0, 1, 2, 3, 4]}