{"corners": [[[0.40943, 0.029775], [8.40943, 0.029775], [8.40943, 15.029775], [0.40943, 15.029775], [0.40943, 0.029775]], [[-3.065745, 0.41871999999999954], [-3.0657449999999997, -7.58128], [11.934255, -7.58128], [11.934255, 0.4187200000000004], [-3.065745, 0.41871999999999954]], [[12.21025, 21.446975], [-3.78975, 21.446975000000002], [-3.78975, 15.446975000000002], [12.21025, 15.446975], [12.21025, 21.446975]], [[12.03177, 22.188305], [12.031769999999998, 14.188305], [18.03177, 14.188304999999998], [18.03177, 22.188305], [12.03177, 22.188305]], [[-3.55092, 14.083375], [-3.5509199999999996, 22.083375], [-18.55092, 22.083375], [-18.55092, 14.083375000000002], [-3.55092, 14.083375]], [[-14.031094999999999, 30.442945], [-14.031095, 22.442945], [-8.031095, 22.442945], [-8.031094999999999, 30.442945], [-14.031094999999999, 30.442945]], [[-8.145325, -1.965245], [-8.145324999999998, 14.034755], [-14.145325, 14.034755], [-14.145325, -1.9652449999999995], [-8.145325, -1.965245]]], "node_id": [0, 1, 2, 3, 4, 5, 6]}