{"corners": [[[0.46255, 0.10401], [16.46255, 0.10401], [16.46255, 6.10401], [0.46255, 6.10401], [0.46255, 0.10401]], [[4.09762, -5.522585], [12.09762, -5.522585], [12.09762, 0.477415], [4.09762, 0.477415], [4.09762, -5.522585]], [[32.369705, 6.135629999999998], [16.369705, 6.13563], [16.369705, 0.13563], [32.369705, 0.13562999999999822], [32.369705, 6.135629999999998]], [[11.336685, 6.361645], [11.336685000000001, 22.361645], [5.336685000000001, 22.361645], [5.336685, 6.361645], [11.336685, 6.361645]], [[38.4103, -4.933295000000002], [38.4103, 11.066704999999999], [32.4103, 11.066704999999999], [32.4103, -4.933295000000002], [38.4103, -4.933295000000002]], [[32.25922, 0.21695999999999813], [16.25922, 0.21696000000000007], [16.25922, -5.78304], [32.25922, -5.7830400000000015], [32.25922, 0.21695999999999813]], [[32.13172, -4.733405000000001], [32.131719999999994, -20.733405], [38.13172, -20.733405], [38.13172, -4.733405000000002], [32.13172, -4.733405000000001]]], "node_id": [0, 1, 2, 3, 4, 5, 6]}