{"corners": [[[0.160015, 0.021115], [16.160015, 0.021115], [16.160015, 6.021115], [0.160015, 6.021115], [0.160015, 0.021115]], [[11.0872, 6.16544], [11.087200000000001, 22.16544], [5.087200000000001, 22.16544], [5.0872, 6.16544], [11.0872, 6.16544]], [[4.3979099999999995, 22.314135], [12.39791, 22.314135], [12.39791, 28.314135], [4.3979099999999995, 28.314135], [4.3979099999999995, 22.314135]], [[31.058045, -0.9212700000000009], [31.058045, 7.078729999999999], [16.058045, 7.078730000000001], [16.058045, -0.92127], [31.058045, -0.9212700000000009]], [[4.00481, 28.42558], [-11.99519, 28.425580000000004], [-11.99519, 22.42558], [4.004809999999999, 22.42558], [4.00481, 28.42558]], [[-11.772384999999998, 32.82623], [-19.772385, 32.82623], [-19.772385, 17.82623], [-11.772385, 17.82623], [-11.772384999999998, 32.82623]], [[19.700455, -15.78381], [27.700455, -15.78381], [27.700455, -0.78381], [19.700455, -0.78381], [19.700455, -15.78381]]], "node_id": [0, 1, 2, 3, 4, 5, 6]}