{"corners": [[[0.011175, 0.22648], [8.011175, 0.22648], [8.011175, 15.22648], [0.011175, 15.22648], [0.011175, 0.22648]], [[8.011025, 0.38647], [16.011025, 0.38647], [16.011025, 15.38647], [8.011025, 15.38647], [8.011025, 0.38647]], [[0.30243, -14.931915], [8.30243, -14.931915], [8.30243, 0.068085], [0.30243, 0.068085], [0.30243, -14.931915]], [[16.113265, 0.40992], [24.113265, 0.40992], [24.113265, 15.40992], [16.113265, 15.40992], [16.113265, 0.40992]], [[-5.5872850000000005, 15.50482], [-5.587285, -0.49518], [0.412715, -0.49518], [0.4127149999999991, 15.50482], [-5.5872850000000005, 15.50482]], [[-3.914425, -20.84831], [12.085575, -20.84831], [12.085575, -14.84831], [-3.914425, -14.84831], [-3.914425, -20.84831]], [[27.5897, -7.787685], [27.5897, 0.212315], [12.5897, 0.21231500000000178], [12.5897, -7.787684999999999], [27.5897, -7.787685]]], "node_id": [0, 1, 2, 3, 4, 5, 6]}