{"corners": [[[0.147225, 0.31224], [8.147225, 0.31224], [8.147225, 15.31224], [0.147225, 15.31224], [0.147225, 0.31224]], [[-5.88589, 11.990285], [-5.885889999999999, 3.990285], [0.11411000000000089, 3.990285], [0.11411, 11.990285], [-5.88589, 11.990285]], [[8.465965, 0.17289], [16.465965, 0.17289], [16.465965, 15.17289], [8.465965, 15.17289], [8.465965, 0.17289]], [[-5.946245, 19.65415], [-5.946244999999999, 11.65415], [0.053755000000000885, 11.65415], [0.053755, 19.65415], [-5.946245, 19.65415]], [[15.127375, 15.48899], [15.127375000000002, 31.48899], [9.127375, 31.48899], [9.127375, 15.48899], [15.127375, 15.48899]], [[-5.864910000000001, 35.60692], [-5.86491, 19.60692], [0.13509, 19.60692], [0.1350899999999991, 35.60692], [-5.864910000000001, 35.60692]], [[3.127460000000002, 31.436635], [3.127459999999999, 15.436635], [9.12746, 15.436635], [9.127460000000001, 31.436635], [3.127460000000002, 31.436635]]], "node_id": [0, 1, 2, 3, 4, 5, 6]}