{"corners": [[[0.21052, 0.185975], [16.21052, 0.185975], [16.21052, 6.185975], [0.21052, 6.185975], [0.21052, 0.185975]], [[32.099045, 6.242604999999998], [16.099045, 6.242605], [16.099045, 0.242605], [32.099045, 0.2426049999999982], [32.099045, 6.242604999999998]], [[16.322645, 6.155055000000001], [32.322645, 6.155054999999997], [32.322645, 12.155054999999997], [16.322645, 12.155055], [16.322645, 6.155055000000001]], [[12.347945, 0.2678249999999995], [4.347945, 0.2678250000000005], [4.347944999999998, -14.732174999999998], [12.347944999999998, -14.732175], [12.347945, 0.2678249999999995]], [[0.28652000000000094, 10.856305], [-7.713479999999999, 10.856305000000003], [-7.71348, -4.143694999999998], [0.28651999999999905, -4.143695], [0.28652000000000094, 10.856305]], [[32.040815, 11.498399999999998], [32.040814999999995, -4.501600000000002], [38.040815, -4.501600000000002], [38.040815, 11.498399999999997], [32.040815, 11.498399999999998]], [[12.180279999999998, -3.342835000000001], [12.180279999999996, -11.342835000000001], [18.180279999999996, -11.342835000000004], [18.18028, -3.3428350000000018], [12.180279999999998, -3.342835000000001]]], "node_id": [0, 1, 2, 3, 4, 5, 6]}