{"corners": [[[0.44157, 0.072965], [8.44157, 0.072965], [8.44157, 15.072965], [0.44157, 15.072965], [0.44157, 0.072965]], [[0.37565, 15.062545], [8.37565, 15.062545], [8.37565, 30.062545], [0.37565, 30.062545], [0.37565, 15.062545]], [[-5.57301, 11.992975], [-5.573009999999999, 3.992975], [0.42699000000000087, 3.992975], [0.42699, 11.992975], [-5.57301, 11.992975]], [[0.325885, -14.844865], [8.325885, -14.844865], [8.325885, 0.155135], [0.325885, 0.155135], [0.325885, -14.844865]], [[8.42469, 26.569545], [8.42469, 18.569545], [23.42469, 18.569545], [23.42469, 26.569545], [8.42469, 26.569545]], [[-13.99965, 0.33434], [-5.99965, 0.33434], [-5.99965, 15.33434], [-13.99965, 15.33434], [-13.99965, 0.33434]], [[18.881445, 10.629945], [18.881445, 18.629945], [12.881445, 18.629945], [12.881445, 10.629945], [18.881445, 10.629945]]], "node_id": [0, 1, 2, 3, 4, 5, 6]}