{"corners": [[[0.40922, 0.01534], [8.40922, 0.01534], [8.40922, 15.01534], [0.40922, 15.01534], [0.40922, 0.01534]], [[1.05025, 0.49600999999999984], [1.0502500000000003, -7.50399], [7.050250000000001, -7.50399], [7.05025, 0.4960100000000002], [1.05025, 0.49600999999999984]], [[1.46698, -7.736745], [1.4669800000000004, 0.263255], [-13.53302, 0.2632550000000018], [-13.53302, -7.736744999999999], [1.46698, -7.736745]], [[-13.788235, -0.8741499999999991], [-29.788235, -0.8741499999999971], [-29.788235, -6.8741499999999975], [-13.788235, -6.874149999999999], [-13.788235, -0.8741499999999991]], [[-3.404395000000001, 23.09391], [-3.4043950000000005, 15.09391], [11.595605, 15.09391], [11.595605, 23.09391], [-3.404395000000001, 23.09391]], [[-13.616389999999999, 5.1311100000000005], [-29.61639, 5.131110000000002], [-29.61639, -0.8688899999999973], [-13.616389999999999, -0.868889999999999], [-13.616389999999999, 5.1311100000000005]], [[-29.51864, 3.7561350000000027], [-37.51864, 3.7561350000000036], [-37.51864, -11.243864999999996], [-29.518640000000005, -11.243864999999996], [-29.51864, 3.7561350000000027]]], "node_id": [0, 1, 2, 3, 4, 5, 6]}