{"corners": [[[0.06113, 0.33504], [8.06113, 0.33504], [8.06113, 15.33504], [0.06113, 15.33504], [0.06113, 0.33504]], [[8.155285, 4.912015], [16.155285, 4.912015], [16.155285, 10.912015], [8.155285, 10.912015], [8.155285, 4.912015]], [[16.357535, 11.55102], [16.357535, 3.55102], [31.357535, 3.5510200000000007], [31.357535, 11.551020000000001], [16.357535, 11.55102]], [[16.273615, 4.611419999999999], [8.273615, 4.61142], [8.273614999999998, -10.38858], [16.273615, -10.38858], [16.273615, 4.611419999999999]], [[31.08282, 15.69537], [31.08282, -0.30463], [37.08282, -0.30463], [37.08282, 15.69537], [31.08282, 15.69537]], [[8.442420000000002, 30.410205], [0.44242000000000176, 30.410205], [0.44242, 15.410205000000001], [8.44242, 15.410205], [8.442420000000002, 30.410205]], [[0.48484000000000177, 30.13927], [8.484840000000002, 30.139269999999996], [8.484840000000004, 36.13927], [0.4848400000000032, 36.13927], [0.48484000000000177, 30.13927]]], "node_id": [0, 1, 2, 3, 4, 5, 6]}