{"corners": [[[0.40198, 0.28706], [16.401980000000002, 0.28706], [16.401980000000002, 6.28706], [0.40198, 6.28706], [0.40198, 0.28706]], [[31.42285, -0.8328150000000009], [31.42285, 7.167184999999999], [16.42285, 7.167185000000001], [16.42285, -0.832815], [31.42285, -0.8328150000000009]], [[26.78845, -16.98284], [26.78845, -0.98284], [20.78845, -0.98284], [20.78845, -16.98284], [26.78845, -16.98284]], [[4.257115, -14.67669], [12.257115, -14.67669], [12.257115, 0.32331], [4.257115, 0.32331], [4.257115, -14.67669]], [[5.284065, 14.024505], [5.284065000000001, 6.0245049999999996], [11.284065, 6.0245049999999996], [11.284065, 14.024505], [5.284065, 14.024505]]], "node_id": [0, 1, 2, 3, 4]}