{"corners": [[[0.48665, 0.179735], [8.486650000000001, 0.179735], [8.486650000000001, 6.179735], [0.48665, 6.179735], [0.48665, 0.179735]], [[1.0090649999999997, 14.201615], [1.009065, 6.201615], [7.009065, 6.201615], [7.009065, 14.201615], [1.0090649999999997, 14.201615]], [[8.16332, 0.07197499999999951], [0.16332, 0.07197500000000048], [0.16332, -5.928025], [8.163319999999999, -5.928025000000001], [8.16332, 0.07197499999999951]], [[-3.737345, 14.31346], [12.262655, 14.31346], [12.262655, 20.31346], [-3.737345, 20.31346], [-3.737345, 14.31346]], [[28.18589, 20.49715], [12.18589, 20.497150000000005], [12.18589, 14.497150000000001], [28.18589, 14.49715], [28.18589, 20.49715]], [[0.2925950000000004, 0.3121150000000004], [-15.707405, 0.31211500000000236], [-15.707405, -5.687884999999998], [0.2925949999999996, -5.687885], [0.2925950000000004, 0.3121150000000004]], [[28.255975, 25.367135], [28.255974999999996, 9.367135], [34.255975, 9.367135], [34.255975, 25.367135], [28.255975, 25.367135]]], "node_id": [0, 1, 2, 3, 4, 5, 6]}