{"corners": [[[0.277255, 0.176425], [16.277255, 0.176425], [16.277255, 6.176425], [0.277255, 6.176425], [0.277255, 0.176425]], [[16.09698, 0.08422999999999901], [0.09698, 0.08423000000000098], [0.09698, -5.915769999999999], [16.09698, -5.915770000000001], [16.09698, 0.08422999999999901]], [[11.29134, 6.365815], [11.291340000000002, 22.365815], [5.291340000000001, 22.365815], [5.29134, 6.365815], [11.29134, 6.365815]], [[-7.546870000000002, -10.411399999999997], [0.4531299999999982, -10.411399999999999], [0.45313000000000175, 4.588600000000001], [-7.546869999999998, 4.588600000000003], [-7.546870000000002, -10.411399999999997]], [[-7.865565000000002, -10.696579999999997], [-7.865564999999997, 5.303420000000004], [-13.865564999999997, 5.303420000000007], [-13.865565000000002, -10.696579999999994], [-7.865565000000002, -10.696579999999997]], [[0.3635599999999982, -10.47827], [-7.636440000000002, -10.478269999999997], [-7.6364400000000074, -25.478269999999995], [0.3635599999999927, -25.47827], [0.3635599999999982, -10.47827]], [[-7.9022549999999985, 4.793700000000003], [0.09774500000000177, 4.793700000000001], [0.09774500000000533, 19.7937], [-7.902254999999995, 19.793700000000005], [-7.9022549999999985, 4.793700000000003]]], "node_id": [0, 1, 2, 3, 4, 5, 6]}