{"corners": [[[0.090645, 0.00816], [8.090645, 0.00816], [8.090645, 15.00816], [0.090645, 15.00816], [0.090645, 0.00816]], [[-14.59977, 11.50769], [-14.59977, 3.50769], [0.40023, 3.507690000000001], [0.40023, 11.507690000000002], [-14.59977, 11.50769]], [[1.1488349999999992, 31.46706], [1.148835, 15.46706], [7.148835, 15.46706], [7.148834999999999, 31.46706], [1.1488349999999992, 31.46706]], [[-14.877425, 10.674945], [-30.877425, 10.674944999999997], [-30.877425, 4.674944999999998], [-14.877425, 4.674945], [-14.877425, 10.674945]], [[23.08762, 3.689294999999999], [23.08762, 11.689295], [8.08762, 11.689295], [8.08762, 3.689295], [23.08762, 3.689294999999999]], [[-18.724055, 16.920215], [-26.724055, 16.920215], [-26.724055, 10.920215], [-18.724055, 10.920215], [-18.724055, 16.920215]], [[-25.72856, 32.911395], [-25.72856, 16.911395], [-19.72856, 16.911395], [-19.72856, 32.911395], [-25.72856, 32.911395]]], "node_id": [0, 1, 2, 3, 4, 5, 6]}