{"corners": [[[0.10967, 0.2746], [8.10967, 0.2746], [8.10967, 6.2746], [0.10967, 6.2746], [0.10967, 0.2746]], [[16.14106, 10.644525], [8.14106, 10.644525000000002], [8.141059999999998, -4.355474999999998], [16.14106, -4.355475], [16.14106, 10.644525]], [[22.311144999999996, -4.80376], [22.311144999999996, 11.19624], [16.311144999999996, 11.19624], [16.311144999999996, -4.80376], [22.311144999999996, -4.80376]], [[37.453285, -0.653415000000001], [37.453285, 7.346584999999999], [22.453285, 7.346585000000001], [22.453285, -0.6534150000000001], [37.453285, -0.653415000000001]], [[43.110495, -4.962070000000001], [43.110495, 11.03793], [37.110495, 11.03793], [37.110495, -4.962070000000001], [43.110495, -4.962070000000001]], [[36.05143, -10.97013], [44.05143, -10.97013], [44.05143, -4.97013], [36.05143, -4.97013], [36.05143, -10.97013]], [[15.074819999999997, 11.2542], [23.074819999999995, 11.2542], [23.074819999999995, 17.2542], [15.074819999999997, 17.2542], [15.074819999999997, 11.2542]]], "node_id": [0, 1, 2, 3, 4, 5, 6]}