{"corners": [[[0.48958, 0.25611], [8.48958, 0.25611], [8.48958, 15.25611], [0.48958, 15.25611], [0.48958, 0.25611]], [[12.368825, 0.499834999999999], [-3.631175, 0.499835000000001], [-3.631175, -5.500164999999999], [12.368825, -5.500165000000001], [12.368825, 0.499834999999999]], [[0.2979199999999998, 3.94781], [0.29792000000000024, 11.94781], [-14.70208, 11.947810000000002], [-14.70208, 3.947810000000001], [0.2979199999999998, 3.94781]], [[8.22184, 0.077065], [16.22184, 0.077065], [16.22184, 15.077065], [8.22184, 15.077065], [8.22184, 0.077065]], [[19.502345, 15.245255], [19.502345, 23.245255], [4.502345, 23.245255], [4.502345, 15.245255000000002], [19.502345, 15.245255]]], "node_id": [0, 1, 2, 3, 4]}