{"corners": [[[0.062995, 0.00764], [8.062995, 0.00764], [8.062995, 15.00764], [0.062995, 15.00764], [0.062995, 0.00764]], [[8.222730000000002, 30.292935], [0.2227300000000018, 30.292935], [0.22273, 15.292935000000002], [8.22273, 15.292935], [8.222730000000002, 30.292935]], [[0.18038999999999974, 18.814425], [0.18039000000000024, 26.814425], [-14.81961, 26.814425], [-14.81961, 18.814425], [0.18038999999999974, 18.814425]], [[0.29300000000000087, 26.93977], [0.29300000000000137, 34.93977], [-14.707, 34.93977], [-14.707, 26.93977], [0.29300000000000087, 26.93977]], [[-14.954935, 25.530325], [-30.954935, 25.530325000000005], [-30.954935, 19.530325], [-14.954935, 19.530325], [-14.954935, 25.530325]], [[8.195065, 4.78295], [24.195065, 4.78295], [24.195065, 10.78295], [8.195065, 10.78295], [8.195065, 4.78295]], [[23.40575, 18.85064], [23.40575, 26.85064], [8.40575, 26.85064], [8.40575, 18.85064], [23.40575, 18.85064]]], "node_id": [0, 1, 2, 3, 4, 5, 6]}