{"corners": [[[0.38212, 0.09154], [16.38212, 0.09154], [16.38212, 6.09154], [0.38212, 6.09154], [0.38212, 0.09154]], [[4.27031, 6.094085], [12.27031, 6.094085], [12.27031, 12.094085], [4.27031, 12.094085], [4.27031, 6.094085]], [[16.105875, 0.49437], [24.105875, 0.49437], [24.105875, 6.49437], [16.105875, 6.49437], [16.105875, 0.49437]], [[-7.96089, -4.418085], [0.03911, -4.418085], [0.03911, 10.581915], [-7.96089, 10.581915], [-7.96089, -4.418085]], [[28.28415, 12.216404999999998], [12.28415, 12.216405], [12.28415, 6.216405], [28.28415, 6.216404999999998], [28.28415, 12.216404999999998]]], "node_id": [0, 1, 2, 3, 4]}