{"corners": [[[0.386295, 0.28545], [8.386295, 0.28545], [8.386295, 15.28545], [0.386295, 15.28545], [0.386295, 0.28545]], [[0.04238, -5.804625], [8.04238, -5.804625], [8.04238, 0.195375], [0.04238, 0.195375], [0.04238, -5.804625]], [[16.43557, 15.262265], [8.43557, 15.262265000000001], [8.435569999999998, 0.2622650000000018], [16.43557, 0.262265], [16.43557, 15.262265]], [[0.25065, -11.748095], [8.25065, -11.748095], [8.25065, -5.748095], [0.25065, -5.748095], [0.25065, -11.748095]], [[7.418045, 15.224305], [7.418045000000001, 31.224305], [1.4180450000000009, 31.224305], [1.418045, 15.224305], [7.418045, 15.224305]], [[16.122595, -5.953240000000001], [8.122595, -5.95324], [8.122595, -11.95324], [16.122595, -11.95324], [16.122595, -5.953240000000001]], [[-7.697325, -16.30568], [0.302675, -16.30568], [0.302675, -1.30568], [-7.697325, -1.30568], [-7.697325, -16.30568]]], "node_id": [0, 1, 2, 3, 4, 5, 6]}