{"corners": [[[0.33709, 0.07078], [8.33709, 0.07078], [8.33709, 15.07078], [0.33709, 15.07078], [0.33709, 0.07078]], [[1.336935, 0.4573349999999998], [1.3369350000000004, -7.542665], [7.336935, -7.542665], [7.336935, 0.45733500000000016], [1.336935, 0.4573349999999998]], [[11.928025, -15.722695], [11.928025, -7.722695], [-3.071975, -7.722694999999998], [-3.071975, -15.722694999999998], [11.928025, -15.722695]], [[1.3704450000000001, -15.709065], [1.3704449999999986, -23.709065], [7.370444999999998, -23.709065], [7.370445, -15.709065], [1.3704450000000001, -15.709065]], [[27.66349, -8.661720000000003], [11.66349, -8.66172], [11.66349, -14.66172], [27.66349, -14.661720000000003], [27.66349, -8.661720000000003]], [[0.14349499999999976, 3.76672], [0.14349500000000026, 11.76672], [-5.856504999999999, 11.76672], [-5.856505, 3.7667200000000003], [0.14349499999999976, 3.76672]], [[-3.96741, 15.31215], [12.03259, 15.31215], [12.03259, 21.31215], [-3.96741, 21.31215], [-3.96741, 15.31215]]], "node_id": [0, 1, 2, 3, 4, 5, 6]}