{"corners": [[[0.45223, 0.17829], [16.45223, 0.17829], [16.45223, 6.17829], [0.45223, 6.17829], [0.45223, 0.17829]], [[12.2168, 0.4401599999999995], [4.2168, 0.4401600000000005], [4.216799999999998, -14.559839999999998], [12.216799999999997, -14.55984], [12.2168, 0.4401599999999995]], [[16.2778, 0.2721], [24.2778, 0.2721], [24.2778, 6.2721], [16.2778, 6.2721], [16.2778, 0.2721]], [[24.09105, 0.193385], [40.09105, 0.193385], [40.09105, 6.193385], [24.09105, 6.193385], [24.09105, 0.193385]], [[23.476105, -7.71154], [23.476105, 0.28846], [17.476105, 0.28846], [17.476105, -7.71154], [23.476105, -7.71154]], [[12.340749999999998, -14.67707], [4.340749999999998, -14.677069999999999], [4.340749999999996, -29.67707], [12.340749999999996, -29.67707], [12.340749999999998, -14.67707]], [[17.004445, -7.645489999999999], [17.004445, -15.64549], [23.004445, -15.64549], [23.004445, -7.64549], [17.004445, -7.645489999999999]]], "node_id": [0, 1, 2, 3, 4, 5, 6]}