{"corners": [[[0.105515, 0.369445], [16.105515, 0.369445], [16.105515, 6.369445], [0.105515, 6.369445], [0.105515, 0.369445]], [[15.60915, 6.2615549999999995], [15.60915, 14.261555], [0.60915, 14.261555], [0.60915, 6.2615549999999995], [15.60915, 6.2615549999999995]], [[15.56239, 7.26525], [31.56239, 7.26525], [31.56239, 13.26525], [15.56239, 13.26525], [15.56239, 7.26525]], [[47.67658, 13.281414999999999], [31.67658, 13.281415], [31.67658, 7.281415], [47.67658, 7.281414999999998], [47.67658, 13.281414999999999]], [[63.97394, 13.320599999999997], [47.97394, 13.320599999999999], [47.97394, 7.320599999999998], [63.97394, 7.320599999999996], [63.97394, 13.320599999999997]], [[4.49366, 14.19479], [12.49366, 14.19479], [12.49366, 29.19479], [4.49366, 29.19479], [4.49366, 14.19479]], [[4.039355, 24.999365], [-11.960645, 24.999365000000004], [-11.960645, 18.999365], [4.039354999999999, 18.999365], [4.039355, 24.999365]]], "node_id": [0, 1, 2, 3, 4, 5, 6]}