{"corners": [[[0.05755, 0.38664], [16.05755, 0.38664], [16.05755, 6.38664], [0.05755, 6.38664], [0.05755, 0.38664]], [[5.0713349999999995, 22.103845], [5.071335, 6.103845], [11.071335, 6.103845], [11.071335, 22.103845], [5.0713349999999995, 22.103845]], [[5.024604999999999, 6.09805], [5.024605, 22.09805], [-0.975395, 22.09805], [-0.9753950000000009, 6.09805], [5.024604999999999, 6.09805]], [[16.36331, 0.00891499999999902], [0.36331, 0.00891500000000098], [0.36331, -5.991084999999999], [16.36331, -5.991085000000001], [16.36331, 0.00891499999999902]], [[12.114899999999997, 37.003875], [4.114899999999997, 37.003875], [4.114899999999999, 22.003875], [12.114899999999999, 22.003875], [12.114899999999997, 37.003875]], [[0.18970500000000037, 0.045200000000000885], [-7.810295, 0.045200000000001864], [-7.810295, -5.954799999999998], [0.18970499999999965, -5.954799999999999], [0.18970500000000037, 0.045200000000000885]], [[12.114024999999994, 52.27581], [4.1140249999999945, 52.27581], [4.114024999999996, 37.27581], [12.114024999999996, 37.27581], [12.114024999999994, 52.27581]]], "node_id": [0, 1, 2, 3, 4, 5, 6]}