{"corners": [[[0.334145, 0.3215], [8.334145, 0.3215], [8.334145, 6.3215], [0.334145, 6.3215], [0.334145, 0.3215]], [[0.29129, 6.246435], [8.29129, 6.246435], [8.29129, 12.246435], [0.29129, 12.246435], [0.29129, 6.246435]], [[8.440960000000002, 27.00461], [0.4409600000000018, 27.00461], [0.44096, 12.004610000000001], [8.44096, 12.00461], [8.440960000000002, 27.00461]], [[1.3152550000000032, 35.03197], [1.3152550000000016, 27.03197], [7.315255000000001, 27.03197], [7.315255000000003, 35.03197], [1.3152550000000032, 35.03197]], [[7.039695000000004, 35.22443], [7.039695000000006, 43.22443], [1.0396950000000063, 43.22443], [1.0396950000000036, 35.22443], [7.039695000000004, 35.22443]], [[15.471155000000001, 34.327555], [7.471155000000001, 34.327555], [7.471155000000001, 28.327555], [15.471155000000001, 28.327555], [15.471155000000001, 34.327555]], [[15.19095, 23.96341], [23.19095, 23.963409999999996], [23.190950000000004, 38.96341], [15.190950000000004, 38.96341], [15.19095, 23.96341]]], "node_id": [0, 1, 2, 3, 4, 5, 6]}