{"corners": [[[0.27215, 0.18338], [16.27215, 0.18338], [16.27215, 6.18338], [0.27215, 6.18338], [0.27215, 0.18338]], [[16.41842, 0.004445], [32.41842, 0.004445], [32.41842, 6.004445], [16.41842, 6.004445], [16.41842, 0.004445]], [[40.38706, 6.314289999999999], [32.38706, 6.31429], [32.38706, 0.31429], [40.38706, 0.3142899999999991], [40.38706, 6.314289999999999]], [[32.10579, 12.073885], [16.10579, 12.073885000000002], [16.10579, 6.0738850000000015], [32.10579, 6.073885], [32.10579, 12.073885]], [[46.45485, -4.995635000000001], [46.45485, 11.004365], [40.45485, 11.004365], [40.45485, -4.995635000000001], [46.45485, -4.995635000000001]]], "node_id": [0, 1, 2, 3, 4]}