{"corners": [[[0.09233, 0.07733], [8.09233, 0.07733], [8.09233, 6.07733], [0.09233, 6.07733], [0.09233, 0.07733]], [[8.15121, 7.17043], [8.15121, -0.82957], [14.15121, -0.82957], [14.15121, 7.17043], [8.15121, 7.17043]], [[0.16883499999999976, -0.57308], [0.16883500000000026, 7.42692], [-14.831165, 7.426920000000002], [-14.831165, -0.5730799999999991], [0.16883499999999976, -0.57308]], [[7.12006, 7.054645], [15.12006, 7.054645], [15.12006, 13.054645], [7.12006, 13.054645], [7.12006, 7.054645]], [[8.03094, -0.7643350000000002], [8.030940000000001, -16.764335], [14.03094, -16.764335], [14.03094, -0.7643349999999999], [8.03094, -0.7643350000000002]], [[15.215555, -16.769215], [7.215555, -16.769215], [7.215555000000002, -31.769215], [15.215555000000002, -31.769215], [15.215555, -16.769215]], [[15.24502, 14.31707], [15.24502, 6.31707], [30.24502, 6.317070000000001], [30.24502, 14.317070000000001], [15.24502, 14.31707]]], "node_id": [0, 1, 2, 3, 4, 5, 6]}