{"corners": [[[0.0959, 0.282465], [16.0959, 0.282465], [16.0959, 6.282465], [0.0959, 6.282465], [0.0959, 0.282465]], [[5.36517, 0.03740999999999982], [5.365170000000001, -7.96259], [11.365169999999999, -7.96259], [11.365169999999999, 0.03741000000000018], [5.36517, 0.03740999999999982]], [[-15.669135, 0.277585], [0.330865, 0.277585], [0.330865, 6.277585], [-15.669135, 6.277585], [-15.669135, 0.277585]], [[16.268855, -4.144015], [24.268855, -4.144015], [24.268855, 10.855985], [16.268855, 10.855985], [16.268855, -4.144015]], [[27.578305, 10.772055], [27.578305, 18.772055], [12.578305, 18.772055], [12.578305, 10.772055000000002], [27.578305, 10.772055]], [[27.665415, 18.533895], [27.665415, 10.533895], [42.665415, 10.533894999999996], [42.665415, 18.533894999999998], [27.665415, 18.533895]], [[42.8257, 18.884304999999998], [42.8257, 10.884304999999996], [57.8257, 10.884304999999992], [57.8257, 18.884304999999994], [42.8257, 18.884304999999998]]], "node_id": [0, 1, 2, 3, 4, 5, 6]}