{"corners": [[[0.470555, 0.166185], [16.470555, 0.166185], [16.470555, 6.166185], [0.470555, 6.166185], [0.470555, 0.166185]], [[5.28992, 0.1843949999999998], [5.289920000000001, -15.815605], [11.28992, -15.815605], [11.28992, 0.1843950000000002], [5.28992, 0.1843949999999998]], [[5.477600000000001, -4.580345], [-2.5223999999999993, -4.580345000000001], [-2.5223999999999984, -10.580345], [5.477600000000002, -10.580345], [5.477600000000001, -4.580345]], [[-14.974805, 7.004014999999999], [-14.974805, -0.9959850000000009], [0.025195, -0.995985], [0.025195, 7.004015], [-14.974805, 7.004014999999999]], [[-14.566000000000003, 10.71079], [-22.566, 10.710789999999998], [-22.566, -4.2892100000000015], [-14.566, -4.28921], [-14.566000000000003, 10.71079]], [[-26.81209, -10.457875], [-10.81209, -10.457875], [-10.81209, -4.457875], [-26.81209, -4.457875], [-26.81209, -10.457875]], [[16.288015, 0.238625], [32.288015, 0.238625], [32.288015, 6.238625], [16.288015, 6.238625], [16.288015, 0.238625]]], "node_id": [0, 1, 2, 3, 4, 5, 6]}