{"corners": [[[0.217545, 0.108045], [16.217545, 0.108045], [16.217545, 6.108045], [0.217545, 6.108045], [0.217545, 0.108045]], [[31.17104, -0.5782100000000009], [31.17104, 7.421789999999999], [16.17104, 7.4217900000000006], [16.17104, -0.57821], [31.17104, -0.5782100000000009]], [[-7.57419, -4.128965], [0.42581, -4.128965], [0.42581, 10.871035], [-7.57419, 10.871035], [-7.57419, -4.128965]], [[31.46658, -8.97063], [31.46658, -0.97063], [16.46658, -0.9706299999999982], [16.46658, -8.970629999999998], [31.46658, -8.97063]], [[27.55326, -8.570845], [19.55326, -8.570844999999998], [19.55326, -14.570845], [27.55326, -14.570845], [27.55326, -8.570845]], [[16.11899, 12.182195], [0.11899, 12.182195000000002], [0.11899, 6.182195000000002], [16.11899, 6.182195], [16.11899, 12.182195]], [[5.387960000000001, 20.37802], [5.38796, 12.37802], [11.38796, 12.378019999999998], [11.387960000000001, 20.37802], [5.387960000000001, 20.37802]]], "node_id": [0, 1, 2, 3, 4, 5, 6]}