{"corners": [[[0.313225, 0.38362], [8.313225, 0.38362], [8.313225, 6.38362], [0.313225, 6.38362], [0.313225, 0.38362]], [[7.03776, -7.80858], [7.0377600000000005, 0.19142], [1.037760000000001, 0.19142], [1.03776, -7.80858], [7.03776, -7.80858]], [[1.3479050000000004, -0.966485], [-14.652095, -0.966484999999998], [-14.652095, -6.966484999999998], [1.3479049999999997, -6.966485], [1.3479050000000004, -0.966485]], [[7.410445, 6.01606], [7.410445000000001, 22.01606], [1.4104450000000008, 22.01606], [1.410445, 6.01606], [7.410445, 6.01606]], [[1.028915, -7.752469999999999], [1.0289149999999985, -15.75247], [7.028914999999998, -15.75247], [7.028915, -7.75247], [1.028915, -7.752469999999999]], [[-6.592564999999999, 6.94616], [1.4074350000000009, 6.94616], [1.4074350000000009, 21.94616], [-6.592564999999999, 21.94616], [-6.592564999999999, 6.94616]], [[14.20185, -0.706375], [14.20185, 7.2936250000000005], [8.20185, 7.2936250000000005], [8.20185, -0.7063749999999996], [14.20185, -0.706375]]], "node_id": [0, 1, 2, 3, 4, 5, 6]}