{"corners": [[[0.213555, 0.119555], [8.213555, 0.119555], [8.213555, 6.119555], [0.213555, 6.119555], [0.213555, 0.119555]], [[0.46710499999999977, -0.849965], [0.4671050000000002, 7.150035], [-5.532894999999999, 7.150035], [-5.532895, -0.8499649999999996], [0.46710499999999977, -0.849965]], [[-13.892, 0.4351], [-5.892, 0.4351], [-5.892, 6.4351], [-13.892, 6.4351], [-13.892, 0.4351]], [[-5.5617649999999985, 15.45671], [-5.561765, 7.45671], [0.438235, 7.456709999999998], [0.43823500000000176, 15.456709999999998], [-5.5617649999999985, 15.45671]], [[-10.01653, -0.8871699999999985], [-10.016530000000001, -8.887169999999998], [4.983469999999998, -8.887170000000001], [4.98347, -0.8871700000000011], [-10.01653, -0.8871699999999985]], [[8.03627, 7.042315], [8.03627, -0.957685], [23.03627, -0.9576849999999991], [23.03627, 7.042315000000001], [8.03627, 7.042315]], [[11.661665, -15.679115], [19.661665, -15.679115], [19.661665, -0.679115], [11.661665, -0.679115], [11.661665, -15.679115]]], "node_id": [0, 1, 2, 3, 4, 5, 6]}