{"corners": [[[0.193095, 0.35307], [8.193095, 0.35307], [8.193095, 15.35307], [0.193095, 15.35307], [0.193095, 0.35307]], [[1.4723849999999996, 23.03881], [1.472385, 15.03881], [7.472385, 15.03881], [7.472385, 23.03881], [1.4723849999999996, 23.03881]], [[8.416984999999999, 38.241485], [0.4169849999999982, 38.241485], [0.416985, 23.241485], [8.416985, 23.241485], [8.416984999999999, 38.241485]], [[1.210425, 0.2079849999999998], [1.210425000000001, -15.792015], [7.210425000000001, -15.792015], [7.210425, 0.2079850000000002], [1.210425, 0.2079849999999998]], [[-14.82482, -10.58048], [1.1751800000000001, -10.58048], [1.1751800000000001, -4.58048], [-14.82482, -4.58048], [-14.82482, -10.58048]], [[-10.652305, -25.57125], [-2.652305, -25.57125], [-2.652305, -10.57125], [-10.652305, -10.57125], [-10.652305, -25.57125]], [[24.41989, 10.860209999999999], [8.41989, 10.86021], [8.41989, 4.86021], [24.41989, 4.860209999999999], [24.41989, 10.860209999999999]]], "node_id": [0, 1, 2, 3, 4, 5, 6]}