{"corners": [[[0.069335, 0.10637], [8.069335, 0.10637], [8.069335, 6.10637], [0.069335, 6.10637], [0.069335, 0.10637]], [[8.217485, -4.16861], [16.217485, -4.16861], [16.217485, 10.83139], [8.217485, 10.83139], [8.217485, -4.16861]], [[16.02297, 0.12977], [24.02297, 0.12977], [24.02297, 6.12977], [16.02297, 6.12977], [16.02297, 0.12977]], [[9.307825, 26.950235], [9.307825000000001, 10.950235], [15.307825, 10.950235], [15.307825, 26.950235], [9.307825, 26.950235]], [[31.17304, 21.565035], [15.17304, 21.565034999999998], [15.17304, 15.565034999999998], [31.17304, 15.565035], [31.17304, 21.565035]], [[0.3731399999999995, -4.54529], [0.3731400000000005, 11.45471], [-5.62686, 11.45471], [-5.626860000000001, -4.54529], [0.3731399999999995, -4.54529]], [[0.4095849999999991, -12.812025], [0.4095849999999996, -4.812025], [-5.590415, -4.812025], [-5.590415000000001, -12.812025], [0.4095849999999991, -12.812025]]], "node_id": [0, 1, 2, 3, 4, 5, 6]}