{"corners": [[[0.250945, 0.09353], [8.250945, 0.09353], [8.250945, 6.09353], [0.250945, 6.09353], [0.250945, 0.09353]], [[8.01123, 0.002295], [16.01123, 0.002295], [16.01123, 6.002295], [8.01123, 6.002295], [8.01123, 0.002295]], [[4.33025, -5.647575], [20.33025, -5.647575], [20.33025, 0.352425], [4.33025, 0.352425], [4.33025, -5.647575]], [[20.226005, 5.317925], [20.226005, -10.682075], [26.226005, -10.682075], [26.226005, 5.317925], [20.226005, 5.317925]], [[0.052569999999999506, -4.589075], [0.05257000000000049, 11.410925], [-5.94743, 11.410925], [-5.947430000000001, -4.589075], [0.052569999999999506, -4.589075]], [[19.94088, 6.136194999999999], [19.94088, 14.136195], [4.94088, 14.136195], [4.94088, 6.136195], [19.94088, 6.136194999999999]], [[34.33263, 0.13354500000000089], [26.33263, 0.1335449999999999], [26.33263, -5.866455], [34.33263, -5.866454999999999], [34.33263, 0.13354500000000089]]], "node_id": [0, 1, 2, 3, 4, 5, 6]}