{"corners": [[[0.282415, 0.15892], [16.282415, 0.15892], [16.282415, 6.15892], [0.282415, 6.15892], [0.282415, 0.15892]], [[0.236125, 6.286835], [16.236125, 6.286835], [16.236125, 12.286835], [0.236125, 12.286835], [0.236125, 6.286835]], [[16.32982, 17.36466], [16.32982, 1.36466], [22.32982, 1.36466], [22.32982, 17.36466], [16.32982, 17.36466]], [[28.243465, 5.286315], [28.243465, 13.286315], [22.243465, 13.286315], [22.243465, 5.286315], [28.243465, 5.286315]], [[-7.85369, 0.332225], [0.14631, 0.332225], [0.14631, 6.332225], [-7.85369, 6.332225], [-7.85369, 0.332225]]], "node_id": [0, 1, 2, 3, 4]}