{"corners": [[[0.40949, 0.029425], [8.40949, 0.029425], [8.40949, 6.029425], [0.40949, 6.029425], [0.40949, 0.029425]], [[23.310835, -0.8910800000000009], [23.310835, 7.1089199999999995], [8.310835, 7.108920000000001], [8.310835, -0.89108], [23.310835, -0.8910800000000009]], [[8.33932, -0.7439349999999991], [8.339319999999999, -8.743935], [23.33932, -8.743935000000004], [23.33932, -0.7439350000000018], [8.33932, -0.7439349999999991]], [[8.146189999999999, -1.5829399999999991], [0.1461899999999991, -1.5829399999999982], [0.1461899999999991, -7.582939999999998], [8.146189999999999, -7.582939999999999], [8.146189999999999, -1.5829399999999991]], [[-7.5692450000000004, -4.311055], [0.430755, -4.311055], [0.430755, 10.688945], [-7.5692450000000004, 10.688945], [-7.5692450000000004, -4.311055]]], "node_id": [0, 1, 2, 3, 4]}