{"corners": [[[0.4895, 0.485485], [16.4895, 0.485485], [16.4895, 6.485485], [0.4895, 6.485485], [0.4895, 0.485485]], [[0.29766000000000037, 6.465975], [-15.70234, 6.465975000000002], [-15.70234, 0.46597500000000175], [0.2976599999999996, 0.465975], [0.29766000000000037, 6.465975]], [[-3.741964999999998, 21.12969], [-11.741964999999999, 21.12969], [-11.741965, 6.129690000000002], [-3.741965, 6.12969], [-3.741964999999998, 21.12969]], [[-23.731425, 0.2774150000000036], [-15.731425, 0.27741500000000163], [-15.731424999999998, 6.277415000000002], [-23.731425, 6.277415000000004], [-23.731425, 0.2774150000000036]], [[-15.564505, -5.988394999999997], [0.435495, -5.988395000000001], [0.435495, 0.011604999999999113], [-15.564504999999999, 0.011605000000002665], [-15.564505, -5.988394999999997]], [[-15.690844999999994, 21.43119], [-23.690844999999992, 21.431190000000004], [-23.690845, 6.4311900000000035], [-15.690845, 6.43119], [-15.690844999999994, 21.43119]], [[-3.976610000000001, 6.3078199999999995], [4.023389999999999, 6.307819999999998], [4.023390000000003, 21.30782], [-3.9766099999999973, 21.30782], [-3.976610000000001, 6.3078199999999995]]], "node_id": [0, 1, 2, 3, 4, 5, 6]}