{"corners": [[[0.43723, 0.486365], [16.43723, 0.486365], [16.43723, 6.486365], [0.43723, 6.486365], [0.43723, 0.486365]], [[12.281305, 12.439205], [4.281305, 12.439205000000001], [4.281305, 6.439205000000001], [12.281305, 6.439205], [12.281305, 12.439205]], [[-5.543100000000001, 11.494335], [-5.5431, -4.505665], [0.4569, -4.505665], [0.4568999999999991, 11.494335], [-5.543100000000001, 11.494335]], [[-5.6617700000000015, 27.11784], [-5.661770000000001, 11.11784], [0.3382299999999991, 11.11784], [0.3382299999999982, 27.11784], [-5.6617700000000015, 27.11784]], [[-5.920495000000001, 22.05252], [-13.920495, 22.05252], [-13.920495, 16.05252], [-5.920495, 16.05252], [-5.920495000000001, 22.05252]], [[-13.565144999999998, 11.308455], [-13.565145000000001, 27.308455], [-19.565145, 27.308455], [-19.565145, 11.308454999999999], [-13.565144999999998, 11.308455]], [[-13.94079, -4.13119], [-5.94079, -4.13119], [-5.94079, 10.86881], [-13.94079, 10.86881], [-13.94079, -4.13119]]], "node_id": [0, 1, 2, 3, 4, 5, 6]}