{"corners": [[[0.019455, 0.40622], [8.019455, 0.40622], [8.019455, 15.40622], [0.019455, 15.40622], [0.019455, 0.40622]], [[0.4057249999999998, 3.976355], [0.4057250000000002, 11.976355], [-5.594274999999999, 11.976355], [-5.594275, 3.9763550000000003], [0.4057249999999998, 3.976355]], [[0.363615, 15.03388], [8.363615, 15.03388], [8.363615, 21.03388], [0.363615, 21.03388], [0.363615, 15.03388]], [[0.08132999999999975, 14.477445], [0.08133000000000025, 22.477445], [-5.918669999999999, 22.477445], [-5.91867, 14.477445], [0.08132999999999975, 14.477445]], [[-5.988405, 14.445235], [-5.988404999999999, 22.445235], [-11.988405, 22.445235], [-11.988405, 14.445235], [-5.988405, 14.445235]]], "node_id": [0, 1, 2, 3, 4]}