{"corners": [[[0.30697, 0.2841], [8.30697, 0.2841], [8.30697, 15.2841], [0.30697, 15.2841], [0.30697, 0.2841]], [[11.88583, 15.355785000000001], [11.88583, 23.355785], [-3.11417, 23.355785], [-3.11417, 15.355785000000001], [11.88583, 15.355785000000001]], [[8.029605, 0.3401799999999995], [0.029605, 0.3401800000000005], [0.029605, -5.65982], [8.029604999999998, -5.659820000000001], [8.029605, 0.3401799999999995]], [[-7.66231, 0.02145], [0.33769, 0.02145], [0.33769, 15.02145], [-7.66231, 15.02145], [-7.66231, 0.02145]], [[8.062065, 1.0564049999999996], [8.062064999999999, -6.943595], [23.062065, -6.943595000000004], [23.062065, 1.0564049999999967], [8.062065, 1.0564049999999996]], [[7.040634999999998, -21.521685], [7.040634999999999, -5.521685], [1.040634999999999, -5.521685], [1.0406349999999982, -21.521685], [7.040634999999998, -21.521685]], [[-13.818955, -9.564774999999997], [-13.818955000000003, -17.564774999999997], [1.1810449999999983, -17.564775], [1.1810450000000001, -9.564775000000001], [-13.818955, -9.564774999999997]]], "node_id": [0, 1, 2, 3, 4, 5, 6]}