{"corners": [[[0.462725, 0.453565], [8.462725, 0.453565], [8.462725, 6.453565], [0.462725, 6.453565], [0.462725, 0.453565]], [[-7.71039, -4.20149], [0.28961, -4.20149], [0.28961, 10.79851], [-7.71039, 10.79851], [-7.71039, -4.20149]], [[8.385415, 7.15797], [8.385415, -0.8420300000000001], [23.385415, -0.8420299999999992], [23.385415, 7.157970000000001], [8.385415, 7.15797]], [[1.304605, 0.07573999999999982], [1.304605000000001, -15.92426], [7.3046050000000005, -15.92426], [7.3046050000000005, 0.07574000000000018], [1.304605, 0.07573999999999982]], [[-7.662975, 6.256405], [-15.662975, 6.256405000000001], [-15.662975, 0.2564050000000009], [-7.662975, 0.256405], [-7.662975, 6.256405]], [[29.0768, -4.732209999999999], [29.0768, 11.26779], [23.0768, 11.26779], [23.0768, -4.732209999999999], [29.0768, -4.732209999999999]], [[0.14677500000000088, -30.801975], [8.146775, -30.801975], [8.146775, -15.801975], [0.14677500000000088, -15.801975], [0.14677500000000088, -30.801975]]], "node_id": [0, 1, 2, 3, 4, 5, 6]}