{"corners": [[[0.034725, 0.34447], [8.034725, 0.34447], [8.034725, 15.34447], [0.034725, 15.34447], [0.034725, 0.34447]], [[8.16926, 4.61582], [16.16926, 4.61582], [16.16926, 10.61582], [8.16926, 10.61582], [8.16926, 4.61582]], [[0.3155800000000004, 10.627595], [-15.68442, 10.627595000000001], [-15.68442, 4.627595000000002], [0.31557999999999964, 4.627595], [0.3155800000000004, 10.627595]], [[7.19738, -7.894095], [7.197380000000001, 0.105905], [1.1973800000000008, 0.105905], [1.1973799999999999, -7.894095], [7.19738, -7.894095]], [[8.32115, -7.797515], [0.32115, -7.797514999999999], [0.32115, -13.797515], [8.32115, -13.797515], [8.32115, -7.797515]], [[-15.388244999999998, 18.518520000000002], [-15.388245, 10.518520000000004], [-0.388245, 10.51852], [-0.38824499999999823, 18.51852], [-15.388244999999998, 18.518520000000002]], [[15.243165, 10.592615], [15.243165, 18.592615], [9.243165, 18.592615], [9.243165, 10.592615], [15.243165, 10.592615]]], "node_id": [0, 1, 2, 3, 4, 5, 6]}