{"corners": [[[0.17376, 0.490545], [16.17376, 0.490545], [16.17376, 6.490545], [0.17376, 6.490545], [0.17376, 0.490545]], [[31.15567, -0.5169950000000009], [31.15567, 7.4830049999999995], [16.15567, 7.483005000000001], [16.15567, -0.516995], [31.15567, -0.5169950000000009]], [[-5.53445, 7.06959], [-5.534449999999999, -0.93041], [0.4655500000000009, -0.93041], [0.46555, 7.06959], [-5.53445, 7.06959]], [[-11.744785, 7.390505], [-11.744785, -0.609495], [-5.744784999999999, -0.609495], [-5.744785, 7.390505], [-11.744785, 7.390505]], [[16.372415, 0.20363499999999904], [0.372415, 0.20363500000000098], [0.372415, -5.796364999999999], [16.372415, -5.796365000000001], [16.372415, 0.20363499999999904]]], "node_id": [0, 1, 2, 3, 4]}