{"corners": [[[0.07563, 0.053895], [8.07563, 0.053895], [8.07563, 15.053895], [0.07563, 15.053895], [0.07563, 0.053895]], [[-3.528955, 15.271615], [12.471045, 15.271615], [12.471045, 21.271615], [-3.528955, 21.271615], [-3.528955, 15.271615]], [[0.40164, 21.346155], [8.40164, 21.346155], [8.40164, 27.346155], [0.40164, 27.346155], [0.40164, 21.346155]], [[1.1244899999999995, 35.345965], [1.12449, 27.345965], [7.12449, 27.345965], [7.12449, 35.345965], [1.1244899999999995, 35.345965]], [[8.090115, 11.52185], [8.090115, 3.52185], [14.090115, 3.52185], [14.090115, 11.52185], [8.090115, 11.52185]], [[7.25622, -7.532295], [7.256220000000001, 0.467705], [1.2562200000000008, 0.467705], [1.25622, -7.532295], [7.25622, -7.532295]], [[-3.599675, -13.789015], [12.400325, -13.789015], [12.400325, -7.789015], [-3.599675, -7.789015], [-3.599675, -13.789015]]], "node_id": [0, 1, 2, 3, 4, 5, 6]}