{"corners": [[[0.209925, 0.09277], [8.209925, 0.09277], [8.209925, 6.09277], [0.209925, 6.09277], [0.209925, 0.09277]], [[8.25542, 0.24486], [24.25542, 0.24486], [24.25542, 6.24486], [8.25542, 6.24486], [8.25542, 0.24486]], [[1.2963499999999994, 14.395005], [1.29635, 6.395005], [7.29635, 6.395005], [7.29635, 14.395005], [1.2963499999999994, 14.395005]], [[8.062475, 0.4101249999999995], [0.062475, 0.4101250000000005], [0.062475, -5.589875], [8.062475, -5.589875000000001], [8.062475, 0.4101249999999995]], [[23.46869, 13.468285000000002], [7.46869, 13.468285], [7.46869, 7.468285], [23.46869, 7.468285000000002], [23.46869, 13.468285000000002]], [[12.322744999999998, 20.475085], [-3.677255000000002, 20.475084999999996], [-3.677255000000002, 14.475084999999998], [12.322744999999998, 14.475085], [12.322744999999998, 20.475085]], [[12.37955, -5.717455000000001], [-3.62045, -5.717454999999999], [-3.62045, -11.717455], [12.37955, -11.717455], [12.37955, -5.717455000000001]]], "node_id": [0, 1, 2, 3, 4, 5, 6]}