{"corners": [[[0.207585, 0.257895], [8.207585, 0.257895], [8.207585, 15.257895], [0.207585, 15.257895], [0.207585, 0.257895]], [[8.31971, 0.06858999999999951], [0.31971, 0.06859000000000048], [0.31971, -5.93141], [8.319709999999999, -5.9314100000000005], [8.31971, 0.06858999999999951]], [[8.416924999999999, 4.80376], [24.416925, 4.80376], [24.416925, 10.80376], [8.416924999999999, 10.80376], [8.416924999999999, 4.80376]], [[19.430045, -3.166205], [19.430045, 4.833795], [13.430045, 4.833795], [13.430045, -3.1662049999999997], [19.430045, -3.166205]], [[-14.60927, 1.0303450000000032], [-14.609270000000002, -6.969654999999997], [0.39072999999999825, -6.969655], [0.39073, 1.0303450000000005], [-14.60927, 1.0303450000000032]], [[0.30857499999999555, -14.87427], [0.308574999999998, -6.87427], [-14.691425000000004, -6.874269999999995], [-14.691425000000004, -14.874269999999994], [0.30857499999999555, -14.87427]], [[35.118715, 3.7800149999999983], [19.118715, 3.780015], [19.118715, -2.219985], [35.118715, -2.2199850000000017], [35.118715, 3.7800149999999983]]], "node_id": [0, 1, 2, 3, 4, 5, 6]}