{"corners": [[[0.031355, 0.077195], [8.031355, 0.077195], [8.031355, 6.077195], [0.031355, 6.077195], [0.031355, 0.077195]], [[7.13719, -7.576905], [7.137190000000001, 0.423095], [1.1371900000000008, 0.423095], [1.13719, -7.576905], [7.13719, -7.576905]], [[7.27775, -6.93379], [15.27775, -6.93379], [15.27775, -0.93379], [7.27775, -0.93379], [7.27775, -6.93379]], [[24.31183, 6.003084999999998], [8.31183, 6.003085], [8.31183, 0.003085], [24.31183, 0.0030849999999982237], [24.31183, 6.003084999999998]], [[0.01791, -13.54084], [8.01791, -13.54084], [8.01791, -7.54084], [0.01791, -7.54084], [0.01791, -13.54084]], [[0.025199999999999754, -14.98757], [0.025200000000000247, -6.98757], [-5.974799999999999, -6.98757], [-5.9748, -14.98757], [0.025199999999999754, -14.98757]], [[1.4918150000000008, -0.8080500000000008], [-6.508184999999999, -0.8080499999999999], [-6.508184999999999, -6.80805], [1.4918150000000003, -6.808050000000001], [1.4918150000000008, -0.8080500000000008]]], "node_id": [0, 1, 2, 3, 4, 5, 6]}