{"corners": [[[0.49055, 0.152735], [8.49055, 0.152735], [8.49055, 6.152735], [0.49055, 6.152735], [0.49055, 0.152735]], [[11.67754, 6.258634999999999], [11.67754, 14.258635], [-3.32246, 14.258635], [-3.32246, 6.258635], [11.67754, 6.258634999999999]], [[11.93071, 14.13862], [11.930709999999998, 6.13862], [17.93071, 6.138619999999999], [17.93071, 14.138619999999998], [11.93071, 14.13862]], [[10.6849, 14.225570000000001], [18.6849, 14.22557], [18.684900000000003, 29.22557], [10.684900000000004, 29.22557], [10.6849, 14.225570000000001]], [[7.078150000000001, 14.113195], [7.078150000000002, 22.113195], [1.0781500000000017, 22.113195], [1.0781500000000008, 14.113195], [7.078150000000001, 14.113195]]], "node_id": [0, 1, 2, 3, 4]}