{"corners": [[[0.075475, 0.354825], [8.075475, 0.354825], [8.075475, 6.354825], [0.075475, 6.354825], [0.075475, 0.354825]], [[0.089855, 6.38748], [8.089855, 6.38748], [8.089855, 12.38748], [0.089855, 12.38748], [0.089855, 6.38748]], [[0.257095, -14.75299], [8.257095, -14.75299], [8.257095, 0.24701], [0.257095, 0.24701], [0.257095, -14.75299]], [[-3.39198, -14.722785], [-3.3919799999999993, -22.722785000000002], [11.60802, -22.722785000000002], [11.60802, -14.722784999999998], [-3.39198, -14.722785]], [[7.357445, -38.90809], [7.357445000000001, -22.90809], [1.357445000000001, -22.90809], [1.357445, -38.90809], [7.357445, -38.90809]], [[11.787795, -10.926295], [11.787795000000003, -26.926295], [17.787795, -26.926295], [17.787795, -10.926295], [11.787795, -10.926295]], [[14.06654, 1.2846], [14.066540000000002, 17.2846], [8.06654, 17.2846], [8.06654, 1.2846000000000004], [14.06654, 1.2846]]], "node_id": [0, 1, 2, 3, 4, 5, 6]}