{"corners": [[[0.31912, 0.32043], [16.31912, 0.32043], [16.31912, 6.32043], [0.31912, 6.32043], [0.31912, 0.32043]], [[16.31153, 0.263125], [32.31153, 0.263125], [32.31153, 6.263125], [16.31153, 6.263125], [16.31153, 0.263125]], [[-5.890975000000001, 11.3384], [-5.890975, -4.6616], [0.109025, -4.6616], [0.10902499999999911, 11.3384], [-5.890975000000001, 11.3384]], [[20.02294, 6.23741], [28.02294, 6.23741], [28.02294, 12.23741], [20.02294, 12.23741], [20.02294, 6.23741]], [[31.878725, 12.05985], [31.878725, 20.05985], [16.878725, 20.05985], [16.878725, 12.059850000000003], [31.878725, 12.05985]], [[-5.7655899999999995, -4.5152], [-5.7655899999999995, -12.5152], [0.2344100000000009, -12.5152], [0.23441, -4.5152], [-5.7655899999999995, -4.5152]], [[16.395145, -5.529735], [32.395145, -5.529735], [32.395145, 0.470265], [16.395145, 0.470265], [16.395145, -5.529735]]], "node_id": [0, 1, 2, 3, 4, 5, 6]}