{"corners": [[[0.132565, 0.228885], [8.132565, 0.228885], [8.132565, 15.228885], [0.132565, 15.228885], [0.132565, 0.228885]], [[7.470539999999999, -15.86922], [7.47054, 0.13078], [1.47054, 0.13078], [1.470539999999999, -15.86922], [7.470539999999999, -15.86922]], [[-3.701225, 15.058295], [12.298775, 15.058295], [12.298775, 21.058295], [-3.701225, 21.058295], [-3.701225, 15.058295]], [[0.4968649999999998, 3.93318], [0.4968650000000002, 11.93318], [-5.503134999999999, 11.93318], [-5.503135, 3.9331800000000006], [0.4968649999999998, 3.93318]], [[24.16519, 10.638179999999998], [8.16519, 10.63818], [8.16519, 4.63818], [24.16519, 4.638179999999998], [24.16519, 10.638179999999998]], [[-5.79188, 10.80784], [-21.79188, 10.807840000000002], [-21.79188, 4.8078400000000014], [-5.791880000000001, 4.80784], [-5.79188, 10.80784]], [[12.2809, 15.275195], [28.2809, 15.275195], [28.2809, 21.275195], [12.2809, 21.275195], [12.2809, 15.275195]]], "node_id": [0, 1, 2, 3, 4, 5, 6]}