{"corners": [[[0.469545, 0.044415], [8.469545, 0.044415], [8.469545, 15.044415], [0.469545, 15.044415], [0.469545, 0.044415]], [[0.46803499999999976, 3.858295], [0.4680350000000002, 11.858295], [-14.531965, 11.858295000000002], [-14.531965, 3.858295000000001], [0.46803499999999976, 3.858295]], [[-3.40116, 0.03658999999999954], [-3.4011599999999995, -7.96341], [11.59884, -7.96341], [11.59884, 0.036590000000000455], [-3.40116, 0.03658999999999954]], [[0.1427100000000009, -22.854215], [8.14271, -22.854215], [8.14271, -7.854215], [0.1427100000000009, -7.854215], [0.1427100000000009, -22.854215]], [[8.15411, 21.01225], [0.15411, 21.01225], [0.15411, 15.01225], [8.15411, 15.01225], [8.15411, 21.01225]], [[8.432475, 11.925145], [8.432475, 3.925145], [23.432475, 3.925145000000001], [23.432475, 11.925145000000002], [8.432475, 11.925145]], [[8.2964, -22.95272], [0.2964, -22.95272], [0.2963999999999982, -37.95272], [8.296399999999998, -37.95272], [8.2964, -22.95272]]], "node_id": [0, 1, 2, 3, 4, 5, 6]}