{"corners": [[[0.305425, 0.20486], [8.305425, 0.20486], [8.305425, 15.20486], [0.305425, 15.20486], [0.305425, 0.20486]], [[0.42924000000000095, 15.44466], [-7.570759999999999, 15.444660000000002], [-7.57076, 0.4446600000000018], [0.42923999999999907, 0.44466], [0.42924000000000095, 15.44466]], [[-6.801919999999996, 31.47842], [-6.801919999999999, 15.47842], [-0.8019199999999991, 15.47842], [-0.8019199999999964, 31.47842], [-6.801919999999996, 31.47842]], [[16.0444, 15.13785], [8.0444, 15.137850000000002], [8.044399999999998, 0.13785000000000178], [16.0444, 0.13785], [16.0444, 15.13785]], [[-7.556595, 10.672065], [-15.556595, 10.672065000000002], [-15.556595, 4.672065000000001], [-7.556595, 4.672065], [-7.556595, 10.672065]], [[-7.916619999999996, 31.015825], [0.08338000000000355, 31.015824999999996], [0.0833800000000071, 46.015825], [-7.916619999999993, 46.015825], [-7.916619999999996, 31.015825]], [[0.27986000000000605, 42.64203], [0.2798600000000046, 34.64203], [15.279860000000003, 34.64203], [15.279860000000005, 42.64203], [0.27986000000000605, 42.64203]], [[15.066635000000002, 26.965375], [15.066635000000003, 34.965375], [0.06663500000000355, 34.96537500000001], [0.06663500000000178, 26.965375000000005], [15.066635000000002, 26.965375]]], "node_id": [0, 1, 2, 3, 4, 5, 6, 7]}