{"corners": [[[0.0431, 0.11124], [16.0431, 0.11124], [16.0431, 6.1112400000000004], [0.0431, 6.1112400000000004], [0.0431, 0.11124]], [[16.088465, 7.026625], [16.088465, -0.973375], [22.088465, -0.973375], [22.088465, 7.026625], [16.088465, 7.026625]], [[4.323705, 6.374855], [12.323705, 6.374855], [12.323705, 12.374855], [4.323705, 12.374855], [4.323705, 6.374855]], [[26.554385, -8.91447], [26.554385, -0.91447], [11.554385, -0.9144699999999982], [11.554385, -8.914469999999998], [26.554385, -8.91447]], [[5.036815, 0.2340749999999998], [5.036815000000001, -15.765925], [11.036815, -15.765925], [11.036815, 0.2340750000000002], [5.036815, 0.2340749999999998]], [[26.85001, -12.474105], [34.85001, -12.474105], [34.85001, 2.5258950000000002], [26.85001, 2.5258950000000002], [26.85001, -12.474105]], [[23.46316, 22.296425], [15.46316, 22.296425], [15.463160000000002, 7.296424999999998], [23.463160000000002, 7.296425], [23.46316, 22.296425]], [[0.7379249999999999, -15.78824], [0.7379250000000004, -23.78824], [15.737925, -23.78824], [15.737925, -15.788239999999998], [0.7379249999999999, -15.78824]]], "node_id": [0, 1, 2, 3, 4, 5, 6, 7]}