{"corners": [[[0.41176, 0.47607], [8.41176, 0.47607], [8.41176, 6.47607], [0.41176, 6.47607], [0.41176, 0.47607]], [[7.341389999999999, -15.512885], [7.34139, 0.487115], [1.34139, 0.487115], [1.3413899999999992, -15.512885], [7.341389999999999, -15.512885]], [[1.246699999999999, -15.869905], [1.2466999999999977, -23.869905], [7.246699999999997, -23.869905], [7.246699999999999, -15.869905], [1.246699999999999, -15.869905]], [[16.46203, 10.63357], [8.46203, 10.633570000000002], [8.462029999999999, -4.3664299999999985], [16.46203, -4.36643], [16.46203, 10.63357]], [[7.07383, -10.934575], [23.07383, -10.934575], [23.07383, -4.934575], [7.07383, -4.934575], [7.07383, -10.934575]]], "node_id": [0, 1, 2, 3, 4]}