{"corners": [[[0.338995, 0.214455], [16.338995, 0.214455], [16.338995, 6.214455], [0.338995, 6.214455], [0.338995, 0.214455]], [[16.04088, 11.35027], [16.04088, -4.64973], [22.04088, -4.64973], [22.04088, 11.35027], [16.04088, 11.35027]], [[23.08819, 17.333815], [15.08819, 17.333815], [15.08819, 11.333815], [23.08819, 11.333815], [23.08819, 17.333815]], [[23.42847, 11.104965], [39.42847, 11.104965], [39.42847, 17.104965], [23.42847, 17.104965], [23.42847, 11.104965]], [[23.885065, 11.40577], [23.885065, 3.40577], [38.885065, 3.405770000000001], [38.885065, 11.405770000000002], [23.885065, 11.40577]], [[0.094725, 18.46454], [0.09472500000000049, 10.46454], [15.094725, 10.46454], [15.094725, 18.46454], [0.094725, 18.46454]], [[27.407135, -2.558039999999999], [35.407135, -2.558039999999999], [35.407135, 3.441960000000001], [27.407135, 3.441960000000001], [27.407135, -2.558039999999999]], [[15.865885, -7.510455], [15.865885, 0.489545], [0.865885, 0.4895450000000018], [0.865885, -7.510454999999999], [15.865885, -7.510455]]], "node_id": [0, 1, 2, 3, 4, 5, 6, 7]}