{"corners": [[[0.438015, 0.22717], [16.438015, 0.22717], [16.438015, 6.22717], [0.438015, 6.22717], [0.438015, 0.22717]], [[0.3639450000000004, 6.054365], [-15.636055, 6.0543650000000016], [-15.636055, 0.05436500000000177], [0.36394499999999963, 0.054365], [0.3639450000000004, 6.054365]], [[-4.652235, -7.992379999999999], [-4.652234999999999, 0.007620000000000888], [-10.652235, 0.007620000000000888], [-10.652235, -7.992379999999999], [-4.652235, -7.992379999999999]], [[4.04814, 6.159055], [12.04814, 6.159055], [12.04814, 12.159055], [4.04814, 12.159055], [4.04814, 6.159055]], [[3.129595, -0.61993], [-4.870405, -0.619929999999999], [-4.870405, -6.619929999999999], [3.1295949999999992, -6.61993], [3.129595, -0.61993]], [[-10.87892, -7.853194999999999], [-10.878920000000004, -23.853195], [-4.878920000000003, -23.853195], [-4.87892, -7.8531949999999995], [-10.87892, -7.853194999999999]], [[24.11997, 6.296809999999999], [16.11997, 6.29681], [16.11997, 0.29681], [24.11997, 0.29680999999999913], [24.11997, 6.296809999999999]], [[-10.991340000000003, -19.577155], [-10.991340000000001, -11.577155], [-16.99134, -11.577154999999998], [-16.991340000000005, -19.577154999999998], [-10.991340000000003, -19.577155]]], "node_id": [0, 1, 2, 3, 4, 5, 6, 7]}