{"corners": [[[0.48729, 0.207375], [8.48729, 0.207375], [8.48729, 15.207375], [0.48729, 15.207375], [0.48729, 0.207375]], [[0.46186500000000097, 15.031035], [-7.538134999999999, 15.031035000000001], [-7.538135, 0.031035000000001776], [0.4618649999999991, 0.031035], [0.46186500000000097, 15.031035]], [[4.132559999999999, 0.300779999999999], [-11.86744, 0.300780000000001], [-11.86744, -5.6992199999999995], [4.132559999999998, -5.699220000000001], [4.132559999999999, 0.300779999999999]], [[12.30563, 21.411805], [-3.69437, 21.411805000000005], [-3.69437, 15.411805000000001], [12.30563, 15.411805], [12.30563, 21.411805]], [[12.377634999999998, 0.14122999999999822], [4.377634999999998, 0.1412299999999992], [4.377634999999998, -5.858770000000001], [12.377634999999998, -5.858770000000002], [12.377634999999998, 0.14122999999999822]]], "node_id": [0, 1, 2, 3, 4]}