{"corners": [[[0.203515, 0.27163], [8.203515, 0.27163], [8.203515, 6.27163], [0.203515, 6.27163], [0.203515, 0.27163]], [[8.058935, 0.336055], [16.058935, 0.336055], [16.058935, 6.336055], [8.058935, 6.336055], [8.058935, 0.336055]], [[0.3076350000000004, 6.012125], [-7.692365, 6.012125000000001], [-7.692365, 0.012125000000000889], [0.3076349999999996, 0.012125], [0.3076350000000004, 6.012125]], [[16.38422, 11.298635], [16.38422, -4.701365], [22.38422, -4.701365], [22.38422, 11.298635], [16.38422, 11.298635]], [[1.0433799999999995, 14.0116], [1.04338, 6.0116], [7.04338, 6.0116], [7.04338, 14.0116], [1.0433799999999995, 14.0116]]], "node_id": [0, 1, 2, 3, 4]}