{"corners": [[[0.316715, 0.21477], [8.316715, 0.21477], [8.316715, 15.21477], [0.316715, 15.21477], [0.316715, 0.21477]], [[1.2858699999999992, 31.287985], [1.28587, 15.287985], [7.28587, 15.287985], [7.285869999999999, 31.287985], [1.2858699999999992, 31.287985]], [[16.195125, 15.273025], [8.195125, 15.273025000000002], [8.195124999999997, 0.2730250000000018], [16.195124999999997, 0.273025], [16.195125, 15.273025]], [[7.372639999999999, 31.445225], [7.37264, 47.445225], [1.37264, 47.445225], [1.3726399999999992, 31.445225], [7.372639999999999, 31.445225]], [[24.42998, 10.618865], [16.42998, 10.618865000000001], [16.42998, 4.618865000000001], [24.42998, 4.6188649999999996], [24.42998, 10.618865]], [[15.180125000000002, 46.732435], [7.180125000000002, 46.732435], [7.180125, 31.732435], [15.180125, 31.732435], [15.180125000000002, 46.732435]], [[1.0788800000000014, 55.19228], [1.0788799999999998, 47.19228], [7.07888, 47.19228], [7.078880000000002, 55.19228], [1.0788800000000014, 55.19228]], [[-6.658215000000001, 43.57425], [1.3417849999999991, 43.57425], [1.3417850000000027, 58.57425], [-6.6582149999999976, 58.57425], [-6.658215000000001, 43.57425]]], "node_id": [0, 1, 2, 3, 4, 5, 6, 7]}