{"corners": [[[0.0232, 0.194465], [8.0232, 0.194465], [8.0232, 6.194465], [0.0232, 6.194465], [0.0232, 0.194465]], [[7.463129999999999, -15.72539], [7.46313, 0.27461], [1.46313, 0.27461], [1.4631299999999992, -15.72539], [7.463129999999999, -15.72539]], [[1.4689099999999997, -11.544935], [1.4689100000000002, -3.544935], [-13.53109, -3.5449349999999984], [-13.53109, -11.544934999999999], [1.4689099999999997, -11.544935]], [[-3.230039999999999, -3.896585], [-3.230039999999999, 4.103415], [-9.230039999999999, 4.103415], [-9.23004, -3.8965849999999995], [-3.230039999999999, -3.896585]], [[-21.886425, -15.426235], [-13.886425, -15.426235], [-13.886425, -0.42623500000000003], [-21.886425, -0.42623500000000003], [-21.886425, -15.426235]], [[-21.605785, -4.628165], [-37.605785, -4.628164999999998], [-37.605785, -10.628164999999997], [-21.605785, -10.628165], [-21.605785, -4.628165]], [[-37.660015, -15.863734999999998], [-37.660015, 0.13626500000000177], [-43.660015, 0.13626500000000177], [-43.660015, -15.863734999999998], [-37.660015, -15.863734999999998]], [[8.296354999999998, -15.96056], [0.2963549999999991, -15.960559999999997], [0.2963549999999973, -30.96056], [8.296354999999997, -30.96056], [8.296354999999998, -15.96056]]], "node_id": [0, 1, 2, 3, 4, 5, 6, 7]}