{"corners": [[[0.087755, 0.37103], [8.087755, 0.37103], [8.087755, 6.37103], [0.087755, 6.37103], [0.087755, 0.37103]], [[-3.898965, 6.47736], [12.101035, 6.47736], [12.101035, 12.477360000000001], [-3.898965, 12.477360000000001], [-3.898965, 6.47736]], [[-3.7067349999999997, 12.30087], [-11.706735, 12.300870000000002], [-11.706735, 6.300870000000001], [-3.706735, 6.30087], [-3.7067349999999997, 12.30087]], [[20.00071, 12.243085], [12.00071, 12.243085000000002], [12.00071, 6.243085000000001], [20.00071, 6.243085], [20.00071, 12.243085]], [[7.472549999999999, -15.750435], [7.47255, 0.249565], [1.47255, 0.249565], [1.4725499999999991, -15.750435], [7.472549999999999, -15.750435]]], "node_id": [0, 1, 2, 3, 4]}