{"corners": [[[0.247505, 0.17395], [8.247505, 0.17395], [8.247505, 15.17395], [0.247505, 15.17395], [0.247505, 0.17395]], [[8.41775, 15.56055], [8.41775, -0.43945], [14.41775, -0.43945], [14.41775, 15.56055], [8.41775, 15.56055]], [[15.387914999999998, 30.78937], [7.387914999999998, 30.78937], [7.387915, 15.789369999999998], [15.387915, 15.78937], [15.387914999999998, 30.78937]], [[21.425765, 15.016075], [21.425764999999995, 31.016075], [15.425764999999997, 31.016075], [15.425765, 15.016074999999999], [21.425765, 15.016075]], [[29.25871, 26.480595], [21.25871, 26.480595], [21.25871, 20.480595], [29.25871, 20.480595], [29.25871, 26.480595]], [[7.47153, -15.68872], [7.47153, 0.31128], [1.47153, 0.31128], [1.4715299999999991, -15.68872], [7.47153, -15.68872]], [[7.273435000000001, -3.537635], [7.273434999999999, -11.537635], [22.273435, -11.537635000000003], [22.273435, -3.5376350000000025], [7.273435000000001, -3.537635]], [[21.138845, 5.00079], [29.138845, 5.00079], [29.138845, 20.00079], [21.138845, 20.00079], [21.138845, 5.00079]]], "node_id": [0, 1, 2, 3, 4, 5, 6, 7]}