{"corners": [[[0.347825, 0.028645], [16.347825, 0.028645], [16.347825, 6.028645], [0.347825, 6.028645], [0.347825, 0.028645]], [[-5.553485, 7.27654], [-5.553484999999999, -0.72346], [0.4465150000000009, -0.72346], [0.446515, 7.27654], [-5.553485, 7.27654]], [[-10.82523, 7.260795], [5.17477, 7.260795], [5.17477, 13.260795], [-10.82523, 13.260795], [-10.82523, 7.260795]], [[-10.850975, 2.023015], [-10.850974999999998, 18.023015], [-16.850975, 18.023015], [-16.850975, 2.0230150000000005], [-10.850975, 2.023015]], [[-6.299065, 18.06839], [-6.299064999999999, 26.06839], [-21.299065, 26.06839], [-21.299065, 18.06839], [-6.299065, 18.06839]], [[-9.732745, 32.450955], [-17.732745, 32.450955], [-17.732745, 26.450955], [-9.732745, 26.450955], [-9.732745, 32.450955]], [[-16.912325, 2.0232150000000004], [-16.912325, -5.976785], [-10.912325000000001, -5.976785000000001], [-10.912325, 2.0232149999999995], [-16.912325, 2.0232150000000004]], [[32.273935, 6.274399999999998], [16.273935, 6.2744], [16.273935, 0.2744], [32.273935, 0.2743999999999982], [32.273935, 6.274399999999998]]], "node_id": [0, 1, 2, 3, 4, 5, 6, 7]}