{"corners": [[[0.03164, 0.420925], [16.03164, 0.420925], [16.03164, 6.420925], [0.03164, 6.420925], [0.03164, 0.420925]], [[-5.603615, 7.416715], [-5.603615, -0.583285], [0.3963850000000009, -0.583285], [0.396385, 7.416715], [-5.603615, 7.416715]], [[-13.725175, -4.367125], [-5.725175, -4.367125], [-5.725175, 10.632875], [-13.725175, 10.632875], [-13.725175, -4.367125]], [[-19.77752, 11.347825], [-19.77752, -4.652175], [-13.777519999999999, -4.652175], [-13.777519999999999, 11.347825], [-19.77752, 11.347825]], [[-12.551505, -4.621844999999999], [-20.551505, -4.621845], [-20.551505, -10.621845], [-12.551505, -10.621845], [-12.551505, -4.621844999999999]], [[0.851915, 0.3870099999999996], [0.8519150000000004, -7.61299], [15.851915, -7.61299], [15.851915, 0.38701000000000046], [0.851915, 0.3870099999999996]], [[24.12216, 6.328604999999999], [16.12216, 6.328605], [16.12216, 0.328605], [24.12216, 0.3286049999999991], [24.12216, 6.328604999999999]], [[-19.69242, -10.56844], [-19.69242, -18.56844], [-13.69242, -18.56844], [-13.69242, -10.56844], [-19.69242, -10.56844]]], "node_id": [0, 1, 2, 3, 4, 5, 6, 7]}