{"corners": [[[0.236765, 0.14281], [8.236765, 0.14281], [8.236765, 6.14281], [0.236765, 6.14281], [0.236765, 0.14281]], [[-7.997495, 0.40432], [0.002505, 0.40432], [0.002505, 6.40432], [-7.997495, 6.40432], [-7.997495, 0.40432]], [[-7.62147, 6.05165], [-15.62147, 6.051650000000001], [-15.62147, 0.05165000000000089], [-7.62147, 0.05165], [-7.62147, 6.05165]], [[-7.561909999999999, 12.139575], [-15.56191, 12.139575000000002], [-15.56191, 6.139575000000001], [-7.56191, 6.139575], [-7.561909999999999, 12.139575]], [[-3.52425, 0.1096349999999999], [-19.52425, 0.10963500000000187], [-19.52425, -5.890364999999998], [-3.5242500000000008, -5.890365], [-3.52425, 0.1096349999999999]], [[16.05309, 6.49668], [8.05309, 6.49668], [8.05309, 0.49668], [16.05309, 0.4966799999999991], [16.05309, 6.49668]], [[16.330215, 0.04630499999999911], [24.330215, 0.046304999999997154], [24.330215, 6.046304999999998], [16.330215, 6.046304999999999], [16.330215, 0.04630499999999911]], [[28.328995, 0.4875549999999952], [12.328995, 0.48755500000000107], [12.328994999999997, -5.512444999999998], [28.328994999999995, -5.512445000000004], [28.328995, 0.4875549999999952]]], "node_id": [0, 1, 2, 3, 4, 5, 6, 7]}