{"corners": [[[0.46434, 0.081385], [16.46434, 0.081385], [16.46434, 6.081385], [0.46434, 6.081385], [0.46434, 0.081385]], [[11.075225, 6.4766449999999995], [11.075225, 14.476645], [5.0752250000000005, 14.476645], [5.075225, 6.4766449999999995], [11.075225, 6.4766449999999995]], [[11.06305, -15.76177], [11.063050000000002, 0.23823], [5.0630500000000005, 0.23823], [5.06305, -15.76177], [11.06305, -15.76177]], [[-5.571930000000001, 11.333155], [-5.57193, -4.666845], [0.42807, -4.666845], [0.4280699999999991, 11.333155], [-5.571930000000001, 11.333155]], [[17.26021, -11.63496], [17.26021, -3.63496], [11.26021, -3.63496], [11.26021, -11.63496], [17.26021, -11.63496]], [[19.097865, 13.24898], [11.097865, 13.248980000000001], [11.097865, 7.248980000000001], [19.097865, 7.24898], [19.097865, 13.24898]], [[11.38223, 14.352855], [11.38223, 22.352855], [5.382230000000001, 22.352855], [5.38223, 14.352855], [11.38223, 14.352855]], [[-5.695480000000001, 10.66813], [-13.69548, 10.668129999999998], [-13.69548, -4.331870000000002], [-5.695479999999999, -4.33187], [-5.695480000000001, 10.66813]]], "node_id": [0, 1, 2, 3, 4, 5, 6, 7]}