{"corners": [[[0.35177, 0.27578], [8.35177, 0.27578], [8.35177, 15.27578], [0.35177, 15.27578], [0.35177, 0.27578]], [[23.24637, 3.867619999999999], [23.24637, 11.86762], [8.24637, 11.86762], [8.24637, 3.86762], [23.24637, 3.867619999999999]], [[8.284705000000002, 30.37421], [0.28470500000000176, 30.37421], [0.284705, 15.374210000000001], [8.284705, 15.37421], [8.284705000000002, 30.37421]], [[0.15963999999999975, 3.740855], [0.15964000000000025, 11.740855], [-14.84036, 11.740855000000002], [-14.84036, 3.7408550000000007], [0.15963999999999975, 3.740855]], [[8.31984, 0.2955849999999995], [0.31984, 0.2955850000000005], [0.31983999999999824, -14.704414999999997], [8.319839999999997, -14.704415000000001], [8.31984, 0.2955849999999995]], [[0.11203999999999645, -20.66035], [8.112039999999997, -20.660350000000005], [8.112039999999999, -14.660350000000001], [0.11203999999999792, -14.66035], [0.11203999999999645, -20.66035]], [[8.163354999999997, -13.88964], [8.163354999999996, -21.88964], [14.163354999999996, -21.88964], [14.163354999999996, -13.889640000000002], [8.163354999999997, -13.88964]], [[-29.954105, 11.836240000000004], [-29.954105, 3.8362400000000036], [-14.954105000000002, 3.83624], [-14.954105, 11.83624], [-29.954105, 11.836240000000004]]], "node_id": [0, 1, 2, 3, 4, 5, 6, 7]}