{"corners": [[[0.43009, 0.28999], [8.43009, 0.28999], [8.43009, 6.28999], [0.43009, 6.28999], [0.43009, 0.28999]], [[0.008980000000000368, 6.498435], [-7.99102, 6.498435000000001], [-7.99102, 0.4984350000000009], [0.008979999999999632, 0.498435], [0.008980000000000368, 6.498435]], [[-7.84668, -0.5823749999999991], [-7.846679999999999, 7.417625000000001], [-13.84668, 7.417625000000001], [-13.84668, -0.5823749999999988], [-7.84668, -0.5823749999999991]], [[-29.892575, 0.011950000000000889], [-13.892575, 0.011950000000000889], [-13.892575, 6.011950000000001], [-29.892575, 6.011950000000001], [-29.892575, 0.011950000000000889]], [[-29.073775, 14.071355], [-29.073775, 6.071355], [-14.073775, 6.0713550000000005], [-14.073775, 14.071355000000002], [-29.073775, 14.071355]], [[-29.846445, -0.7368849999999991], [-29.846445, 7.263115000000001], [-35.846445, 7.263115000000001], [-35.846445, -0.7368849999999988], [-29.846445, -0.7368849999999991]], [[-0.9007500000000017, -15.515865], [-0.9007500000000008, 0.484135], [-6.900750000000001, 0.484135], [-6.900750000000002, -15.515865], [-0.9007500000000017, -15.515865]], [[-14.35943, 7.3612400000000004], [1.64057, 7.3612400000000004], [1.64057, 13.36124], [-14.35943, 13.36124], [-14.35943, 7.3612400000000004]]], "node_id": [0, 1, 2, 3, 4, 5, 6, 7]}