{"corners": [[[0.424145, 0.291795], [8.424145, 0.291795], [8.424145, 15.291795], [0.424145, 15.291795], [0.424145, 0.291795]], [[-3.290320000000001, 23.32579], [-3.2903200000000004, 15.32579], [11.70968, 15.32579], [11.70968, 23.32579], [-3.290320000000001, 23.32579]], [[11.617735, 23.428350000000002], [11.617735, 15.42835], [26.617735, 15.42835], [26.617735, 23.428350000000002], [11.617735, 23.428350000000002]], [[-3.1082650000000007, 11.007755], [-3.108265, 27.007755], [-9.108265, 27.007755], [-9.108265, 11.007755], [-3.1082650000000007, 11.007755]], [[-9.232155, 22.271175], [-17.232155, 22.271175], [-17.232155, 16.271175], [-9.232155, 16.271175], [-9.232155, 22.271175]], [[-16.037464999999997, 38.25945], [-16.037465, 22.25945], [-10.037465, 22.25945], [-10.037464999999996, 38.25945], [-16.037464999999997, 38.25945]], [[34.915325, 22.30659], [26.915325, 22.30659], [26.915325, 16.30659], [34.915325, 16.30659], [34.915325, 22.30659]], [[16.27319, 15.064485], [8.27319, 15.064485000000001], [8.273189999999998, 0.06448500000000178], [16.27319, 0.064485], [16.27319, 15.064485]]], "node_id": [0, 1, 2, 3, 4, 5, 6, 7]}