{"corners": [[[0.230695, 0.39923], [8.230695, 0.39923], [8.230695, 6.39923], [0.230695, 6.39923], [0.230695, 0.39923]], [[8.066204999999998, 11.41224], [8.066205, -4.58776], [14.066205, -4.58776], [14.066205, 11.41224], [8.066204999999998, 11.41224]], [[19.1769, -4.699004999999999], [3.1769, -4.6990050000000005], [3.1769, -10.699005], [19.1769, -10.699005], [19.1769, -4.699004999999999]], [[3.192790000000001, -11.514445], [3.1927899999999996, -3.514445], [-11.80721, -3.5144450000000025], [-11.80721, -11.514445000000004], [3.192790000000001, -11.514445]], [[14.44727, 7.29155], [14.44727, -0.70845], [29.44727, -0.7084499999999991], [29.44727, 7.291550000000001], [14.44727, 7.29155]], [[17.68123, 7.408205000000001], [25.68123, 7.408205000000001], [25.68123, 22.408205], [17.68123, 22.408205], [17.68123, 7.408205000000001]], [[9.997555, 11.62898], [17.997555, 11.62898], [17.997555, 17.62898], [9.997555, 17.62898], [9.997555, 11.62898]], [[-0.06512500000000176, 2.291149999999999], [-8.065125000000002, 2.2911499999999982], [-8.065125, -3.7088500000000018], [-0.06512500000000099, -3.708850000000001], [-0.06512500000000176, 2.291149999999999]]], "node_id": [0, 1, 2, 3, 4, 5, 6, 7]}