{"corners": [[[0.14773, 0.223955], [16.14773, 0.223955], [16.14773, 6.223955], [0.14773, 6.223955], [0.14773, 0.223955]], [[16.003335, 0.251335], [32.003335, 0.251335], [32.003335, 6.251335], [16.003335, 6.251335], [16.003335, 0.251335]], [[32.3349, 11.060235], [32.3349, -4.939765], [38.3349, -4.939765], [38.3349, 11.060235], [32.3349, 11.060235]], [[-15.72508, 0.01827], [0.27492, 0.01827], [0.27492, 6.01827], [-15.72508, 6.01827], [-15.72508, 0.01827]], [[31.14244, 11.170805], [39.14244, 11.170805], [39.14244, 26.170805], [31.14244, 26.170805], [31.14244, 11.170805]], [[32.060105, -4.74873], [32.060105, -12.74873], [38.060105, -12.74873], [38.060105, -4.74873], [32.060105, -4.74873]], [[32.0169, -1.440215], [24.0169, -1.440215000000001], [24.0169, -16.440215], [32.0169, -16.440215], [32.0169, -1.440215]], [[53.370785, -12.732285], [53.370785, -4.732285], [38.370785, -4.732284999999998], [38.370785, -12.732284999999997], [53.370785, -12.732285]]], "node_id": [0, 1, 2, 3, 4, 5, 6, 7]}