{"corners": [[[0.184355, 0.13288], [16.184355, 0.13288], [16.184355, 6.13288], [0.184355, 6.13288], [0.184355, 0.13288]], [[-5.824155000000001, 11.181875], [-5.824155, -4.818125], [0.175845, -4.818125], [0.1758449999999991, 11.181875], [-5.824155000000001, 11.181875]], [[1.0468749999999973, 26.11589], [-6.953125000000003, 26.11589], [-6.953125000000001, 11.115889999999998], [1.0468749999999991, 11.11589], [1.0468749999999973, 26.11589]], [[5.06221, 14.08718], [5.062210000000001, 6.08718], [11.06221, 6.08718], [11.06221, 14.08718], [5.06221, 14.08718]], [[4.895674999999999, -12.867655], [4.895675, -4.867655], [-10.104325, -4.867654999999998], [-10.104325, -12.867654999999997], [4.895674999999999, -12.867655]], [[16.11554, -4.249085], [24.11554, -4.249085], [24.11554, 10.750914999999999], [16.11554, 10.750914999999999], [16.11554, -4.249085]], [[-16.16359, -0.5260149999999982], [-16.163590000000003, -16.526015], [-10.163590000000003, -16.526015], [-10.16359, -0.5260149999999993], [-16.16359, -0.5260149999999982]], [[28.25142, -4.3384350000000005], [12.25142, -4.338434999999999], [12.25142, -10.338435], [28.25142, -10.338435], [28.25142, -4.3384350000000005]]], "node_id": [0, 1, 2, 3, 4, 5, 6, 7]}