{"corners": [[[0.39889, 0.314905], [16.39889, 0.314905], [16.39889, 6.3149049999999995], [0.39889, 6.3149049999999995], [0.39889, 0.314905]], [[16.029235, 7.056445], [16.029235, -0.943555], [31.029235, -0.9435549999999991], [31.029235, 7.056445000000001], [16.029235, 7.056445]], [[31.418335, 7.4192350000000005], [31.418335, -0.5807649999999991], [46.418335, -0.5807649999999982], [46.418335, 7.419235000000002], [31.418335, 7.4192350000000005]], [[54.093215, 10.855345000000003], [46.093215, 10.855345000000002], [46.093215, -4.144654999999998], [54.093215, -4.144654999999997], [54.093215, 10.855345000000003]], [[34.556965, -6.639314999999998], [42.556965, -6.639314999999998], [42.556965, -0.6393149999999983], [34.556965, -0.6393149999999983], [34.556965, -6.639314999999998]], [[19.560785, -6.5173749999999995], [27.560785, -6.5173749999999995], [27.560785, -0.517374999999999], [19.560785, -0.517374999999999], [19.560785, -6.5173749999999995]], [[70.185265, 6.3878300000000054], [54.185265, 6.387830000000004], [54.185265, 0.38783000000000356], [70.185265, 0.38783000000000534], [70.185265, 6.3878300000000054]], [[54.222155, 25.825730000000004], [46.222155, 25.825730000000004], [46.222155, 10.825730000000002], [54.222155, 10.825730000000004], [54.222155, 25.825730000000004]]], "node_id": [0, 1, 2, 3, 4, 5, 6, 7]}