{"corners": [[[0.109215, 0.05127], [8.109215, 0.05127], [8.109215, 15.05127], [0.109215, 15.05127], [0.109215, 0.05127]], [[12.451585, 0.368014999999999], [-3.548415, 0.368015000000001], [-3.548415, -5.631984999999999], [12.451585, -5.631985000000001], [12.451585, 0.368014999999999]], [[-3.707079999999999, 4.612140000000001], [-11.70708, 4.612140000000002], [-11.70708, -10.387859999999996], [-3.707080000000001, -10.38786], [-3.707079999999999, 4.612140000000001]], [[0.33571, -10.008290000000002], [-15.66429, -10.00829], [-15.66429, -16.00829], [0.3357099999999993, -16.00829], [0.33571, -10.008290000000002]], [[-31.54162, -16.412879999999998], [-15.54162, -16.41288], [-15.54162, -10.41288], [-31.54162, -10.412879999999996], [-31.54162, -16.412879999999998]], [[7.43304, 15.42946], [7.433040000000001, 23.42946], [1.433040000000001, 23.42946], [1.43304, 15.42946], [7.43304, 15.42946]], [[1.025820000000003, 39.470675], [1.0258200000000002, 23.470675], [7.02582, 23.470675], [7.025820000000004, 39.470675], [1.025820000000003, 39.470675]], [[1.3184550000000048, 47.26628], [1.3184550000000033, 39.26628], [7.318455000000004, 39.26628], [7.3184550000000055, 47.26628], [1.3184550000000048, 47.26628]]], "node_id": [0, 1, 2, 3, 4, 5, 6, 7]}