{"corners": [[[0.3583, 0.056685], [8.3583, 0.056685], [8.3583, 15.056685], [0.3583, 15.056685], [0.3583, 0.056685]], [[-5.942505000000001, 15.977455], [-5.942505, -0.02254499999999998], [0.057495, -0.02254499999999998], [0.05749499999999911, 15.977455], [-5.942505000000001, 15.977455]], [[-5.567680000000001, 15.410665], [-13.56768, 15.410664999999998], [-13.56768, 0.4106649999999982], [-5.567679999999999, 0.410665], [-5.567680000000001, 15.410665]], [[1.4379949999999972, 30.529175], [-6.562005000000003, 30.529175], [-6.562005000000001, 15.529174999999999], [1.4379949999999992, 15.529175], [1.4379949999999972, 30.529175]], [[0.3347049999999991, -16.01759], [0.3347050000000001, -0.017589999999999995], [-5.665295, -0.017589999999999995], [-5.665295000000001, -16.01759], [0.3347049999999991, -16.01759]]], "node_id": [0, 1, 2, 3, 4]}