{"corners": [[[0.382035, 0.48192], [8.382035, 0.48192], [8.382035, 6.48192], [0.382035, 6.48192], [0.382035, 0.48192]], [[8.104095000000001, 21.157935], [0.10409500000000177, 21.157935], [0.104095, 6.157935000000002], [8.104095, 6.157935], [8.104095000000001, 21.157935]], [[0.14856499999999975, 9.672275], [0.14856500000000025, 17.672275], [-14.851435, 17.672275], [-14.851435, 9.672275000000003], [0.14856499999999975, 9.672275]], [[8.378715, 11.191065], [8.378715, -4.808935], [14.378715, -4.808935], [14.378715, 11.191065], [8.378715, 11.191065]], [[-10.118784999999997, 33.92996], [-10.118785, 17.92996], [-4.118784999999999, 17.92996], [-4.118784999999996, 33.92996], [-10.118784999999997, 33.92996]]], "node_id": [0, 1, 2, 3, 4]}