{"corners": [[[0.31389, 0.455015], [8.31389, 0.455015], [8.31389, 15.455015], [0.31389, 15.455015], [0.31389, 0.455015]], [[8.189905000000001, 30.06706], [0.18990500000000177, 30.06706], [0.189905, 15.067060000000001], [8.189905, 15.06706], [8.189905000000001, 30.06706]], [[23.42784, 3.517224999999999], [23.42784, 11.517225], [8.42784, 11.517225], [8.42784, 3.517225], [23.42784, 3.517224999999999]], [[0.2512200000000018, 30.44243], [8.251220000000002, 30.442429999999998], [8.251220000000004, 36.44243], [0.2512200000000032, 36.44243], [0.2512200000000018, 30.44243]], [[14.38902, 14.740015], [14.389020000000002, 30.740015], [8.38902, 30.740015], [8.38902, 14.740015], [14.38902, 14.740015]], [[0.43129000000000356, 36.10857], [8.431290000000004, 36.10857], [8.431290000000008, 51.10857], [0.4312900000000072, 51.10857], [0.43129000000000356, 36.10857]], [[-15.728259999999995, 40.67638000000001], [0.2717400000000053, 40.67638], [0.2717400000000053, 46.67638], [-15.728259999999993, 46.67638000000001], [-15.728259999999995, 40.67638000000001]], [[39.068955, 10.582644999999996], [23.068955, 10.582644999999998], [23.068955, 4.5826449999999985], [39.068955, 4.582644999999997], [39.068955, 10.582644999999996]]], "node_id": [0, 1, 2, 3, 4, 5, 6, 7]}