{"corners": [[[0.270595, 0.419635], [16.270595, 0.419635], [16.270595, 6.4196349999999995], [0.270595, 6.4196349999999995], [0.270595, 0.419635]], [[-5.591130000000001, 11.405485], [-5.59113, -4.594515], [0.40887, -4.594515], [0.4088699999999991, 11.405485], [-5.591130000000001, 11.405485]], [[24.47902, 10.938975], [16.47902, 10.938975000000001], [16.47902, -4.061024999999998], [24.479019999999995, -4.061025], [24.47902, 10.938975]], [[-20.88519, 7.237664999999999], [-20.88519, -0.7623350000000009], [-5.88519, -0.762335], [-5.88519, 7.237665], [-20.88519, 7.237664999999999]], [[-20.67825, -0.7304100000000009], [-20.67825, 7.269589999999999], [-26.67825, 7.269589999999999], [-26.67825, -0.7304100000000004], [-20.67825, -0.7304100000000009]], [[-10.024385, 7.35969], [-10.024385, 15.35969], [-16.024385, 15.35969], [-16.024385, 7.35969], [-10.024385, 7.35969]], [[-27.87342, 7.185334999999999], [-19.87342, 7.185334999999999], [-19.87342, 22.185335], [-27.87342, 22.185335], [-27.87342, 7.185334999999999]], [[-26.500375, -0.6339500000000002], [-26.500375, -8.63395], [-20.500375, -8.633950000000002], [-20.500375, -0.6339500000000013], [-26.500375, -0.6339500000000002]]], "node_id": [0, 1, 2, 3, 4, 5, 6, 7]}