{"corners": [[[0.497425, 0.46218], [8.497425, 0.46218], [8.497425, 6.46218], [0.497425, 6.46218], [0.497425, 0.46218]], [[0.34638000000000096, 10.851935], [-7.653619999999999, 10.851935000000001], [-7.65362, -4.148064999999998], [0.3463799999999991, -4.148065], [0.34638000000000096, 10.851935]], [[14.43665, -0.84598], [14.43665, 7.15402], [8.43665, 7.15402], [8.43665, -0.8459799999999997], [14.43665, -0.84598]], [[14.34947, 7.268365], [14.349470000000002, 23.268365], [8.34947, 23.268365], [8.34947, 7.268365], [14.34947, 7.268365]], [[20.0904, -4.551925], [20.0904, 11.448075], [14.0904, 11.448075], [14.0904, -4.551925], [20.0904, -4.551925]], [[20.037335, 0.222565], [36.037335, 0.222565], [36.037335, 6.222565], [20.037335, 6.222565], [20.037335, 0.222565]], [[20.136485, 11.22755], [20.136485, 27.22755], [14.136485, 27.22755], [14.136485, 11.22755], [20.136485, 11.22755]], [[0.3081249999999991, -4.462630000000001], [-7.691875, -4.46263], [-7.691875000000003, -19.46263], [0.30812499999999726, -19.46263], [0.3081249999999991, -4.462630000000001]]], "node_id": [0, 1, 2, 3, 4, 5, 6, 7]}