{"corners": [[[0.243055, 0.01696], [16.243055, 0.01696], [16.243055, 6.01696], [0.243055, 6.01696], [0.243055, 0.01696]], [[31.250085, -0.765465000000001], [31.250085, 7.234534999999999], [16.250085, 7.234535000000001], [16.250085, -0.7654650000000001], [31.250085, -0.765465000000001]], [[15.966705, 7.412729999999999], [31.966705, 7.412729999999999], [31.966705, 13.41273], [15.966705, 13.41273], [15.966705, 7.412729999999999]], [[5.27147, 0.09112499999999982], [5.271470000000001, -7.908875], [11.27147, -7.908875], [11.27147, 0.09112500000000018], [5.27147, 0.09112499999999982]], [[16.265735, -7.684419999999999], [0.265735, -7.684420000000002], [0.265735, -13.68442], [16.265735, -13.68442], [16.265735, -7.684419999999999]], [[47.86044, 13.172304999999998], [31.86044, 13.172305], [31.86044, 7.172305], [47.86044, 7.172304999999998], [47.86044, 13.172304999999998]], [[20.6153, -0.6300249999999998], [20.6153, -8.630025], [26.6153, -8.630025000000002], [26.6153, -0.630025000000001], [20.6153, -0.6300249999999998]], [[-14.983175, 7.386279999999999], [-14.983175, -0.6137200000000009], [0.016825, -0.61372], [0.016825, 7.38628], [-14.983175, 7.386279999999999]]], "node_id": [0, 1, 2, 3, 4, 5, 6, 7]}