{"corners": [[[0.42751, 0.14259], [8.42751, 0.14259], [8.42751, 6.14259], [0.42751, 6.14259], [0.42751, 0.14259]], [[24.22626, 6.147324999999999], [8.22626, 6.147325], [8.22626, 0.147325], [24.22626, 0.14732499999999824], [24.22626, 6.147324999999999]], [[13.083165000000003, 22.16631], [13.083165, 6.16631], [19.083165, 6.16631], [19.083165000000005, 22.16631], [13.083165000000003, 22.16631]], [[-7.69883, 0.31425], [0.30117, 0.31425], [0.30117, 6.31425], [-7.69883, 6.31425], [-7.69883, 0.31425]], [[24.07542, 0.20681499999999814], [8.07542, 0.20681500000000008], [8.07542, -5.793185], [24.07542, -5.793185000000002], [24.07542, 0.20681499999999814]], [[24.45147, -5.637720000000002], [32.45147, -5.637720000000003], [32.45147, 0.36227999999999644], [24.45147, 0.3622799999999982], [24.45147, -5.637720000000002]], [[-7.7222, 6.020945], [-15.7222, 6.020945000000001], [-15.7222, 0.020945000000000887], [-7.7222, 0.020945], [-7.7222, 6.020945]], [[-3.5274900000000002, 12.309915], [-19.52749, 12.309915000000002], [-19.52749, 6.309915000000002], [-3.527490000000001, 6.309915], [-3.5274900000000002, 12.309915]]], "node_id": [0, 1, 2, 3, 4, 5, 6, 7]}