{"corners": [[[0.385945, 0.344375], [16.385945, 0.344375], [16.385945, 6.344375], [0.385945, 6.344375], [0.385945, 0.344375]], [[0.2818199999999998, -0.96418], [0.28182000000000024, 7.03582], [-14.71818, 7.035820000000002], [-14.71818, -0.9641799999999991], [0.2818199999999998, -0.96418]], [[32.415965, 6.098674999999998], [16.415965, 6.098675], [16.415965, 0.098675], [32.415965, 0.09867499999999822], [32.415965, 6.098674999999998]], [[4.360145, 6.09875], [12.360145, 6.09875], [12.360145, 21.09875], [4.360145, 21.09875], [4.360145, 6.09875]], [[4.256354999999999, 9.90138], [4.256355, 17.90138], [-10.743645, 17.90138], [-10.743645, 9.901380000000001], [4.256354999999999, 9.90138]], [[-14.514115, 6.499435000000001], [-30.514115, 6.499435000000003], [-30.514115, 0.4994350000000027], [-14.514115, 0.4994350000000009], [-14.514115, 6.499435000000001]], [[16.537835, 0.11779000000000049], [16.537835, -7.882209999999999], [31.537835, -7.882210000000003], [31.537835, 0.11778999999999774], [16.537835, 0.11779000000000049]], [[-3.31559, -0.7312449999999999], [-11.31559, -0.731244999999999], [-11.31559, -6.7312449999999995], [-3.3155900000000007, -6.731245], [-3.31559, -0.7312449999999999]]], "node_id": [0, 1, 2, 3, 4, 5, 6, 7]}