{"corners": [[[0.06093, 0.04725], [16.06093, 0.04725], [16.06093, 6.04725], [0.06093, 6.04725], [0.06093, 0.04725]], [[0.185175, -5.539865], [16.185175, -5.539865], [16.185175, 0.460135], [0.185175, 0.460135], [0.185175, -5.539865]], [[16.316845, 12.025845], [0.316845, 12.025845000000002], [0.316845, 6.025845000000002], [16.316845, 6.025845], [16.316845, 12.025845]], [[12.086155000000002, 27.372785], [4.0861550000000015, 27.372785], [4.086155, 12.372785000000002], [12.086155, 12.372785], [12.086155000000002, 27.372785]], [[-15.701245, 0.172625], [0.298755, 0.172625], [0.298755, 6.172625], [-15.701245, 6.172625], [-15.701245, 0.172625]], [[0.061785, 0.281634999999999], [-15.938215, 0.281635000000001], [-15.938215, -5.7183649999999995], [0.061784999999999264, -5.718365000000001], [0.061785, 0.281634999999999]], [[12.230885, -5.537625000000001], [4.230885, -5.537625], [4.230885, -11.537625], [12.230885, -11.537625], [12.230885, -5.537625000000001]], [[-3.554125, 16.884225], [4.445875, 16.884224999999997], [4.445875000000002, 22.884225], [-3.5541249999999986, 22.884225], [-3.554125, 16.884225]]], "node_id": [0, 1, 2, 3, 4, 5, 6, 7]}