{"corners": [[[0.430295, 0.272895], [8.430295, 0.272895], [8.430295, 15.272895], [0.430295, 15.272895], [0.430295, 0.272895]], [[1.14994, 0.25477999999999984], [1.1499400000000009, -15.74522], [7.149940000000001, -15.74522], [7.14994, 0.2547800000000002], [1.14994, 0.25477999999999984]], [[24.258895, 10.609039999999998], [8.258895, 10.60904], [8.258895, 4.60904], [24.258895, 4.6090399999999985], [24.258895, 10.609039999999998]], [[1.3813899999999992, 31.21227], [1.3813900000000001, 15.21227], [7.38139, 15.21227], [7.381389999999999, 31.21227], [1.3813899999999992, 31.21227]], [[0.03359000000000092, 15.45395], [-7.966409999999999, 15.453950000000003], [-7.96641, 0.4539500000000018], [0.033589999999999086, 0.45395], [0.03359000000000092, 15.45395]], [[15.402285, -4.662824999999999], [7.402285, -4.662825], [7.402285000000001, -10.662825], [15.402285, -10.662825], [15.402285, -4.662824999999999]], [[15.122445, -10.95666], [31.122445, -10.95666], [31.122445, -4.95666], [15.122445, -4.95666], [15.122445, -10.95666]], [[-7.5612699999999995, 15.116330000000001], [0.4387300000000009, 15.11633], [0.43873000000000445, 30.11633], [-7.561269999999996, 30.11633], [-7.5612699999999995, 15.116330000000001]]], "node_id": [0, 1, 2, 3, 4, 5, 6, 7]}