{"corners": [[[0.094005, 0.137785], [8.094005, 0.137785], [8.094005, 6.137785], [0.094005, 6.137785], [0.094005, 0.137785]], [[8.30729, 0.1626249999999995], [0.30729, 0.1626250000000005], [0.30729, -5.837375], [8.307289999999998, -5.837375000000001], [8.30729, 0.1626249999999995]], [[8.305215, 0.27296], [16.305215, 0.27296], [16.305215, 6.27296], [8.305215, 6.27296], [8.305215, 0.27296]], [[-14.68568, 7.404869999999999], [-14.68568, -0.5951300000000008], [0.31432, -0.5951299999999999], [0.31432, 7.40487], [-14.68568, 7.404869999999999]], [[7.013309999999998, -13.652555], [7.013309999999999, -5.6525549999999996], [1.013309999999999, -5.6525549999999996], [1.0133099999999982, -13.652555], [7.013309999999998, -13.652555]], [[15.348615, 6.4828], [15.348615, 14.4828], [9.348615, 14.4828], [9.348615, 6.4828], [15.348615, 6.4828]], [[24.456185, 6.009264999999999], [16.456185, 6.009265], [16.456185, 0.009265], [24.456185, 0.009264999999999112], [24.456185, 6.009264999999999]], [[1.4238199999999983, -13.73649], [1.4238199999999952, -29.73649], [7.423819999999996, -29.73649], [7.423819999999998, -13.736490000000002], [1.4238199999999983, -13.73649]]], "node_id": [0, 1, 2, 3, 4, 5, 6, 7]}