{"corners": [[[0.486535, 0.211615], [16.486535, 0.211615], [16.486535, 6.211615], [0.486535, 6.211615], [0.486535, 0.211615]], [[16.0722, 12.40009], [0.0722, 12.400090000000002], [0.0722, 6.400090000000001], [16.0722, 6.40009], [16.0722, 12.40009]], [[4.451455, 12.024755000000004], [12.451455, 12.024755000000003], [12.451455000000003, 27.024755], [4.451455000000004, 27.024755000000003], [4.451455, 12.024755000000004]], [[16.206555, 11.271835], [16.206555, -4.728165], [22.206555, -4.728165], [22.206555, 11.271835], [16.206555, 11.271835]], [[23.46485, -4.675884999999999], [15.46485, -4.675885], [15.464850000000002, -19.675885], [23.464850000000002, -19.675885], [23.46485, -4.675884999999999]]], "node_id": [0, 1, 2, 3, 4]}