{"corners": [[[0.40298, 0.380855], [16.40298, 0.380855], [16.40298, 6.380855], [0.40298, 6.380855], [0.40298, 0.380855]], [[0.04726000000000037, 6.210165], [-7.95274, 6.210165000000001], [-7.95274, 0.21016500000000088], [0.047259999999999636, 0.210165], [0.04726000000000037, 6.210165]], [[-7.88325, 6.495470000000001], [-23.88325, 6.495470000000003], [-23.88325, 0.4954700000000027], [-7.88325, 0.4954700000000009], [-7.88325, 6.495470000000001]], [[16.23916, 7.462], [16.23916, -0.538], [31.23916, -0.5379999999999991], [31.23916, 7.462000000000001], [16.23916, 7.462]], [[-11.47991, 0.2713200000000023], [-11.479910000000002, -7.728679999999997], [3.5200899999999984, -7.7286800000000015], [3.52009, 0.2713199999999995], [-11.47991, 0.2713200000000023]], [[-11.920625000000003, -13.854074999999996], [4.079374999999996, -13.854075], [4.079374999999996, -7.854075], [-11.920625000000001, -7.854074999999996], [-11.920625000000003, -13.854074999999996]], [[-18.956885, 0.3184300000000023], [-18.956885000000003, -15.681569999999999], [-12.956885000000003, -15.681569999999999], [-12.956885, 0.3184300000000012], [-18.956885, 0.3184300000000023]], [[16.082055, -0.9705799999999996], [16.082055, -8.97058], [31.082055, -8.970579999999998], [31.082055, -0.9705799999999987], [16.082055, -0.9705799999999996]]], "node_id": [0, 1, 2, 3, 4, 5, 6, 7]}