{"corners": [[[0.115705, 0.377455], [16.115705, 0.377455], [16.115705, 6.377455], [0.115705, 6.377455], [0.115705, 0.377455]], [[11.11515, -15.94423], [11.115150000000002, 0.05577], [5.115150000000001, 0.05577], [5.11515, -15.94423], [11.11515, -15.94423]], [[0.3654350000000004, 6.320355], [-7.634565, 6.320355000000001], [-7.634565, 0.3203550000000009], [0.3654349999999996, 0.320355], [0.3654350000000004, 6.320355]], [[5.250654999999999, 22.110725], [5.250655, 6.110725], [11.250655, 6.110725], [11.250655, 22.110725], [5.250654999999999, 22.110725]], [[24.14582, 6.064409999999999], [16.14582, 6.06441], [16.14582, 0.06441], [24.14582, 0.0644099999999991], [24.14582, 6.064409999999999]], [[0.6764849999999982, 30.45423], [0.6764849999999987, 22.45423], [15.676484999999998, 22.45423], [15.676484999999998, 30.45423], [0.6764849999999982, 30.45423]], [[-15.66977, -4.296899999999997], [-7.66977, -4.296899999999999], [-7.669769999999996, 10.7031], [-15.669769999999996, 10.703100000000003], [-15.66977, -4.296899999999997]], [[17.466445, 0.40884500000000057], [17.466445, -7.591154999999999], [23.466445, -7.591155000000001], [23.466445, 0.40884499999999946], [17.466445, 0.40884500000000057]]], "node_id": [0, 1, 2, 3, 4, 5, 6, 7]}