{"corners": [[[0.139385, 0.17734], [8.139385, 0.17734], [8.139385, 15.17734], [0.139385, 15.17734], [0.139385, 0.17734]], [[-7.691695, 0.059375], [0.308305, 0.059375], [0.308305, 15.059375], [-7.691695, 15.059375], [-7.691695, 0.059375]], [[23.44184, 3.616424999999999], [23.44184, 11.616425], [8.44184, 11.616425], [8.44184, 3.616425], [23.44184, 3.616424999999999]], [[-6.698985, 0.25349499999999986], [-6.6989849999999995, -15.746504999999999], [-0.6989849999999991, -15.746504999999999], [-0.698985, 0.2534950000000002], [-6.698985, 0.25349499999999986]], [[12.631300000000003, 27.52392], [12.6313, 11.52392], [18.6313, 11.52392], [18.631300000000003, 27.52392], [12.631300000000003, 27.52392]], [[24.990905, 15.859909999999998], [24.990905000000005, 23.85991], [18.990905000000005, 23.85991], [18.990905, 15.85991], [24.990905, 15.859909999999998]], [[23.37299, 11.933505], [23.37299, 3.933505], [38.37299, 3.9335049999999963], [38.37299, 11.933504999999997], [23.37299, 11.933505]], [[-0.8206249999999999, 15.20832], [-0.8206249999999995, 23.20832], [-6.820624999999999, 23.20832], [-6.820625, 15.20832], [-0.8206249999999999, 15.20832]]], "node_id": [0, 1, 2, 3, 4, 5, 6, 7]}