{"corners": [[[0.083615, 0.38429], [8.083615, 0.38429], [8.083615, 6.38429], [0.083615, 6.38429], [0.083615, 0.38429]], [[0.12093500000000036, 6.224155], [-7.879065, 6.2241550000000005], [-7.879065, 0.22415500000000088], [0.12093499999999964, 0.224155], [0.12093500000000036, 6.224155]], [[0.2704950000000022, 21.111204999999998], [-7.729504999999998, 21.111204999999998], [-7.729505, 6.111205000000002], [0.2704950000000004, 6.111205], [0.2704950000000022, 21.111204999999998]], [[-13.521479999999999, 21.812685], [-13.521480000000002, 5.812685], [-7.52148, 5.812685], [-7.521479999999999, 21.812685], [-13.521479999999999, 21.812685]], [[12.235355, 0.04664499999999902], [-3.764645, 0.04664500000000098], [-3.764645, -5.953354999999999], [12.235355, -5.953355000000001], [12.235355, 0.04664499999999902]], [[1.264059999999999, 22.16962], [1.26406, 6.16962], [7.26406, 6.16962], [7.264059999999999, 22.16962], [1.264059999999999, 22.16962]], [[-11.8383, -5.622829999999997], [-3.8383, -5.622829999999999], [-3.838299999999998, 0.3771700000000009], [-11.838299999999998, 0.37717000000000267], [-11.8383, -5.622829999999997]], [[12.26196, 1.2873249999999992], [12.261959999999998, -6.712675000000001], [18.26196, -6.712675000000003], [18.26196, 1.287324999999998], [12.26196, 1.2873249999999992]]], "node_id": [0, 1, 2, 3, 4, 5, 6, 7]}