{"corners": [[[0.43743, 0.37844], [8.437429999999999, 0.37844], [8.437429999999999, 6.37844], [0.43743, 6.37844], [0.43743, 0.37844]], [[1.391249999999999, 22.4666], [1.3912499999999999, 6.4666], [7.39125, 6.4666], [7.391249999999999, 22.4666], [1.391249999999999, 22.4666]], [[8.21475, 0.2199449999999995], [0.21475, 0.2199450000000005], [0.21474999999999822, -14.780054999999999], [8.214749999999999, -14.780055], [8.21475, 0.2199449999999995]], [[23.26235, 17.072625], [7.26235, 17.072624999999995], [7.26235, 11.072624999999999], [23.26235, 11.072625], [23.26235, 17.072625]], [[23.00576, 11.222655], [39.00576, 11.222655], [39.00576, 17.222655], [23.00576, 17.222655], [23.00576, 11.222655]], [[-5.9826250000000005, 11.241595], [-5.982625, -4.758405], [0.017375, -4.758405], [0.017374999999999113, 11.241595], [-5.9826250000000005, 11.241595]], [[-14.666745, 11.33785], [1.333255, 11.33785], [1.333255, 17.33785], [-14.666745, 17.33785], [-14.666745, 11.33785]], [[0.10282499999999645, -20.726195], [8.102824999999996, -20.726195000000004], [8.102824999999998, -14.726195000000002], [0.10282499999999792, -14.726195], [0.10282499999999645, -20.726195]]], "node_id": [0, 1, 2, 3, 4, 5, 6, 7]}