{"corners": [[[0.1586, 0.41587], [8.1586, 0.41587], [8.1586, 6.41587], [0.1586, 6.41587], [0.1586, 0.41587]], [[16.01638, 6.224614999999999], [8.01638, 6.224615], [8.01638, 0.224615], [16.01638, 0.22461499999999912], [16.01638, 6.224614999999999]], [[-5.543865000000001, 11.34585], [-5.543865, -4.65415], [0.456135, -4.65415], [0.4561349999999991, 11.34585], [-5.543865000000001, 11.34585]], [[-10.78417, 11.468265], [5.21583, 11.468265], [5.21583, 17.468265], [-10.78417, 17.468265], [-10.78417, 11.468265]], [[13.343655, 17.48279], [5.343655, 17.48279], [5.343655, 11.48279], [13.343655, 11.48279], [13.343655, 17.48279]]], "node_id": [0, 1, 2, 3, 4]}