{"corners": [[[0.49832, 0.189615], [16.49832, 0.189615], [16.49832, 6.189615], [0.49832, 6.189615], [0.49832, 0.189615]], [[-5.67891, 7.39809], [-5.678909999999999, -0.60191], [0.3210900000000009, -0.60191], [0.32109, 7.39809], [-5.67891, 7.39809]], [[-6.980035, -6.682945], [1.019965, -6.682945], [1.019965, -0.682945], [-6.980035, -0.682945], [-6.980035, -6.682945]], [[16.203265, 0.079085], [24.203265, 0.079085], [24.203265, 6.079085], [16.203265, 6.079085], [16.203265, 0.079085]], [[40.07727, 6.348324999999998], [24.07727, 6.348325], [24.07727, 0.348325], [40.07727, 0.3483249999999982], [40.07727, 6.348324999999998]], [[-21.579155, 0.15371], [-5.579155, 0.15371], [-5.579155, 6.15371], [-21.579155, 6.15371], [-21.579155, 0.15371]], [[23.01339, -7.844715], [23.01339, 0.155285], [17.01339, 0.155285], [17.01339, -7.844715], [23.01339, -7.844715]], [[16.23292, -22.71096], [24.23292, -22.71096], [24.23292, -7.71096], [16.23292, -7.71096], [16.23292, -22.71096]]], "node_id": [0, 1, 2, 3, 4, 5, 6, 7]}