{"corners": [[[0.070125, 0.122415], [8.070125, 0.122415], [8.070125, 6.122415], [0.070125, 6.122415], [0.070125, 0.122415]], [[0.02617500000000092, 10.85943], [-7.973824999999999, 10.859430000000001], [-7.973825, -4.1405699999999985], [0.02617499999999908, -4.14057], [0.02617500000000092, 10.85943]], [[-0.6482600000000014, -12.449285], [-0.648260000000001, -4.449285], [-6.64826, -4.449285], [-6.648260000000001, -12.449285], [-0.6482600000000014, -12.449285]], [[8.477635, 7.33746], [8.477635, -0.66254], [23.477635, -0.6625399999999991], [23.477635, 7.337460000000001], [8.477635, 7.33746]], [[7.718345, -6.605364999999999], [23.718345, -6.605364999999999], [23.718345, -0.605364999999999], [7.718345, -0.605364999999999], [7.718345, -6.605364999999999]], [[-6.638739999999997, 26.68887], [-6.638739999999999, 10.68887], [-0.6387399999999991, 10.68887], [-0.6387399999999964, 26.68887], [-6.638739999999997, 26.68887]], [[12.963445, 23.26883], [12.963445000000002, 7.26883], [18.963445, 7.26883], [18.963445, 23.26883], [12.963445, 23.26883]], [[18.613235, 12.09651], [34.613235, 12.09651], [34.613235, 18.09651], [18.613235, 18.09651], [18.613235, 12.09651]]], "node_id": [0, 1, 2, 3, 4, 5, 6, 7]}