{"corners": [[[0.02591, 0.275265], [8.02591, 0.275265], [8.02591, 15.275265], [0.02591, 15.275265], [0.02591, 0.275265]], [[8.34123, 0.2850099999999995], [0.34123, 0.2850100000000005], [0.3412299999999982, -14.714989999999998], [8.341229999999998, -14.71499], [8.34123, 0.2850099999999995]], [[0.06710499999999858, -4.273045], [-15.932895, -4.273044999999998], [-15.932895, -10.273044999999998], [0.06710499999999786, -10.273045], [0.06710499999999858, -4.273045]], [[8.308935000000002, 30.445905], [0.3089350000000018, 30.445905], [0.308935, 15.445905000000002], [8.308935, 15.445905], [8.308935000000002, 30.445905]], [[-14.656615, 11.88046], [-14.656615, 3.8804600000000002], [0.343385, 3.880460000000001], [0.343385, 11.880460000000001], [-14.656615, 11.88046]], [[-10.738945000000001, -10.03434], [-10.738945000000005, -26.03434], [-4.738945000000005, -26.03434], [-4.738945000000002, -10.034340000000002], [-10.738945000000001, -10.03434]], [[24.457985, -4.3585350000000025], [8.457985, -4.358535000000001], [8.457985, -10.358535], [24.457985, -10.358535000000003], [24.457985, -4.3585350000000025]], [[-3.6223350000000054, -26.17326], [-11.622335000000005, -26.17326], [-11.622335000000007, -41.17326], [-3.622335000000007, -41.17326], [-3.6223350000000054, -26.17326]]], "node_id": [0, 1, 2, 3, 4, 5, 6, 7]}