{"corners": [[[0.32369, 0.115955], [8.32369, 0.115955], [8.32369, 6.115955], [0.32369, 6.115955], [0.32369, 0.115955]], [[8.40317, 0.432985], [24.40317, 0.432985], [24.40317, 6.432985], [8.40317, 6.432985], [8.40317, 0.432985]], [[0.11404500000000035, 6.24594], [-7.885955, 6.245940000000001], [-7.885955, 0.24594000000000088], [0.11404499999999963, 0.24594], [0.11404500000000035, 6.24594]], [[11.76461, -7.916495], [11.76461, 0.083505], [-3.2353899999999998, 0.08350500000000177], [-3.2353899999999998, -7.916494999999999], [11.76461, -7.916495]], [[-15.788640000000001, 0.08819500000000266], [-7.78864, 0.0881950000000007], [-7.788639999999998, 6.088195000000001], [-15.788639999999997, 6.0881950000000025], [-15.788640000000001, 0.08819500000000266]], [[-3.846805, -13.662695], [12.153195, -13.662695], [12.153195, -7.662695], [-3.846805, -7.662695], [-3.846805, -13.662695]], [[-4.148764999999998, 6.099794999999999], [-4.148764999999996, 14.099795], [-19.148764999999997, 14.099795000000004], [-19.148765, 6.099795000000004], [-4.148764999999998, 6.099794999999999]], [[-9.327045, 0.43218500000000176], [-9.327045000000002, -7.567814999999999], [-3.327045000000002, -7.567815], [-3.327045, 0.43218500000000065], [-9.327045, 0.43218500000000176]]], "node_id": [0, 1, 2, 3, 4, 5, 6, 7]}