{"corners": [[[0.36233, 0.03634], [16.36233, 0.03634], [16.36233, 6.03634], [0.36233, 6.03634], [0.36233, 0.03634]], [[16.112215, 11.30622], [16.112215, -4.69378], [22.112215, -4.69378], [22.112215, 11.30622], [16.112215, 11.30622]], [[22.49696, 11.479025], [22.49696, 19.479025], [16.49696, 19.479025], [16.49696, 11.479025], [22.49696, 11.479025]], [[22.22844, 23.4833], [22.228439999999996, 7.4833], [28.228439999999996, 7.4833], [28.22844, 23.4833], [22.22844, 23.4833]], [[0.837745, 0.38535999999999954], [0.8377450000000004, -7.61464], [15.837745, -7.61464], [15.837745, 0.3853600000000004], [0.837745, 0.38535999999999954]]], "node_id": [0, 1, 2, 3, 4]}