{"corners": [[[0.30344, 0.325285], [8.30344, 0.325285], [8.30344, 15.325285], [0.30344, 15.325285], [0.30344, 0.325285]], [[-3.81263, 15.16859], [12.18737, 15.16859], [12.18737, 21.16859], [-3.81263, 21.16859], [-3.81263, 15.16859]], [[8.138425, 4.77619], [24.138425, 4.77619], [24.138425, 10.77619], [8.138425, 10.77619], [8.138425, 4.77619]], [[1.0149299999999997, 29.478975], [1.01493, 21.478975], [7.01493, 21.478975], [7.01493, 29.478975], [1.0149299999999997, 29.478975]], [[32.210445, 15.13148], [24.210445, 15.131480000000002], [24.210445, 0.1314800000000018], [32.21044499999999, 0.13148], [32.210445, 15.13148]], [[0.35308499999999976, 3.630445], [0.3530850000000002, 11.630445], [-14.646915, 11.630445000000002], [-14.646915, 3.630445000000001], [0.35308499999999976, 3.630445]], [[-20.874435, 15.768870000000003], [-20.874435000000002, -0.23112999999999645], [-14.874435000000004, -0.23112999999999645], [-14.874435, 15.768870000000001], [-20.874435, 15.768870000000003]], [[35.74664, -7.7334], [35.74664, 0.2666], [20.74664, 0.2666000000000018], [20.74664, -7.733399999999999], [35.74664, -7.7334]]], "node_id": [0, 1, 2, 3, 4, 5, 6, 7]}