{"corners": [[[0.29665, 0.320025], [16.29665, 0.320025], [16.29665, 6.320025], [0.29665, 6.320025], [0.29665, 0.320025]], [[0.916425, 0.07027999999999954], [0.9164250000000005, -7.92972], [15.916425, -7.92972], [15.916425, 0.07028000000000045], [0.916425, 0.07027999999999954]], [[23.85953, -0.9659499999999986], [15.85953, -0.9659499999999996], [15.85953, -6.96595], [23.85953, -6.9659499999999985], [23.85953, -0.9659499999999986]], [[0.230285, -13.82922], [16.230285, -13.82922], [16.230285, -7.82922], [0.230285, -7.82922], [0.230285, -13.82922]], [[22.659185, -14.94002], [22.659185, -6.94002], [16.659185, -6.9400200000000005], [16.659185, -14.940020000000002], [22.659185, -14.94002]]], "node_id": [0, 1, 2, 3, 4]}