{"corners": [[[0.397895, 0.28458], [16.397895, 0.28458], [16.397895, 6.28458], [0.397895, 6.28458], [0.397895, 0.28458]], [[5.169, 0.09672499999999983], [5.1690000000000005, -7.903275], [11.169, -7.903275], [11.169, 0.09672500000000019], [5.169, 0.09672499999999983]], [[0.24549, -13.888075], [16.24549, -13.888075], [16.24549, -7.888075], [0.24549, -7.888075], [0.24549, -13.888075]], [[32.439225, 6.389859999999998], [16.439225, 6.38986], [16.439225, 0.38986], [32.439225, 0.3898599999999982], [32.439225, 6.389859999999998]], [[0.01969500000000037, 6.17771], [-15.980305, 6.177710000000002], [-15.980305, 0.17771000000000178], [0.019694999999999633, 0.17771], [0.01969500000000037, 6.17771]], [[-4.86738, 6.282780000000001], [-4.867379999999999, 14.28278], [-10.86738, 14.28278], [-10.86738, 6.282780000000001], [-4.86738, 6.282780000000001]], [[32.392405, 11.115449999999997], [32.392405, -4.884550000000002], [38.392405, -4.884550000000002], [38.392405, 11.115449999999996], [32.392405, 11.115449999999997]], [[-5.592775, -6.95953], [-5.592774999999999, -14.95953], [0.4072250000000009, -14.95953], [0.407225, -6.95953], [-5.592775, -6.95953]]], "node_id": [0, 1, 2, 3, 4, 5, 6, 7]}