{"corners": [[[0.25025, 0.476235], [16.25025, 0.476235], [16.25025, 6.476235], [0.25025, 6.476235], [0.25025, 0.476235]], [[0.4595499999999998, -0.702175], [0.45955000000000024, 7.297825], [-14.54045, 7.297825000000001], [-14.54045, -0.7021749999999991], [0.4595499999999998, -0.702175]], [[-30.66822, 0.2447400000000009], [-14.66822, 0.2447400000000009], [-14.66822, 6.244740000000001], [-30.66822, 6.244740000000001], [-30.66822, 0.2447400000000009]], [[-30.630865, 6.373285000000001], [-46.630865, 6.373285000000003], [-46.630865, 0.37328500000000264], [-30.630865, 0.37328500000000087], [-30.630865, 6.373285000000001]], [[0.55664, -0.9527850000000004], [-15.44336, -0.9527849999999984], [-15.44336, -6.952784999999999], [0.5566399999999992, -6.952785], [0.55664, -0.9527850000000004]], [[-25.720435, 0.1864550000000007], [-25.720435, -7.8135449999999995], [-19.720435, -7.8135449999999995], [-19.720435, 0.1864550000000011], [-25.720435, 0.1864550000000007]], [[-19.842925, -23.9322], [-19.842925, -7.9322], [-25.842925, -7.9322], [-25.842925, -23.9322], [-19.842925, -23.9322]], [[-31.35935, 6.111695000000001], [-31.35935, 14.111695], [-46.35935, 14.111695000000003], [-46.35935, 6.111695000000002], [-31.35935, 6.111695000000001]]], "node_id": [0, 1, 2, 3, 4, 5, 6, 7]}