{"corners": [[[0.306455, 0.379675], [8.306455, 0.379675], [8.306455, 15.379675], [0.306455, 15.379675], [0.306455, 0.379675]], [[8.04097, 0.01342], [16.04097, 0.01342], [16.04097, 15.01342], [8.04097, 15.01342], [8.04097, 0.01342]], [[9.16644, 23.351045], [9.16644, 15.351045], [15.16644, 15.351045], [15.16644, 23.351045], [9.16644, 23.351045]], [[0.2782349999999998, 3.958075], [0.27823500000000023, 11.958075000000001], [-5.7217649999999995, 11.958075000000001], [-5.7217649999999995, 3.9580750000000005], [0.2782349999999998, 3.958075]], [[-6.95565, 16.41958], [9.04435, 16.41958], [9.04435, 22.41958], [-6.95565, 22.41958], [-6.95565, 16.41958]], [[15.447765, -15.789705], [15.447765000000002, 0.210295], [9.447765, 0.210295], [9.447765, -15.789705], [15.447765, -15.789705]], [[1.20492, 0.46765999999999985], [1.2049200000000009, -15.53234], [7.204920000000001, -15.53234], [7.2049199999999995, 0.4676600000000002], [1.20492, 0.46765999999999985]], [[-6.629115, -15.28272], [1.370885, -15.28272], [1.370885, -0.28271999999999997], [-6.629115, -0.28271999999999997], [-6.629115, -15.28272]]], "node_id": [0, 1, 2, 3, 4, 5, 6, 7]}