{"corners": [[[0.43104, 0.39433], [16.43104, 0.39433], [16.43104, 6.39433], [0.43104, 6.39433], [0.43104, 0.39433]], [[16.32621, 0.289685], [32.32621, 0.289685], [32.32621, 6.289685], [16.32621, 6.289685], [16.32621, 0.289685]], [[0.01055, 6.20723], [16.01055, 6.20723], [16.01055, 12.20723], [0.01055, 12.20723], [0.01055, 6.20723]], [[27.4291, -7.78871], [27.4291, 0.21129], [21.4291, 0.21129], [21.4291, -7.78871], [27.4291, -7.78871]], [[32.11483, -7.915325000000002], [16.11483, -7.915325], [16.11483, -13.915325], [32.11483, -13.915325000000001], [32.11483, -7.915325000000002]], [[0.07641499999999975, -0.554785], [0.07641500000000025, 7.445215], [-5.923584999999999, 7.445215], [-5.923585, -0.5547849999999996], [0.07641499999999975, -0.554785]], [[8.234109999999998, -18.159165], [16.234109999999998, -18.159165000000005], [16.23411, -3.1591650000000016], [8.234110000000001, -3.159165], [8.234109999999998, -18.159165]], [[8.387549999999997, -18.918375], [8.387550000000001, -2.918375], [2.3875500000000027, -2.9183749999999966], [2.3875499999999974, -18.918374999999997], [8.387549999999997, -18.918375]]], "node_id": [0, 1, 2, 3, 4, 5, 6, 7]}