{"corners": [[[0.471805, 0.33784], [8.471805, 0.33784], [8.471805, 15.33784], [0.471805, 15.33784], [0.471805, 0.33784]], [[-3.4630650000000007, 23.37714], [-3.4630650000000003, 15.37714], [11.536935, 15.37714], [11.536935, 23.37714], [-3.4630650000000007, 23.37714]], [[0.3385299999999991, 23.2634], [8.338529999999999, 23.2634], [8.338529999999999, 38.2634], [0.3385299999999991, 38.2634], [0.3385299999999991, 23.2634]], [[1.0058799999999988, 46.329535], [1.0058799999999992, 38.329535], [7.00588, 38.329535], [7.0058799999999986, 46.329535], [1.0058799999999988, 46.329535]], [[13.485194999999997, 38.457755], [13.485194999999997, 46.457755], [7.485194999999999, 46.457755], [7.485194999999998, 38.457755], [13.485194999999997, 38.457755]]], "node_id": [0, 1, 2, 3, 4]}