{"corners": [[[0.481605, 0.201895], [16.481605, 0.201895], [16.481605, 6.201895], [0.481605, 6.201895], [0.481605, 0.201895]], [[-5.573375000000001, 11.255905], [-5.573375, -4.744095], [0.426625, -4.744095], [0.4266249999999991, 11.255905], [-5.573375000000001, 11.255905]], [[-11.873875, 11.009765], [-11.873874999999998, -4.990235], [-5.873874999999999, -4.990235], [-5.873875, 11.009765], [-11.873875, 11.009765]], [[31.498525, -0.9580000000000009], [31.498525, 7.041999999999999], [16.498525, 7.042000000000001], [16.498525, -0.958], [31.498525, -0.9580000000000009]], [[31.78925, -0.6197050000000013], [15.78925, -0.6197049999999993], [15.78925, -6.619705], [31.78925, -6.6197050000000015], [31.78925, -0.6197050000000013]], [[15.96193, 6.026514999999999], [15.96193, 14.026515], [0.96193, 14.026515], [0.96193, 6.026515], [15.96193, 6.026514999999999]], [[19.889605, -12.936005], [27.889605, -12.936005000000002], [27.889605, -6.9360050000000015], [19.889605, -6.936005], [19.889605, -12.936005]], [[-5.600945, 11.12275], [-5.600944999999999, 19.12275], [-11.600945, 19.12275], [-11.600945, 11.12275], [-5.600945, 11.12275]], [[-11.74354, 11.498975], [-11.74354, 19.498975], [-17.74354, 19.498975], [-17.74354, 11.498975], [-11.74354, 11.498975]]], "node_id": [0, 1, 2, 3, 4, 5, 6, 7, 8]}