{"corners": [[[0.49341, 0.412255], [8.49341, 0.412255], [8.49341, 15.412255], [0.49341, 15.412255], [0.49341, 0.412255]], [[0.221825, -14.549355], [8.221825, -14.549355], [8.221825, 0.450645], [0.221825, 0.450645], [0.221825, -14.549355]], [[-5.652580000000001, 0.581345], [-5.65258, -15.418655], [0.34742, -15.418655], [0.3474199999999991, 0.5813450000000003], [-5.652580000000001, 0.581345]], [[8.45206, -14.65291], [0.45206, -14.652909999999999], [0.45205999999999824, -29.65291], [8.452059999999998, -29.65291], [8.45206, -14.65291]], [[1.4549599999999991, 31.10947], [1.45496, 15.10947], [7.45496, 15.10947], [7.454959999999999, 31.10947], [1.4549599999999991, 31.10947]], [[0.20147499999999466, -44.59998], [8.201474999999995, -44.59998], [8.201474999999999, -29.59998], [0.20147499999999832, -29.59998], [0.20147499999999466, -44.59998]], [[-13.84513, -10.246095], [-5.84513, -10.246095], [-5.84513, -4.246095], [-13.84513, -4.246095], [-13.84513, -10.246095]], [[-13.543195, -4.028285], [-29.543195, -4.028284999999999], [-29.543195, -10.028284999999999], [-13.543195, -10.028285], [-13.543195, -4.028285]], [[14.248465, -26.281035], [14.248465, -18.281035], [8.248465, -18.281035], [8.248465, -26.281035], [14.248465, -26.281035]]], "node_id": [0, 1, 2, 3, 4, 5, 6, 7, 8]}