{"corners": [[[0.349615, 0.44071], [16.349615, 0.44071], [16.349615, 6.44071], [0.349615, 6.44071], [0.349615, 0.44071]], [[-14.870445, 7.275074999999999], [-14.870445, -0.7249250000000009], [0.129555, -0.724925], [0.129555, 7.275075], [-14.870445, 7.275074999999999]], [[-3.0610050000000015, 22.288245], [-11.061005000000002, 22.288245], [-11.061005, 7.288244999999998], [-3.0610049999999998, 7.288245], [-3.0610050000000015, 22.288245]], [[-3.3325650000000033, 37.30764], [-11.332565000000004, 37.30764], [-11.332565000000002, 22.30764], [-3.3325650000000016, 22.30764], [-3.3325650000000033, 37.30764]], [[-3.451415000000001, 11.858295], [4.548584999999999, 11.858295], [4.548584999999999, 17.858295], [-3.451415000000001, 17.858295], [-3.451415000000001, 11.858295]], [[-4.334065000000003, 37.25245], [-4.334065000000005, 45.25245], [-10.334065000000006, 45.25245], [-10.334065000000004, 37.25245], [-4.334065000000003, 37.25245]], [[-14.588815, -0.6463250000000005], [-14.588815, -8.646325], [0.411185, -8.646325], [0.411185, -0.6463249999999996], [-14.588815, -0.6463250000000005]], [[-14.713235000000001, 2.652935], [-22.713235, 2.652934999999999], [-22.713235, -12.347065000000002], [-14.713235, -12.347065], [-14.713235000000001, 2.652935]], [[-10.364525000000008, 61.08566], [-10.364525000000006, 45.08566], [-4.364525000000006, 45.08566], [-4.3645250000000075, 61.08566], [-10.364525000000008, 61.08566]]], "node_id": [0, 1, 2, 3, 4, 5, 6, 7, 8]}