{"corners": [[[0.234505, 0.29052], [8.234505, 0.29052], [8.234505, 6.29052], [0.234505, 6.29052], [0.234505, 0.29052]], [[-3.234060000000001, 14.436745], [-3.2340600000000004, 6.436745], [11.76594, 6.436745000000001], [11.76594, 14.436745000000002], [-3.234060000000001, 14.436745]], [[26.67161, 6.1678049999999995], [26.67161, 14.167805], [11.67161, 14.167805], [11.67161, 6.167805], [26.67161, 6.1678049999999995]], [[34.51424, 13.359835], [26.51424, 13.359835000000002], [26.51424, 7.359835000000001], [34.51424, 7.359835], [34.51424, 13.359835]], [[0.4647649999999991, 14.486005], [8.464765, 14.486005], [8.464765, 29.486005], [0.4647649999999991, 29.486005], [0.4647649999999991, 14.486005]], [[42.98776, 17.85702], [34.98776, 17.85702], [34.98776, 2.8570200000000017], [42.98776, 2.85702], [42.98776, 17.85702]], [[46.187855, 17.908445], [46.187855, 25.908445], [31.187855, 25.908445], [31.187855, 17.908445], [46.187855, 17.908445]], [[26.93425, 14.429585], [26.93425, 22.429585], [11.93425, 22.429585], [11.93425, 14.429585000000001], [26.93425, 14.429585]], [[26.91827, 22.10791], [26.91827, 30.10791], [11.91827, 30.10791], [11.91827, 22.10791], [26.91827, 22.10791]]], "node_id": [0, 1, 2, 3, 4, 5, 6, 7, 8]}