{"corners": [[[0.344705, 0.06538], [16.344705, 0.06538], [16.344705, 6.06538], [0.344705, 6.06538], [0.344705, 0.06538]], [[31.00523, -0.9738750000000009], [31.00523, 7.0261249999999995], [16.00523, 7.026125000000001], [16.00523, -0.973875], [31.00523, -0.9738750000000009]], [[-5.923215000000001, 11.259765], [-5.923215, -4.740235], [0.076785, -4.740235], [0.07678499999999912, 11.259765], [-5.923215000000001, 11.259765]], [[0.00586, -5.707445], [16.00586, -5.707445], [16.00586, 0.292555], [0.00586, 0.292555], [0.00586, -5.707445]], [[20.93291, -0.9721799999999999], [20.93291, -8.97218], [26.93291, -8.972180000000002], [26.93291, -0.9721800000000009], [20.93291, -0.9721799999999999]], [[0.01727499999999911, -20.826355], [0.01727500000000009, -4.826355], [-5.982725, -4.826355], [-5.982725000000001, -20.826355], [0.01727499999999911, -20.826355]], [[0.3547249999999991, 11.39758], [0.3547249999999996, 19.39758], [-5.645275, 19.39758], [-5.645275000000001, 11.39758], [0.3547249999999991, 11.39758]], [[-5.914545, 6.12374], [-13.914545, 6.123739999999999], [-13.914545, 0.12373999999999911], [-5.9145449999999995, 0.12374], [-5.914545, 6.12374]], [[11.242085, 6.49435], [11.242085000000001, 22.49435], [5.242085000000001, 22.49435], [5.242085, 6.49435], [11.242085, 6.49435]]], "node_id": [0, 1, 2, 3, 4, 5, 6, 7, 8]}