{"corners": [[[0.46957, 0.38947], [8.46957, 0.38947], [8.46957, 15.38947], [0.46957, 15.38947], [0.46957, 0.38947]], [[0.011040000000000917, 15.08275], [-7.988959999999999, 15.082750000000003], [-7.98896, 0.08275000000000178], [0.011039999999999082, 0.08275], [0.011040000000000917, 15.08275]], [[8.080535, 4.54654], [24.080535, 4.54654], [24.080535, 10.54654], [8.080535, 10.54654], [8.080535, 4.54654]], [[-3.781995, -5.778705], [12.218005, -5.778705], [12.218005, 0.221295], [-3.781995, 0.221295], [-3.781995, -5.778705]], [[-3.8940099999999997, 0.161915], [-11.89401, 0.16191500000000097], [-11.89401, -5.8380849999999995], [-3.89401, -5.838085], [-3.8940099999999997, 0.161915]]], "node_id": [0, 1, 2, 3, 4]}