{"corners": [[[0.12046, 0.04514], [8.12046, 0.04514], [8.12046, 6.04514], [0.12046, 6.04514], [0.12046, 0.04514]], [[7.003205, -7.595465], [7.003205000000001, 0.404535], [1.0032050000000008, 0.404535], [1.003205, -7.595465], [7.003205, -7.595465]], [[0.41538999999999976, -0.54067], [0.4153900000000002, 7.45933], [-14.58461, 7.459330000000001], [-14.58461, -0.5406699999999991], [0.41538999999999976, -0.54067]], [[-10.309484999999999, 15.47996], [-10.309485, 7.47996], [-4.3094850000000005, 7.479959999999998], [-4.309484999999999, 15.479959999999998], [-10.309484999999999, 15.47996]], [[8.165715, 0.48021], [24.165715, 0.48021], [24.165715, 6.48021], [8.165715, 6.48021], [8.165715, 0.48021]], [[-3.2792049999999975, 21.018005], [-11.279204999999996, 21.018005], [-11.279204999999996, 15.018005], [-3.2792049999999984, 15.018005], [-3.2792049999999975, 21.018005]], [[-14.93257, 6.336800000000001], [-30.93257, 6.336800000000003], [-30.93257, 0.33680000000000265], [-14.93257, 0.3368000000000009], [-14.93257, 6.336800000000001]], [[-3.2154899999999964, 27.15419], [-11.215489999999997, 27.15419], [-11.215489999999997, 21.15419], [-3.2154899999999973, 21.15419], [-3.2154899999999964, 27.15419]], [[-10.491184999999993, 43.458765], [-10.491184999999996, 27.458765], [-4.491184999999995, 27.458765], [-4.491184999999993, 43.458765], [-10.491184999999993, 43.458765]]], "node_id": [0, 1, 2, 3, 4, 5, 6, 7, 8]}