{"corners": [[[0.25057, 0.498845], [8.25057, 0.498845], [8.25057, 15.498845], [0.25057, 15.498845], [0.25057, 0.498845]], [[8.46969, 15.53995], [8.46969, -0.46005], [14.46969, -0.46005], [14.46969, 15.53995], [8.46969, 15.53995]], [[7.39366, -6.23046], [15.39366, -6.23046], [15.39366, -0.23046], [7.39366, -0.23046], [7.39366, -6.23046]], [[8.191645000000001, 30.23793], [0.1916450000000018, 30.23793], [0.191645, 15.237930000000002], [8.191645, 15.23793], [8.191645000000001, 30.23793]], [[-3.517514999999998, 30.307465000000004], [12.482485000000002, 30.307465], [12.482485000000002, 36.307465], [-3.517514999999997, 36.307465], [-3.517514999999998, 30.307465000000004]], [[28.258865, 36.06717499999999], [12.258865, 36.067175], [12.258864999999997, 30.067175], [28.258864999999997, 30.06717499999999], [28.258865, 36.06717499999999]], [[-14.776325, 11.894120000000001], [-14.776325, 3.89412], [0.223675, 3.894120000000001], [0.223675, 11.894120000000001], [-14.776325, 11.894120000000001]], [[36.434975, 36.14653499999999], [28.434975, 36.14653499999999], [28.434975, 30.146534999999997], [36.434975, 30.146534999999993], [36.434975, 36.14653499999999]], [[-11.44699, 11.675055], [-3.44699, 11.675055], [-3.44699, 17.675055], [-11.44699, 17.675055], [-11.44699, 11.675055]]], "node_id": [0, 1, 2, 3, 4, 5, 6, 7, 8]}