{"corners": [[[0.36751, 0.409945], [8.36751, 0.409945], [8.36751, 15.409945], [0.36751, 15.409945], [0.36751, 0.409945]], [[0.4286749999999995, -0.04915999999999998], [0.4286750000000005, 15.95084], [-5.571325, 15.95084], [-5.571325000000001, -0.04915999999999959], [0.4286749999999995, -0.04915999999999998]], [[0.007984999999998669, -16.46997], [0.007984999999999649, -0.46997], [-5.992015, -0.46997], [-5.992015000000002, -16.46997], [0.007984999999998669, -16.46997]], [[-5.600594999999999, 15.320734999999999], [-13.600595, 15.320735000000003], [-13.600595, 0.32073500000000177], [-5.600595000000001, 0.320735], [-5.600594999999999, 15.320734999999999]], [[-13.623270000000002, -5.83921], [-5.6232700000000015, -5.839210000000001], [-5.62327, 0.1607899999999991], [-13.62327, 0.16079000000000088], [-13.623270000000002, -5.83921]], [[1.0586599999999986, -16.166095], [-6.941340000000002, -16.166095], [-6.941340000000002, -22.166095], [1.058659999999998, -22.166095], [1.0586599999999986, -16.166095]], [[0.279705, -5.750245], [8.279705, -5.750245], [8.279705, 0.249755], [0.279705, 0.249755], [0.279705, -5.750245]], [[-12.816259999999998, 23.475115], [-12.81626, 15.475115], [-6.81626, 15.475114999999999], [-6.816259999999998, 23.475115], [-12.816259999999998, 23.475115]], [[-5.933054999999997, 38.409545], [-13.933054999999996, 38.409545], [-13.933054999999998, 23.409545], [-5.933054999999999, 23.409545], [-5.933054999999997, 38.409545]]], "node_id": [0, 1, 2, 3, 4, 5, 6, 7, 8]}