{"corners": [[[0.31294, 0.484335], [8.31294, 0.484335], [8.31294, 15.484335], [0.31294, 15.484335], [0.31294, 0.484335]], [[12.07126, 21.14725], [-3.92874, 21.147250000000003], [-3.92874, 15.147250000000001], [12.07126, 15.14725], [12.07126, 21.14725]], [[-3.42842, 0.4188949999999996], [-3.4284199999999996, -7.581105], [11.57158, -7.581105], [11.57158, 0.41889500000000046], [-3.42842, 0.4188949999999996]], [[1.4329800000000008, -7.562345], [1.4329800000000013, -15.562345], [7.4329800000000015, -15.562345], [7.432980000000001, -7.562345], [1.4329800000000008, -7.562345]], [[0.169175, 21.2275], [8.169175, 21.227499999999996], [8.169175000000003, 36.2275], [0.16917500000000366, 36.2275], [0.169175, 21.2275]], [[27.646115, -0.8433499999999978], [11.646115, -0.8433499999999998], [11.646115, -6.84335], [27.646115, -6.843349999999998], [27.646115, -0.8433499999999978]], [[-3.938120000000001, 10.26842], [-3.93812, 26.26842], [-9.93812, 26.26842], [-9.93812, 10.26842], [-3.938120000000001, 10.26842]], [[23.587865, 14.361035000000001], [15.587865, 14.361035], [15.587865000000003, -0.638965], [23.587865000000004, -0.6389649999999982], [23.587865, 14.361035000000001]], [[13.070765, -15.641225], [13.070765, -7.641225], [7.070765000000001, -7.641225], [7.070765, -15.641225], [13.070765, -15.641225]]], "node_id": [0, 1, 2, 3, 4, 5, 6, 7, 8]}