{"corners": [[[0.22582, 0.45977], [8.22582, 0.45977], [8.22582, 15.45977], [0.22582, 15.45977], [0.22582, 0.45977]], [[-3.576275, 15.093905], [12.423725, 15.093905], [12.423725, 21.093905], [-3.576275, 21.093905], [-3.576275, 15.093905]], [[7.49918, 21.01596], [7.499180000000001, 37.01596], [1.4991800000000008, 37.01596], [1.49918, 21.01596], [7.49918, 21.01596]], [[8.278945000000004, 52.080645], [0.27894500000000355, 52.080645], [0.2789450000000018, 37.080645], [8.278945000000002, 37.080645], [8.278945000000004, 52.080645]], [[12.41556, 22.11811], [12.41556, 14.11811], [18.41556, 14.11811], [18.41556, 22.11811], [12.41556, 22.11811]]], "node_id": [0, 1, 2, 3, 4]}