{"corners": [[[0.45653, 0.110185], [8.45653, 0.110185], [8.45653, 6.110185], [0.45653, 6.110185], [0.45653, 0.110185]], [[8.321309999999999, 11.327025], [8.32131, -4.672975], [14.32131, -4.672975], [14.32131, 11.327025], [8.321309999999999, 11.327025]], [[-14.71808, 7.306264999999999], [-14.71808, -0.6937350000000009], [0.28192, -0.693735], [0.28192, 7.306265], [-14.71808, 7.306264999999999]], [[-14.552405, 6.437209999999999], [-30.552405, 6.437209999999998], [-30.552405, 0.4372099999999973], [-14.552405, 0.4372099999999991], [-14.552405, 6.437209999999999]], [[8.119815, 0.4259349999999995], [0.119815, 0.4259350000000005], [0.11981499999999823, -14.574064999999997], [8.119815, -14.574065], [8.119815, 0.4259349999999995]], [[-38.793275, -4.0607200000000025], [-30.793275, -4.0607200000000025], [-30.793275, 10.939279999999997], [-38.793275, 10.939279999999997], [-38.793275, -4.0607200000000025]], [[-15.333004999999998, -7.96387], [-15.333005, 0.03613], [-30.333005, 0.03612999999999734], [-30.333005, -7.963870000000004], [-15.333004999999998, -7.96387]], [[8.04124, 12.041275], [0.04124, 12.041275000000002], [0.04124, 6.041275000000001], [8.041239999999998, 6.041275], [8.04124, 12.041275]], [[-3.3278950000000016, -14.561559999999998], [-3.327895000000003, -22.56156], [11.672104999999997, -22.56156], [11.672104999999998, -14.561560000000002], [-3.3278950000000016, -14.561559999999998]]], "node_id": [0, 1, 2, 3, 4, 5, 6, 7, 8]}