{"corners": [[[0.333775, 0.378925], [8.333775, 0.378925], [8.333775, 15.378925], [0.333775, 15.378925], [0.333775, 0.378925]], [[24.168185, 10.541944999999998], [8.168185, 10.541945], [8.168185, 4.541945], [24.168185, 4.541944999999998], [24.168185, 10.541944999999998]], [[13.10832, 4.607855], [13.108319999999997, -11.392145], [19.108319999999996, -11.392145], [19.10832, 4.607854999999999], [13.10832, 4.607855]], [[19.085479999999997, -10.881950000000002], [27.085479999999997, -10.881950000000003], [27.08548, 4.118049999999997], [19.08548, 4.118049999999998], [19.085479999999997, -10.881950000000002]], [[8.329159999999995, -17.078415], [24.329159999999995, -17.078415000000003], [24.329159999999995, -11.078415000000003], [8.329159999999996, -11.078415], [8.329159999999995, -17.078415]]], "node_id": [0, 1, 2, 3, 4]}