{"corners": [[[0.347885, 0.021105], [16.347885, 0.021105], [16.347885, 6.021105], [0.347885, 6.021105], [0.347885, 0.021105]], [[12.07579, 0.09505499999999951], [4.07579, 0.09505500000000049], [4.075789999999998, -14.904944999999998], [12.075789999999998, -14.904945], [12.07579, 0.09505499999999951]], [[0.3652599999999964, -20.502205], [16.365259999999996, -20.502205000000004], [16.365259999999996, -14.502205000000004], [0.36525999999999786, -14.502205], [0.3652599999999964, -20.502205]], [[0.30831999999999976, -0.730495], [0.3083200000000002, 7.269505], [-14.69168, 7.269505000000001], [-14.69168, -0.7304949999999991], [0.30831999999999976, -0.730495]], [[16.452505, 7.328], [16.452505, -0.6719999999999999], [22.452505, -0.6719999999999999], [22.452505, 7.328], [16.452505, 7.328]]], "node_id": [0, 1, 2, 3, 4]}