{"corners": [[[0.12165, 0.25782], [8.12165, 0.25782], [8.12165, 6.25782], [0.12165, 6.25782], [0.12165, 0.25782]], [[-5.78338, 7.31333], [-5.783379999999999, -0.68667], [0.2166200000000009, -0.68667], [0.21662, 7.31333], [-5.78338, 7.31333]], [[8.47465, 0.02522], [16.47465, 0.02522], [16.47465, 6.02522], [8.47465, 6.02522], [8.47465, 0.02522]], [[24.477025, 6.188294999999999], [16.477025, 6.188295], [16.477025, 0.188295], [24.477025, 0.1882949999999991], [24.477025, 6.188294999999999]], [[-10.341675, -0.6680300000000005], [-10.341675, -8.66803], [4.658325, -8.66803], [4.658325, -0.6680299999999996], [-10.341675, -0.6680300000000005]]], "node_id": [0, 1, 2, 3, 4]}