{"corners": [[[0.413945, 0.36033], [16.413945, 0.36033], [16.413945, 6.36033], [0.413945, 6.36033], [0.413945, 0.36033]], [[-15.60046, 0.13392], [0.39954, 0.13392], [0.39954, 6.13392], [-15.60046, 6.13392], [-15.60046, 0.13392]], [[16.27175, 11.12182], [16.27175, -4.87818], [22.27175, -4.87818], [22.27175, 11.12182], [16.27175, 11.12182]], [[11.80807, 19.02362], [11.80807, 11.02362], [26.80807, 11.02362], [26.80807, 19.02362], [11.80807, 19.02362]], [[26.58615, 7.831005], [34.58615, 7.831005], [34.58615, 22.831005], [26.58615, 22.831005], [26.58615, 7.831005]], [[5.14886, 0.4288799999999998], [5.148860000000001, -15.57112], [11.148859999999999, -15.57112], [11.148859999999999, 0.42888000000000015], [5.14886, 0.4288799999999998]], [[3.54335, 7.988095], [11.54335, 7.988095], [11.54335, 22.988095], [3.54335, 22.988095], [3.54335, 7.988095]], [[11.23133, -10.81162], [27.23133, -10.81162], [27.23133, -4.81162], [11.23133, -4.81162], [11.23133, -10.81162]], [[-0.372445, 6.399344999999999], [-0.37244499999999947, 14.399345], [-15.372445, 14.399345], [-15.372445, 6.399345], [-0.372445, 6.399344999999999]]], "node_id": [0, 1, 2, 3, 4, 5, 6, 7, 8]}