{"corners": [[[0.15425, 0.36108], [8.15425, 0.36108], [8.15425, 15.36108], [0.15425, 15.36108], [0.15425, 0.36108]], [[0.4055300000000004, 10.995715], [-15.59447, 10.995715000000002], [-15.59447, 4.9957150000000015], [0.4055299999999996, 4.995715], [0.4055300000000004, 10.995715]], [[8.16689, 4.972025], [16.16689, 4.972025], [16.16689, 10.972025], [8.16689, 10.972025], [8.16689, 4.972025]], [[-11.515400000000001, -1.1595299999999982], [-3.515400000000002, -1.1595300000000002], [-3.5154, 4.84047], [-11.5154, 4.840470000000002], [-11.515400000000001, -1.1595299999999982]], [[-10.853330000000001, -1.0417749999999986], [-10.853330000000003, -9.041774999999998], [-4.853330000000003, -9.041775], [-4.8533300000000015, -1.041775], [-10.853330000000001, -1.0417749999999986]]], "node_id": [0, 1, 2, 3, 4]}