{"corners": [[[0.375205, 0.12475], [8.375205, 0.12475], [8.375205, 6.12475], [0.375205, 6.12475], [0.375205, 0.12475]], [[12.406475, 0.493089999999999], [-3.593525, 0.49309000000000097], [-3.593525, -5.5069099999999995], [12.406475, -5.506910000000001], [12.406475, 0.493089999999999]], [[0.045735, 6.267325], [8.045735, 6.267325], [8.045735, 12.267325], [0.045735, 12.267325], [0.045735, 6.267325]], [[8.442335, -5.8525350000000005], [0.442335, -5.852535], [0.4423349999999982, -20.852535], [8.442334999999998, -20.852535], [8.442335, -5.8525350000000005]], [[12.01767, 1.141499999999999], [12.017669999999999, -6.858500000000001], [18.01767, -6.858500000000003], [18.01767, 1.141499999999998], [12.01767, 1.141499999999999]], [[-3.9460849999999996, 0.04244000000000089], [-19.946085, 0.042440000000002844], [-19.946085, -5.957559999999997], [-3.946085, -5.957559999999999], [-3.9460849999999996, 0.04244000000000089]], [[-14.62108, -5.660404999999997], [-14.621080000000003, -21.660404999999997], [-8.621080000000003, -21.660404999999997], [-8.62108, -5.660404999999998], [-14.62108, -5.660404999999997]], [[-15.988805, 0.21143500000000287], [-7.988805, 0.2114350000000009], [-7.988804999999997, 15.211435000000002], [-15.988804999999996, 15.211435000000003], [-15.988805, 0.21143500000000287]], [[18.252044999999995, -14.806975000000003], [18.252045, -6.806975000000003], [12.252045, -6.806975000000001], [12.252044999999997, -14.806975000000001], [18.252044999999995, -14.806975000000003]]], "node_id": [0, 1, 2, 3, 4, 5, 6, 7, 8]}