{"corners": [[[0.109025, 0.2558], [16.109025, 0.2558], [16.109025, 6.2558], [0.109025, 6.2558], [0.109025, 0.2558]], [[24.425155, 6.077459999999999], [16.425155, 6.07746], [16.425155, 0.07746], [24.425155, 0.07745999999999911], [24.425155, 6.077459999999999]], [[24.10855, 7.0366599999999995], [24.10855, -0.9633400000000009], [30.10855, -0.9633400000000026], [30.10855, 7.036659999999999], [24.10855, 7.0366599999999995]], [[4.031755, -5.750555], [12.031755, -5.750555], [12.031755, 0.249445], [4.031755, 0.249445], [4.031755, -5.750555]], [[4.081515, 0.06442], [-11.918485, 0.06442000000000196], [-11.918485, -5.935579999999998], [4.081515, -5.93558], [4.081515, 0.06442]]], "node_id": [0, 1, 2, 3, 4]}