{"corners": [[[0.176405, 0.354805], [8.176405, 0.354805], [8.176405, 6.354805], [0.176405, 6.354805], [0.176405, 0.354805]], [[1.33589, 0.4687649999999998], [1.335890000000001, -15.531235], [7.335890000000001, -15.531235], [7.33589, 0.46876500000000015], [1.33589, 0.4687649999999998]], [[12.470535, 12.31923], [-3.529465, 12.319230000000001], [-3.529465, 6.319230000000002], [12.470535, 6.31923], [12.470535, 12.31923]], [[8.476735, -15.93345], [0.476735, -15.93345], [0.4767350000000018, -30.93345], [8.476735000000001, -30.93345], [8.476735, -15.93345]], [[11.62645, 12.211840000000002], [11.62645, 20.21184], [-3.37355, 20.211840000000002], [-3.37355, 12.211840000000004], [11.62645, 12.211840000000002]], [[23.005785, -4.864349999999998], [7.005785, -4.86435], [7.005785, -10.86435], [23.005785, -10.864349999999998], [23.005785, -4.864349999999998]], [[-7.794544999999999, -30.86181], [0.2054550000000009, -30.86181], [0.2054550000000009, -15.86181], [-7.794544999999999, -15.86181], [-7.794544999999999, -30.86181]], [[-3.928315, 5.147260000000002], [-3.9283149999999996, 13.147260000000001], [-9.928315, 13.147260000000001], [-9.928315, 5.147260000000002], [-3.928315, 5.147260000000002]], [[11.167105, -4.588239999999999], [19.167105, -4.588239999999999], [19.167105, 1.411760000000001], [11.167105, 1.411760000000001], [11.167105, -4.588239999999999]]], "node_id": [0, 1, 2, 3, 4, 5, 6, 7, 8]}