{"corners": [[[0.3701, 0.187865], [16.3701, 0.187865], [16.3701, 6.187865], [0.3701, 6.187865], [0.3701, 0.187865]], [[-7.6101849999999995, -4.332475], [0.389815, -4.332475], [0.389815, 10.667525], [-7.6101849999999995, 10.667525], [-7.6101849999999995, -4.332475]], [[16.20109, 12.30328], [0.20109, 12.30328], [0.20109, 6.303280000000002], [16.20109, 6.30328], [16.20109, 12.30328]], [[12.27119, 18.48059], [4.27119, 18.48059], [4.27119, 12.48059], [12.27119, 12.48059], [12.27119, 18.48059]], [[-11.83393, -10.065375], [4.16607, -10.065375], [4.16607, -4.065375], [-11.83393, -4.065375], [-11.83393, -10.065375]]], "node_id": [0, 1, 2, 3, 4]}