{"corners": [[[0.38792, 0.00085], [8.38792, 0.00085], [8.38792, 15.00085], [0.38792, 15.00085], [0.38792, 0.00085]], [[0.38233499999999976, 3.82378], [0.3823350000000002, 11.82378], [-5.617664999999999, 11.82378], [-5.617665, 3.8237800000000006], [0.38233499999999976, 3.82378]], [[-3.003365000000001, 23.28278], [-3.0033650000000005, 15.28278], [11.996635, 15.28278], [11.996635, 23.28278], [-3.003365000000001, 23.28278]], [[-13.82572, 4.752975], [-5.8257200000000005, 4.752975], [-5.8257200000000005, 10.752975], [-13.82572, 10.752975], [-13.82572, 4.752975]], [[-13.95851, 10.86887], [-29.95851, 10.868870000000001], [-29.95851, 4.868870000000002], [-13.95851, 4.86887], [-13.95851, 10.86887]], [[-12.70345, 4.60935], [-12.703449999999998, -11.39065], [-6.703449999999999, -11.39065], [-6.70345, 4.60935], [-12.70345, 4.60935]], [[-12.64194, -7.359735], [-12.64194, 0.640265], [-27.64194, 0.6402650000000017], [-27.64194, -7.359734999999999], [-12.64194, -7.359735]], [[-44.862, 11.696765000000003], [-44.862, 3.6967650000000036], [-29.862, 3.696765], [-29.862, 11.696765], [-44.862, 11.696765000000003]], [[-24.49015, -22.387965], [-16.49015, -22.387965], [-16.49015, -7.387965], [-24.49015, -7.387965], [-24.49015, -22.387965]]], "node_id": [0, 1, 2, 3, 4, 5, 6, 7, 8]}