{"corners": [[[0.20738, 0.33628], [16.20738, 0.33628], [16.20738, 6.33628], [0.20738, 6.33628], [0.20738, 0.33628]], [[-5.969265000000001, 11.03315], [-5.969265, -4.96685], [0.030735, -4.96685], [0.03073499999999911, 11.03315], [-5.969265000000001, 11.03315]], [[1.22569, -4.832259999999999], [-6.77431, -4.83226], [-6.774309999999998, -19.83226], [1.2256900000000017, -19.83226], [1.22569, -4.832259999999999]], [[24.34038, 6.490284999999999], [16.34038, 6.490285], [16.34038, 0.490285], [24.34038, 0.49028499999999914], [24.34038, 6.490284999999999]], [[24.27912, 0.06963999999999951], [16.27912, 0.06964000000000048], [16.27912, -5.93036], [24.27912, -5.930360000000001], [24.27912, 0.06963999999999951]], [[28.183925, -5.783620000000001], [12.183925, -5.783619999999999], [12.183925, -11.78362], [28.183925, -11.78362], [28.183925, -5.783620000000001]], [[27.941595, 6.385349999999999], [27.941595, 14.38535], [12.941595, 14.38535], [12.941595, 6.38535], [27.941595, 6.385349999999999]], [[1.3539000000000008, -8.354665], [1.3539000000000012, -16.354665], [7.353900000000002, -16.354665], [7.353900000000001, -8.354665], [1.3539000000000008, -8.354665]], [[24.41433, -11.685815], [16.41433, -11.685814999999998], [16.41433, -26.685815], [24.414329999999996, -26.685815], [24.41433, -11.685815]]], "node_id": [0, 1, 2, 3, 4, 5, 6, 7, 8]}