{"corners": [[[0.45498, 0.0753], [8.45498, 0.0753], [8.45498, 6.0753], [0.45498, 6.0753], [0.45498, 0.0753]], [[0.3742649999999995, -4.82996], [0.3742650000000005, 11.17004], [-5.625735, 11.17004], [-5.625735000000001, -4.82996], [0.3742649999999995, -4.82996]], [[1.3382450000000023, 26.072245], [-6.6617549999999985, 26.072245], [-6.661755, 11.072245000000002], [1.3382450000000006, 11.072245], [1.3382450000000023, 26.072245]], [[0.31260500000000224, 26.30287], [0.31260500000000274, 34.30287], [-5.687394999999997, 34.30287], [-5.687394999999999, 26.30287], [0.31260500000000224, 26.30287]], [[6.448340000000003, 26.323095], [6.4483400000000035, 34.323095], [0.44834000000000357, 34.323095], [0.4483400000000027, 26.323095], [6.448340000000003, 26.323095]], [[1.4140349999999995, 14.480765], [1.414035, 6.480765], [7.414035, 6.480765], [7.414035, 14.480765], [1.4140349999999995, 14.480765]], [[-4.551044999999997, 34.009815], [11.448955000000003, 34.009815], [11.448955000000003, 40.009815], [-4.551044999999997, 40.009815], [-4.551044999999997, 34.009815]], [[-11.98012, 7.411310000000001], [-11.980120000000001, -0.588689999999999], [-5.980120000000002, -0.5886900000000008], [-5.98012, 7.41131], [-11.98012, 7.411310000000001]], [[8.39193, 0.2563799999999995], [0.39193, 0.2563800000000005], [0.3919299999999982, -14.743619999999998], [8.391929999999999, -14.74362], [8.39193, 0.2563799999999995]]], "node_id": [0, 1, 2, 3, 4, 5, 6, 7, 8]}