{"corners": [[[0.34011, 0.37748], [8.34011, 0.37748], [8.34011, 6.37748], [0.34011, 6.37748], [0.34011, 0.37748]], [[-7.52747, -4.3042], [0.47253, -4.3042], [0.47253, 10.6958], [-7.52747, 10.6958], [-7.52747, -4.3042]], [[-15.91371, -4.373615], [-7.91371, -4.373615], [-7.91371, 10.626385], [-15.91371, 10.626385], [-15.91371, -4.373615]], [[24.43831, 6.473094999999998], [8.43831, 6.473095], [8.43831, 0.473095], [24.43831, 0.4730949999999982], [24.43831, 6.473094999999998]], [[8.37318, 0.4529249999999995], [0.37318, 0.4529250000000005], [0.37317999999999824, -14.547074999999998], [8.373179999999998, -14.547075], [8.37318, 0.4529249999999995]]], "node_id": [0, 1, 2, 3, 4]}