{"corners": [[[0.43678, 0.27146], [16.43678, 0.27146], [16.43678, 6.27146], [0.43678, 6.27146], [0.43678, 0.27146]], [[16.468745, 0.208115], [32.468745, 0.208115], [32.468745, 6.208115], [16.468745, 6.208115], [16.468745, 0.208115]], [[27.271045, -15.83722], [27.271045, 0.16278], [21.271045, 0.16278], [21.271045, -15.83722], [27.271045, -15.83722]], [[21.309665, 22.0584], [21.309665, 6.0584], [27.309665, 6.0584], [27.309665, 22.0584], [21.309665, 22.0584]], [[16.0483, -21.83344], [32.0483, -21.83344], [32.0483, -15.83344], [16.0483, -15.83344], [16.0483, -21.83344]], [[-7.94305, -4.463905], [0.05695, -4.463905], [0.05695, 10.536095], [-7.94305, 10.536095], [-7.94305, -4.463905]], [[40.31133, 10.559465], [32.31133, 10.559465000000001], [32.31133, -4.440534999999998], [40.31133, -4.440535], [40.31133, 10.559465]], [[40.412395, -4.128030000000001], [32.412395, -4.12803], [32.412395, -19.12803], [40.412395, -19.12803], [40.412395, -4.128030000000001]], [[12.321375, 0.4470949999999995], [4.321375, 0.4470950000000005], [4.321375, -5.552905], [12.321375, -5.552905000000001], [12.321375, 0.4470949999999995]], [[40.103055, -19.018155], [32.103055, -19.018155], [32.103055, -34.018155], [40.103055, -34.018155], [40.103055, -19.018155]]], "node_id": [0, 1, 2, 3, 4, 5, 6, 7, 8, 9]}