{"corners": [[[0.091125, 0.158495], [8.091125, 0.158495], [8.091125, 15.158495], [0.091125, 15.158495], [0.091125, 0.158495]], [[14.13509, -0.23504999999999998], [14.135090000000002, 15.76495], [8.13509, 15.76495], [8.13509, -0.2350499999999996], [14.13509, -0.23504999999999998]], [[7.399905, 15.21361], [7.399905000000001, 31.21361], [1.3999050000000008, 31.21361], [1.399905, 15.21361], [7.399905, 15.21361]], [[1.2789550000000014, 26.34159], [-14.721044999999998, 26.341590000000004], [-14.721044999999998, 20.34159], [1.2789550000000007, 20.34159], [1.2789550000000014, 26.34159]], [[7.367185000000001, 15.50546], [15.367185, 15.50546], [15.367185, 30.50546], [7.367185000000001, 30.50546], [7.367185000000001, 15.50546]], [[7.128415000000001, 31.441875], [7.128415000000002, 47.441875], [1.1284150000000017, 47.441875], [1.1284150000000008, 31.441875], [7.128415000000001, 31.441875]], [[-14.606769999999997, 15.42554], [-14.606769999999996, 31.42554], [-20.606769999999997, 31.42554], [-20.60677, 15.42554], [-14.606769999999997, 15.42554]], [[13.172175000000001, 35.141455], [13.172175000000001, 43.141455], [7.172175000000003, 43.141455], [7.172175000000002, 35.141455], [13.172175000000001, 35.141455]], [[13.038355000000001, 36.356165], [21.038355, 36.356165], [21.038355, 42.356165], [13.038355000000001, 42.356165], [13.038355000000001, 36.356165]], [[21.0155, 36.457985], [37.0155, 36.457985], [37.0155, 42.457985], [21.0155, 42.457985], [21.0155, 36.457985]]], "node_id": [0, 1, 2, 3, 4, 5, 6, 7, 8, 9]}