{"corners": [[[0.209945, 0.155075], [8.209945, 0.155075], [8.209945, 15.155075], [0.209945, 15.155075], [0.209945, 0.155075]], [[-3.065920000000001, 23.03414], [-3.06592, 15.03414], [11.93408, 15.03414], [11.93408, 23.03414], [-3.065920000000001, 23.03414]], [[1.06548, 0.39685499999999985], [1.0654800000000004, -7.603145], [7.065480000000001, -7.603145], [7.06548, 0.3968550000000002], [1.06548, 0.39685499999999985]], [[0.4644799999999998, 3.891605], [0.4644800000000002, 11.891605], [-5.535519999999999, 11.891605], [-5.53552, 3.891605], [0.4644799999999998, 3.891605]], [[-20.672355, 11.689400000000003], [-20.672355, 3.6894000000000036], [-5.672355000000001, 3.6894], [-5.672355, 11.6894], [-20.672355, 11.689400000000003]], [[7.22945, -6.91815], [15.22945, -6.91815], [15.22945, -0.91815], [7.22945, -0.91815], [7.22945, -6.91815]], [[-13.71802, 0.09475999999999911], [-13.71802, -7.90524], [1.28198, -7.90524], [1.28198, 0.09476000000000002], [-13.71802, 0.09475999999999911]], [[-26.536665, 15.585410000000005], [-26.536665000000003, -0.4145899999999947], [-20.536665000000003, -0.4145899999999947], [-20.536665, 15.585410000000003], [-26.536665, 15.585410000000005]], [[-26.97316, 3.5258750000000054], [-26.973159999999996, 11.525875000000005], [-32.97316, 11.525875000000006], [-32.97316, 3.525875000000007], [-26.97316, 3.5258750000000054]], [[-15.555910000000004, -0.24192999999999565], [-31.55591, -0.2419299999999937], [-31.55591, -6.241929999999994], [-15.555910000000004, -6.2419299999999955], [-15.555910000000004, -0.24192999999999565]]], "node_id": [0, 1, 2, 3, 4, 5, 6, 7, 8, 9]}