{"corners": [[[0.4179, 0.120265], [8.4179, 0.120265], [8.4179, 15.120265], [0.4179, 15.120265], [0.4179, 0.120265]], [[8.15412, 4.912555], [16.15412, 4.912555], [16.15412, 10.912555], [8.15412, 10.912555], [8.15412, 4.912555]], [[7.09298, 15.05806], [7.092980000000001, 23.05806], [1.092980000000001, 23.05806], [1.09298, 15.05806], [7.09298, 15.05806]], [[-14.94053, 16.417355], [1.05947, 16.417355], [1.05947, 22.417355], [-14.94053, 22.417355], [-14.94053, 16.417355]], [[0.22364, -14.85666], [8.22364, -14.85666], [8.22364, 0.14334], [0.22364, 0.14334], [0.22364, -14.85666]]], "node_id": [0, 1, 2, 3, 4]}