{"corners": [[[0.20024, 0.06789], [8.20024, 0.06789], [8.20024, 6.06789], [0.20024, 6.06789], [0.20024, 0.06789]], [[0.31833500000000037, 6.34601], [-15.681665, 6.3460100000000015], [-15.681665, 0.34601000000000176], [0.3183349999999996, 0.34601], [0.31833500000000037, 6.34601]], [[-15.59948, 6.328540000000003], [0.40052, 6.328539999999999], [0.40052, 12.32854], [-15.599479999999998, 12.328540000000004], [-15.59948, 6.328540000000003]], [[8.097775, 12.38628], [0.097775, 12.386280000000001], [0.097775, 6.386280000000001], [8.097774999999999, 6.38628], [8.097775, 12.38628]], [[-15.97628, 6.188650000000002], [-23.97628, 6.188650000000003], [-23.97628, 0.18865000000000268], [-15.97628, 0.1886500000000018], [-15.97628, 6.188650000000002]], [[-0.06653999999999821, 12.373734999999998], [-0.06653999999999577, 20.373735], [-15.066539999999996, 20.373735000000003], [-15.066539999999998, 12.373735000000003], [-0.06653999999999821, 12.373734999999998]], [[8.444595, 7.38688], [8.444595, -0.61312], [23.444595, -0.6131199999999991], [23.444595, 7.386880000000001], [8.444595, 7.38688]], [[14.892215000000002, 12.460384999999993], [14.892215000000004, 20.46038499999999], [-0.10778499999999647, 20.460385], [-0.10778499999999824, 12.460384999999999], [14.892215000000002, 12.460384999999993]], [[23.14428, 7.296550000000001], [23.14428, -0.7034499999999991], [29.14428, -0.7034499999999991], [29.14428, 7.296550000000001], [23.14428, 7.296550000000001]], [[-23.841615, 10.932335000000004], [-31.841615, 10.932335000000005], [-31.841615, -4.0676649999999945], [-23.841615000000004, -4.067664999999996], [-23.841615, 10.932335000000004]]], "node_id": [0, 1, 2, 3, 4, 5, 6, 7, 8, 9]}