{"corners": [[[0.225065, 0.034135], [16.225065, 0.034135], [16.225065, 6.034135], [0.225065, 6.034135], [0.225065, 0.034135]], [[0.06546999999999951, -4.62158], [0.06547000000000049, 11.37842], [-5.93453, 11.37842], [-5.9345300000000005, -4.62158], [0.06546999999999951, -4.62158]], [[4.6143, 11.03078], [4.614300000000001, 19.03078], [-10.3857, 19.03078], [-10.3857, 11.030780000000002], [4.6143, 11.03078]], [[16.315125, 7.408565], [16.315125, -0.5914349999999999], [22.315125, -0.5914349999999999], [22.315125, 7.408565], [16.315125, 7.408565]], [[-5.743480000000001, -4.66552], [-5.74348, 11.33448], [-11.74348, 11.33448], [-11.74348, -4.66552], [-5.743480000000001, -4.66552]], [[-11.913175, 6.27044], [-19.913175, 6.270440000000001], [-19.913175, 0.2704400000000009], [-11.913175, 0.27044], [-11.913175, 6.27044]], [[22.45183, 0.023645000000000443], [38.45183, 0.023645000000000443], [38.45183, 6.023645], [22.45183, 6.023645], [22.45183, 0.023645000000000443]], [[-5.872554999999997, 35.13349], [-5.872554999999999, 19.13349], [0.1274450000000009, 19.13349], [0.12744500000000356, 35.13349], [-5.872554999999997, 35.13349]], [[-1.194770000000001, -12.91886], [-1.1947700000000006, -4.91886], [-16.19477, -4.918859999999998], [-16.19477, -12.918859999999999], [-1.194770000000001, -12.91886]], [[-12.6783, 6.3695200000000005], [-12.678299999999998, 22.36952], [-18.6783, 22.36952], [-18.6783, 6.3695200000000005], [-12.6783, 6.3695200000000005]]], "node_id": [0, 1, 2, 3, 4, 5, 6, 7, 8, 9]}