{"corners": [[[0.49762, 0.24585], [8.49762, 0.24585], [8.49762, 15.24585], [0.49762, 15.24585], [0.49762, 0.24585]], [[0.13234, -14.730195], [8.13234, -14.730195], [8.13234, 0.269805], [0.13234, 0.269805], [0.13234, -14.730195]], [[-3.92679, 15.356125], [12.07321, 15.356125], [12.07321, 21.356125], [-3.92679, 21.356125], [-3.92679, 15.356125]], [[-18.827715, 22.10633], [-18.827715, 14.10633], [-3.827715, 14.10633], [-3.827715, 22.10633], [-18.827715, 22.10633]], [[8.249545, -14.79771], [0.249545, -14.797709999999999], [0.249545, -20.79771], [8.249545, -20.79771], [8.249545, -14.79771]], [[-14.708885, -3.310795000000001], [-14.708885, -11.310795], [0.291115, -11.310795], [0.291115, -3.310795], [-14.708885, -3.310795000000001]], [[-14.08573, 38.42553], [-14.085729999999998, 22.42553], [-8.08573, 22.42553], [-8.08573, 38.42553], [-14.08573, 38.42553]], [[12.268415, 15.27684], [28.268415, 15.27684], [28.268415, 21.27684], [12.268415, 21.27684], [12.268415, 15.27684]], [[-14.355615, 33.01563], [-22.355615, 33.01563], [-22.355615, 27.01563], [-14.355615, 27.01563], [-14.355615, 33.01563]], [[28.20831, 15.42493], [44.20831, 15.42493], [44.20831, 21.42493], [28.20831, 21.42493], [28.20831, 15.42493]]], "node_id": [0, 1, 2, 3, 4, 5, 6, 7, 8, 9]}