{"corners": [[[0.297625, 0.279905], [8.297625, 0.279905], [8.297625, 15.279905], [0.297625, 15.279905], [0.297625, 0.279905]], [[8.434995, 11.833825], [8.434995, 3.833825], [23.434995, 3.833825000000001], [23.434995, 11.833825000000001], [8.434995, 11.833825]], [[31.395405, 15.442890000000002], [23.395405, 15.44289], [23.395405, 0.44289], [31.395405000000004, 0.4428900000000018], [31.395405, 15.442890000000002]], [[30.347155, 15.419275000000003], [30.347155, 23.419275], [24.347155, 23.419275], [24.347155, 15.419275], [30.347155, 15.419275000000003]], [[24.018755, 15.401215], [24.018755, 23.401215], [18.018755, 23.401215], [18.018755, 15.401214999999999], [24.018755, 15.401215]], [[-7.770135, 0.18522], [0.229865, 0.18522], [0.229865, 15.18522], [-7.770135, 15.18522], [-7.770135, 0.18522]], [[13.01821, 23.289424999999998], [29.01821, 23.289425], [29.01821, 29.289425], [13.018209999999998, 29.289424999999998], [13.01821, 23.289424999999998]], [[-15.56939, 4.525475], [-7.56939, 4.525475], [-7.56939, 10.525475], [-15.56939, 10.525475], [-15.56939, 4.525475]], [[-23.85331, 0.00994], [-15.85331, 0.00994], [-15.85331, 15.00994], [-23.85331, 15.00994], [-23.85331, 0.00994]], [[-16.57472, -7.70148], [-16.57472, 0.29852], [-22.57472, 0.29852], [-22.57472, -7.70148], [-16.57472, -7.70148]]], "node_id": [0, 1, 2, 3, 4, 5, 6, 7, 8, 9]}