{"corners": [[[0.35812, 0.444095], [8.35812, 0.444095], [8.35812, 15.444095], [0.35812, 15.444095], [0.35812, 0.444095]], [[11.6847, -7.812285], [11.6847, 0.187715], [-3.3153, 0.18771500000000177], [-3.3153, -7.812284999999999], [11.6847, -7.812285]], [[19.906115, -0.5147850000000009], [11.906115, -0.5147849999999998], [11.906115, -6.514785], [19.906115, -6.514785000000001], [19.906115, -0.5147850000000009]], [[12.73772, -6.698829999999999], [12.737719999999998, -14.69883], [18.73772, -14.69883], [18.73772, -6.69883], [12.73772, -6.698829999999999]], [[12.808635000000002, 7.060745], [12.808635, -0.939255], [18.808635, -0.9392550000000017], [18.808635, 7.060744999999999], [12.808635000000002, 7.060745]], [[18.564134999999993, -30.597515], [18.564134999999997, -14.597515], [12.564134999999998, -14.597514999999996], [12.564134999999993, -30.597514999999998], [18.564134999999993, -30.597515]], [[0.409695, -13.50387], [8.409695, -13.50387], [8.409695, -7.50387], [0.409695, -7.50387], [0.409695, -13.50387]], [[-2.219485000000002, -18.746494999999992], [-2.2194850000000055, -26.746494999999992], [12.780514999999994, -26.746495], [12.780514999999998, -18.746495], [-2.219485000000002, -18.746494999999992]], [[-2.035305000000003, -19.896139999999992], [-10.035305000000003, -19.89613999999999], [-10.035305000000003, -25.89613999999999], [-2.035305000000005, -25.896139999999992], [-2.035305000000003, -19.896139999999992]], [[27.6672, -0.7778400000000018], [19.6672, -0.7778400000000009], [19.6672, -6.777840000000001], [27.6672, -6.777840000000002], [27.6672, -0.7778400000000018]]], "node_id": [0, 1, 2, 3, 4, 5, 6, 7, 8, 9]}