{"corners": [[[0.15043, 0.30715], [8.15043, 0.30715], [8.15043, 15.30715], [0.15043, 15.30715], [0.15043, 0.30715]], [[16.477215, 15.297005], [8.477215, 15.297005000000002], [8.477214999999998, 0.2970050000000018], [16.477214999999998, 0.297005], [16.477215, 15.297005]], [[16.188245, 4.97909], [32.188245, 4.979089999999997], [32.188245, 10.979089999999996], [16.188245, 10.97909], [16.188245, 4.97909]], [[9.469760000000003, 23.04793], [9.46976, 15.04793], [15.46976, 15.047929999999997], [15.469760000000003, 23.04793], [9.469760000000003, 23.04793]], [[21.427935, 4.602479999999999], [21.427935, -3.397520000000001], [27.427935, -3.3975200000000028], [27.427935, 4.602479999999998], [21.427935, 4.602479999999999]], [[27.249845, -2.429730000000002], [43.249845, -2.429730000000006], [43.249845, 3.5702699999999945], [27.249845, 3.570269999999998], [27.249845, -2.429730000000002]], [[8.377444999999994, -14.989399999999998], [16.377444999999994, -14.9894], [16.377444999999998, 0.0106], [8.377444999999998, 0.010600000000001776], [8.377444999999994, -14.989399999999998]], [[9.1718, 15.06873], [9.171800000000001, 23.06873], [-5.828199999999998, 23.068730000000006], [-5.8282, 15.068730000000006], [9.1718, 15.06873]], [[0.49414499999999645, -10.186709999999996], [8.494144999999996, -10.186709999999998], [8.494144999999998, -4.186709999999998], [0.4941449999999979, -4.186709999999996], [0.49414499999999645, -10.186709999999996]], [[8.156129999999992, -20.655165], [16.156129999999994, -20.655165000000004], [16.156129999999994, -14.655165000000002], [8.156129999999994, -14.655165], [8.156129999999992, -20.655165]]], "node_id": [0, 1, 2, 3, 4, 5, 6, 7, 8, 9]}