{"corners": [[[0.39927, 0.25042], [16.39927, 0.25042], [16.39927, 6.25042], [0.39927, 6.25042], [0.39927, 0.25042]], [[16.06071, 7.32113], [16.06071, -0.67887], [22.06071, -0.67887], [22.06071, 7.32113], [16.06071, 7.32113]], [[0.4405100000000004, 6.349365], [-7.55949, 6.349365000000001], [-7.55949, 0.34936500000000087], [0.4405099999999996, 0.349365], [0.4405100000000004, 6.349365]], [[12.242060000000002, 21.326705], [4.242060000000002, 21.326705], [4.24206, 6.326705000000002], [12.24206, 6.3267050000000005], [12.242060000000002, 21.326705]], [[4.19204, -5.75419], [12.19204, -5.75419], [12.19204, 0.24581], [4.19204, 0.24581], [4.19204, -5.75419]], [[-7.92859, -4.577794999999999], [-7.928589999999999, 11.422205], [-13.92859, 11.422205], [-13.92859, -4.577794999999999], [-7.92859, -4.577794999999999]], [[4.384665, 16.930575], [-3.615335, 16.930575], [-3.615335, 10.930575], [4.384664999999999, 10.930575], [4.384665, 16.930575]], [[16.040855, 27.39478], [0.040855, 27.394780000000004], [0.040855, 21.39478], [16.040855, 21.39478], [16.040855, 27.39478]], [[-29.874375, 0.31165000000000087], [-13.874375, 0.31165000000000087], [-13.874375, 6.311650000000001], [-29.874375, 6.311650000000001], [-29.874375, 0.31165000000000087]], [[22.33461, 0.34794500000000045], [30.33461, 0.34794500000000045], [30.33461, 6.347945], [22.33461, 6.347945], [22.33461, 0.34794500000000045]]], "node_id": [0, 1, 2, 3, 4, 5, 6, 7, 8, 9]}