{"corners": [[[0.11265, 0.477805], [16.11265, 0.477805], [16.11265, 6.477805], [0.11265, 6.477805], [0.11265, 0.477805]], [[-14.669625, 7.2764299999999995], [-14.669625, -0.7235700000000009], [0.330375, -0.72357], [0.330375, 7.27643], [-14.669625, 7.2764299999999995]], [[16.40503, 0.341954999999999], [0.40503, 0.341955000000001], [0.40503, -5.6580449999999995], [16.40503, -5.658045000000001], [16.40503, 0.341954999999999]], [[0.9748349999999991, 13.04803], [-15.025165, 13.048029999999999], [-15.025165, 7.048029999999998], [0.9748349999999999, 7.04803], [0.9748349999999991, 13.04803]], [[16.16696, 5.204784999999999], [16.166959999999996, -10.795215], [22.166959999999996, -10.795215], [22.16696, 5.204784999999998], [16.16696, 5.204784999999999]], [[0.8912449999999983, 19.34204], [-15.108755000000002, 19.342039999999997], [-15.108755000000002, 13.342039999999999], [0.891244999999999, 13.34204], [0.8912449999999983, 19.34204]], [[-21.019330000000004, 24.08709], [-21.019330000000004, 8.08709], [-15.019330000000004, 8.08709], [-15.019330000000004, 24.08709], [-21.019330000000004, 24.08709]], [[15.239424999999995, -16.741245], [23.239424999999994, -16.741245000000003], [23.239424999999997, -10.741245000000001], [15.239424999999997, -10.741245], [15.239424999999995, -16.741245]], [[16.486224999999994, -16.98009], [16.48622499999999, -32.98009], [22.48622499999999, -32.98009], [22.486224999999994, -16.98009], [16.486224999999994, -16.98009]], [[22.392315, -5.942635000000003], [38.392315, -5.942635000000006], [38.392315, 0.05736499999999378], [22.392315, 0.057364999999997335], [22.392315, -5.942635000000003]]], "node_id": [0, 1, 2, 3, 4, 5, 6, 7, 8, 9]}