{"corners": [[[0.252905, 0.25243], [8.252905, 0.25243], [8.252905, 6.25243], [0.252905, 6.25243], [0.252905, 0.25243]], [[23.195795, -0.8423200000000008], [23.195795, 7.157679999999999], [8.195795, 7.157680000000001], [8.195795, -0.84232], [23.195795, -0.8423200000000008]], [[11.656305, 7.363554999999999], [19.656305, 7.363554999999999], [19.656305, 13.363555], [11.656305, 13.363555], [11.656305, 7.363554999999999]], [[7.413709999999999, -15.822125], [7.41371, 0.177875], [1.41371, 0.177875], [1.4137099999999991, -15.822125], [7.413709999999999, -15.822125]], [[-3.7013100000000008, -21.56296], [12.29869, -21.56296], [12.29869, -15.56296], [-3.7013100000000008, -15.56296], [-3.7013100000000008, -21.56296]], [[1.318184999999999, 22.13835], [1.318185, 6.13835], [7.318185, 6.13835], [7.318184999999999, 22.13835], [1.318184999999999, 22.13835]], [[12.907495, -0.9135099999999999], [12.907494999999997, -16.91351], [18.907494999999997, -16.91351], [18.907495, -0.9135100000000009], [12.907495, -0.9135099999999999]], [[-11.87551, -21.764755], [-3.87551, -21.764755], [-3.87551, -15.764755], [-11.87551, -15.764755], [-11.87551, -21.764755]], [[-11.946225, -26.58846], [-11.946224999999998, -10.58846], [-17.946225, -10.58846], [-17.946225, -26.58846], [-11.946225, -26.58846]], [[-10.88246, -26.694105], [-18.88246, -26.694105], [-18.88246, -41.694105], [-10.882460000000002, -41.694105], [-10.88246, -26.694105]]], "node_id": [0, 1, 2, 3, 4, 5, 6, 7, 8, 9]}