{"corners": [[[0.45988, 0.41215], [16.45988, 0.41215], [16.45988, 6.4121500000000005], [0.45988, 6.4121500000000005], [0.45988, 0.41215]], [[11.2922, -15.74907], [11.292200000000001, 0.25093], [5.292200000000001, 0.25093], [5.2922, -15.74907], [11.2922, -15.74907]], [[-14.990295, 7.334994999999999], [-14.990295, -0.665005000000001], [0.009705, -0.6650050000000001], [0.009705, 7.334995], [-14.990295, 7.334994999999999]], [[24.48206, 6.209579999999999], [16.48206, 6.20958], [16.48206, 0.20958], [24.48206, 0.2095799999999991], [24.48206, 6.209579999999999]], [[0.9252349999999991, 13.05899], [-15.074765, 13.058989999999998], [-15.074765, 7.058989999999998], [0.9252349999999998, 7.05899], [0.9252349999999991, 13.05899]], [[12.218905000000001, 21.15854], [4.218905000000002, 21.15854], [4.218905, 6.158540000000002], [12.218905, 6.15854], [12.218905000000001, 21.15854]], [[12.250739999999999, 6.44947], [20.25074, 6.449469999999998], [20.25074, 21.44947], [12.250740000000002, 21.44947], [12.250739999999999, 6.44947]], [[11.171475, -31.87302], [11.171475000000001, -15.87302], [5.171475000000001, -15.87302], [5.171475, -31.87302], [11.171475, -31.87302]], [[11.439755000000002, 0.306885], [11.439754999999998, -15.693115], [17.439755, -15.693115], [17.439755, 0.3068849999999989], [11.439755000000002, 0.306885]], [[11.206919999999998, -15.652585], [11.206919999999995, -31.652585], [17.206919999999997, -31.652585], [17.20692, -15.652585], [11.206919999999998, -15.652585]]], "node_id": [0, 1, 2, 3, 4, 5, 6, 7, 8, 9]}