{"corners": [[[0.156555, 0.23417], [16.156555, 0.23417], [16.156555, 6.23417], [0.156555, 6.23417], [0.156555, 0.23417]], [[16.17981, 0.34294], [32.17981, 0.34294], [32.17981, 6.3429400000000005], [16.17981, 6.3429400000000005], [16.17981, 0.34294]], [[27.006345, 6.22003], [27.006345, 22.22003], [21.006345, 22.22003], [21.006345, 6.22003], [27.006345, 6.22003]], [[35.410175, 17.112975], [27.410175, 17.112975], [27.410175, 11.112975], [35.410175, 11.112975], [35.410175, 17.112975]], [[20.045195, -5.5806000000000004], [28.045195, -5.5806000000000004], [28.045195, 0.4194], [20.045195, 0.4194], [20.045195, -5.5806000000000004]], [[15.56996, -7.57683], [15.56996, 0.42317], [0.56996, 0.42317000000000177], [0.56996, -7.576829999999999], [15.56996, -7.57683]], [[13.49593, 11.013715], [21.49593, 11.013715], [21.49593, 17.013715], [13.49593, 17.013715], [13.49593, 11.013715]], [[51.270295, 17.006085], [35.270295, 17.006085000000002], [35.270295, 11.006085000000002], [51.270295, 11.006085], [51.270295, 17.006085]], [[35.35609, 17.443350000000002], [51.35609, 17.44335], [51.35609, 23.44335], [35.35609, 23.443350000000002], [35.35609, 17.443350000000002]], [[4.05292, 6.493065], [12.05292, 6.493065], [12.05292, 21.493065], [4.05292, 21.493065], [4.05292, 6.493065]]], "node_id": [0, 1, 2, 3, 4, 5, 6, 7, 8, 9]}