{"corners": [[[0.17455, 0.259665], [8.17455, 0.259665], [8.17455, 15.259665], [0.17455, 15.259665], [0.17455, 0.259665]], [[23.046415, 3.848044999999999], [23.046415, 11.848045], [8.046415, 11.848045], [8.046415, 3.848045], [23.046415, 3.848044999999999]], [[-7.722185, 4.96399], [0.277815, 4.96399], [0.277815, 10.96399], [-7.722185, 10.96399], [-7.722185, 4.96399]], [[12.60149, 3.788955], [12.601489999999998, -4.211045], [18.60149, -4.211045000000002], [18.60149, 3.788954999999999], [12.60149, 3.788955]], [[-7.727245, 10.510155], [0.272755, 10.510155], [0.272755, 16.510155], [-7.727245, 16.510155], [-7.727245, 10.510155]], [[34.507355, 2.6634899999999972], [18.507355, 2.663489999999999], [18.507355, -3.336510000000001], [34.507355, -3.3365100000000028], [34.507355, 2.6634899999999972]], [[-7.99408, -0.40132], [-7.994079999999999, 15.59868], [-13.99408, 15.59868], [-13.99408, -0.4013199999999996], [-7.99408, -0.40132]], [[12.759479999999998, -4.250094999999999], [12.759479999999995, -20.250095], [18.759479999999996, -20.250095], [18.75948, -4.250095], [12.759479999999998, -4.250094999999999]], [[8.069765000000002, 19.90259], [8.069765, 11.90259], [23.069765, 11.902589999999996], [23.069765, 19.902589999999996], [8.069765000000002, 19.90259]], [[-7.77575, -8.232075], [-7.7757499999999995, -0.23207499999999998], [-13.77575, -0.23207499999999998], [-13.77575, -8.232075], [-7.77575, -8.232075]]], "node_id": [0, 1, 2, 3, 4, 5, 6, 7, 8, 9]}