{"corners": [[[0.38324, 0.25601], [8.38324, 0.25601], [8.38324, 6.25601], [0.38324, 6.25601], [0.38324, 0.25601]], [[-5.741595000000001, 11.36493], [-5.741595, -4.63507], [0.258405, -4.63507], [0.2584049999999991, 11.36493], [-5.741595000000001, 11.36493]], [[8.26789, 11.49283], [8.26789, -4.50717], [14.26789, -4.50717], [14.26789, 11.49283], [8.26789, 11.49283]], [[22.183295, 6.340515000000001], [14.183295, 6.340515], [14.183295, 0.340515], [22.183295, 0.3405150000000009], [22.183295, 6.340515000000001]], [[22.250945, 11.45542], [22.250945, -4.54458], [28.250945, -4.54458], [28.250945, 11.45542], [22.250945, 11.45542]], [[7.475765, -19.67227], [15.475764999999999, -19.67227], [15.475764999999999, -4.67227], [7.475765, -4.67227], [7.475765, -19.67227]], [[28.15401, 0.048885], [44.15401, 0.048885], [44.15401, 6.048885], [28.15401, 6.048885], [28.15401, 0.048885]], [[32.087555, -5.86717], [40.087555, -5.86717], [40.087555, 0.13283], [32.087555, 0.13283], [32.087555, -5.86717]], [[21.289360000000002, -15.578825], [21.28936, 0.421175], [15.28936, 0.42117499999999825], [15.289360000000004, -15.578825], [21.289360000000002, -15.578825]], [[21.306430000000006, -31.6641], [21.306430000000002, -15.6641], [15.306430000000004, -15.6641], [15.306430000000008, -31.6641], [21.306430000000006, -31.6641]]], "node_id": [0, 1, 2, 3, 4, 5, 6, 7, 8, 9]}