{"corners": [[[0.438155, 0.48914], [8.438155, 0.48914], [8.438155, 6.48914], [0.438155, 6.48914], [0.438155, 0.48914]], [[7.104399999999999, -15.89998], [7.1044, 0.10002], [1.1044, 0.10002], [1.1043999999999992, -15.89998], [7.104399999999999, -15.89998]], [[1.2478299999999998, -11.600175], [1.2478300000000002, -3.600175], [-13.75217, -3.6001749999999983], [-13.75217, -11.600174999999998], [1.2478299999999998, -11.600175]], [[11.726419999999997, -23.95451], [11.726419999999997, -15.95451], [-3.2735800000000017, -15.954509999999999], [-3.2735800000000017, -23.95451], [11.726419999999997, -23.95451]], [[11.670055, -11.853365], [11.670054999999996, -27.853365], [17.670054999999998, -27.853365], [17.670055, -11.853365000000002], [11.670055, -11.853365]]], "node_id": [0, 1, 2, 3, 4]}