{"corners": [[[0.456235, 0.495665], [16.456235, 0.495665], [16.456235, 6.495665], [0.456235, 6.495665], [0.456235, 0.495665]], [[0.10562499999999975, -0.5818099999999999], [0.10562500000000025, 7.41819], [-5.894374999999999, 7.41819], [-5.894375, -0.5818099999999997], [0.10562499999999975, -0.5818099999999999]], [[11.39131, -7.984695], [11.39131, 0.015305], [5.391310000000001, 0.015305], [5.39131, -7.984695], [11.39131, -7.984695]], [[26.048655, -7.602445], [26.048655, 0.397555], [11.048655, 0.39755500000000177], [11.048655, -7.6024449999999995], [26.048655, -7.602445]], [[21.51297, -23.62229], [21.51297, -7.62229], [15.51297, -7.62229], [15.51297, -23.62229], [21.51297, -23.62229]], [[26.252535, -6.93726], [42.252535, -6.93726], [42.252535, -0.93726], [26.252535, -0.93726], [26.252535, -6.93726]], [[31.23017, -6.77807], [31.23017, -22.77807], [37.23017, -22.77807], [37.23017, -6.77807], [31.23017, -6.77807]], [[-13.700715, 0.174495], [-5.700715, 0.174495], [-5.700715, 6.174495], [-13.700715, 6.174495], [-13.700715, 0.174495]], [[-5.861919999999998, 21.205975], [-13.861919999999998, 21.205975], [-13.86192, 6.205975000000001], [-5.86192, 6.205975], [-5.861919999999998, 21.205975]], [[-5.725515, 0.1442949999999995], [-13.725515, 0.1442950000000005], [-13.725515, -5.855705], [-5.725515000000001, -5.855705000000001], [-5.725515, 0.1442949999999995]]], "node_id": [0, 1, 2, 3, 4, 5, 6, 7, 8, 9]}