{"corners": [[[0.10163, 0.38176], [8.10163, 0.38176], [8.10163, 6.38176], [0.10163, 6.38176], [0.10163, 0.38176]], [[0.14127499999999976, -0.81837], [0.14127500000000026, 7.18163], [-14.858725, 7.181630000000002], [-14.858725, -0.8183699999999992], [0.14127499999999976, -0.81837]], [[14.176235, -4.76129], [14.176235000000002, 11.23871], [8.176235, 11.23871], [8.176235, -4.76129], [14.176235, -4.76129]], [[22.49909, 10.67362], [14.49909, 10.673620000000001], [14.499089999999999, -4.326379999999999], [22.499089999999995, -4.32638], [22.49909, 10.67362]], [[18.687585, 11.048835], [18.687585, 19.048835], [3.687585, 19.048835], [3.687585, 11.048835000000002], [18.687585, 11.048835]], [[-11.43292, -15.8674], [-3.43292, -15.8674], [-3.43292, -0.8674], [-11.43292, -0.8674], [-11.43292, -15.8674]], [[-3.068975, -15.91794], [-11.068975, -15.917939999999998], [-11.068975000000002, -30.91794], [-3.068975000000002, -30.91794], [-3.068975, -15.91794]], [[22.253974999999997, -4.30306], [30.253974999999997, -4.303060000000002], [30.253975, 10.696939999999998], [22.253975, 10.69694], [22.253974999999997, -4.30306]], [[14.352005, 19.267215], [14.352005000000002, 35.267215], [8.352005, 35.267215], [8.352005, 19.267215], [14.352005, 19.267215]], [[30.0556, 30.064785], [14.0556, 30.064785000000004], [14.0556, 24.064785], [30.0556, 24.064785], [30.0556, 30.064785]]], "node_id": [0, 1, 2, 3, 4, 5, 6, 7, 8, 9]}