{"corners": [[[0.048545, 0.20272], [16.048545, 0.20272], [16.048545, 6.20272], [0.048545, 6.20272], [0.048545, 0.20272]], [[11.053425, 6.116], [11.053425000000002, 22.116], [5.053425000000001, 22.116], [5.053425, 6.116], [11.053425, 6.116]], [[16.38557, 0.160925], [24.38557, 0.160925], [24.38557, 6.160925], [16.38557, 6.160925], [16.38557, 0.160925]], [[0.22848500000000035, 6.092525], [-7.771515, 6.092525000000001], [-7.771515, 0.09252500000000088], [0.22848499999999963, 0.092525], [0.22848500000000035, 6.092525]], [[0.239385, 22.106455], [16.239385, 22.106455], [16.239385, 28.106455], [0.239385, 28.106455], [0.239385, 22.106455]], [[39.468, -0.7925150000000009], [39.468, 7.207484999999999], [24.468, 7.207485000000001], [24.468, -0.792515], [39.468, -0.7925150000000009]], [[-7.996515, -0.5970999999999991], [-7.996514999999999, 7.402900000000001], [-22.996515, 7.4029000000000025], [-22.996515, -0.5970999999999982], [-7.996515, -0.5970999999999991]], [[5.299830000000001, 17.35185], [-10.70017, 17.351850000000002], [-10.70017, 11.351850000000002], [5.29983, 11.35185], [5.299830000000001, 17.35185]], [[4.307965, -14.82209], [12.307965, -14.82209], [12.307965, 0.17791], [4.307965, 0.17791], [4.307965, -14.82209]], [[0.17133000000000093, 32.94016], [-7.828669999999999, 32.94016], [-7.82867, 17.94016], [0.1713299999999991, 17.94016], [0.17133000000000093, 32.94016]]], "node_id": [0, 1, 2, 3, 4, 5, 6, 7, 8, 9]}