{"corners": [[[0.42959, 0.339825], [8.42959, 0.339825], [8.42959, 6.339825], [0.42959, 6.339825], [0.42959, 0.339825]], [[1.363124999999999, 22.375605], [1.363125, 6.375605], [7.363125, 6.375605], [7.363124999999999, 22.375605], [1.363124999999999, 22.375605]], [[-3.110385, 0.30892999999999954], [-3.1103849999999995, -7.69107], [11.889615, -7.69107], [11.889615, 0.3089300000000004], [-3.110385, 0.30892999999999954]], [[-3.4796299999999993, -7.6998], [-3.4796299999999984, -15.6998], [11.52037, -15.6998], [11.52037, -7.699799999999999], [-3.4796299999999993, -7.6998]], [[26.987695, -15.619075], [26.987695, -7.619075], [11.987695, -7.619074999999998], [11.987695, -15.619074999999999], [26.987695, -15.619075]]], "node_id": [0, 1, 2, 3, 4]}