{"corners": [[[0.252935, 0.3962], [8.252935, 0.3962], [8.252935, 6.3962], [0.252935, 6.3962], [0.252935, 0.3962]], [[7.250655, 6.492565], [7.250655000000001, 14.492565], [1.250655000000001, 14.492565], [1.250655, 6.492565], [7.250655, 6.492565]], [[-15.627065, 0.04684], [0.372935, 0.04684], [0.372935, 6.04684], [-15.627065, 6.04684], [-15.627065, 0.04684]], [[-3.75526, 0.2189699999999995], [-11.75526, 0.2189700000000005], [-11.755260000000002, -14.781029999999998], [-3.7552600000000016, -14.78103], [-3.75526, 0.2189699999999995]], [[-3.531365000000002, -14.964625], [-11.531365000000001, -14.964624999999998], [-11.531365000000001, -20.964625], [-3.5313650000000028, -20.964625], [-3.531365000000002, -14.964625]], [[12.15427, 0.381769999999999], [-3.84573, 0.381770000000001], [-3.84573, -5.618229999999999], [12.15427, -5.6182300000000005], [12.15427, 0.381769999999999]], [[11.395834999999998, -21.82454], [11.395834999999998, -13.82454], [-3.604165000000002, -13.824539999999999], [-3.604165000000002, -21.82454], [11.395834999999998, -21.82454]], [[-6.93145, 7.285775], [1.06855, 7.285775], [1.06855, 13.285775], [-6.93145, 13.285775], [-6.93145, 7.285775]], [[-23.66274, 0.214235], [-15.66274, 0.214235], [-15.66274, 6.214235], [-23.66274, 6.214235], [-23.66274, 0.214235]], [[-11.716470000000001, -21.914295], [-11.716470000000001, -13.914295], [-17.71647, -13.914295], [-17.71647, -21.914295], [-11.716470000000001, -21.914295]]], "node_id": [0, 1, 2, 3, 4, 5, 6, 7, 8, 9]}