{"corners": [[[0.186415, 0.01096], [8.186415, 0.01096], [8.186415, 15.01096], [0.186415, 15.01096], [0.186415, 0.01096]], [[8.117735000000001, 30.46286], [0.11773500000000178, 30.46286], [0.117735, 15.462860000000001], [8.117735, 15.46286], [8.117735000000001, 30.46286]], [[-14.74249, 26.724945000000005], [-14.742490000000002, 18.724945000000005], [0.25750999999999824, 18.724945], [0.25751, 26.724945], [-14.74249, 26.724945000000005]], [[1.01494, 0.4963299999999998], [1.0149400000000008, -15.50367], [7.014940000000001, -15.50367], [7.01494, 0.49633000000000016], [1.01494, 0.4963299999999998]], [[-6.958935, -15.34963], [1.041065, -15.34963], [1.041065, -0.34963], [-6.958935, -0.34963], [-6.958935, -15.34963]], [[-15.91443, 4.735815], [0.08557, 4.735815], [0.08557, 10.735815], [-15.91443, 10.735815], [-15.91443, 4.735815]], [[14.334705, 18.93784], [14.334705, 26.93784], [8.334705, 26.93784], [8.334705, 18.93784], [14.334705, 18.93784]], [[14.066195000000002, 30.69588], [14.066194999999999, 14.69588], [20.066195, 14.69588], [20.066195, 30.69588], [14.066195000000002, 30.69588]], [[7.010685, 0.32252], [7.0106850000000005, -15.67748], [13.010685, -15.67748], [13.010685, 0.32252000000000036], [7.010685, 0.32252]], [[12.05843, -15.738779999999998], [-3.94157, -15.73878], [-3.94157, -21.73878], [12.05843, -21.73878], [12.05843, -15.738779999999998]]], "node_id": [0, 1, 2, 3, 4, 5, 6, 7, 8, 9]}