{"corners": [[[0.006315, 0.26835], [8.006315, 0.26835], [8.006315, 6.26835], [0.006315, 6.26835], [0.006315, 0.26835]], [[8.037465, 0.03988999999999951], [0.037465, 0.039890000000000495], [0.03746499999999822, -14.960109999999998], [8.037464999999997, -14.96011], [8.037465, 0.03988999999999951]], [[0.33771999999999863, -4.304255], [-7.662280000000002, -4.3042549999999995], [-7.662280000000002, -10.304255], [0.33771999999999786, -10.304255], [0.33771999999999863, -4.304255]], [[1.0526249999999981, -14.91113], [1.0526249999999968, -22.91113], [7.052624999999996, -22.91113], [7.052624999999998, -14.911130000000002], [1.0526249999999981, -14.91113]], [[8.27729, -3.130555000000001], [8.277289999999999, -11.130555], [14.277289999999999, -11.130555000000003], [14.27729, -3.130555000000002], [8.27729, -3.130555000000001]], [[1.4071899999999977, -15.628805], [-14.592810000000002, -15.628804999999998], [-14.592810000000002, -21.628805], [1.407189999999997, -21.628805], [1.4071899999999977, -15.628805]], [[-30.945425, -21.889079999999996], [-14.945425, -21.88908], [-14.945425, -15.88908], [-30.945425, -15.889079999999996], [-30.945425, -21.889079999999996]], [[-36.91989, -14.949419999999996], [-36.91989, -22.949419999999996], [-30.91989, -22.94942], [-30.91989, -14.949419999999998], [-36.91989, -14.949419999999996]], [[-44.8501, -21.909124999999992], [-36.8501, -21.909124999999996], [-36.8501, -15.909124999999994], [-44.8501, -15.909124999999992], [-44.8501, -21.909124999999992]], [[8.46844, 12.079745], [0.46844, 12.079745000000003], [0.46844, 6.079745000000001], [8.46844, 6.079745], [8.46844, 12.079745]]], "node_id": [0, 1, 2, 3, 4, 5, 6, 7, 8, 9]}