{"corners": [[[0.40338, 0.05525], [8.40338, 0.05525], [8.40338, 15.05525], [0.40338, 15.05525], [0.40338, 0.05525]], [[8.33989, 11.922835], [8.33989, 3.922835], [14.33989, 3.922835], [14.33989, 11.922835], [8.33989, 11.922835]], [[8.088250000000002, 30.1085], [0.08825000000000177, 30.1085], [0.08825, 15.108500000000001], [8.08825, 15.1085], [8.088250000000002, 30.1085]], [[23.10278, 18.694345], [23.10278, 26.694345], [8.10278, 26.694345], [8.10278, 18.694345], [23.10278, 18.694345]], [[-3.14004, 0.23243499999999953], [-3.1400399999999995, -7.767565], [11.85996, -7.767565], [11.85996, 0.23243500000000047], [-3.14004, 0.23243499999999953]]], "node_id": [0, 1, 2, 3, 4]}