{"corners": [[[0.35094, 0.001645], [8.35094, 0.001645], [8.35094, 15.001645], [0.35094, 15.001645], [0.35094, 0.001645]], [[14.276095, -0.146185], [14.276095000000002, 15.853815], [8.276095, 15.853815], [8.276095, -0.14618499999999962], [14.276095, -0.146185]], [[8.241035, 0.4702049999999995], [0.241035, 0.4702050000000005], [0.24103499999999822, -14.529794999999998], [8.241034999999998, -14.529795], [8.241035, 0.4702049999999995]], [[0.4016899999999995, -0.05499999999999999], [0.4016900000000005, 15.945], [-5.59831, 15.945], [-5.598310000000001, -0.054999999999999605], [0.4016899999999995, -0.05499999999999999]], [[8.393934999999999, -14.8752], [0.3939349999999982, -14.875199999999998], [0.3939349999999982, -20.8752], [8.393934999999997, -20.8752], [8.393934999999999, -14.8752]]], "node_id": [0, 1, 2, 3, 4]}