{"corners": [[[0.290365, 0.021105], [8.290365, 0.021105], [8.290365, 6.021105], [0.290365, 6.021105], [0.290365, 0.021105]], [[8.48226, 7.31629], [8.48226, -0.68371], [23.48226, -0.6837099999999992], [23.48226, 7.316290000000001], [8.48226, 7.31629]], [[0.37215000000000037, 6.289635], [-15.62785, 6.289635000000001], [-15.62785, 0.28963500000000175], [0.3721499999999996, 0.289635], [0.37215000000000037, 6.289635]], [[1.32501, 0.07010999999999983], [1.325010000000001, -15.92989], [7.325010000000001, -15.92989], [7.32501, 0.07011000000000019], [1.32501, 0.07010999999999983]], [[-10.85308, 0.11349000000000144], [-10.853080000000002, -7.886509999999999], [-4.853080000000002, -7.88651], [-4.85308, 0.11349000000000033], [-10.85308, 0.11349000000000144]], [[0.39531, 6.265975], [8.39531, 6.265975], [8.39531, 21.265975], [0.39531, 21.265975], [0.39531, 6.265975]], [[29.206415, -0.7261649999999991], [29.206415, 7.273835000000001], [23.206415, 7.273835000000001], [23.206415, -0.7261649999999988], [29.206415, -0.7261649999999991]], [[8.44616, 17.94247], [8.44616, 9.94247], [23.44616, 9.94247], [23.44616, 17.94247], [8.44616, 17.94247]], [[29.071675, 0.3068900000000009], [45.071675, 0.3068900000000009], [45.071675, 6.306890000000001], [29.071675, 6.306890000000001], [29.071675, 0.3068900000000009]], [[-23.78837, 0.35544500000000356], [-15.78837, 0.3554450000000016], [-15.788369999999999, 6.355445000000001], [-23.78837, 6.355445000000003], [-23.78837, 0.35544500000000356]]], "node_id": [0, 1, 2, 3, 4, 5, 6, 7, 8, 9]}