{"corners": [[[0.28359, 0.0552], [8.28359, 0.0552], [8.28359, 6.0552], [0.28359, 6.0552], [0.28359, 0.0552]], [[7.311535, -7.95967], [7.311535000000001, 0.04033], [1.311535000000001, 0.04033], [1.3115350000000001, -7.95967], [7.311535, -7.95967]], [[22.451405, -7.68873], [22.451405, 0.31127], [7.451405, 0.31127000000000177], [7.451405, -7.688729999999999], [22.451405, -7.68873]], [[-3.840875, 6.41408], [12.159125, 6.41408], [12.159125, 12.41408], [-3.840875, 12.41408], [-3.840875, 6.41408]], [[16.05412, 6.326264999999999], [8.05412, 6.326265], [8.05412, 0.326265], [16.05412, 0.32626499999999914], [16.05412, 6.326264999999999]], [[22.02495, -6.53907], [30.02495, -6.53907], [30.02495, -0.5390699999999999], [22.02495, -0.5390699999999999], [22.02495, -6.53907]], [[-3.985485, -13.932945], [12.014515, -13.932945], [12.014515, -7.932945], [-3.985485, -7.932945], [-3.985485, -13.932945]], [[1.0947349999999996, 20.204175], [1.094735, 12.204175], [7.094735, 12.204175], [7.094735, 20.204175], [1.0947349999999996, 20.204175]], [[0.448805, -19.728845], [8.448805, -19.728845], [8.448805, -13.728845], [0.448805, -13.728845], [0.448805, -19.728845]], [[0.09658500000000037, 6.001685], [-7.903415, 6.001685000000001], [-7.903415, 0.0016850000000008883], [0.09658499999999964, 0.001685], [0.09658500000000037, 6.001685]]], "node_id": [0, 1, 2, 3, 4, 5, 6, 7, 8, 9]}