{"corners": [[[0.38502, 0.35566], [16.38502, 0.35566], [16.38502, 6.35566], [0.38502, 6.35566], [0.38502, 0.35566]], [[-7.95923, -4.03598], [0.04077, -4.03598], [0.04077, 10.96402], [-7.95923, 10.96402], [-7.95923, -4.03598]], [[16.44179, -4.2216000000000005], [24.44179, -4.2216000000000005], [24.44179, 10.7784], [16.44179, 10.7784], [16.44179, -4.2216000000000005]], [[-7.74356, -4.74683], [-7.743559999999999, 11.25317], [-13.74356, 11.25317], [-13.74356, -4.74683], [-7.74356, -4.74683]], [[23.35424, 10.62168], [23.35424, 26.62168], [17.35424, 26.62168], [17.35424, 10.62168], [23.35424, 10.62168]], [[17.305515, 34.642415], [17.305515, 26.642415], [23.305515, 26.642415], [23.305515, 34.642415], [17.305515, 34.642415]], [[12.09221, -10.342545], [28.09221, -10.342545], [28.09221, -4.342545], [12.09221, -4.342545], [12.09221, -10.342545]], [[0.052070000000001775, 25.781685], [-7.947929999999999, 25.781685], [-7.94793, 10.781685000000001], [0.052069999999999936, 10.781685], [0.052070000000001775, 25.781685]], [[23.44051, 15.89796], [31.44051, 15.89796], [31.44051, 21.89796], [23.44051, 21.89796], [23.44051, 15.89796]], [[11.164265, 22.80142], [11.164264999999999, 14.80142], [17.164265, 14.801419999999998], [17.164265, 22.80142], [11.164265, 22.80142]]], "node_id": [0, 1, 2, 3, 4, 5, 6, 7, 8, 9]}