{"corners": [[[0.23557, 0.226845], [8.23557, 0.226845], [8.23557, 15.226845], [0.23557, 15.226845], [0.23557, 0.226845]], [[8.30841, 21.402505], [0.30841, 21.402505], [0.30841, 15.402505], [8.308409999999999, 15.402505], [8.30841, 21.402505]], [[1.478345, 0.38718499999999983], [1.478345000000001, -15.612815], [7.478345000000001, -15.612815], [7.478345, 0.38718500000000017], [1.478345, 0.38718499999999983]], [[-15.865825, 4.683925], [0.134175, 4.683925], [0.134175, 10.683925], [-15.865825, 10.683925], [-15.865825, 4.683925]], [[7.346560000000001, -15.195325], [15.34656, -15.195325], [15.34656, -0.19532500000000003], [7.346560000000001, -0.19532500000000003], [7.346560000000001, -15.195325]], [[-15.866355, -1.049735], [0.133645, -1.049735], [0.133645, 4.950265], [-15.866355, 4.950265], [-15.866355, -1.049735]], [[-23.833065, 0.35666], [-15.833065, 0.35666], [-15.833065, 15.35666], [-23.833065, 15.35666], [-23.833065, 0.35666]], [[15.272935, -10.80132], [31.272935, -10.80132], [31.272935, -4.80132], [15.272935, -4.80132], [15.272935, -10.80132]], [[7.397535, -30.27775], [15.397535, -30.27775], [15.397535, -15.27775], [7.397535, -15.27775], [7.397535, -30.27775]], [[-15.720345, 21.177735], [-23.720345000000002, 21.177735], [-23.720345000000002, 15.177735], [-15.720345, 15.177735], [-15.720345, 21.177735]]], "node_id": [0, 1, 2, 3, 4, 5, 6, 7, 8, 9]}