{"corners": [[[0.431405, 0.21345], [16.431405, 0.21345], [16.431405, 6.21345], [0.431405, 6.21345], [0.431405, 0.21345]], [[16.13555, 0.402009999999999], [0.13555, 0.402010000000001], [0.13555, -5.597989999999999], [16.13555, -5.597990000000001], [16.13555, 0.402009999999999]], [[0.38662500000000094, 4.721720000000001], [-7.613375, 4.721720000000002], [-7.613375, -10.278279999999997], [0.38662499999999905, -10.27828], [0.38662500000000094, 4.721720000000001]], [[-7.738089999999999, 4.970035000000003], [0.26191000000000086, 4.970035000000001], [0.2619100000000044, 19.970035], [-7.738089999999995, 19.970035000000003], [-7.738089999999999, 4.970035000000003]], [[16.241725, -5.993450000000001], [24.241725, -5.993450000000003], [24.241725, 0.006549999999997336], [16.241725, 0.006549999999999112], [16.241725, -5.993450000000001]], [[17.10978, -5.597720000000001], [17.109779999999997, -21.59772], [23.109779999999997, -21.59772], [23.10978, -5.597720000000002], [17.10978, -5.597720000000001]], [[32.160365, 0.24959999999999422], [24.160365, 0.24959999999999716], [24.160365, -5.7504000000000035], [32.160365, -5.750400000000005], [32.160365, 0.24959999999999422]], [[6.247350000000002, 8.266939999999998], [6.247350000000004, 16.266939999999998], [0.24735000000000443, 16.26694], [0.24735000000000176, 8.26694], [6.247350000000002, 8.266939999999998]], [[-11.621244999999996, 19.782110000000003], [4.3787550000000035, 19.78211], [4.3787550000000035, 25.78211], [-11.621244999999995, 25.782110000000003], [-11.621244999999996, 19.782110000000003]], [[25.246675, -5.559240000000003], [25.246674999999996, -13.559240000000004], [31.246674999999996, -13.559240000000004], [31.246675, -5.559240000000005], [25.246675, -5.559240000000003]]], "node_id": [0, 1, 2, 3, 4, 5, 6, 7, 8, 9]}