{"corners": [[[0.113065, 0.02941], [16.113065, 0.02941], [16.113065, 6.02941], [0.113065, 6.02941], [0.113065, 0.02941]], [[5.422759999999999, 22.14427], [5.42276, 6.14427], [11.42276, 6.14427], [11.42276, 22.14427], [5.422759999999999, 22.14427]], [[11.405515, 22.48], [11.405515000000001, 38.48], [5.405515000000001, 38.48], [5.405515, 22.48], [11.405515, 22.48]], [[16.009605, 11.404845], [16.009605, -4.595155], [22.009605, -4.595155], [22.009605, 11.404845], [16.009605, 11.404845]], [[22.370255, 11.06789], [22.370255, 19.06789], [16.370255, 19.06789], [16.370255, 11.06789], [22.370255, 11.06789]], [[11.0757, -10.63452], [27.0757, -10.63452], [27.0757, -4.63452], [11.0757, -4.63452], [11.0757, -10.63452]], [[11.43313, -11.622265], [11.43313, -3.622265], [-3.5668699999999998, -3.6222649999999983], [-3.5668699999999998, -11.622264999999999], [11.43313, -11.622265]], [[-0.9636849999999982, 34.44171], [-0.9636849999999997, 26.44171], [5.036315, 26.44171], [5.036315000000002, 34.44171], [-0.9636849999999982, 34.44171]], [[22.401885, 12.02881], [30.401885, 12.02881], [30.401885, 18.02881], [22.401885, 18.02881], [22.401885, 12.02881]], [[27.15697, -3.725105], [27.15697, -11.725105], [42.15697, -11.725105], [42.15697, -3.7251049999999992], [27.15697, -3.725105]]], "node_id": [0, 1, 2, 3, 4, 5, 6, 7, 8, 9]}