{"corners": [[[0.345955, 0.472675], [8.345955, 0.472675], [8.345955, 15.472675], [0.345955, 15.472675], [0.345955, 0.472675]], [[0.3078500000000004, 10.995535], [-7.69215, 10.995535000000002], [-7.69215, 4.995535000000001], [0.3078499999999996, 4.995535], [0.3078500000000004, 10.995535]], [[8.163615, 4.934325], [24.163615, 4.934325], [24.163615, 10.934325], [8.163615, 10.934325], [8.163615, 4.934325]], [[-7.705599999999999, 15.48744], [-15.7056, 15.487440000000001], [-15.7056, 0.48744000000000176], [-7.705600000000002, 0.48744], [-7.705599999999999, 15.48744]], [[1.0426999999999995, 23.22715], [1.0427, 15.22715], [7.0427, 15.22715], [7.0427, 23.22715], [1.0426999999999995, 23.22715]]], "node_id": [0, 1, 2, 3, 4]}