{"corners": [[[0.29157, 0.12682], [8.29157, 0.12682], [8.29157, 15.12682], [0.29157, 15.12682], [0.29157, 0.12682]], [[1.2916, 0.43926499999999985], [1.2916000000000005, -7.560735], [7.291600000000001, -7.560735], [7.2916, 0.4392650000000002], [1.2916, 0.43926499999999985]], [[8.198135, 4.906925], [24.198135, 4.906925], [24.198135, 10.906925], [8.198135, 10.906925], [8.198135, 4.906925]], [[24.366215, 0.00953], [32.366215, 0.00953], [32.366215, 15.00953], [24.366215, 15.00953], [24.366215, 0.00953]], [[7.338045, -15.590265], [7.338045000000001, -7.590265], [1.3380450000000008, -7.590265], [1.338045, -15.590265], [7.338045, -15.590265]], [[1.244665, -15.749345], [1.2446649999999986, -23.749345], [7.244664999999999, -23.749345], [7.244665, -15.749345], [1.244665, -15.749345]], [[38.312415, 3.798385], [38.312415, 11.798385], [32.312415, 11.798385], [32.312415, 3.7983850000000006], [38.312415, 3.798385]], [[-13.67553, -7.691069999999997], [-13.675530000000002, -15.691069999999996], [1.3244699999999983, -15.69107], [1.32447, -7.69107], [-13.67553, -7.691069999999997]], [[1.3915199999999999, -0.6790149999999999], [-6.60848, -0.6790150000000008], [-6.608479999999999, -6.679015000000001], [1.3915200000000008, -6.679015], [1.3915199999999999, -0.6790149999999999]], [[19.325765, -3.17294], [19.325765, 4.82706], [13.325765, 4.82706], [13.325765, -3.1729399999999996], [19.325765, -3.17294]]], "node_id": [0, 1, 2, 3, 4, 5, 6, 7, 8, 9]}