{"corners": [[[0.00428, 0.343765], [8.00428, 0.343765], [8.00428, 15.343765], [0.00428, 15.343765], [0.00428, 0.343765]], [[0.08322999999999975, 3.749095], [0.08323000000000025, 11.749095], [-14.91677, 11.749095000000002], [-14.91677, 3.749095000000001], [0.08322999999999975, 3.749095]], [[7.41248, 15.120695], [7.412480000000001, 31.120695], [1.4124800000000008, 31.120695], [1.41248, 15.120695], [7.41248, 15.120695]], [[-20.93666, 15.849625000000003], [-20.936660000000003, -0.15037499999999643], [-14.936660000000003, -0.15037499999999643], [-14.93666, 15.849625000000001], [-20.93666, 15.849625000000003]], [[-11.388215, -11.01797], [-3.388215, -11.01797], [-3.388215, 3.98203], [-11.388215, 3.98203], [-11.388215, -11.01797]], [[1.2952050000000022, 39.48937], [1.2952050000000006, 31.48937], [7.295205, 31.48937], [7.295205000000002, 39.48937], [1.2952050000000022, 39.48937]], [[-11.21968, -26.125145], [-3.21968, -26.125145], [-3.21968, -11.125145], [-11.21968, -11.125145], [-11.21968, -26.125145]], [[-10.15128, 15.807380000000002], [-10.151279999999998, 23.80738], [-25.15128, 23.807380000000006], [-25.15128, 15.807380000000007], [-10.15128, 15.807380000000002]], [[-10.182294999999996, 23.916755], [-10.182295, 15.916755], [-4.182295, 15.916754999999998], [-4.182294999999996, 23.916754999999995], [-10.182294999999996, 23.916755]], [[15.38596, 26.15144], [7.38596, 26.15144], [7.38596, 20.15144], [15.38596, 20.15144], [15.38596, 26.15144]]], "node_id": [0, 1, 2, 3, 4, 5, 6, 7, 8, 9]}