{"corners": [[[0.278085, 0.00515], [8.278085, 0.00515], [8.278085, 15.00515], [0.278085, 15.00515], [0.278085, 0.00515]], [[8.380115, 15.81265], [8.380115, -0.18735000000000002], [14.380115, -0.18735000000000002], [14.380115, 15.81265], [8.380115, 15.81265]], [[-5.829510000000001, 15.58374], [-5.82951, -0.41626], [0.17049, -0.41626], [0.17048999999999911, 15.58374], [-5.829510000000001, 15.58374]], [[1.001465, -0.4190099999999995], [-6.998535, -0.41901000000000044], [-6.998534999999999, -15.419010000000002], [1.0014650000000018, -15.41901], [1.001465, -0.4190099999999995]], [[-11.930615, 11.69518], [-11.930615, 3.69518], [-5.9306149999999995, 3.69518], [-5.930615, 11.69518], [-11.930615, 11.69518]]], "node_id": [0, 1, 2, 3, 4]}