{"corners": [[[0.21435, 0.38606], [16.21435, 0.38606], [16.21435, 6.38606], [0.21435, 6.38606], [0.21435, 0.38606]], [[5.06564, 0.35246999999999984], [5.065640000000001, -15.64753], [11.06564, -15.64753], [11.06564, 0.35247000000000017], [5.06564, 0.35246999999999984]], [[0.3481150000000004, 6.305255], [-7.651885, 6.305255000000001], [-7.651885, 0.3052550000000009], [0.3481149999999996, 0.305255], [0.3481150000000004, 6.305255]], [[16.06154, -15.774649999999998], [0.06154, -15.77465], [0.06154, -21.77465], [16.06154, -21.77465], [16.06154, -15.774649999999998]], [[11.3157, 6.13873], [11.315700000000001, 22.13873], [5.3157000000000005, 22.13873], [5.3157, 6.13873], [11.3157, 6.13873]], [[5.383320000000001, 10.303035], [5.383320000000002, 18.303035], [-0.6166799999999982, 18.303035], [-0.6166799999999991, 10.303035], [5.383320000000001, 10.303035]], [[-0.9970799999999995, 6.242850000000001], [-0.9970799999999985, 22.24285], [-6.997079999999999, 22.24285], [-6.99708, 6.242850000000001], [-0.9970799999999995, 6.242850000000001]], [[-6.723669999999996, 38.442225], [-6.7236699999999985, 22.442225], [-0.7236699999999983, 22.442225], [-0.7236699999999956, 38.442225], [-6.723669999999996, 38.442225]], [[-6.527949999999998, 17.237815], [-14.527949999999999, 17.237815], [-14.527949999999999, 11.237815], [-6.527949999999999, 11.237815], [-6.527949999999998, 17.237815]], [[16.018095, -21.953185], [24.018095, -21.953185], [24.018095, -15.953185], [16.018095, -15.953185], [16.018095, -21.953185]], [[-7.56186, -26.40329], [0.43814, -26.40329], [0.43814, -11.40329], [-7.56186, -11.40329], [-7.56186, -26.40329]]], "node_id": [0, 1, 2, 3, 4, 5, 6, 7, 8, 9, 10]}