{"corners": [[[0.279805, 0.239695], [16.279805, 0.239695], [16.279805, 6.239695], [0.279805, 6.239695], [0.279805, 0.239695]], [[16.23292, 0.09418], [24.23292, 0.09418], [24.23292, 6.09418], [16.23292, 6.09418], [16.23292, 0.09418]], [[17.07083, 0.2360149999999998], [17.07083, -15.763985], [23.07083, -15.763985], [23.07083, 0.2360150000000002], [17.07083, 0.2360149999999998]], [[17.049595, 14.34372], [17.049595, 6.34372], [23.049595, 6.34372], [23.049595, 14.34372], [17.049595, 14.34372]], [[16.15044, 12.42681], [0.15044, 12.426810000000001], [0.15044, 6.4268100000000015], [16.15044, 6.42681], [16.15044, 12.42681]]], "node_id": [0, 1, 2, 3, 4]}