{"corners": [[[0.15909, 0.266065], [8.15909, 0.266065], [8.15909, 6.266065], [0.15909, 6.266065], [0.15909, 0.266065]], [[24.091835, 6.038529999999998], [8.091835, 6.03853], [8.091835, 0.03853], [24.091835, 0.038529999999998225], [24.091835, 6.038529999999998]], [[24.351795, 7.070039999999998], [24.351795, -0.9299600000000018], [30.351795, -0.9299600000000036], [30.351795, 7.070039999999997], [24.351795, 7.070039999999998]], [[7.093459999999999, -15.652835], [7.09346, 0.347165], [1.09346, 0.347165], [1.0934599999999992, -15.652835], [7.093459999999999, -15.652835]], [[30.316035, 7.368394999999996], [30.316035000000003, 23.368394999999996], [24.316035000000007, 23.368395], [24.316035, 7.368394999999998], [30.316035, 7.368394999999996]], [[24.27077500000001, 39.363845], [24.270775000000004, 23.363845], [30.270775000000004, 23.363844999999998], [30.27077500000001, 39.363845], [24.27077500000001, 39.363845]], [[23.203195, -4.992880000000002], [7.203195, -4.99288], [7.203195, -10.99288], [23.203195, -10.992880000000001], [23.203195, -4.992880000000002]], [[45.343875, -0.5179250000000071], [45.343875, 7.482074999999993], [30.343875, 7.482074999999998], [30.343875, -0.5179250000000024], [45.343875, -0.5179250000000071]], [[23.262075, -10.687460000000002], [31.262075, -10.687460000000003], [31.262075, -4.687460000000003], [23.262075, -4.6874600000000015], [23.262075, -10.687460000000002]], [[53.0581, 6.46486999999999], [45.0581, 6.464869999999992], [45.0581, 0.464869999999992], [53.0581, 0.46486999999998935], [53.0581, 6.46486999999999]], [[30.044160000000005, 12.122064999999996], [46.04416, 12.122064999999992], [46.04416, 18.122064999999992], [30.044160000000005, 18.122064999999996], [30.044160000000005, 12.122064999999996]]], "node_id": [0, 1, 2, 3, 4, 5, 6, 7, 8, 9, 10]}