{"corners": [[[0.22973, 0.38435], [16.22973, 0.38435], [16.22973, 6.38435], [0.22973, 6.38435], [0.22973, 0.38435]], [[4.13256, -14.531235], [12.13256, -14.531235], [12.13256, 0.468765], [4.13256, 0.468765], [4.13256, -14.531235]], [[4.17366, -11.13866], [4.17366, -3.13866], [-10.82634, -3.138659999999998], [-10.82634, -11.138659999999998], [4.17366, -11.13866]], [[0.17283999999999974, -0.78772], [0.17284000000000024, 7.21228], [-14.82716, 7.212280000000002], [-14.82716, -0.7877199999999991], [0.17283999999999974, -0.78772]], [[-10.699415, -4.0768949999999995], [-26.699415, -4.076894999999998], [-26.699415, -10.076894999999997], [-10.699415, -10.076895], [-10.699415, -4.0768949999999995]], [[11.390145, -30.66579], [11.390145000000002, -14.66579], [5.390145000000001, -14.66579], [5.390145, -30.66579], [11.390145, -30.66579]], [[-10.580259999999999, -25.63437], [5.41974, -25.63437], [5.41974, -19.63437], [-10.580259999999999, -19.63437], [-10.580259999999999, -25.63437]], [[16.24413, 0.13002], [32.24413, 0.13002], [32.24413, 6.13002], [16.24413, 6.13002], [16.24413, 0.13002]], [[12.374775, -10.16221], [28.374775, -10.16221], [28.374775, -4.16221], [12.374775, -4.16221], [12.374775, -10.16221]], [[-4.005194999999999, 7.24464], [-4.005194999999998, 23.24464], [-10.005194999999999, 23.24464], [-10.005195, 7.24464], [-4.005194999999999, 7.24464]], [[-14.638344999999996, 31.308815], [-14.638344999999997, 23.308815], [0.3616550000000018, 23.308814999999996], [0.36165500000000356, 31.308814999999996], [-14.638344999999996, 31.308815]]], "node_id": [0, 1, 2, 3, 4, 5, 6, 7, 8, 9, 10]}