{"corners": [[[0.055965, 0.475565], [8.055965, 0.475565], [8.055965, 15.475565], [0.055965, 15.475565], [0.055965, 0.475565]], [[8.277620000000002, 30.194085], [0.27762000000000175, 30.194085], [0.27762, 15.194085000000001], [8.27762, 15.194085], [8.277620000000002, 30.194085]], [[8.19809, 0.08570999999999951], [0.19809, 0.08571000000000048], [0.19809, -5.91429], [8.198089999999999, -5.914290000000001], [8.19809, 0.08570999999999951]], [[0.19465999999999556, -20.841175], [8.194659999999995, -20.841175000000003], [8.194659999999999, -5.841175000000002], [0.19465999999999922, -5.841175], [0.19465999999999556, -20.841175]], [[-15.74954, 19.987830000000002], [0.25046, 19.98783], [0.25046, 25.98783], [-15.749539999999998, 25.987830000000002], [-15.74954, 19.987830000000002]], [[-3.7309499999999964, 31.75321], [-11.730949999999996, 31.753210000000003], [-11.730949999999998, 25.753210000000003], [-3.7309499999999987, 25.75321], [-3.7309499999999964, 31.75321]], [[0.40639500000000095, 15.363905], [-7.593604999999999, 15.363905000000003], [-7.593605, 0.36390500000000175], [0.40639499999999906, 0.363905], [0.40639500000000095, 15.363905]], [[-11.990514999999997, 31.632160000000002], [-3.9905149999999963, 31.63216], [-3.990514999999989, 46.63216], [-11.99051499999999, 46.63216], [-11.990514999999997, 31.632160000000002]], [[-5.911645000000002, -9.417995], [-5.911645000000004, -17.417995], [0.08835499999999645, -17.417995], [0.08835499999999823, -9.417995000000001], [-5.911645000000002, -9.417995]], [[8.205414999999999, 19.53569], [24.205415, 19.535689999999995], [24.205415, 25.535689999999995], [8.205415, 25.53569], [8.205414999999999, 19.53569]], [[24.31825, 31.994354999999995], [8.31825, 31.994355000000002], [8.318249999999997, 25.994355000000002], [24.318249999999995, 25.994354999999995], [24.31825, 31.994354999999995]]], "node_id": [0, 1, 2, 3, 4, 5, 6, 7, 8, 9, 10]}