{"corners": [[[0.01914, 0.23828], [8.01914, 0.23828], [8.01914, 6.23828], [0.01914, 6.23828], [0.01914, 0.23828]], [[-7.751045, 0.434545], [0.248955, 0.434545], [0.248955, 6.434545], [-7.751045, 6.434545], [-7.751045, 0.434545]], [[8.30459, 7.120505], [8.30459, -0.879495], [23.30459, -0.8794949999999991], [23.30459, 7.1205050000000005], [8.30459, 7.120505]], [[-7.856095, -4.6625], [-7.856094999999999, 11.3375], [-13.856095, 11.3375], [-13.856095, -4.6625], [-7.856095, -4.6625]], [[-21.55302, -4.074185], [-13.55302, -4.074185], [-13.55302, 10.925815], [-21.55302, 10.925815], [-21.55302, -4.074185]], [[1.3529349999999996, 14.01048], [1.352935, 6.01048], [7.352935, 6.01048], [7.352935, 14.01048], [1.3529349999999996, 14.01048]], [[-21.637115, -4.546945], [-21.637115, 11.453054999999999], [-27.637115, 11.453054999999999], [-27.637115, -4.546945], [-21.637115, -4.546945]], [[-14.90897, -10.90888], [-6.90897, -10.90888], [-6.90897, -4.90888], [-14.90897, -4.90888], [-14.90897, -10.90888]], [[-6.54778, -10.95686], [1.45222, -10.95686], [1.45222, -4.95686], [-6.54778, -4.95686], [-6.54778, -10.95686]], [[18.981225, -16.60826], [18.981225, -0.60826], [12.981225, -0.60826], [12.981225, -16.60826], [18.981225, -16.60826]], [[-20.72103, -4.497665], [-20.72103, -12.497665], [-14.72103, -12.497665], [-14.72103, -4.497665], [-20.72103, -4.497665]]], "node_id": [0, 1, 2, 3, 4, 5, 6, 7, 8, 9, 10]}