{"corners": [[[0.186705, 0.088835], [8.186705, 0.088835], [8.186705, 15.088835], [0.186705, 15.088835], [0.186705, 0.088835]], [[0.12912500000000035, 10.933635], [-15.870875, 10.933635000000002], [-15.870875, 4.9336350000000015], [0.12912499999999963, 4.933635], [0.12912500000000035, 10.933635]], [[8.369175, 0.3414449999999995], [0.369175, 0.3414450000000005], [0.3691749999999982, -14.658554999999998], [8.369174999999998, -14.658555], [8.369175, 0.3414449999999995]], [[8.25194, -3.298515000000001], [8.251939999999998, -11.298515], [14.251939999999998, -11.298515000000004], [14.25194, -3.298515000000002], [8.25194, -3.298515000000001]], [[16.35775, 10.51722], [8.35775, 10.517220000000002], [8.35775, 4.517220000000001], [16.35775, 4.51722], [16.35775, 10.51722]], [[0.2697199999999986, -4.31776], [-15.73028, -4.317759999999998], [-15.73028, -10.317759999999998], [0.26971999999999785, -10.31776], [0.2697199999999986, -4.31776]], [[9.403985, 4.589480000000002], [9.403984999999999, -3.410519999999998], [15.403984999999999, -3.41052], [15.403985, 4.589480000000001], [9.403985, 4.589480000000002]], [[-30.90775, 11.560405000000003], [-30.90775, 3.5604050000000034], [-15.90775, 3.560405], [-15.90775, 11.560405], [-30.90775, 11.560405000000003]], [[-3.59676, 15.326545], [12.40324, 15.326545], [12.40324, 21.326545], [-3.59676, 21.326545], [-3.59676, 15.326545]], [[-27.18128, 11.585225000000003], [-19.18128, 11.585225000000001], [-19.18128, 17.585225], [-27.18128, 17.585225000000005], [-27.18128, 11.585225000000003]], [[0.26699999999999646, -20.91497], [8.266999999999996, -20.914970000000004], [8.266999999999998, -14.914970000000002], [0.2669999999999979, -14.91497], [0.26699999999999646, -20.91497]]], "node_id": [0, 1, 2, 3, 4, 5, 6, 7, 8, 9, 10]}