{"corners": [[[0.04384, 0.46551], [16.04384, 0.46551], [16.04384, 6.46551], [0.04384, 6.46551], [0.04384, 0.46551]], [[5.09097, 0.14968499999999982], [5.09097, -15.850315], [11.09097, -15.850315], [11.09097, 0.1496850000000002], [5.09097, 0.14968499999999982]], [[16.10298, 0.28452], [24.10298, 0.28452], [24.10298, 6.28452], [16.10298, 6.28452], [16.10298, 0.28452]], [[24.373525, 11.30883], [24.373525, -4.69117], [30.373525, -4.69117], [30.373525, 11.30883], [24.373525, 11.30883]], [[5.202465, -15.76588], [5.202465000000001, -23.76588], [11.202465, -23.76588], [11.202465, -15.76588], [5.202465, -15.76588]], [[4.136015, -38.80088], [12.136015, -38.80088], [12.136015, -23.80088], [4.136015, -23.80088], [4.136015, -38.80088]], [[4.431145, -35.206745], [4.431145, -27.206745], [-10.568855, -27.206745], [-10.568855, -35.206745], [4.431145, -35.206745]], [[4.021975, -53.66803], [12.021975, -53.66803], [12.021975, -38.66803], [4.021975, -38.66803], [4.021975, -53.66803]], [[38.139815, 10.75778], [30.139815, 10.757779999999999], [30.139815, -4.242220000000001], [38.139815, -4.24222], [38.139815, 10.75778]], [[5.170864999999999, 22.30488], [5.170865, 6.30488], [11.170865, 6.30488], [11.170865, 22.30488], [5.170864999999999, 22.30488]], [[17.407805, 14.233455], [17.407805, 6.233455], [23.407805, 6.233455], [23.407805, 14.233455], [17.407805, 14.233455]]], "node_id": [0, 1, 2, 3, 4, 5, 6, 7, 8, 9, 10]}