{"corners": [[[0.41822, 0.11545], [8.41822, 0.11545], [8.41822, 15.11545], [0.41822, 15.11545], [0.41822, 0.11545]], [[11.85002, 15.01751], [11.85002, 23.01751], [-3.1499800000000002, 23.01751], [-3.1499800000000002, 15.017510000000001], [11.85002, 15.01751]], [[-3.58976, -5.6627600000000005], [12.41024, -5.6627600000000005], [12.41024, 0.33724], [-3.58976, 0.33724], [-3.58976, -5.6627600000000005]], [[18.30326, -6.72765], [18.30326, 1.2723499999999999], [12.30326, 1.2723499999999999], [12.30326, -6.72765], [18.30326, -6.72765]], [[17.849735, 15.393375], [17.849735, 23.393375], [11.849735, 23.393375], [11.849735, 15.393375], [17.849735, 15.393375]], [[18.21969, 1.24911], [18.21969, -6.75089], [33.21969, -6.750890000000004], [33.21969, 1.2491099999999973], [18.21969, 1.24911]], [[22.40863, 23.4012], [22.40863, 31.4012], [7.40863, 31.4012], [7.40863, 23.4012], [22.40863, 23.4012]], [[11.088505, 1.005505], [19.088505, 1.005505], [19.088505, 7.005505], [11.088505, 7.005505], [11.088505, 1.005505]], [[-3.2897200000000004, 11.328545], [-3.2897199999999995, 27.328545], [-9.28972, 27.328545], [-9.28972, 11.328545], [-3.2897200000000004, 11.328545]], [[-3.305865, 27.09574], [-3.3058649999999994, 35.09574], [-9.305865, 35.09574], [-9.305865, 27.09574], [-3.305865, 27.09574]], [[-9.70339, 5.4305], [-9.703389999999999, -10.5695], [-3.7033899999999993, -10.5695], [-3.70339, 5.4305], [-9.70339, 5.4305]]], "node_id": [0, 1, 2, 3, 4, 5, 6, 7, 8, 9, 10]}