{"corners": [[[0.38898, 0.09324], [16.38898, 0.09324], [16.38898, 6.09324], [0.38898, 6.09324], [0.38898, 0.09324]], [[5.107485, 0.1417799999999998], [5.1074850000000005, -15.85822], [11.107485, -15.85822], [11.107485, 0.14178000000000018], [5.107485, 0.1417799999999998]], [[24.137615, 6.014824999999999], [16.137615, 6.014825], [16.137615, 0.014825], [24.137615, 0.014824999999999111], [24.137615, 6.014824999999999]], [[11.249685, -3.85659], [11.249685, -11.85659], [17.249685, -11.85659], [17.249685, -3.8565899999999997], [11.249685, -3.85659]], [[5.3487, -15.576415], [5.348700000000001, -31.576415], [11.348700000000001, -31.576415], [11.348700000000001, -15.576415], [5.3487, -15.576415]]], "node_id": [0, 1, 2, 3, 4]}