{"corners": [[[0.03401, 0.091885], [8.03401, 0.091885], [8.03401, 15.091885], [0.03401, 15.091885], [0.03401, 0.091885]], [[8.34309, 11.82278], [8.34309, 3.82278], [23.34309, 3.8227800000000007], [23.34309, 11.822780000000002], [8.34309, 11.82278]], [[29.141725, -0.3438499999999991], [29.141725, 15.65615], [23.141725, 15.65615], [23.141725, -0.3438499999999987], [29.141725, -0.3438499999999991]], [[-3.97619, -5.734375], [12.02381, -5.734375], [12.02381, 0.265625], [-3.97619, 0.265625], [-3.97619, -5.734375]], [[35.041135, 3.580395000000001], [35.041135, 11.580395], [29.041135, 11.580395], [29.041135, 3.580395000000001], [35.041135, 3.580395000000001]], [[41.04972, 3.918720000000001], [41.04972, 11.91872], [35.04972, 11.91872], [35.04972, 3.9187200000000013], [41.04972, 3.918720000000001]], [[8.32851, -5.693760000000001], [0.32851, -5.69376], [0.32850999999999825, -20.69376], [8.328509999999998, -20.69376], [8.32851, -5.693760000000001]], [[35.354845, 11.926105], [35.354845, 19.926105], [29.354845, 19.926105], [29.354845, 11.926105], [35.354845, 11.926105]], [[7.316654999999997, -36.663045], [7.316654999999998, -20.663045], [1.3166549999999981, -20.663045], [1.3166549999999972, -36.663045], [7.316654999999997, -36.663045]], [[35.07947, 3.6504850000000015], [35.07947, -12.349514999999998], [41.07947, -12.349514999999998], [41.07947, 3.6504850000000006], [35.07947, 3.6504850000000015]], [[-5.62562, 11.900465], [-5.625619999999999, 3.900465], [0.3743800000000009, 3.900465], [0.37438, 11.900465], [-5.62562, 11.900465]]], "node_id": [0, 1, 2, 3, 4, 5, 6, 7, 8, 9, 10]}