{"corners": [[[0.380245, 0.052215], [16.380245, 0.052215], [16.380245, 6.052215], [0.380245, 6.052215], [0.380245, 0.052215]], [[-15.51113, 0.1724], [0.48887, 0.1724], [0.48887, 6.1724], [-15.51113, 6.1724], [-15.51113, 0.1724]], [[-21.948095, 7.064175], [-21.948095, -0.935825], [-15.948095, -0.935825], [-15.948095, 7.064175], [-21.948095, 7.064175]], [[-15.827135, -16.79228], [-15.827134999999998, -0.79228], [-21.827135, -0.79228], [-21.827135, -16.79228], [-15.827135, -16.79228]], [[-21.548725, -16.60285], [-21.548725, -0.60285], [-27.548725, -0.60285], [-27.548725, -16.60285], [-21.548725, -16.60285]]], "node_id": [0, 1, 2, 3, 4]}