{"corners": [[[0.303475, 0.085285], [16.303475, 0.085285], [16.303475, 6.085285], [0.303475, 6.085285], [0.303475, 0.085285]], [[0.3901349999999998, -0.891605], [0.39013500000000023, 7.108395], [-5.609864999999999, 7.108395], [-5.609865, -0.8916049999999996], [0.3901349999999998, -0.891605]], [[0.16855499999999868, -16.866495], [0.16855499999999965, -0.866495], [-5.831445, -0.866495], [-5.831445000000002, -16.866495], [0.16855499999999868, -16.866495]], [[-13.780955, -16.360955], [-5.780955, -16.360955], [-5.780955, -1.360955], [-13.780955, -1.360955], [-13.780955, -16.360955]], [[-5.899399999999996, 23.477325], [-5.899399999999999, 7.477325], [0.10060000000000088, 7.477325], [0.10060000000000355, 23.477325], [-5.899399999999996, 23.477325]], [[16.000775, 0.12512999999999902], [0.000775, 0.12513000000000096], [0.000775, -5.874869999999999], [16.000775, -5.8748700000000005], [16.000775, 0.12512999999999902]], [[-5.603555, -16.405485], [-13.603555, -16.405485], [-13.603555000000002, -31.405485], [-5.603555000000002, -31.405485], [-5.603555, -16.405485]], [[-5.538490000000002, -16.81044], [-5.538490000000004, -24.81044], [0.4615099999999964, -24.81044], [0.4615099999999982, -16.81044], [-5.538490000000002, -16.81044]], [[-12.642190000000001, -31.40212], [-12.642190000000005, -47.40212], [-6.642190000000005, -47.40212], [-6.642190000000002, -31.40212], [-12.642190000000001, -31.40212]], [[-29.821595, -26.514034999999996], [-13.821595, -26.514035], [-13.821595, -20.514035], [-29.821595, -20.514034999999996], [-29.821595, -26.514034999999996]], [[4.1803, 6.378515], [12.1803, 6.378515], [12.1803, 21.378515], [4.1803, 21.378515], [4.1803, 6.378515]]], "node_id": [0, 1, 2, 3, 4, 5, 6, 7, 8, 9, 10]}