{"corners": [[[0.26322, 0.011465], [8.26322, 0.011465], [8.26322, 15.011465], [0.26322, 15.011465], [0.26322, 0.011465]], [[8.389825, 0.198175], [16.389825, 0.198175], [16.389825, 15.198174999999999], [8.389825, 15.198174999999999], [8.389825, 0.198175]], [[1.2926749999999996, 23.29888], [1.292675, 15.29888], [7.292675, 15.29888], [7.292675, 23.29888], [1.2926749999999996, 23.29888]], [[16.425485, 4.529285], [32.425485, 4.529285], [32.425485, 10.529285], [16.425485, 10.529285], [16.425485, 4.529285]], [[1.3231949999999988, 39.087375], [1.3231949999999997, 23.087375], [7.323195, 23.087375], [7.323194999999998, 39.087375], [1.3231949999999988, 39.087375]], [[-4.905895000000001, 35.25981], [-4.905895, 27.25981], [1.0941049999999999, 27.25981], [1.094104999999999, 35.25981], [-4.905895000000001, 35.25981]], [[-4.5085500000000005, 27.43554], [-4.50855, 35.43554], [-10.50855, 35.43554], [-10.50855, 27.43554], [-4.5085500000000005, 27.43554]], [[7.0050849999999985, 39.060555], [7.005084999999999, 47.060555], [1.0050849999999991, 47.060555], [1.0050849999999982, 39.060555], [7.0050849999999985, 39.060555]], [[-7.54443, 4.79443], [0.45557, 4.79443], [0.45557, 10.79443], [-7.54443, 10.79443], [-7.54443, 4.79443]], [[1.2238749999999996, 15.02147], [1.223875, 23.02147], [-13.776125, 23.02147], [-13.776125, 15.021470000000003], [1.2238749999999996, 15.02147]], [[7.288315, 23.329405], [7.288315000000001, 15.329405], [13.288315, 15.329405], [13.288315, 23.329405], [7.288315, 23.329405]]], "node_id": [0, 1, 2, 3, 4, 5, 6, 7, 8, 9, 10]}