{"corners": [[[0.0673, 0.12576], [8.0673, 0.12576], [8.0673, 6.12576], [0.0673, 6.12576], [0.0673, 0.12576]], [[0.02667500000000037, 6.40949], [-15.973325, 6.409490000000002], [-15.973325, 0.4094900000000018], [0.026674999999999633, 0.40949], [0.02667500000000037, 6.40949]], [[7.41155, -7.85592], [7.411550000000001, 0.14408], [1.411550000000001, 0.14408], [1.41155, -7.85592], [7.41155, -7.85592]], [[-30.88831, 7.128900000000004], [-30.88831, -0.8710999999999955], [-15.88831, -0.8710999999999991], [-15.88831, 7.128900000000002], [-30.88831, 7.128900000000004]], [[-27.373970000000003, -15.927304999999997], [-19.373970000000003, -15.927304999999999], [-19.37397, -0.9273049999999983], [-27.37397, -0.9273049999999965], [-27.373970000000003, -15.927304999999997]], [[-43.19539, -11.282779999999994], [-27.19539, -11.282779999999997], [-27.19539, -5.282779999999996], [-43.19539, -5.282779999999993], [-43.19539, -11.282779999999994]], [[-51.031265, -11.421479999999992], [-43.031265, -11.421479999999994], [-43.031265, -5.421479999999993], [-51.031265, -5.421479999999991], [-51.031265, -11.421479999999992]], [[-39.8207, -19.320544999999992], [-39.8207, -11.320544999999992], [-54.8207, -11.320544999999987], [-54.8207, -19.32054499999999], [-39.8207, -19.320544999999992]], [[-3.80868, -13.657025], [12.19132, -13.657025], [12.19132, -7.657025], [-3.80868, -7.657025], [-3.80868, -13.657025]], [[-15.620170000000007, -23.799935], [-15.620170000000003, -15.799935], [-30.62017000000001, -15.799934999999994], [-30.62017000000001, -23.799934999999998], [-15.620170000000007, -23.799935]], [[-9.922650000000012, -27.827115], [-9.922650000000006, -11.827115], [-15.922650000000008, -11.827114999999996], [-15.922650000000012, -27.827114999999996], [-9.922650000000012, -27.827115]]], "node_id": [0, 1, 2, 3, 4, 5, 6, 7, 8, 9, 10]}