{"corners": [[[0.43589, 0.12053], [8.43589, 0.12053], [8.43589, 6.12053], [0.43589, 6.12053], [0.43589, 0.12053]], [[-3.11747, 0.21898999999999952], [-3.1174699999999995, -7.78101], [11.88253, -7.78101], [11.88253, 0.21899000000000046], [-3.11747, 0.21898999999999952]], [[27.56955, -0.6108949999999977], [11.56955, -0.6108949999999997], [11.56955, -6.610895], [27.56955, -6.610894999999998], [27.56955, -0.6108949999999977]], [[35.800785, -0.9109599999999969], [27.800785, -0.9109599999999979], [27.800785, -6.910959999999998], [35.800785, -6.910959999999997], [35.800785, -0.9109599999999969]], [[-3.077695, -7.640385], [-3.0776949999999994, 0.359615], [-18.077695, 0.3596150000000018], [-18.077695, -7.640384999999999], [-3.077695, -7.640385]], [[7.111055, 6.07688], [7.111055000000001, 14.07688], [1.1110550000000008, 14.07688], [1.111055, 6.07688], [7.111055, 6.07688]], [[23.658365, -12.728274999999998], [39.658365, -12.728274999999998], [39.658365, -6.728274999999998], [23.658365, -6.728274999999998], [23.658365, -12.728274999999998]], [[39.38084, -20.83128], [39.38084, -12.83128], [24.38084, -12.831279999999998], [24.38084, -20.83128], [39.38084, -20.83128]], [[8.19731, 20.038995], [0.19731, 20.038995], [0.19731, 14.038995], [8.19731, 14.038995], [8.19731, 20.038995]], [[-26.295435, -6.972449999999999], [-18.295435, -6.972449999999999], [-18.295435, -0.9724499999999991], [-26.295435, -0.9724499999999991], [-26.295435, -6.972449999999999]], [[8.279345, 21.01839], [8.279344999999998, 13.01839], [14.279344999999998, 13.018389999999998], [14.279345, 21.01839], [8.279345, 21.01839]]], "node_id": [0, 1, 2, 3, 4, 5, 6, 7, 8, 9, 10]}