{"corners": [[[0.162865, 0.294025], [8.162865, 0.294025], [8.162865, 6.2940249999999995], [0.162865, 6.2940249999999995], [0.162865, 0.294025]], [[8.17139, 7.07745], [8.17139, -0.92255], [14.17139, -0.92255], [14.17139, 7.07745], [8.17139, 7.07745]], [[22.083715, 10.940510000000002], [14.083715, 10.94051], [14.083715000000002, -4.05949], [22.083715000000005, -4.0594899999999985], [22.083715, 10.940510000000002]], [[15.09769, -4.055919999999999], [15.097690000000002, -20.05592], [21.09769, -20.05592], [21.09769, -4.055919999999999], [15.09769, -4.055919999999999]], [[-14.561995, 7.419974999999999], [-14.561995, -0.5800250000000009], [0.438005, -0.580025], [0.438005, 7.419975], [-14.561995, 7.419974999999999]], [[1.161135, 0.2847799999999998], [1.161135000000001, -15.71522], [7.161135000000001, -15.71522], [7.161135, 0.28478000000000014], [1.161135, 0.2847799999999998]], [[-30.88614, 0.4722399999999991], [-14.88614, 0.4722399999999991], [-14.88614, 6.472239999999999], [-30.88614, 6.472239999999999], [-30.88614, 0.4722399999999991]], [[15.27809, 18.670845], [15.27809, 10.670845], [21.27809, 10.670845], [21.27809, 18.670845], [15.27809, 18.670845]], [[15.377605, -20.138795000000002], [15.377605000000003, -36.138795], [21.377605, -36.138795], [21.377605, -20.138795000000002], [15.377605, -20.138795000000002]], [[8.226515, -15.84089], [0.226515, -15.84089], [0.22651500000000177, -30.84089], [8.226515000000001, -30.84089], [8.226515, -15.84089]], [[-10.08053, -0.6964450000000002], [-10.08053, -8.696445], [-4.0805299999999995, -8.696445], [-4.0805299999999995, -0.6964449999999999], [-10.08053, -0.6964450000000002]]], "node_id": [0, 1, 2, 3, 4, 5, 6, 7, 8, 9, 10]}