{"corners": [[[0.275025, 0.39157], [16.275025, 0.39157], [16.275025, 6.39157], [0.275025, 6.39157], [0.275025, 0.39157]], [[-7.84306, -4.01736], [0.15694, -4.01736], [0.15694, 10.98264], [-7.84306, 10.98264], [-7.84306, -4.01736]], [[-23.501945, 0.34246], [-7.501945, 0.34246], [-7.501945, 6.34246], [-23.501945, 6.34246], [-23.501945, 0.34246]], [[12.210425, 0.4678999999999995], [4.210425, 0.4679000000000005], [4.210424999999998, -14.532099999999998], [12.210424999999999, -14.5321], [12.210425, 0.4678999999999995]], [[4.43607, -4.439745000000001], [-11.56393, -4.439744999999999], [-11.56393, -10.439745], [4.436069999999999, -10.439745], [4.43607, -4.439745000000001]], [[-7.657315000000003, -25.475085], [0.34268499999999646, -25.475085000000004], [0.342685, -10.475085000000002], [-7.657315, -10.475085], [-7.657315000000003, -25.475085]], [[-6.527795, 18.83807], [-6.527794999999999, 10.83807], [-0.5277949999999991, 10.83807], [-0.527795, 18.83807], [-6.527795, 18.83807]], [[-11.989689999999998, 21.4174], [-19.98969, 21.4174], [-19.98969, 6.4174000000000015], [-11.98969, 6.4174], [-11.989689999999998, 21.4174]], [[-23.855935, 21.052645000000002], [-7.855935, 21.052645], [-7.855935, 27.052645], [-23.855935, 27.052645000000002], [-23.855935, 21.052645000000002]], [[16.175335, 7.36197], [16.175335, -0.63803], [31.175335, -0.6380299999999991], [31.175335, 7.361970000000001], [16.175335, 7.36197]], [[-23.749525, 6.09995], [-39.749525, 6.0999500000000015], [-39.749525, 0.09995000000000177], [-23.749525, 0.09995], [-23.749525, 6.09995]]], "node_id": [0, 1, 2, 3, 4, 5, 6, 7, 8, 9, 10]}