{"corners": [[[0.190065, 0.24691], [8.190065, 0.24691], [8.190065, 15.24691], [0.190065, 15.24691], [0.190065, 0.24691]], [[7.15168, 15.127645], [7.151680000000001, 23.127645], [1.151680000000001, 23.127645], [1.15168, 15.127645], [7.15168, 15.127645]], [[15.30114, 22.36218], [7.30114, 22.36218], [7.30114, 16.36218], [15.30114, 16.36218], [15.30114, 22.36218]], [[8.3106, 16.07125], [8.310599999999997, 8.07125], [14.310599999999997, 8.071249999999997], [14.3106, 16.07125], [8.3106, 16.07125]], [[14.11225, 22.15777], [14.112250000000001, 38.15777], [8.11225, 38.15777], [8.11225, 22.15777], [14.11225, 22.15777]]], "node_id": [0, 1, 2, 3, 4]}