{"corners": [[[0.157035, 0.234435], [8.157035, 0.234435], [8.157035, 15.234435], [0.157035, 15.234435], [0.157035, 0.234435]], [[1.494259999999999, 31.3612], [1.49426, 15.3612], [7.49426, 15.3612], [7.494259999999999, 31.3612], [1.494259999999999, 31.3612]], [[15.025785, 26.101725], [7.025785, 26.101725], [7.025785000000001, 20.101725], [15.025785, 20.101725], [15.025785, 26.101725]], [[-14.790065, 20.06702], [1.209935, 20.06702], [1.209935, 26.06702], [-14.790065, 26.06702], [-14.790065, 20.06702]], [[30.109935, 19.086575000000003], [30.109935, 27.086575000000003], [15.109934999999998, 27.086575], [15.109935, 19.086575], [30.109935, 19.086575000000003]], [[8.39693, 11.97699], [8.39693, 3.97699], [14.39693, 3.97699], [14.39693, 11.97699], [8.39693, 11.97699]], [[38.23333, 30.681210000000004], [30.23333, 30.681210000000004], [30.23333, 15.681210000000002], [38.23333, 15.681210000000004], [38.23333, 30.681210000000004]], [[-14.675355, 26.13304], [-30.675355, 26.133040000000005], [-30.675355, 20.13304], [-14.675355, 20.13304], [-14.675355, 26.13304]], [[-19.870165, 26.20537], [-19.870165, 42.20537], [-25.870165, 42.20537], [-25.870165, 26.20537], [-19.870165, 26.20537]], [[-26.98463, 42.42093], [-18.98463, 42.42093], [-18.98463, 57.42093], [-26.98463, 57.42093], [-26.98463, 42.42093]], [[-12.924335, 41.80512], [-12.924334999999997, 57.80512], [-18.924335, 57.80512], [-18.924335, 41.80512], [-12.924335, 41.80512]]], "node_id": [0, 1, 2, 3, 4, 5, 6, 7, 8, 9, 10]}