{"corners": [[[0.28918, 0.474755], [16.28918, 0.474755], [16.28918, 6.474755], [0.28918, 6.474755], [0.28918, 0.474755]], [[22.455585, -0.9242049999999999], [22.455585, 7.075795], [16.455585, 7.075795], [16.455585, -0.9242049999999997], [22.455585, -0.9242049999999999]], [[-14.831035, 7.087554999999999], [-14.831035, -0.9124450000000008], [0.168965, -0.912445], [0.168965, 7.087555], [-14.831035, 7.087554999999999]], [[-15.328575, 7.3251100000000005], [0.6714249999999999, 7.3251100000000005], [0.6714249999999999, 13.32511], [-15.328575, 13.32511], [-15.328575, 7.3251100000000005]], [[22.2581, 7.05029], [22.2581, -0.94971], [37.2581, -0.9497100000000036], [37.2581, 7.050289999999998], [22.2581, 7.05029]], [[11.139885, 6.045495], [11.139885, 14.045495], [5.1398850000000005, 14.045495], [5.139885, 6.045495], [11.139885, 6.045495]], [[26.75006, -0.5972250000000013], [26.750059999999998, -16.597225], [32.75006, -16.597225], [32.75006, -0.5972250000000024], [26.75006, -0.5972250000000013]], [[37.25408, 7.283119999999998], [37.25408, -0.7168800000000026], [43.25408, -0.7168800000000044], [43.25408, 7.283119999999997], [37.25408, 7.283119999999998]], [[-29.81773, 7.218874999999998], [-29.81773, -0.7811250000000018], [-14.81773, -0.781125000000001], [-14.81773, 7.218874999999999], [-29.81773, 7.218874999999998]], [[51.38107, 6.349354999999996], [43.38107, 6.3493549999999965], [43.38107, 0.3493549999999965], [51.38107, 0.3493549999999956], [51.38107, 6.349354999999996]], [[51.007745, 0.035039999999995956], [43.007745, 0.03503999999999694], [43.007745, -14.964960000000001], [51.007745, -14.964960000000003], [51.007745, 0.035039999999995956]]], "node_id": [0, 1, 2, 3, 4, 5, 6, 7, 8, 9, 10]}