{"corners": [[[0.15879, 0.261255], [8.15879, 0.261255], [8.15879, 6.261255], [0.15879, 6.261255], [0.15879, 0.261255]], [[0.08289499999999951, -4.998135], [0.08289500000000048, 11.001865], [-5.917105, 11.001865], [-5.917105000000001, -4.998135], [0.08289499999999951, -4.998135]], [[-20.67802, 7.088855000000002], [-20.67802, -0.9111449999999973], [-5.678020000000002, -0.9111450000000009], [-5.67802, 7.088855], [-20.67802, 7.088855000000002]], [[0.160765, -14.812305], [8.160765, -14.812305], [8.160765, 0.187695], [0.160765, 0.187695], [0.160765, -14.812305]], [[0.42944500000000047, 11.386915], [0.42944500000000146, 27.386915], [-5.570554999999998, 27.386915], [-5.570555, 11.386915], [0.42944500000000047, 11.386915]], [[16.42932, 10.64459], [8.42932, 10.64459], [8.429319999999999, -4.355409999999998], [16.429319999999997, -4.35541], [16.42932, 10.64459]], [[0.47715500000000133, 27.14309], [0.4771550000000023, 43.14309], [-5.5228449999999984, 43.14309], [-5.5228449999999984, 27.14309], [0.47715500000000133, 27.14309]], [[-5.554345, -4.516504999999999], [-5.554345000000002, -20.516505], [0.44565499999999736, -20.516505], [0.445655, -4.516505], [-5.554345, -4.516504999999999]], [[0.309609999999992, -36.99995], [0.3096099999999969, -20.99995], [-5.6903900000000025, -20.999949999999995], [-5.690390000000008, -36.99995], [0.309609999999992, -36.99995]], [[-11.894715, -4.892909999999998], [-11.894715000000003, -20.89291], [-5.894715000000002, -20.89291], [-5.894715, -4.892909999999999], [-11.894715, -4.892909999999998]], [[7.32671, 6.401815], [7.326710000000001, 14.401815], [1.326710000000001, 14.401815], [1.32671, 6.401815], [7.32671, 6.401815]]], "node_id": [0, 1, 2, 3, 4, 5, 6, 7, 8, 9, 10]}