{"corners": [[[0.042975, 0.209085], [8.042975, 0.209085], [8.042975, 15.209085], [0.042975, 15.209085], [0.042975, 0.209085]], [[-14.87967, 11.775525], [-14.87967, 3.775525], [0.12033, 3.775525000000001], [0.12033, 11.775525000000002], [-14.87967, 11.775525]], [[12.029555, 21.282725], [-3.970445, 21.282725000000003], [-3.970445, 15.282725000000001], [12.029555, 15.282725], [12.029555, 21.282725]], [[18.473725, 10.315315], [18.473725, 26.315315], [12.473725, 26.315315], [12.473725, 10.315315], [18.473725, 10.315315]], [[19.2915, 32.03093], [11.2915, 32.03093], [11.2915, 26.03093], [19.2915, 26.03093], [19.2915, 32.03093]]], "node_id": [0, 1, 2, 3, 4]}