{"corners": [[[0.233225, 0.266345], [8.233225, 0.266345], [8.233225, 6.266345], [0.233225, 6.266345], [0.233225, 0.266345]], [[7.42871, 6.42549], [7.428710000000001, 14.42549], [1.4287100000000008, 14.42549], [1.42871, 6.42549], [7.42871, 6.42549]], [[23.4562, -0.9816800000000009], [23.4562, 7.018319999999999], [8.4562, 7.018320000000001], [8.4562, -0.98168], [23.4562, -0.9816800000000009]], [[7.46816, 7.29545], [15.46816, 7.29545], [15.46816, 13.29545], [7.46816, 13.29545], [7.46816, 7.29545]], [[38.479535, -0.6611150000000018], [38.479535, 7.3388849999999985], [23.479535, 7.338885], [23.479535, -0.6611150000000009], [38.479535, -0.6611150000000018]], [[34.928835, 13.243924999999997], [26.928835, 13.243924999999999], [26.928835, 7.243924999999997], [34.928835, 7.243924999999996], [34.928835, 13.243924999999997]], [[50.94492, 13.277774999999995], [34.94492, 13.277774999999997], [34.94492, 7.2777749999999966], [50.94492, 7.277774999999995], [50.94492, 13.277774999999995]], [[27.5775, 21.371589999999998], [27.5775, 13.371589999999996], [33.5775, 13.371589999999994], [33.5775, 21.371589999999998], [27.5775, 21.371589999999998]], [[11.86725, 14.212115], [11.86725, 22.212115], [-3.13275, 22.212115], [-3.13275, 14.212115000000002], [11.86725, 14.212115]], [[0.06903999999999952, -4.7387], [0.06904000000000049, 11.2613], [-5.93096, 11.2613], [-5.930960000000001, -4.7387], [0.06903999999999952, -4.7387]], [[-5.54894, 6.33262], [-21.54894, 6.332620000000002], [-21.54894, 0.3326200000000018], [-5.548940000000001, 0.33262], [-5.54894, 6.33262]], [[38.34485, -8.561600000000002], [38.34485, -0.5616000000000018], [23.34485, -0.5616], [23.34485, -8.5616], [38.34485, -8.561600000000002]]], "node_id": [0, 1, 2, 3, 4, 5, 6, 7, 8, 9, 10, 11]}