{"corners": [[[0.24185, 0.477135], [16.24185, 0.477135], [16.24185, 6.477135], [0.24185, 6.477135], [0.24185, 0.477135]], [[0.14475499999999974, -0.675125], [0.14475500000000024, 7.3248750000000005], [-14.855245, 7.324875000000002], [-14.855245, -0.6751249999999991], [0.14475499999999974, -0.675125]], [[-14.960674999999998, 10.886155], [-22.960675, 10.886155000000002], [-22.960675, -4.113844999999998], [-14.960675, -4.1138449999999995], [-14.960674999999998, 10.886155]], [[-11.120085, -15.88436], [-3.120085, -15.88436], [-3.120085, -0.88436], [-11.120085, -0.88436], [-11.120085, -15.88436]], [[24.441255, 6.120664999999999], [16.441255, 6.120665], [16.441255, 0.120665], [24.441255, 0.1206649999999991], [24.441255, 6.120664999999999]], [[0.769245, -15.54959], [-15.230755, -15.549589999999998], [-15.230755, -21.54959], [0.7692449999999993, -21.54959], [0.769245, -15.54959]], [[32.12879, 10.758985], [24.12879, 10.758985], [24.12879, -4.241015], [32.128789999999995, -4.241015000000002], [32.12879, 10.758985]], [[-3.420939999999997, 22.41235], [-11.420939999999996, 22.41235], [-11.42094, 7.412350000000002], [-3.420939999999999, 7.41235], [-3.420939999999997, 22.41235]], [[-3.0349899999999956, 37.012765], [-11.034989999999997, 37.012765], [-11.034989999999997, 22.012765], [-3.0349899999999974, 22.012765], [-3.0349899999999956, 37.012765]], [[11.960900000000004, 25.701055], [11.960900000000004, 33.701055], [-3.0390999999999964, 33.701055], [-3.0390999999999964, 25.701055], [11.960900000000004, 25.701055]], [[19.573720000000005, 32.85032], [11.573720000000003, 32.85032], [11.573720000000003, 26.85032], [19.573720000000005, 26.85032], [19.573720000000005, 32.85032]], [[11.87609, 11.781225000000001], [19.87609, 11.781225], [19.876090000000005, 26.781225], [11.876090000000003, 26.781225], [11.87609, 11.781225000000001]]], "node_id": [0, 1, 2, 3, 4, 5, 6, 7, 8, 9, 10, 11]}