{"corners": [[[0.002765, 0.012175], [8.002765, 0.012175], [8.002765, 15.012175], [0.002765, 15.012175], [0.002765, 0.012175]], [[0.18577499999999975, 3.5562300000000002], [0.18577500000000025, 11.55623], [-14.814225, 11.556230000000001], [-14.814225, 3.556230000000001], [0.18577499999999975, 3.5562300000000002]], [[8.405055, 11.61719], [8.405055, 3.61719], [23.405055, 3.617190000000001], [23.405055, 11.617190000000003], [8.405055, 11.61719]], [[-14.976784999999996, 19.71499], [-14.976784999999998, 11.71499], [0.023215000000001776, 11.714989999999997], [0.023215000000003552, 19.714989999999997], [-14.976784999999996, 19.71499]], [[-14.678134999999997, 11.970465], [-14.678134999999996, 19.970465], [-29.678134999999997, 19.970465000000008], [-29.678135, 11.970465000000006], [-14.678134999999997, 11.970465]]], "node_id": [0, 1, 2, 3, 4]}