{"corners": [[[0.06164, 0.140415], [8.06164, 0.140415], [8.06164, 6.140415], [0.06164, 6.140415], [0.06164, 0.140415]], [[-5.752800000000001, 11.48309], [-5.7528, -4.51691], [0.2472, -4.51691], [0.24719999999999911, 11.48309], [-5.752800000000001, 11.48309]], [[8.28336, 7.074185], [8.28336, -0.925815], [23.28336, -0.9258149999999992], [23.28336, 7.074185000000001], [8.28336, 7.074185]], [[7.557725, 7.0200700000000005], [23.557725, 7.0200700000000005], [23.557725, 13.02007], [7.557725, 13.02007], [7.557725, 7.0200700000000005]], [[29.22601, -0.8675999999999991], [29.22601, 7.1324000000000005], [23.22601, 7.1324000000000005], [23.22601, -0.8675999999999988], [29.22601, -0.8675999999999991]], [[-5.893535, -4.75799], [-5.893534999999999, -12.75799], [0.10646500000000089, -12.75799], [0.106465, -4.75799], [-5.893535, -4.75799]], [[7.79681, 13.10617], [23.79681, 13.10617], [23.79681, 19.10617], [7.79681, 19.10617], [7.79681, 13.10617]], [[0.00275, -20.595535], [0.00275000000000049, -12.595535], [-5.997249999999999, -12.595535], [-5.99725, -20.595535], [0.00275, -20.595535]], [[23.15973, -0.8312049999999983], [23.15973, -8.831204999999999], [29.15973, -8.831205], [29.15973, -0.8312049999999994], [23.15973, -0.8312049999999983]], [[0.24104499999999912, -36.84036], [0.2410450000000001, -20.84036], [-5.758955, -20.84036], [-5.758955000000001, -36.84036], [0.24104499999999912, -36.84036]], [[23.183175, -1.7556199999999982], [7.183175, -1.7556199999999962], [7.183175, -7.755619999999997], [23.183175, -7.755619999999999], [23.183175, -1.7556199999999982]], [[-5.943965, -12.88949], [-5.9439649999999995, -4.88949], [-20.943965, -4.889489999999999], [-20.943965, -12.889489999999999], [-5.943965, -12.88949]]], "node_id": [0, 1, 2, 3, 4, 5, 6, 7, 8, 9, 10, 11]}