{"corners": [[[0.413485, 0.473325], [8.413485, 0.473325], [8.413485, 6.473325], [0.413485, 6.473325], [0.413485, 0.473325]], [[0.48182999999999976, -0.81365], [0.4818300000000002, 7.18635], [-14.51817, 7.186350000000002], [-14.51817, -0.8136499999999991], [0.48182999999999976, -0.81365]], [[0.4204, 6.04954], [8.4204, 6.04954], [8.4204, 12.04954], [0.4204, 12.04954], [0.4204, 6.04954]], [[-4.386125, -8.55358], [-4.386124999999999, -0.55358], [-10.386125, -0.55358], [-10.386125, -8.55358], [-4.386125, -8.55358]], [[8.202115, 7.4254999999999995], [8.202115, -0.5745], [14.202115, -0.5745], [14.202115, 7.4254999999999995], [8.202115, 7.4254999999999995]], [[-3.0247349999999984, 13.413545], [-11.024734999999998, 13.413545000000001], [-11.024734999999998, 7.413545000000001], [-3.0247349999999993, 7.413545], [-3.0247349999999984, 13.413545]], [[15.32316, -0.9872299999999996], [7.32316, -0.9872300000000005], [7.3231600000000014, -15.98723], [15.323160000000001, -15.98723], [15.32316, -0.9872299999999996]], [[-10.474119999999994, 29.251535], [-10.474119999999997, 13.251535], [-4.474119999999997, 13.251535], [-4.474119999999995, 29.251535], [-10.474119999999994, 29.251535]], [[-4.454709999999995, 29.31358], [-4.45470999999999, 45.31358], [-10.45470999999999, 45.31358], [-10.454709999999995, 29.313580000000005], [-4.454709999999995, 29.31358]], [[0.467955, 12.31732], [8.467955, 12.31732], [8.467955, 27.31732], [0.467955, 27.31732], [0.467955, 12.31732]], [[11.805195, 27.262715], [11.805195, 35.262715], [-3.194805, 35.262715], [-3.194805, 27.262715], [11.805195, 27.262715]], [[-10.115459999999995, 33.227825], [-10.115459999999993, 41.227825], [-16.11545999999999, 41.227825], [-16.11545999999999, 33.227825], [-10.115459999999995, 33.227825]]], "node_id": [0, 1, 2, 3, 4, 5, 6, 7, 8, 9, 10, 11]}