{"corners": [[[0.236465, 0.130215], [16.236465, 0.130215], [16.236465, 6.130215], [0.236465, 6.130215], [0.236465, 0.130215]], [[-5.795590000000001, 11.364805], [-5.79559, -4.635195], [0.20441, -4.635195], [0.20440999999999912, 11.364805], [-5.795590000000001, 11.364805]], [[-13.888155, -4.045985], [-5.888155, -4.045985], [-5.888155, 10.954015], [-13.888155, 10.954015], [-13.888155, -4.045985]], [[4.067425, -5.503925], [12.067425, -5.503925], [12.067425, 0.496075], [4.067425, 0.496075], [4.067425, -5.503925]], [[0.1344899999999991, 11.024085], [0.13449000000000008, 27.024085], [-5.8655100000000004, 27.024085], [-5.8655100000000004, 11.024085], [0.1344899999999991, 11.024085]], [[-5.634805, 15.141535], [-5.634804999999999, 23.141535], [-11.634805, 23.141535], [-11.634805, 15.141535], [-5.634805, 15.141535]], [[-17.956065, 27.03459], [-17.956065000000002, 11.03459], [-11.956065000000004, 11.03459], [-11.956065, 27.03459], [-17.956065, 27.03459]], [[-33.965365, 16.450765000000004], [-17.965365, 16.450765], [-17.965365, 22.450765], [-33.965365, 22.450765000000004], [-33.965365, 16.450765000000004]], [[-5.71256, 23.31231], [-5.712559999999999, 39.31231], [-11.71256, 39.31231], [-11.71256, 23.31231], [-5.71256, 23.31231]], [[12.24085, -5.56408], [28.240850000000002, -5.56408], [28.240850000000002, 0.43592], [12.24085, 0.43592], [12.24085, -5.56408]], [[-48.97946, 23.321595000000006], [-48.97946, 15.321595000000007], [-33.97946, 15.321595000000004], [-33.97946, 23.321595000000002], [-48.97946, 23.321595000000006]], [[-29.875720000000005, 1.0775400000000017], [-21.875720000000005, 1.0775399999999997], [-21.87572, 16.07754], [-29.87572, 16.07754], [-29.875720000000005, 1.0775400000000017]]], "node_id": [0, 1, 2, 3, 4, 5, 6, 7, 8, 9, 10, 11]}