{"corners": [[[0.202605, 0.478005], [8.202605, 0.478005], [8.202605, 15.478005], [0.202605, 15.478005], [0.202605, 0.478005]], [[7.272905, 15.47317], [7.272905000000001, 23.47317], [1.2729050000000008, 23.47317], [1.272905, 15.47317], [7.272905, 15.47317]], [[8.245980000000001, 38.105755], [0.24598000000000178, 38.105755], [0.24598, 23.105755], [8.24598, 23.105755], [8.245980000000001, 38.105755]], [[8.03856, 4.875245], [24.03856, 4.875245], [24.03856, 10.875245], [8.03856, 10.875245], [8.03856, 4.875245]], [[32.09556, 15.45909], [24.09556, 15.459090000000002], [24.09556, 0.4590900000000018], [32.09556, 0.45909], [32.09556, 15.45909]], [[13.141255, 4.894195], [13.141255, -3.105805], [19.141255, -3.105805], [19.141255, 4.894195], [13.141255, 4.894195]], [[0.45374000000000037, 33.595625], [-15.54626, 33.595625], [-15.54626, 27.595625], [0.4537399999999996, 27.595625], [0.45374000000000037, 33.595625]], [[7.04646, -7.96776], [7.046460000000001, 0.03224], [1.0464600000000008, 0.03224], [1.04646, -7.96776], [7.04646, -7.96776]], [[20.473545, -5.831779999999998], [36.473545, -5.831780000000002], [36.473545, 0.16821999999999823], [20.473545, 0.16822000000000178], [20.473545, -5.831779999999998]], [[-14.731945, 11.74244], [-14.731945, 3.74244], [0.268055, 3.742440000000001], [0.268055, 11.742440000000002], [-14.731945, 11.74244]], [[-14.662765, 3.72491], [-14.662765, 11.72491], [-29.662765, 11.724910000000001], [-29.662765, 3.724910000000001], [-14.662765, 3.72491]], [[31.33851, 15.33029], [31.33851, 31.33029], [25.33851, 31.33029], [25.33851, 15.33029], [31.33851, 15.33029]]], "node_id": [0, 1, 2, 3, 4, 5, 6, 7, 8, 9, 10, 11]}