{"corners": [[[0.09444, 0.47877], [8.09444, 0.47877], [8.09444, 15.47877], [0.09444, 15.47877], [0.09444, 0.47877]], [[-14.89346, 11.70491], [-14.89346, 3.70491], [0.10654, 3.704910000000001], [0.10654, 11.704910000000002], [-14.89346, 11.70491]], [[-30.869915, 4.68564], [-14.869915, 4.68564], [-14.869915, 10.68564], [-30.869915, 10.68564], [-30.869915, 4.68564]], [[1.0605599999999995, 23.4578], [1.06056, 15.4578], [7.06056, 15.4578], [7.06056, 23.4578], [1.0605599999999995, 23.4578]], [[7.499695, 23.356455], [7.499695000000001, 15.356455], [13.499695, 15.356455], [13.499695, 23.356455], [7.499695, 23.356455]], [[-14.97832, 3.5482000000000005], [-14.97832, -4.4518], [0.02168, -4.451799999999999], [0.02168, 3.5482000000000014], [-14.97832, 3.5482000000000005]], [[19.353775, 15.05649], [19.353775, 23.05649], [13.353775, 23.05649], [13.353775, 15.05649], [19.353775, 15.05649]], [[-18.785215, 4.608939999999999], [-26.785215, 4.60894], [-26.785215, -10.39106], [-18.785215000000004, -10.39106], [-18.785215, 4.608939999999999]], [[-14.882445, -10.304700000000002], [-30.882445, -10.3047], [-30.882445, -16.3047], [-14.882445, -16.3047], [-14.882445, -10.304700000000002]], [[0.147445, 11.863955], [0.1474450000000005, 19.863955], [-14.852555, 19.863955], [-14.852555, 11.863955000000002], [0.147445, 11.863955]], [[-29.877735, 19.705375000000004], [-29.877735, 11.705375000000004], [-14.877735000000001, 11.705375], [-14.877735, 19.705375], [-29.877735, 19.705375000000004]], [[13.07693, 15.23931], [13.076929999999999, 7.23931], [19.07693, 7.239309999999998], [19.07693, 15.239309999999998], [13.07693, 15.23931]]], "node_id": [0, 1, 2, 3, 4, 5, 6, 7, 8, 9, 10, 11]}