{"corners": [[[0.101875, 0.024885], [8.101875, 0.024885], [8.101875, 6.024885], [0.101875, 6.024885], [0.101875, 0.024885]], [[-7.524205, -4.062095], [0.475795, -4.062095], [0.475795, 10.937905], [-7.524205, 10.937905], [-7.524205, -4.062095]], [[-7.88195, -19.46623], [0.11805, -19.46623], [0.11805, -4.46623], [-7.88195, -4.46623], [-7.88195, -19.46623]], [[-6.56695, 18.55522], [-6.566949999999999, 10.55522], [-0.5669499999999992, 10.55522], [-0.5669500000000001, 18.55522], [-6.56695, 18.55522]], [[-6.901470000000001, 34.92374], [-6.90147, 18.92374], [-0.90147, 18.92374], [-0.9014700000000009, 34.92374], [-6.901470000000001, 34.92374]], [[0.35782499999999823, 40.679135], [-7.642175000000002, 40.679135], [-7.642175, 34.679135], [0.35782499999999895, 34.679135], [0.35782499999999823, 40.679135]], [[23.114165, -0.6557700000000009], [23.114165, 7.344229999999999], [8.114165, 7.3442300000000005], [8.114165, -0.65577], [23.114165, -0.6557700000000009]], [[0.314855, -19.28627], [8.314855, -19.28627], [8.314855, -4.28627], [0.314855, -4.28627], [0.314855, -19.28627]], [[14.17584, 22.643055], [14.17584, 30.643055], [-0.82416, 30.643055], [-0.82416, 22.643055], [14.17584, 22.643055]], [[14.076915, 23.758455], [22.076915, 23.758455], [22.076915, 29.758455], [14.076915, 29.758455], [14.076915, 23.758455]], [[21.289975, 7.85647], [21.289975, 23.85647], [15.289975, 23.85647], [15.289975, 7.85647], [21.289975, 7.85647]], [[-12.623055, 18.92337], [-12.623055, 10.92337], [-6.623054999999999, 10.92337], [-6.623055, 18.92337], [-12.623055, 18.92337]]], "node_id": [0, 1, 2, 3, 4, 5, 6, 7, 8, 9, 10, 11]}