{"corners": [[[0.32875, 0.46726], [8.32875, 0.46726], [8.32875, 15.46726], [0.32875, 15.46726], [0.32875, 0.46726]], [[0.3496149999999998, 3.51726], [0.34961500000000023, 11.51726], [-5.650384999999999, 11.51726], [-5.650385, 3.5172600000000003], [0.3496149999999998, 3.51726]], [[-13.66302, 4.53939], [-5.66302, 4.53939], [-5.66302, 10.53939], [-13.66302, 10.53939], [-13.66302, 4.53939]], [[0.391635, 11.653835], [0.391635000000001, 27.653835], [-5.608364999999999, 27.653835], [-5.608365, 11.653835], [0.391635, 11.653835]], [[-6.746544999999999, 27.65372], [1.2534550000000009, 27.65372], [1.2534550000000009, 42.65372], [-6.746544999999999, 42.65372], [-6.746544999999999, 27.65372]]], "node_id": [0, 1, 2, 3, 4]}