{"corners": [[[0.442815, 0.43321], [16.442815, 0.43321], [16.442815, 6.43321], [0.442815, 6.43321], [0.442815, 0.43321]], [[0.74562, 0.20702999999999952], [0.7456200000000004, -7.79297], [15.74562, -7.79297], [15.74562, 0.20703000000000046], [0.74562, 0.20702999999999952]], [[-15.52004, 0.14453], [0.47996, 0.14453], [0.47996, 6.14453], [-15.52004, 6.14453], [-15.52004, 0.14453]], [[-4.85648, -7.945295], [-4.8564799999999995, 0.054705], [-10.85648, 0.054705], [-10.85648, -7.945295], [-4.85648, -7.945295]], [[-21.54239, 7.238085], [-21.54239, -0.761915], [-15.54239, -0.761915], [-15.54239, 7.238085], [-21.54239, 7.238085]], [[-15.884075, 7.07898], [-15.884074999999998, 23.07898], [-21.884075, 23.07898], [-21.884075, 7.07898], [-15.884075, 7.07898]], [[-29.556975, 7.765595], [-21.556975, 7.765595], [-21.556975, 22.765595], [-29.556975, 22.765595], [-29.556975, 7.765595]], [[-21.756485, 6.05851], [-29.756485, 6.058509999999999], [-29.756485, 0.05850999999999911], [-21.756485, 0.05851], [-21.756485, 6.05851]], [[-21.852685, 0.4230199999999996], [-29.852685, 0.4230199999999986], [-29.852685, -5.576980000000001], [-21.852685, -5.57698], [-21.852685, 0.4230199999999996]], [[-35.731905, 1.3822349999999983], [-35.731905, -6.617765000000002], [-29.731905, -6.617765000000002], [-29.731905, 1.3822349999999985], [-35.731905, 1.3822349999999983]], [[32.2442, 6.337569999999999], [16.2442, 6.33757], [16.2442, 0.33757], [32.2442, 0.3375699999999982], [32.2442, 6.337569999999999]], [[27.18899, 6.335159999999999], [27.18899, 22.33516], [21.18899, 22.33516], [21.18899, 6.335159999999999], [27.18899, 6.335159999999999]]], "node_id": [0, 1, 2, 3, 4, 5, 6, 7, 8, 9, 10, 11]}