{"corners": [[[0.31906, 0.41726], [16.31906, 0.41726], [16.31906, 6.41726], [0.31906, 6.41726], [0.31906, 0.41726]], [[0.12281999999999975, -0.935105], [0.12282000000000025, 7.064895], [-5.877179999999999, 7.064895], [-5.87718, -0.9351049999999996], [0.12281999999999975, -0.935105]], [[-5.765019999999999, 10.941975], [-13.76502, 10.941975000000001], [-13.76502, -4.058024999999998], [-5.765020000000001, -4.058025], [-5.765019999999999, 10.941975]], [[22.1314, -4.795425], [22.1314, 11.204575], [16.1314, 11.204575], [16.1314, -4.795425], [22.1314, -4.795425]], [[23.36424, 17.040995], [15.36424, 17.040995], [15.36424, 11.040995], [23.36424, 11.040995], [23.36424, 17.040995]]], "node_id": [0, 1, 2, 3, 4]}