{"corners": [[[0.414735, 0.35897], [8.414735, 0.35897], [8.414735, 15.35897], [0.414735, 15.35897], [0.414735, 0.35897]], [[-5.704130000000001, 15.905855], [-5.70413, -0.09414499999999998], [0.29587, -0.09414499999999998], [0.29586999999999913, 15.905855], [-5.704130000000001, 15.905855]], [[8.03822, 0.3755449999999995], [0.03822, 0.3755450000000005], [0.03821999999999822, -14.624454999999998], [8.038219999999999, -14.624455], [8.03822, 0.3755449999999995]], [[14.393275, 3.853945], [14.393275, 11.853945], [8.393275, 11.853945], [8.393275, 3.8539450000000004], [14.393275, 3.853945]], [[14.303305, 4.58829], [30.303305, 4.58829], [30.303305, 10.58829], [14.303305, 10.58829], [14.303305, 4.58829]]], "node_id": [0, 1, 2, 3, 4]}