{"corners": [[[0.22509, 0.40153], [8.22509, 0.40153], [8.22509, 15.40153], [0.22509, 15.40153], [0.22509, 0.40153]], [[7.176025, 15.12126], [7.176025000000001, 23.12126], [1.176025000000001, 23.12126], [1.176025, 15.12126], [7.176025, 15.12126]], [[1.389615, 0.26874499999999985], [1.3896150000000005, -7.731255], [7.389615000000001, -7.731255], [7.389615, 0.2687450000000002], [1.389615, 0.26874499999999985]], [[0.11545999999999974, 3.94881], [0.11546000000000024, 11.94881], [-5.884539999999999, 11.94881], [-5.88454, 3.9488100000000004], [0.11545999999999974, 3.94881]], [[1.3564850000000004, 22.386865], [-14.643515, 22.386865000000004], [-14.643515, 16.386865], [1.3564849999999997, 16.386865], [1.3564850000000004, 22.386865]]], "node_id": [0, 1, 2, 3, 4]}