{"corners": [[[0.22417, 0.36085], [16.22417, 0.36085], [16.22417, 6.36085], [0.22417, 6.36085], [0.22417, 0.36085]], [[15.597185, -7.562445], [15.597185, 0.437555], [0.597185, 0.4375550000000018], [0.597185, -7.562444999999999], [15.597185, -7.562445]], [[-5.641975, 7.13699], [-5.6419749999999995, -0.86301], [0.35802500000000087, -0.86301], [0.358025, 7.13699], [-5.641975, 7.13699]], [[0.05621499999999956, -16.997455], [0.056215000000000535, -0.997455], [-5.943785, -0.997455], [-5.943785, -16.997455], [0.05621499999999956, -16.997455]], [[31.71049, -0.9969800000000018], [15.71049, -0.9969799999999998], [15.71049, -6.99698], [31.71049, -6.9969800000000015], [31.71049, -0.9969800000000018]]], "node_id": [0, 1, 2, 3, 4]}