{"corners": [[[0.41764, 0.48552], [16.41764, 0.48552], [16.41764, 6.48552], [0.41764, 6.48552], [0.41764, 0.48552]], [[16.2732, 0.06455], [32.2732, 0.06455], [32.2732, 6.06455], [16.2732, 6.06455], [16.2732, 0.06455]], [[16.050975, 6.240455], [32.050975, 6.240455], [32.050975, 12.240455], [16.050975, 12.240455], [16.050975, 6.240455]], [[0.12224499999999976, -0.69337], [0.12224500000000026, 7.30663], [-5.877754999999999, 7.30663], [-5.877755, -0.6933699999999996], [0.12224499999999976, -0.69337]], [[1.3104200000000017, 22.27829], [-6.6895799999999985, 22.27829], [-6.68958, 7.278290000000002], [1.31042, 7.27829], [1.3104200000000017, 22.27829]]], "node_id": [0, 1, 2, 3, 4]}