{"corners": [[[0.12164, 0.21077], [8.12164, 0.21077], [8.12164, 15.21077], [0.12164, 15.21077], [0.12164, 0.21077]], [[8.240960000000001, 30.35291], [0.24096000000000178, 30.35291], [0.24096, 15.352910000000001], [8.24096, 15.35291], [8.240960000000001, 30.35291]], [[8.353885, 0.4965999999999995], [0.353885, 0.4966000000000005], [0.353885, -5.5034], [8.353884999999998, -5.503400000000001], [8.353885, 0.4965999999999995]], [[24.11359, 25.564005], [8.11359, 25.564005000000005], [8.11359, 19.564005], [24.11359, 19.564005], [24.11359, 25.564005]], [[11.623560000000001, 30.291945], [11.623560000000001, 38.291945], [-3.3764399999999983, 38.291945], [-3.3764399999999983, 30.291945], [11.623560000000001, 30.291945]]], "node_id": [0, 1, 2, 3, 4]}