{"corners": [[[0.46067, 0.29049], [8.46067, 0.29049], [8.46067, 6.29049], [0.46067, 6.29049], [0.46067, 0.29049]], [[-3.416305, 0.44766999999999957], [-3.4163049999999995, -7.5523299999999995], [11.583695, -7.5523299999999995], [11.583695, 0.44767000000000046], [-3.416305, 0.44766999999999957]], [[7.41391, -23.783025], [7.413910000000001, -7.783025], [1.4139100000000009, -7.783025], [1.41391, -23.783025], [7.41391, -23.783025]], [[-11.31086, -6.749955000000001], [-3.31086, -6.749955000000001], [-3.31086, -0.7499550000000008], [-11.31086, -0.7499550000000008], [-11.31086, -6.749955000000001]], [[11.504705, 6.284099999999999], [11.504705, 14.2841], [-3.495295, 14.2841], [-3.495295, 6.2841000000000005], [11.504705, 6.284099999999999]]], "node_id": [0, 1, 2, 3, 4]}