{"corners": [[[0.17777, 0.3024], [16.17777, 0.3024], [16.17777, 6.3024000000000004], [0.17777, 6.3024000000000004], [0.17777, 0.3024]], [[-5.751785000000001, 11.4687], [-5.751785, -4.5313], [0.248215, -4.5313], [0.2482149999999991, 11.4687], [-5.751785000000001, 11.4687]], [[16.032615, 0.36463], [32.032615, 0.36463], [32.032615, 6.36463], [16.032615, 6.36463], [16.032615, 0.36463]], [[-10.678165, -10.988575], [5.321835, -10.988575], [5.321835, -4.988575], [-10.678165, -4.988575], [-10.678165, -10.988575]], [[5.204339999999998, 17.37597], [-10.795660000000002, 17.375969999999995], [-10.795660000000002, 11.375969999999999], [5.204339999999999, 11.37597], [5.204339999999998, 17.37597]]], "node_id": [0, 1, 2, 3, 4]}