{"corners": [[[0.232, 0.212125], [8.232, 0.212125], [8.232, 6.212125], [0.232, 6.212125], [0.232, 0.212125]], [[1.3635, 0.2781299999999998], [1.3635000000000008, -15.72187], [7.363500000000001, -15.72187], [7.3635, 0.27813000000000015], [1.3635, 0.2781299999999998]], [[-7.66441, 0.36838], [0.33559, 0.36838], [0.33559, 6.36838], [-7.66441, 6.36838], [-7.66441, 0.36838]], [[-7.57632, -4.93121], [-7.576319999999999, 11.06879], [-13.57632, 11.06879], [-13.57632, -4.93121], [-7.57632, -4.93121]], [[-18.426455, -4.672859999999998], [-18.426455, -12.672859999999998], [-3.4264550000000016, -12.672860000000002], [-3.426455, -4.672860000000001], [-18.426455, -4.672859999999998]]], "node_id": [0, 1, 2, 3, 4]}