{"corners": [[[0.09494, 0.271775], [16.09494, 0.271775], [16.09494, 6.271775], [0.09494, 6.271775], [0.09494, 0.271775]], [[0.333335, -5.657945], [16.333335, -5.657945], [16.333335, 0.342055], [0.333335, 0.342055], [0.333335, -5.657945]], [[32.16026, 0.23424499999999823], [16.16026, 0.2342450000000002], [16.16026, -5.765755], [32.16026, -5.765755000000002], [32.16026, 0.23424499999999823]], [[12.042215, -5.848690000000001], [4.042215, -5.84869], [4.042215, -11.84869], [12.042215, -11.84869], [12.042215, -5.848690000000001]], [[16.413505, 0.03262], [32.413505, 0.03262], [32.413505, 6.03262], [16.413505, 6.03262], [16.413505, 0.03262]]], "node_id": [0, 1, 2, 3, 4]}