{"corners": [[[0.32974, 0.1729], [8.32974, 0.1729], [8.32974, 6.1729], [0.32974, 6.1729], [0.32974, 0.1729]], [[14.21737, -4.83357], [14.217370000000003, 11.16643], [8.21737, 11.16643], [8.21737, -4.83357], [14.21737, -4.83357]], [[8.019370000000002, 19.28493], [8.01937, 11.28493], [14.01937, 11.284929999999997], [14.019370000000002, 19.28493], [8.019370000000002, 19.28493]], [[8.459975, 0.2696899999999995], [0.459975, 0.2696900000000005], [0.459975, -5.73031], [8.459975, -5.730310000000001], [8.459975, 0.2696899999999995]], [[8.126795000000005, 35.48654], [8.126795000000001, 19.48654], [14.126795000000003, 19.48654], [14.126795000000005, 35.48654], [8.126795000000005, 35.48654]]], "node_id": [0, 1, 2, 3, 4]}