{"corners": [[[0.126665, 0.10593], [8.126665, 0.10593], [8.126665, 6.10593], [0.126665, 6.10593], [0.126665, 0.10593]], [[8.202165000000003, 21.276855], [0.2021650000000018, 21.276855], [0.202165, 6.276855000000002], [8.202165, 6.276855], [8.202165000000003, 21.276855]], [[-7.7447050000000015, 6.140870000000001], [0.2552949999999982, 6.14087], [0.25529500000000177, 21.14087], [-7.744704999999998, 21.14087], [-7.7447050000000015, 6.140870000000001]], [[8.077735000000004, 36.44367], [0.07773500000000355, 36.44367], [0.07773500000000177, 21.44367], [8.077735000000002, 21.44367], [8.077735000000004, 36.44367]], [[11.573595000000003, 36.05329], [11.573595000000003, 44.05329], [-3.4264049999999964, 44.05329], [-3.4264049999999964, 36.05329], [11.573595000000003, 36.05329]]], "node_id": [0, 1, 2, 3, 4]}