{"corners": [[[0.32926, 0.325635], [8.32926, 0.325635], [8.32926, 15.325635], [0.32926, 15.325635], [0.32926, 0.325635]], [[-3.1650650000000002, 0.40705999999999953], [-3.1650649999999994, -7.5929400000000005], [11.834935, -7.5929400000000005], [11.834935, 0.4070600000000004], [-3.1650650000000002, 0.40705999999999953]], [[-11.04392, -11.36796], [-3.04392, -11.36796], [-3.04392, 3.63204], [-11.04392, 3.63204], [-11.04392, -11.36796]], [[-11.16101, -17.379185], [-3.16101, -17.379185], [-3.16101, -11.379185], [-11.16101, -11.379185], [-11.16101, -17.379185]], [[4.80251, -11.39676], [-3.19749, -11.396759999999999], [-3.19749, -17.39676], [4.802509999999999, -17.39676], [4.80251, -11.39676]]], "node_id": [0, 1, 2, 3, 4]}