{"corners": [[[0.212935, 0.03962], [8.212935, 0.03962], [8.212935, 6.03962], [0.212935, 6.03962], [0.212935, 0.03962]], [[24.274585, 6.007239999999999], [8.274585, 6.00724], [8.274585, 0.00724], [24.274585, 0.0072399999999982236], [24.274585, 6.007239999999999]], [[0.10904, 6.095825], [8.10904, 6.095825], [8.10904, 21.095825], [0.10904, 21.095825], [0.10904, 6.095825]], [[-7.934495, 0.28928], [0.065505, 0.28928], [0.065505, 6.28928], [-7.934495, 6.28928], [-7.934495, 0.28928]], [[14.172455, 9.91132], [14.172455, 17.91132], [8.172455, 17.91132], [8.172455, 9.91132], [14.172455, 9.91132]]], "node_id": [0, 1, 2, 3, 4]}