{"corners": [[[0.387585, 0.270175], [8.387585, 0.270175], [8.387585, 15.270175], [0.387585, 15.270175], [0.387585, 0.270175]], [[8.17735, 4.726945], [24.17735, 4.726945], [24.17735, 10.726945], [8.17735, 10.726945], [8.17735, 4.726945]], [[0.12270000000000036, 10.80588], [-7.8773, 10.805880000000002], [-7.8773, 4.805880000000001], [0.12269999999999964, 4.80588], [0.12270000000000036, 10.80588]], [[-7.83863, 10.579225000000001], [0.16137, 10.579225], [0.16137000000000357, 25.579225], [-7.838629999999997, 25.579225], [-7.83863, 10.579225000000001]], [[20.433495, 4.642389999999999], [12.433495, 4.64239], [12.433495, -1.35761], [20.433495, -1.3576100000000009], [20.433495, 4.642389999999999]]], "node_id": [0, 1, 2, 3, 4]}