{"corners": [[[0.314585, 0.054685], [16.314585, 0.054685], [16.314585, 6.054685], [0.314585, 6.054685], [0.314585, 0.054685]], [[-14.85982, 7.397834999999999], [-14.85982, -0.602165000000001], [0.14018, -0.6021650000000001], [0.14018, 7.397835], [-14.85982, 7.397834999999999]], [[22.186985, -0.910585], [22.186985, 7.089415], [16.186985, 7.089415], [16.186985, -0.9105849999999996], [22.186985, -0.910585]], [[-20.804195, 7.169834999999998], [-20.804195, -0.8301650000000018], [-14.804195, -0.8301650000000018], [-14.804195, 7.169834999999998], [-20.804195, 7.169834999999998]], [[-20.91027, 6.198314999999998], [-36.91027, 6.1983149999999965], [-36.91027, 0.19831499999999644], [-20.91027, 0.19831499999999821], [-20.91027, 6.198314999999998]]], "node_id": [0, 1, 2, 3, 4]}