{"corners": [[[0.204635, 0.171775], [8.204635, 0.171775], [8.204635, 15.171775], [0.204635, 15.171775], [0.204635, 0.171775]], [[-7.82204, 4.844535], [0.17796, 4.844535], [0.17796, 10.844535], [-7.82204, 10.844535], [-7.82204, 4.844535]], [[0.431595, -14.551545], [8.431595, -14.551545], [8.431595, 0.448455], [0.431595, 0.448455], [0.431595, -14.551545]], [[-7.743405, -0.38426499999999997], [-7.743404999999999, 15.615735], [-13.743405, 15.615735], [-13.743405, -0.38426499999999963], [-7.743405, -0.38426499999999997]], [[0.443765, 15.017115], [8.443765, 15.017115], [8.443765, 21.017115], [0.443765, 21.017115], [0.443765, 15.017115]]], "node_id": [0, 1, 2, 3, 4]}