{"corners": [[[0.14775, 0.16303], [8.14775, 0.16303], [8.14775, 15.16303], [0.14775, 15.16303], [0.14775, 0.16303]], [[0.4235049999999998, 3.63523], [0.42350500000000024, 11.63523], [-5.5764949999999995, 11.63523], [-5.5764949999999995, 3.6352300000000004], [0.4235049999999998, 3.63523]], [[-11.63064, 11.778885], [-11.630640000000001, 3.778885], [-5.630640000000001, 3.778884999999998], [-5.63064, 11.778884999999999], [-11.63064, 11.778885]], [[23.24488, 3.5829649999999993], [23.24488, 11.582965], [8.24488, 11.582965], [8.24488, 3.582965], [23.24488, 3.5829649999999993]], [[19.550515, 26.948375], [11.550515, 26.948375], [11.550514999999999, 11.948375000000002], [19.550514999999997, 11.948375], [19.550515, 26.948375]]], "node_id": [0, 1, 2, 3, 4]}