{"corners": [[[0.10987, 0.424135], [8.10987, 0.424135], [8.10987, 6.424135], [0.10987, 6.424135], [0.10987, 0.424135]], [[8.329525, 0.43416], [24.329525, 0.43416], [24.329525, 6.43416], [8.329525, 6.43416], [8.329525, 0.43416]], [[20.4178, 21.40715], [12.4178, 21.40715], [12.417799999999998, 6.4071500000000015], [20.417799999999996, 6.40715], [20.4178, 21.40715]], [[28.08592, 21.30074], [20.08592, 21.30074], [20.08592, 6.300740000000002], [28.085919999999998, 6.30074], [28.08592, 21.30074]], [[0.07916500000000036, 6.361795], [-15.920835, 6.361795000000002], [-15.920835, 0.36179500000000175], [0.07916499999999964, 0.361795], [0.07916500000000036, 6.361795]]], "node_id": [0, 1, 2, 3, 4]}