{"corners": [[[0.0, 0.0], [8.0, 0.0], [8.0, 15.0], [0.0, 15.0], [0.0, 0.0]], [[-16.0, 4.5], [0.0, 4.5], [0.0, 10.5], [-16.0, 10.5], [-16.0, 4.5]], [[23.0, 3.499999999999999], [23.0, 11.5], [8.0, 11.5], [8.0, 3.5], [23.0, 3.499999999999999]], [[18.5, 11.5], [18.5, 27.5], [12.5, 27.5], [12.5, 11.5], [18.5, 11.5]], [[-16.0, 10.5], [-32.0, 10.500000000000002], [-32.0, 4.500000000000002], [-16.0, 4.5], [-16.0, 10.5]], [[23.0, 4.499999999999999], [39.0, 4.499999999999999], [39.0, 10.5], [23.0, 10.5], [23.0, 4.499999999999999]], [[-3.5, 16.5], [12.5, 16.5], [12.5, 22.5], [-3.5, 22.5], [-3.5, 16.5]], [[-16.5, 10.500000000000002], [-16.5, 18.5], [-31.5, 18.500000000000004], [-31.5, 10.500000000000004], [-16.5, 10.500000000000002]], [[-0.5000000000000009, -3.5], [-0.5000000000000004, 4.5], [-15.5, 4.500000000000002], [-15.5, -3.499999999999999], [-0.5000000000000009, -3.5]], [[11.5, -11.5], [19.5, -11.5], [19.5, 3.5], [11.5, 3.5], [11.5, -11.5]], [[-32.0, 10.500000000000002], [-48.0, 10.500000000000004], [-48.0, 4.5000000000000036], [-32.0, 4.500000000000002], [-32.0, 10.500000000000002]], [[-31.5, 26.5], [-31.5, 18.5], [-16.5, 18.499999999999996], [-16.5, 26.499999999999996], [-31.5, 26.5]], [[39.0, 11.5], [39.0, 3.5], [45.0, 3.5], [45.0, 11.5], [39.0, 11.5]], [[-11.5, 12.0], [-3.5, 12.0], [-3.5, 27.0], [-11.5, 27.0], [-11.5, 12.0]], [[28.0, 26.5], [28.0, 10.5], [34.0, 10.5], [34.0, 26.5], [28.0, 26.5]]], "node_id": [0, 1, 2, 3, 4, 5, 6, 7, 8, 9, 10, 11, 12, 13, 14]}