{"corners": [[[0.0, 0.0], [8.0, 0.0], [8.0, 15.0], [0.0, 15.0], [0.0, 0.0]], [[-2.4492127076447545e-16, 3.5], [2.4492127076447545e-16, 11.5], [-5.999999999999999, 11.5], [-6.0, 3.5000000000000004], [-2.4492127076447545e-16, 3.5]], [[14.0, -0.5], [14.000000000000002, 15.5], [8.0, 15.5], [8.0, -0.4999999999999996], [14.0, -0.5]], [[15.0, -0.5000000000000003], [7.0, -0.49999999999999933], [6.999999999999998, -15.499999999999998], [14.999999999999998, -15.5], [15.0, -0.5000000000000003]], [[14.999999999999998, -11.0], [31.0, -11.000000000000004], [31.0, -5.0000000000000036], [15.0, -5.0], [14.999999999999998, -11.0]], [[31.0, -4.0000000000000036], [31.0, -12.000000000000004], [37.0, -12.000000000000005], [37.0, -4.000000000000004], [31.0, -4.0000000000000036]]], "node_id": [0, 1, 2, 3, 4, 5]}