{"corners": [[[0.0, 0.0], [8.0, 0.0], [8.0, 15.0], [0.0, 15.0], [0.0, 0.0]], [[6.999999999999999, -16.0], [7.0, 0.0], [1.0, 0.0], [0.9999999999999991, -16.0], [6.999999999999999, -16.0]], [[7.0, -11.0], [23.0, -11.0], [23.0, -5.0], [7.0, -5.0], [7.0, -11.0]], [[-2.4492127076447545e-16, 3.5], [2.4492127076447545e-16, 11.5], [-15.0, 11.500000000000002], [-15.0, 3.500000000000001], [-2.4492127076447545e-16, 3.5]], [[0.0, 15.0], [8.0, 15.0], [8.0, 30.0], [0.0, 30.0], [0.0, 15.0]], [[-4.0, 30.0], [12.0, 30.0], [12.0, 36.0], [-4.0, 36.0], [-4.0, 30.0]]], "node_id": [0, 1, 2, 3, 4, 5]}