{"corners": [[[0.0, 0.0], [8.0, 0.0], [8.0, 15.0], [0.0, 15.0], [0.0, 0.0]], [[-4.0, -6.0], [12.0, -6.0], [12.0, 0.0], [-4.0, 0.0], [-4.0, -6.0]], [[7.0, -14.0], [7.000000000000001, -6.0], [1.0000000000000009, -6.0], [1.0, -14.0], [7.0, -14.0]], [[-3.9999999999999996, 0.0], [-20.0, 1.9593701661158036e-15], [-20.0, -5.999999999999998], [-4.0, -6.0], [-3.9999999999999996, 0.0]], [[-20.0, -10.999999999999998], [-20.0, 5.000000000000002], [-26.0, 5.000000000000002], [-26.0, -10.999999999999998], [-20.0, -10.999999999999998]], [[12.0, 1.0], [12.0, -7.0], [18.0, -7.0], [18.0, 1.0000000000000004], [12.0, 1.0]]], "node_id": [0, 1, 2, 3, 4, 5]}