{"corners": [[[0.0, 0.0], [8.0, 0.0], [8.0, 15.0], [0.0, 15.0], [0.0, 0.0]], [[-15.0, 11.5], [-15.0, 3.5], [0.0, 3.500000000000001], [0.0, 11.500000000000002], [-15.0, 11.5]], [[1.0, -1.836909530733566e-16], [1.0000000000000004, -8.0], [7.000000000000001, -8.0], [7.0, 1.836909530733566e-16], [1.0, -1.836909530733566e-16]], [[-31.0, 4.5], [-15.0, 4.5], [-15.0, 10.5], [-31.0, 10.5], [-31.0, 4.5]], [[-3.499999999999999, 3.5000000000000013], [-11.5, 3.5000000000000004], [-11.499999999999996, -11.5], [-3.4999999999999973, -11.499999999999998], [-3.499999999999999, 3.5000000000000013]], [[-27.0, 10.5], [-19.0, 10.5], [-19.0, 25.5], [-27.0, 25.5], [-27.0, 10.5]], [[7.0, 4.440892098500626e-16], [7.000000000000001, -8.0], [13.0, -8.0], [13.0, 8.114711159967758e-16], [7.0, 4.440892098500626e-16]], [[0.9999999999999996, 23.0], [1.0, 15.0], [7.0, 15.0], [7.0, 23.0], [0.9999999999999996, 23.0]], [[-10.499999999999996, -11.499999999999998], [-10.499999999999995, -27.5], [-4.499999999999996, -27.5], [-4.4999999999999964, -11.499999999999998], [-10.499999999999996, -11.499999999999998]], [[0.9999999999999991, 31.0], [0.9999999999999996, 23.0], [7.0, 23.0], [6.999999999999999, 31.0], [0.9999999999999991, 31.0]], [[-14.999999999999996, -27.5], [-14.999999999999996, -35.5], [3.552713678800501e-15, -35.5], [3.552713678800501e-15, -27.5], [-14.999999999999996, -27.5]], [[0.9999999999999996, 15.0], [1.0, 23.0], [-5.0, 23.0], [-5.0, 15.0], [0.9999999999999996, 15.0]], [[-30.5, 33.5], [-30.5, 25.5], [-15.5, 25.5], [-15.5, 33.5], [-30.5, 33.5]], [[-39.0, 4.5], [-31.0, 4.5], [-31.0, 10.5], [-39.0, 10.5], [-39.0, 4.5]], [[-27.5, -3.5], [-27.5, 4.5], [-42.5, 4.500000000000002], [-42.5, -3.499999999999999], [-27.5, -3.5]]], "node_id": [0, 1, 2, 3, 4, 5, 6, 7, 8, 9, 10, 11, 12, 13, 14]}