{"corners": [[[0.0, 0.0], [8.0, 0.0], [8.0, 6.0], [0.0, 6.0], [0.0, 0.0]], [[-4.898425415289509e-16, -5.0], [4.898425415289509e-16, 11.0], [-6.0, 11.0], [-6.000000000000001, -5.0], [-4.898425415289509e-16, -5.0]], [[-7.0, 11.0], [1.0, 11.0], [1.0, 26.0], [-7.0, 26.0], [-7.0, 11.0]], [[-6.0, -1.0], [-5.999999999999999, 7.0], [-12.0, 7.0], [-12.0, -0.9999999999999997], [-6.0, -1.0]], [[-27.0, 7.000000000000003], [-27.0, -0.9999999999999973], [-12.000000000000002, -1.0000000000000009], [-12.0, 7.0], [-27.0, 7.000000000000003]], [[17.0, 21.5], [1.0, 21.500000000000004], [1.0, 15.500000000000002], [17.0, 15.5], [17.0, 21.5]], [[-15.5, -0.9999999999999996], [-23.5, -0.9999999999999986], [-23.5, -6.999999999999998], [-15.5, -7.0], [-15.5, -0.9999999999999996]], [[-33.0, 7.0000000000000036], [-33.0, -0.9999999999999964], [-27.0, -0.9999999999999982], [-27.0, 7.000000000000003], [-33.0, 7.0000000000000036]], [[-27.0, -6.9999999999999964], [-27.0, -14.999999999999996], [-12.000000000000002, -15.0], [-12.0, -6.999999999999999], [-27.0, -6.9999999999999964]], [[-27.0, 7.000000000000002], [-26.999999999999996, 23.0], [-32.99999999999999, 23.000000000000007], [-33.0, 7.0000000000000036], [-27.0, 7.000000000000002]], [[16.999999999999996, 11.0], [24.999999999999996, 10.999999999999998], [25.0, 26.0], [17.0, 26.0], [16.999999999999996, 11.0]], [[-31.5, -6.9999999999999964], [-23.5, -6.999999999999998], [-23.5, -0.9999999999999982], [-31.5, -0.9999999999999964], [-31.5, -6.9999999999999964]], [[16.5, 21.5], [16.5, 29.5], [1.5, 29.5], [1.5, 21.5], [16.5, 21.5]], [[-6.0, 34.0], [-5.999999999999999, 26.0], [8.881784197001252e-16, 26.0], [0.0, 34.0], [-6.0, 34.0]], [[-22.499999999999996, 23.0], [-22.5, 7.0], [-16.5, 7.0], [-16.499999999999996, 23.0], [-22.499999999999996, 23.0]]], "node_id": [0, 1, 2, 3, 4, 5, 6, 7, 8, 9, 10, 11, 12, 13, 14]}