{"corners": [[[0.0, 0.0], [8.0, 0.0], [8.0, 15.0], [0.0, 15.0], [0.0, 0.0]], [[0.0, -15.0], [8.0, -15.0], [8.0, 0.0], [0.0, 0.0], [0.0, -15.0]], [[-15.0, -3.500000000000001], [-15.0, -11.5], [0.0, -11.5], [0.0, -3.5], [-15.0, -3.500000000000001]], [[-4.0, 15.0], [12.0, 15.0], [12.0, 21.0], [-4.0, 21.0], [-4.0, 15.0]], [[8.0, 0.0], [16.0, 0.0], [16.0, 15.0], [8.0, 15.0], [8.0, 0.0]], [[0.0, 21.0], [8.0, 21.0], [8.0, 36.0], [0.0, 36.0], [0.0, 21.0]], [[8.0, -15.0], [0.0, -14.999999999999998], [-1.7763568394002505e-15, -30.0], [7.999999999999998, -30.0], [8.0, -15.0]], [[0.9999999999999982, -30.0], [0.9999999999999968, -38.0], [6.9999999999999964, -38.0], [6.999999999999998, -30.0], [0.9999999999999982, -30.0]], [[-15.000000000000002, -8.881784197001252e-16], [-23.0, -1.867863502758027e-15], [-23.0, -15.000000000000004], [-15.0, -15.0], [-15.000000000000002, -8.881784197001252e-16]], [[-22.0, -15.0], [-22.0, -31.0], [-16.0, -31.0], [-16.0, -15.0], [-22.0, -15.0]], [[0.9999999999999969, -38.0], [0.9999999999999954, -46.0], [6.999999999999995, -46.0], [6.9999999999999964, -38.0], [0.9999999999999969, -38.0]], [[-23.0, -46.0], [-15.0, -46.0], [-15.0, -31.0], [-23.0, -31.0], [-23.0, -46.0]], [[-10.5, 12.5], [-10.499999999999998, -3.5], [-4.499999999999999, -3.5], [-4.5, 12.5], [-10.5, 12.5]], [[8.0, 25.5], [24.0, 25.5], [24.0, 31.5], [8.0, 31.5], [8.0, 25.5]], [[-6.999999999999998, -31.0], [-14.999999999999998, -31.0], [-15.0, -46.0], [-7.0, -46.0], [-6.999999999999998, -31.0]]], "node_id": [0, 1, 2, 3, 4, 5, 6, 7, 8, 9, 10, 11, 12, 13, 14]}