{"corners": [[[0.0, 0.0], [16.0, 0.0], [16.0, 6.0], [0.0, 6.0], [0.0, 0.0]], [[4.999999999999999, 22.0], [5.0, 6.0], [11.0, 6.0], [11.0, 22.0], [4.999999999999999, 22.0]], [[4.0, -6.0], [12.0, -6.0], [12.0, 0.0], [4.0, 0.0], [4.0, -6.0]], [[32.0, 5.999999999999998], [16.0, 6.0], [16.0, 0.0], [32.0, -1.7763568394002505e-15], [32.0, 5.999999999999998]], [[5.0, -6.0], [5.000000000000001, -22.0], [11.0, -22.0], [11.0, -6.0], [5.0, -6.0]], [[15.5, -30.0], [15.5, -22.0], [0.5, -22.0], [0.5, -30.0], [15.5, -30.0]], [[11.999999999999996, 37.0], [3.9999999999999964, 37.0], [3.9999999999999982, 22.0], [11.999999999999998, 22.0], [11.999999999999996, 37.0]], [[4.0, -36.0], [12.0, -36.0], [12.0, -30.0], [4.0, -30.0], [4.0, -36.0]], [[38.0, -5.000000000000002], [38.0, 10.999999999999998], [32.0, 10.999999999999998], [32.0, -5.000000000000002], [38.0, -5.000000000000002]], [[-0.9999999999999991, -10.0], [-0.9999999999999987, -18.0], [5.000000000000002, -18.0], [5.000000000000001, -10.0], [-0.9999999999999991, -10.0]], [[11.0, 11.0], [19.0, 11.0], [19.0, 17.0], [11.0, 17.0], [11.0, 11.0]], [[10.999999999999996, 37.0], [10.999999999999993, 53.0], [4.999999999999994, 53.0], [4.9999999999999964, 37.0], [10.999999999999996, 37.0]], [[-0.9999999999999991, -18.0], [-0.9999999999999987, -10.0], [-6.999999999999998, -10.0], [-6.999999999999999, -18.0], [-0.9999999999999991, -18.0]], [[19.0, 11.0], [27.0, 11.0], [27.0, 17.0], [19.0, 17.0], [19.0, 11.0]], [[-6.999999999999999, -18.0], [-7.000000000000002, -34.0], [-1.0000000000000018, -34.0], [-0.9999999999999991, -18.0], [-6.999999999999999, -18.0]]], "node_id": [0, 1, 2, 3, 4, 5, 6, 7, 8, 9, 10, 11, 12, 13, 14]}