{"corners": [[[0.0, 0.0], [8.0, 0.0], [8.0, 15.0], [0.0, 15.0], [0.0, 0.0]], [[12.0, -9.796850830579018e-16], [-4.0, 9.796850830579018e-16], [-4.0, -5.999999999999999], [12.0, -6.000000000000001], [12.0, -9.796850830579018e-16]], [[-3.5, -5.999999999999998], [-3.5000000000000013, -13.999999999999998], [11.499999999999998, -14.000000000000002], [11.5, -6.000000000000001], [-3.5, -5.999999999999998]], [[8.0, 21.0], [0.0, 21.0], [0.0, 15.0], [7.999999999999999, 15.0], [8.0, 21.0]], [[-6.0, 11.5], [-5.999999999999999, 3.5], [8.881784197001252e-16, 3.5], [0.0, 11.5], [-6.0, 11.5]], [[7.0, 21.0], [7.000000000000001, 29.0], [1.0000000000000009, 29.0], [1.0, 21.0], [7.0, 21.0]]], "node_id": [0, 1, 2, 3, 4, 5]}