{"corners": [[[0.0, 0.0], [8.0, 0.0], [8.0, 15.0], [0.0, 15.0], [0.0, 0.0]], [[6.999999999999999, -16.0], [7.0, 0.0], [1.0, 0.0], [0.9999999999999991, -16.0], [6.999999999999999, -16.0]], [[-15.0, 11.5], [-15.0, 3.5], [0.0, 3.500000000000001], [0.0, 11.500000000000002], [-15.0, 11.5]], [[-15.0, 10.5], [-31.0, 10.499999999999998], [-31.0, 4.499999999999998], [-15.0, 4.5], [-15.0, 10.5]], [[-20.0, 10.499999999999998], [-20.0, 18.5], [-26.0, 18.499999999999996], [-26.0, 10.499999999999996], [-20.0, 10.499999999999998]], [[-30.5, 4.499999999999998], [-30.5, -3.5000000000000018], [-15.5, -3.500000000000001], [-15.5, 4.499999999999999], [-30.5, 4.499999999999998]]], "node_id": [0, 1, 2, 3, 4, 5]}