{"corners": [[[0.0, 0.0], [8.0, 0.0], [8.0, 15.0], [0.0, 15.0], [0.0, 0.0]], [[8.0, -4.898425415289509e-16], [0.0, 4.898425415289509e-16], [-1.7763568394002505e-15, -14.999999999999998], [7.999999999999998, -15.0], [8.0, -4.898425415289509e-16]], [[8.0, 11.5], [8.0, 3.5], [23.0, 3.500000000000001], [23.0, 11.500000000000002], [8.0, 11.5]], [[12.5, 19.5], [12.5, 11.5], [18.5, 11.5], [18.5, 19.5], [12.5, 19.5]], [[18.5, 12.5], [34.5, 12.5], [34.5, 18.5], [18.5, 18.5], [18.5, 12.5]], [[16.0, -4.500000000000002], [8.0, -4.500000000000001], [8.0, -10.5], [16.0, -10.500000000000002], [16.0, -4.500000000000002]], [[-1.4089749332535373e-15, -4.5], [-8.000000000000002, -4.499999999999999], [-8.000000000000002, -10.5], [-2.1437387455469636e-15, -10.5], [-1.4089749332535373e-15, -4.5]], [[7.5, 19.5], [23.5, 19.5], [23.5, 25.5], [7.5, 25.5], [7.5, 19.5]], [[-7.000000000000003, -10.5], [-7.000000000000004, -18.5], [-1.0000000000000044, -18.5], [-1.0000000000000027, -10.500000000000002], [-7.000000000000003, -10.5]], [[-1.0000000000000062, -26.5], [-1.0000000000000038, -18.5], [-7.0000000000000036, -18.5], [-7.000000000000006, -26.499999999999996], [-1.0000000000000062, -26.5]], [[-15.000000000000004, -17.5], [-7.0000000000000036, -17.500000000000004], [-7.000000000000002, -11.500000000000002], [-15.000000000000002, -11.5], [-15.000000000000004, -17.5]], [[-31.000000000000004, -17.499999999999996], [-15.000000000000004, -17.5], [-15.000000000000004, -11.5], [-31.000000000000004, -11.499999999999996], [-31.000000000000004, -17.499999999999996]], [[29.5, 18.5], [29.5, 26.5], [23.5, 26.5], [23.5, 18.5], [29.5, 18.5]], [[-1.000000000000003, -18.5], [-1.0000000000000064, -26.5], [13.999999999999993, -26.500000000000007], [13.999999999999996, -18.500000000000007], [-1.000000000000003, -18.5]], [[-7.000000000000004, -19.5], [-15.000000000000004, -19.499999999999996], [-15.000000000000007, -25.499999999999996], [-7.000000000000006, -25.5], [-7.000000000000004, -19.5]]], "node_id": [0, 1, 2, 3, 4, 5, 6, 7, 8, 9, 10, 11, 12, 13, 14]}