{"corners": [[[0.0, 0.0], [8.0, 0.0], [8.0, 15.0], [0.0, 15.0], [0.0, 0.0]], [[8.000000000000002, 30.0], [1.7763568394002505e-15, 30.0], [0.0, 15.000000000000002], [8.0, 15.0], [8.000000000000002, 30.0]], [[16.0, 25.5], [8.0, 25.5], [8.0, 19.5], [16.0, 19.5], [16.0, 25.5]], [[0.0, -15.0], [8.0, -15.0], [8.0, 0.0], [0.0, 0.0], [0.0, -15.0]], [[14.0, 3.5], [14.0, 11.5], [8.0, 11.5], [8.0, 3.5000000000000004], [14.0, 3.5]], [[20.0, 3.5], [20.0, 11.5], [14.0, 11.5], [14.0, 3.5000000000000004], [20.0, 3.5]]], "node_id": [0, 1, 2, 3, 4, 5]}