{"corners": [[[0.0, 0.0], [8.0, 0.0], [8.0, 6.0], [0.0, 6.0], [0.0, 0.0]], [[8.0, 12.0], [0.0, 12.000000000000002], [0.0, 6.000000000000001], [7.999999999999999, 6.0], [8.0, 12.0]], [[8.0, 18.0], [0.0, 18.0], [0.0, 12.0], [7.999999999999999, 12.0], [8.0, 18.0]], [[0.0, -6.0], [8.0, -6.0], [8.0, 0.0], [0.0, 0.0], [0.0, -6.0]], [[-4.0, -12.0], [12.0, -12.0], [12.0, -6.0], [-4.0, -6.0], [-4.0, -12.0]], [[-19.0, -5.000000000000001], [-19.0, -13.0], [-4.0, -13.0], [-4.0, -5.0], [-19.0, -5.000000000000001]]], "node_id": [0, 1, 2, 3, 4, 5]}