{"corners": [[[0.0, 0.0], [16.0, 0.0], [16.0, 6.0], [0.0, 6.0], [0.0, 0.0]], [[16.0, 7.0], [16.0, -1.0], [31.0, -0.9999999999999991], [31.0, 7.000000000000001], [16.0, 7.0]], [[15.5, 7.000000000000001], [31.5, 7.000000000000001], [31.5, 13.0], [15.5, 13.0], [15.5, 7.000000000000001]], [[4.0, 6.0], [12.0, 6.0], [12.0, 12.0], [4.0, 12.0], [4.0, 6.0]], [[39.5, 17.5], [31.5, 17.5], [31.5, 2.5000000000000018], [39.5, 2.5], [39.5, 17.5]], [[39.5, 14.0], [39.5, 6.0], [54.5, 5.9999999999999964], [54.5, 13.999999999999996], [39.5, 14.0]]], "node_id": [0, 1, 2, 3, 4, 5]}