{"corners": [[[0.0, 0.0], [16.0, 0.0], [16.0, 6.0], [0.0, 6.0], [0.0, 0.0]], [[12.000000000000002, 21.0], [4.000000000000002, 21.0], [4.0, 6.000000000000002], [12.0, 6.0], [12.000000000000002, 21.0]], [[11.000000000000002, 21.0], [11.000000000000004, 37.0], [5.000000000000003, 37.0], [5.000000000000002, 21.0], [11.000000000000002, 21.0]], [[12.0, 17.5], [11.999999999999998, 9.5], [27.0, 9.499999999999996], [27.0, 17.499999999999996], [12.0, 17.5]], [[12.000000000000004, 43.0], [4.0000000000000036, 43.0], [4.0000000000000036, 37.0], [12.000000000000004, 37.0], [12.000000000000004, 43.0]], [[15.5, 17.5], [23.5, 17.499999999999996], [23.5, 23.5], [15.500000000000002, 23.5], [15.5, 17.5]], [[27.0, 17.499999999999996], [27.0, 9.499999999999996], [42.0, 9.499999999999993], [42.0, 17.499999999999993], [27.0, 17.499999999999996]], [[58.0, 16.499999999999993], [42.0, 16.499999999999996], [42.0, 10.499999999999995], [58.0, 10.499999999999993], [58.0, 16.499999999999993]], [[27.0, 32.0], [11.0, 32.0], [11.0, 26.0], [27.0, 26.0], [27.0, 32.0]], [[11.000000000000004, 43.0], [11.000000000000004, 51.0], [5.000000000000004, 51.0], [5.0000000000000036, 43.0], [11.000000000000004, 43.0]], [[-6.0, 7.0], [-5.999999999999999, -1.0], [8.881784197001252e-16, -1.0], [0.0, 7.0], [-6.0, 7.0]], [[-12.0, 7.0], [-12.0, -1.0], [-5.999999999999999, -1.0], [-6.0, 7.0], [-12.0, 7.0]], [[54.0, 10.499999999999993], [46.0, 10.499999999999995], [46.0, 4.499999999999994], [54.0, 4.499999999999993], [54.0, 10.499999999999993]], [[-11.0, 17.500000000000004], [-11.000000000000002, 9.500000000000004], [3.9999999999999982, 9.5], [4.0, 17.5], [-11.0, 17.500000000000004]], [[38.5, 23.499999999999996], [30.5, 23.499999999999996], [30.5, 17.499999999999996], [38.5, 17.499999999999996], [38.5, 23.499999999999996]], [[4.000000000000003, 32.0], [4.0000000000000036, 48.0], [-1.9999999999999964, 48.0], [-1.9999999999999973, 32.0], [4.000000000000003, 32.0]]], "node_id": [0, 1, 2, 3, 4, 5, 6, 7, 8, 9, 10, 11, 12, 13, 14, 15]}