{"corners": [[[0.0, 0.0], [8.0, 0.0], [8.0, 6.0], [0.0, 6.0], [0.0, 0.0]], [[1.0, -1.836909530733566e-16], [1.0000000000000004, -8.0], [7.000000000000001, -8.0], [7.0, 1.836909530733566e-16], [1.0, -1.836909530733566e-16]], [[1.0, -8.0], [1.0000000000000004, -16.0], [7.000000000000001, -16.0], [7.0, -8.0], [1.0, -8.0]], [[0.9999999999999999, -9.0], [-7.0, -9.000000000000002], [-6.999999999999999, -15.0], [1.0000000000000007, -15.0], [0.9999999999999999, -9.0]], [[-7.0, -9.0], [-23.0, -9.000000000000002], [-23.0, -15.000000000000002], [-6.999999999999999, -15.0], [-7.0, -9.0]], [[0.0, -31.0], [8.0, -31.0], [8.0, -16.0], [0.0, -16.0], [0.0, -31.0]]], "node_id": [0, 1, 2, 3, 4, 5]}