{"corners": [[[0.0, 0.0], [8.0, 0.0], [8.0, 6.0], [0.0, 6.0], [0.0, 0.0]], [[-4.0, -6.0], [12.0, -6.0], [12.0, 0.0], [-4.0, 0.0], [-4.0, -6.0]], [[3.673819061467132e-16, 6.0], [-8.0, 6.000000000000001], [-8.0, 8.881784197001252e-16], [-3.673819061467132e-16, 0.0], [3.673819061467132e-16, 6.0]], [[0.0, 6.0], [8.0, 6.0], [8.0, 12.0], [0.0, 12.0], [0.0, 6.0]], [[0.9999999999999991, 28.0], [1.0, 12.0], [7.0, 12.0], [6.999999999999999, 28.0], [0.9999999999999991, 28.0]], [[7.0, -14.0], [7.000000000000001, -6.0], [1.0000000000000009, -6.0], [1.0, -14.0], [7.0, -14.0]]], "node_id": [0, 1, 2, 3, 4, 5]}