{"corners": [[[0.0, 0.0], [8.0, 0.0], [8.0, 15.0], [0.0, 15.0], [0.0, 0.0]], [[-3.5, -4.592273826833915e-16], [-3.4999999999999996, -8.0], [11.5, -8.0], [11.5, 4.592273826833915e-16], [-3.5, -4.592273826833915e-16]], [[-11.5, -11.5], [-3.5, -11.5], [-3.5, 3.5], [-11.5, 3.5], [-11.5, -11.5]], [[17.5, -8.0], [17.5, 0.0], [11.5, 0.0], [11.5, -8.0], [17.5, -8.0]], [[-19.5, -7.0], [-11.5, -7.0], [-11.5, -1.0], [-19.5, -1.0], [-19.5, -7.0]], [[-11.5, -7.000000000000001], [-19.5, -7.0], [-19.5, -13.0], [-11.5, -13.0], [-11.5, -7.000000000000001]], [[-25.5, -4.440892098500626e-16], [-25.5, -8.0], [-19.5, -8.0], [-19.5, -7.670730370334944e-17], [-25.5, -4.440892098500626e-16]], [[-26.5, -2.6039825677670603e-16], [-18.5, -2.6039825677670603e-16], [-18.5, 15.0], [-26.5, 15.0], [-26.5, -2.6039825677670603e-16]], [[-15.0, 15.0], [-15.0, 23.0], [-30.0, 23.0], [-30.0, 15.000000000000002], [-15.0, 15.0]], [[17.5, -1.836909530733566e-16], [17.5, 8.0], [11.5, 8.0], [11.5, 1.836909530733566e-16], [17.5, -1.836909530733566e-16]], [[-19.5, -24.0], [-19.5, -8.0], [-25.5, -8.0], [-25.5, -24.0], [-19.5, -24.0]], [[-18.5, -13.0], [-18.500000000000004, -29.0], [-12.500000000000004, -29.0], [-12.5, -13.000000000000002], [-18.5, -13.0]], [[17.5, -3.5], [25.5, -3.5], [25.5, 11.5], [17.5, 11.5], [17.5, -3.5]], [[-40.5, -11.999999999999996], [-40.5, -19.999999999999996], [-25.5, -20.0], [-25.5, -12.0], [-40.5, -11.999999999999996]], [[-23.500000000000007, -35.0], [-7.500000000000007, -35.00000000000001], [-7.500000000000007, -29.000000000000004], [-23.500000000000007, -29.0], [-23.500000000000007, -35.0]], [[-42.5, 4.5], [-26.5, 4.5], [-26.5, 10.5], [-42.5, 10.5], [-42.5, 4.5]]], "node_id": [0, 1, 2, 3, 4, 5, 6, 7, 8, 9, 10, 11, 12, 13, 14, 15]}