{"corners": [[[0.0, 0.0], [16.0, 0.0], [16.0, 6.0], [0.0, 6.0], [0.0, 0.0]], [[-6.0, 7.0], [-5.999999999999999, -1.0], [8.881784197001252e-16, -1.0], [0.0, 7.0], [-6.0, 7.0]], [[0.0, 7.0], [9.796850830579018e-16, 23.0], [-5.999999999999999, 23.0], [-6.0, 7.0], [0.0, 7.0]], [[4.5, -9.0], [4.500000000000001, -1.0], [-10.5, -0.9999999999999982], [-10.5, -8.999999999999998], [4.5, -9.0]], [[-11.0, 23.0], [5.0, 23.0], [5.0, 29.0], [-11.0, 29.0], [-11.0, 23.0]], [[-7.0, 29.0], [1.0, 29.0], [1.0, 44.0], [-7.0, 44.0], [-7.0, 29.0]], [[22.0, -5.0], [22.0, 11.0], [16.0, 11.0], [16.0, -5.0], [22.0, -5.0]], [[37.0, -1.0000000000000009], [37.0, 6.999999999999999], [22.0, 7.000000000000001], [22.0, -1.0], [37.0, -1.0000000000000009]], [[4.5, 44.0], [4.500000000000001, 52.0], [-10.5, 52.0], [-10.5, 44.0], [4.5, 44.0]], [[-5.999999999999998, 60.0], [-6.0, 52.0], [0.0, 52.0], [1.7763568394002505e-15, 60.0], [-5.999999999999998, 60.0]], [[-22.0, 40.5], [-22.0, 32.5], [-7.0, 32.5], [-7.0, 40.5], [-22.0, 40.5]], [[15.0, 11.0], [23.0, 11.0], [23.0, 17.0], [15.0, 17.0], [15.0, 11.0]], [[-18.5, 40.5], [-10.5, 40.5], [-10.5, 46.5], [-18.5, 46.5], [-18.5, 40.5]], [[37.0, -4.500000000000001], [45.0, -4.500000000000001], [45.0, 10.5], [37.0, 10.5], [37.0, -4.500000000000001]], [[11.0, 6.0], [11.000000000000002, 22.0], [5.000000000000001, 22.0], [5.0, 6.0], [11.0, 6.0]], [[-12.0, 7.0], [-12.0, -1.0], [-5.999999999999999, -1.0], [-6.0, 7.0], [-12.0, 7.0]]], "node_id": [0, 1, 2, 3, 4, 5, 6, 7, 8, 9, 10, 11, 12, 13, 14, 15]}