{"corners": [[[0.0, 0.0], [8.0, 0.0], [8.0, 15.0], [0.0, 15.0], [0.0, 0.0]], [[11.5, -8.0], [11.5, 0.0], [-3.5, 1.7763568394002505e-15], [-3.5, -7.999999999999999], [11.5, -8.0]], [[23.0, 3.499999999999999], [23.0, 11.5], [8.0, 11.5], [8.0, 3.5], [23.0, 3.499999999999999]], [[6.999999999999999, -24.0], [7.0, -8.0], [1.0, -8.0], [0.9999999999999991, -24.0], [6.999999999999999, -24.0]], [[18.5, -12.5], [18.5, 3.5], [12.5, 3.5], [12.5, -12.5], [18.5, -12.5]], [[-6.0, 11.5], [-5.999999999999999, 3.5], [8.881784197001252e-16, 3.5], [0.0, 11.5], [-6.0, 11.5]]], "node_id": [0, 1, 2, 3, 4, 5]}