{"corners": [[[0.0, 0.0], [16.0, 0.0], [16.0, 6.0], [0.0, 6.0], [0.0, 0.0]], [[22.0, -5.0], [22.0, 11.0], [16.0, 11.0], [16.0, -5.0], [22.0, -5.0]], [[16.000000000000004, 27.0], [16.0, 11.0], [22.0, 11.0], [22.000000000000004, 27.0], [16.000000000000004, 27.0]], [[3.673819061467132e-16, 6.0], [-16.0, 6.000000000000002], [-16.0, 1.7763568394002505e-15], [-3.673819061467132e-16, 0.0], [3.673819061467132e-16, 6.0]], [[27.000000000000004, 33.0], [11.000000000000004, 33.0], [11.000000000000004, 27.0], [27.000000000000004, 27.0], [27.000000000000004, 33.0]], [[38.0, 5.999999999999998], [22.0, 6.0], [22.0, 0.0], [38.0, -1.7763568394002505e-15], [38.0, 5.999999999999998]], [[23.0, -5.000000000000001], [15.0, -5.0], [14.999999999999998, -20.0], [22.999999999999996, -20.0], [23.0, -5.000000000000001]], [[27.000000000000004, 22.0], [27.0, 6.0], [33.0, 6.0], [33.0, 22.0], [27.000000000000004, 22.0]], [[-15.5, 2.2658605677502996e-15], [-15.500000000000002, -7.999999999999997], [-0.5000000000000018, -8.000000000000002], [-0.5, -4.895037283500492e-16], [-15.5, 2.2658605677502996e-15]], [[3.552713678800501e-15, 16.000000000000004], [16.000000000000004, 16.0], [16.000000000000004, 22.0], [5.022241303387354e-15, 22.000000000000004], [3.552713678800501e-15, 16.000000000000004]], [[22.000000000000004, 33.0], [22.000000000000004, 41.0], [16.000000000000004, 41.0], [16.000000000000004, 33.0], [22.000000000000004, 33.0]], [[11.0, 6.0], [11.0, 14.0], [5.000000000000001, 14.0], [5.0, 6.0], [11.0, 6.0]], [[9.0, -8.5], [8.999999999999998, -16.5], [14.999999999999998, -16.5], [15.0, -8.500000000000002], [9.0, -8.5]], [[-31.5, -6.999999999999994], [-15.5, -6.999999999999997], [-15.5, -0.9999999999999973], [-31.5, -0.9999999999999938], [-31.5, -6.999999999999994]], [[12.0, -4.898425415289509e-16], [4.0, 4.898425415289509e-16], [4.0, -6.0], [12.0, -6.000000000000001], [12.0, -4.898425415289509e-16]], [[22.000000000000004, 34.0], [30.000000000000004, 34.0], [30.000000000000004, 40.0], [22.000000000000004, 40.0], [22.000000000000004, 34.0]]], "node_id": [0, 1, 2, 3, 4, 5, 6, 7, 8, 9, 10, 11, 12, 13, 14, 15]}