{"corners": [[[0.0, 0.0], [8.0, 0.0], [8.0, 6.0], [0.0, 6.0], [0.0, 0.0]], [[8.0, 7.0], [8.0, -1.0], [14.0, -1.0], [14.0, 7.0], [8.0, 7.0]], [[14.0, -17.0], [14.000000000000002, -1.0], [8.0, -1.0], [8.0, -17.0], [14.0, -17.0]], [[1.0, -1.836909530733566e-16], [1.0000000000000009, -16.0], [7.000000000000001, -16.0], [7.0, 1.836909530733566e-16], [1.0, -1.836909530733566e-16]], [[30.0, 6.000000000000002], [14.0, 6.0], [14.0, 0.0], [30.0, 1.7763568394002505e-15], [30.0, 6.000000000000002]], [[8.000000000000002, 21.0], [1.7763568394002505e-15, 21.0], [0.0, 6.000000000000002], [8.0, 6.0], [8.000000000000002, 21.0]]], "node_id": [0, 1, 2, 3, 4, 5]}