{"corners": [[[0.0, 0.0], [8.0, 0.0], [8.0, 6.0], [0.0, 6.0], [0.0, 0.0]], [[0.0, 6.0], [8.0, 6.0], [8.0, 12.0], [0.0, 12.0], [0.0, 6.0]], [[0.0, 12.0], [8.0, 12.0], [8.0, 18.0], [0.0, 18.0], [0.0, 12.0]], [[-6.000000000000001, 11.0], [-6.0, -5.0], [0.0, -5.0], [-8.881784197001252e-16, 11.0], [-6.000000000000001, 11.0]], [[-8.881784197001252e-16, 11.0], [-3.9833587817117433e-16, 19.0], [-6.0, 19.0], [-6.000000000000001, 11.0], [-8.881784197001252e-16, 11.0]], [[-7.0, 19.0], [1.0, 19.0], [1.0, 34.0], [-7.0, 34.0], [-7.0, 19.0]]], "node_id": [0, 1, 2, 3, 4, 5]}