{"corners": [[[0.0, 0.0], [16.0, 0.0], [16.0, 6.0], [0.0, 6.0], [0.0, 0.0]], [[32.0, 5.999999999999998], [16.0, 6.0], [16.0, 0.0], [32.0, -1.7763568394002505e-15], [32.0, 5.999999999999998]], [[38.0, -5.000000000000002], [38.0, 10.999999999999998], [32.0, 10.999999999999998], [32.0, -5.000000000000002], [38.0, -5.000000000000002]], [[42.5, -13.000000000000002], [42.5, -5.000000000000002], [27.5, -5.0], [27.5, -13.0], [42.5, -13.000000000000002]], [[38.0, -21.0], [38.0, -13.0], [32.0, -13.0], [32.0, -21.0], [38.0, -21.0]], [[39.0, -21.0], [31.0, -21.0], [31.0, -27.0], [39.0, -27.0], [39.0, -21.0]]], "node_id": [0, 1, 2, 3, 4, 5]}