{"corners": [[[0.0, 0.0], [16.0, 0.0], [16.0, 6.0], [0.0, 6.0], [0.0, 0.0]], [[16.0, 7.0], [16.0, -1.0], [22.0, -1.0], [22.0, 7.0], [16.0, 7.0]], [[22.0, -9.0], [22.0, -1.0], [16.0, -1.0], [16.0, -9.0], [22.0, -9.0]], [[22.0, 4.440892098500626e-16], [30.0, 4.440892098500626e-16], [30.0, 6.0], [22.0, 6.0], [22.0, 4.440892098500626e-16]], [[11.0, -16.0], [11.000000000000002, 0.0], [5.000000000000001, 0.0], [5.0, -16.0], [11.0, -16.0]]], "node_id": [0, 1, 2, 3, 4]}