{"corners": [[[0.0, 0.0], [8.0, 0.0], [8.0, 15.0], [0.0, 15.0], [0.0, 0.0]], [[23.0, 3.499999999999999], [23.0, 11.5], [8.0, 11.5], [8.0, 3.5], [23.0, 3.499999999999999]], [[29.0, -0.5000000000000009], [29.0, 15.5], [23.0, 15.5], [23.0, -0.5000000000000006], [29.0, -0.5000000000000009]], [[22.0, -15.5], [30.0, -15.5], [30.0, -0.5], [22.0, -0.5], [22.0, -15.5]], [[46.0, -5.000000000000002], [30.0, -5.0], [30.0, -11.0], [46.0, -11.000000000000002], [46.0, -5.000000000000002]], [[23.0, -15.5], [23.0, -31.5], [29.0, -31.5], [29.0, -15.5], [23.0, -15.5]]], "node_id": [0, 1, 2, 3, 4, 5]}