{"corners": [[[0.0, 0.0], [8.0, 0.0], [8.0, 15.0], [0.0, 15.0], [0.0, 0.0]], [[8.0, 0.0], [16.0, 0.0], [16.0, 15.0], [8.0, 15.0], [8.0, 0.0]], [[0.0, -15.0], [8.0, -15.0], [8.0, 0.0], [0.0, 0.0], [0.0, -15.0]], [[8.000000000000002, 30.0], [1.7763568394002505e-15, 30.0], [0.0, 15.000000000000002], [8.0, 15.0], [8.000000000000002, 30.0]], [[16.0, 11.5], [16.0, 3.5], [22.0, 3.5], [22.0, 11.5], [16.0, 11.5]], [[9.0, 23.0], [9.0, 15.0], [15.0, 15.0], [15.0, 23.0], [9.0, 23.0]]], "node_id": [0, 1, 2, 3, 4, 5]}