{"corners": [[[0.0, 0.0], [8.0, 0.0], [8.0, 6.0], [0.0, 6.0], [0.0, 0.0]], [[-6.000000000000001, 11.0], [-6.0, -5.0], [0.0, -5.0], [-8.881784197001252e-16, 11.0], [-6.000000000000001, 11.0]], [[0.0, 6.0], [8.0, 6.0], [8.0, 12.0], [0.0, 12.0], [0.0, 6.0]], [[23.0, -1.0000000000000009], [23.0, 6.999999999999999], [8.0, 7.000000000000001], [8.0, -1.0], [23.0, -1.0000000000000009]], [[7.0, 12.0], [7.000000000000001, 28.0], [1.0000000000000009, 28.0], [1.0, 12.0], [7.0, 12.0]], [[1.0000000000000013, 23.0], [-6.999999999999998, 23.0], [-6.999999999999998, 17.0], [1.0000000000000007, 17.0], [1.0000000000000013, 23.0]]], "node_id": [0, 1, 2, 3, 4, 5]}