{"corners": [[[0.0, 0.0], [16.0, 0.0], [16.0, 6.0], [0.0, 6.0], [0.0, 0.0]], [[24.0, 10.5], [16.0, 10.500000000000002], [15.999999999999998, -4.499999999999998], [23.999999999999996, -4.5], [24.0, 10.5]], [[40.0, 5.999999999999998], [24.0, 6.0], [24.0, 0.0], [40.0, -1.7763568394002505e-15], [40.0, 5.999999999999998]], [[55.0, -1.0000000000000027], [55.0, 6.999999999999997], [40.0, 6.999999999999999], [40.0, -1.0000000000000018], [55.0, -1.0000000000000027]], [[11.0, -16.0], [11.000000000000002, 0.0], [5.000000000000001, 0.0], [5.0, -16.0], [11.0, -16.0]], [[11.0, -32.0], [11.000000000000002, -16.0], [5.000000000000001, -16.0], [5.0, -32.0], [11.0, -32.0]]], "node_id": [0, 1, 2, 3, 4, 5]}