{"corners": [[[0.0, 0.0], [8.0, 0.0], [8.0, 15.0], [0.0, 15.0], [0.0, 0.0]], [[16.0, 15.0], [8.0, 15.000000000000002], [7.999999999999998, 1.7763568394002505e-15], [15.999999999999998, 0.0], [16.0, 15.0]], [[31.0, 3.499999999999999], [31.0, 11.5], [16.0, 11.5], [16.0, 3.5], [31.0, 3.499999999999999]], [[-8.0, 0.0], [0.0, 0.0], [0.0, 15.0], [-8.0, 15.0], [-8.0, 0.0]], [[19.5, -2.5000000000000004], [27.5, -2.5000000000000004], [27.5, 3.4999999999999996], [19.5, 3.4999999999999996], [19.5, -2.5000000000000004]]], "node_id": [0, 1, 2, 3, 4]}