{"corners": [[[0.0, 0.0], [16.0, 0.0], [16.0, 6.0], [0.0, 6.0], [0.0, 0.0]], [[32.0, 5.999999999999998], [16.0, 6.0], [16.0, 0.0], [32.0, -1.7763568394002505e-15], [32.0, 5.999999999999998]], [[19.999999999999996, -15.0], [27.999999999999996, -15.000000000000002], [28.0, -1.7763568394002505e-15], [20.0, 0.0], [19.999999999999996, -15.0]], [[19.999999999999993, -30.0], [27.999999999999993, -30.000000000000004], [27.999999999999996, -15.000000000000002], [19.999999999999996, -15.0], [19.999999999999993, -30.0]], [[26.99999999999999, -38.0], [26.999999999999993, -30.0], [20.999999999999993, -30.0], [20.99999999999999, -38.0], [26.99999999999999, -38.0]]], "node_id": [0, 1, 2, 3, 4]}