{"corners": [[[0.0, 0.0], [8.0, 0.0], [8.0, 6.0], [0.0, 6.0], [0.0, 0.0]], [[8.000000000000002, 21.0], [1.7763568394002505e-15, 21.0], [0.0, 6.000000000000002], [8.0, 6.0], [8.000000000000002, 21.0]], [[1.0, -1.836909530733566e-16], [1.0000000000000009, -16.0], [7.000000000000001, -16.0], [7.0, 1.836909530733566e-16], [1.0, -1.836909530733566e-16]], [[11.500000000000002, 21.0], [11.500000000000002, 29.0], [-3.4999999999999982, 29.0], [-3.4999999999999982, 21.0], [11.500000000000002, 21.0]], [[1.0000000000000009, -16.0], [1.0000000000000018, -32.0], [7.000000000000002, -32.0], [7.000000000000001, -16.0], [1.0000000000000009, -16.0]], [[27.5, 28.0], [11.5, 28.000000000000004], [11.5, 22.0], [27.5, 22.0], [27.5, 28.0]]], "node_id": [0, 1, 2, 3, 4, 5]}