{"corners": [[[0.0, 0.0], [8.0, 0.0], [8.0, 6.0], [0.0, 6.0], [0.0, 0.0]], [[8.000000000000002, 21.0], [1.7763568394002505e-15, 21.0], [0.0, 6.000000000000002], [8.0, 6.0], [8.000000000000002, 21.0]], [[1.7763568394002505e-15, 21.0], [8.000000000000002, 20.999999999999996], [8.000000000000005, 36.0], [5.450175900867382e-15, 36.0], [1.7763568394002505e-15, 21.0]], [[7.999999999999999, 10.5], [24.0, 10.499999999999996], [24.0, 16.499999999999996], [8.0, 16.5], [7.999999999999999, 10.5]], [[23.0, 24.499999999999996], [23.000000000000004, 32.5], [8.000000000000002, 32.5], [8.0, 24.5], [23.0, 24.499999999999996]], [[29.999999999999996, 5.499999999999995], [30.0, 21.499999999999993], [24.0, 21.5], [23.999999999999996, 5.4999999999999964], [29.999999999999996, 5.499999999999995]]], "node_id": [0, 1, 2, 3, 4, 5]}