{"corners": [[[0.0, 0.0], [8.0, 0.0], [8.0, 15.0], [0.0, 15.0], [0.0, 0.0]], [[8.0, 0.0], [16.0, 0.0], [16.0, 15.0], [8.0, 15.0], [8.0, 0.0]], [[7.0, 15.0], [7.000000000000001, 31.0], [1.0000000000000009, 31.0], [1.0, 15.0], [7.0, 15.0]], [[1.0000000000000007, 19.0], [1.000000000000001, 27.0], [-4.999999999999998, 27.0], [-4.999999999999999, 19.0], [1.0000000000000007, 19.0]], [[-4.0, -6.0], [12.0, -6.0], [12.0, 0.0], [-4.0, 0.0], [-4.0, -6.0]], [[-4.999999999999999, 19.0], [-4.999999999999998, 27.0], [-10.999999999999998, 27.0], [-11.0, 19.0], [-4.999999999999999, 19.0]]], "node_id": [0, 1, 2, 3, 4, 5]}