{"corners": [[[0.0, 0.0], [8.0, 0.0], [8.0, 15.0], [0.0, 15.0], [0.0, 0.0]], [[1.0, -1.836909530733566e-16], [1.0000000000000004, -8.0], [7.000000000000001, -8.0], [7.0, 1.836909530733566e-16], [1.0, -1.836909530733566e-16]], [[1.0, -8.0], [1.0000000000000004, 0.0], [-14.0, 1.7763568394002505e-15], [-14.0, -7.999999999999999], [1.0, -8.0]], [[7.0, 4.440892098500626e-16], [7.000000000000001, -8.0], [22.0, -7.999999999999998], [22.0, 1.3625439752168456e-15], [7.0, 4.440892098500626e-16]], [[8.0, 11.5], [8.0, 3.5], [14.0, 3.5], [14.0, 11.5], [8.0, 11.5]], [[0.9999999999999991, 31.0], [1.0, 15.0], [7.0, 15.0], [6.999999999999999, 31.0], [0.9999999999999991, 31.0]]], "node_id": [0, 1, 2, 3, 4, 5]}