{"corners": [[[0.0, 0.0], [8.0, 0.0], [8.0, 15.0], [0.0, 15.0], [0.0, 0.0]], [[8.000000000000002, 30.0], [1.7763568394002505e-15, 30.0], [0.0, 15.000000000000002], [8.0, 15.0], [8.000000000000002, 30.0]], [[1.7763568394002505e-15, 30.0], [8.000000000000002, 29.999999999999996], [8.000000000000004, 36.0], [3.245884463987103e-15, 36.0], [1.7763568394002505e-15, 30.0]], [[7.999999999999999, 15.5], [8.0, -0.5], [14.0, -0.5], [14.0, 15.5], [7.999999999999999, 15.5]], [[14.0, 4.5], [30.0, 4.5], [30.0, 10.5], [14.0, 10.5], [14.0, 4.5]]], "node_id": [0, 1, 2, 3, 4]}