{"corners": [[[0.0, 0.0], [16.0, 0.0], [16.0, 6.0], [0.0, 6.0], [0.0, 0.0]], [[-6.000000000000001, 11.0], [-6.0, -5.0], [0.0, -5.0], [-8.881784197001252e-16, 11.0], [-6.000000000000001, 11.0]], [[-10.500000000000002, 19.0], [-10.500000000000002, 11.0], [4.499999999999998, 11.0], [4.499999999999998, 19.0], [-10.500000000000002, 19.0]], [[5.0, 14.0], [5.000000000000001, 6.0], [11.0, 6.0], [11.0, 14.0], [5.0, 14.0]], [[-6.000000000000001, 10.5], [-14.0, 10.499999999999998], [-14.0, -4.500000000000002], [-5.999999999999999, -4.5], [-6.000000000000001, 10.5]], [[16.0, -4.5], [24.0, -4.5], [24.0, 10.5], [16.0, 10.5], [16.0, -4.5]], [[-14.0, -10.5], [-6.0, -10.5], [-6.0, -4.5], [-14.0, -4.5], [-14.0, -10.5]], [[16.0, 10.5], [24.0, 10.5], [24.0, 16.5], [16.0, 16.5], [16.0, 10.5]], [[16.0, 16.5], [24.0, 16.5], [24.0, 22.5], [16.0, 22.5], [16.0, 16.5]], [[24.0, 23.5], [24.0, 15.5], [30.0, 15.5], [30.0, 23.5], [24.0, 23.5]], [[24.0, -4.500000000000001], [16.0, -4.5], [15.999999999999998, -19.5], [23.999999999999996, -19.5], [24.0, -4.500000000000001]], [[-30.0, -10.5], [-14.0, -10.5], [-14.0, -4.5], [-30.0, -4.5], [-30.0, -10.5]], [[-30.0, -11.5], [-30.0, -3.5], [-45.0, -3.4999999999999982], [-45.0, -11.499999999999998], [-30.0, -11.5]], [[-4.440892098500626e-16, -13.0], [4.575333167888829e-17, -5.0], [-6.0, -5.0], [-6.0, -13.0], [-4.440892098500626e-16, -13.0]], [[15.999999999999998, -9.0], [7.999999999999998, -8.999999999999998], [7.999999999999998, -15.0], [15.999999999999998, -15.0], [15.999999999999998, -9.0]], [[40.0, 5.999999999999998], [24.0, 6.0], [24.0, 0.0], [40.0, -1.7763568394002505e-15], [40.0, 5.999999999999998]], [[35.0, -16.0], [35.0, 0.0], [29.0, 0.0], [29.0, -16.0], [35.0, -16.0]], [[14.999999999999998, -9.0], [14.999999999999998, -1.0], [9.0, -1.0], [8.999999999999998, -9.0], [14.999999999999998, -9.0]], [[-7.000000000000002, 19.0], [0.9999999999999982, 19.0], [0.9999999999999982, 25.0], [-7.000000000000002, 25.0], [-7.000000000000002, 19.0]]], "node_id": [0, 1, 2, 3, 4, 5, 6, 7, 8, 9, 10, 11, 12, 13, 14, 15, 16, 17, 18]}