{"corners": [[[0.0, 0.0], [8.0, 0.0], [8.0, 15.0], [0.0, 15.0], [0.0, 0.0]], [[7.0, 15.0], [7.000000000000001, 31.0], [1.0000000000000009, 31.0], [1.0, 15.0], [7.0, 15.0]], [[12.0, -9.796850830579018e-16], [-4.0, 9.796850830579018e-16], [-4.0, -5.999999999999999], [12.0, -6.000000000000001], [12.0, -9.796850830579018e-16]], [[23.0, 26.0], [7.0, 26.000000000000004], [7.0, 20.0], [23.0, 20.0], [23.0, 26.0]], [[-3.9999999999999996, 8.881784197001252e-16], [-20.0, 2.847548585815929e-15], [-20.0, -5.999999999999997], [-4.0, -5.999999999999999], [-3.9999999999999996, 8.881784197001252e-16]], [[18.0, -7.000000000000001], [18.0, 0.9999999999999991], [12.0, 0.9999999999999991], [12.0, -7.000000000000001], [18.0, -7.000000000000001]]], "node_id": [0, 1, 2, 3, 4, 5]}