{"corners": [[[0.0, 0.0], [16.0, 0.0], [16.0, 6.0], [0.0, 6.0], [0.0, 0.0]], [[16.0, 0.0], [24.0, 0.0], [24.0, 6.0], [16.0, 6.0], [16.0, 0.0]], [[12.0, -6.0], [28.0, -6.0], [28.0, 0.0], [12.0, 0.0], [12.0, -6.0]], [[12.5, -6.000000000000001], [12.5, -14.0], [27.5, -14.0], [27.5, -6.0], [12.5, -6.000000000000001]], [[33.5, -14.0], [33.5, -6.0], [27.5, -6.0], [27.5, -14.0], [33.5, -14.0]], [[-3.5, -13.0], [12.5, -13.0], [12.5, -7.0], [-3.5, -7.0], [-3.5, -13.0]]], "node_id": [0, 1, 2, 3, 4, 5]}