{"corners": [[[0.0, 0.0], [8.0, 0.0], [8.0, 6.0], [0.0, 6.0], [0.0, 0.0]], [[-2.4492127076447545e-16, -1.0], [2.4492127076447545e-16, 7.0], [-15.0, 7.000000000000002], [-15.0, -0.9999999999999991], [-2.4492127076447545e-16, -1.0]], [[0.0, -15.0], [8.0, -15.0], [8.0, 0.0], [0.0, 0.0], [0.0, -15.0]], [[1.0, -15.0], [1.0000000000000009, -31.0], [7.000000000000001, -31.0], [7.0, -15.0], [1.0, -15.0]], [[16.0, 10.5], [8.0, 10.500000000000002], [7.999999999999998, -4.499999999999998], [15.999999999999998, -4.5], [16.0, 10.5]], [[-3.999999999999999, -37.0], [12.0, -37.0], [12.0, -31.0], [-3.999999999999999, -31.0], [-3.999999999999999, -37.0]]], "node_id": [0, 1, 2, 3, 4, 5]}