{"corners": [[[0.0, 0.0], [16.0, 0.0], [16.0, 6.0], [0.0, 6.0], [0.0, 0.0]], [[-2.4492127076447545e-16, -1.0], [2.4492127076447545e-16, 7.0], [-15.0, 7.000000000000002], [-15.0, -0.9999999999999991], [-2.4492127076447545e-16, -1.0]], [[-15.0, -0.9999999999999982], [-15.000000000000002, -8.999999999999998], [-1.7763568394002505e-15, -9.000000000000002], [0.0, -1.0000000000000009], [-15.0, -0.9999999999999982]], [[-11.5, 7.0], [-3.5, 7.0], [-3.5, 22.0], [-11.5, 22.0], [-11.5, 7.0]], [[24.0, 10.5], [16.0, 10.500000000000002], [15.999999999999998, -4.499999999999998], [23.999999999999996, -4.5], [24.0, 10.5]]], "node_id": [0, 1, 2, 3, 4]}