{"corners": [[[0.0, 0.0], [16.0, 0.0], [16.0, 6.0], [0.0, 6.0], [0.0, 0.0]], [[-6.0, 7.0], [-5.999999999999999, -1.0], [8.881784197001252e-16, -1.0], [0.0, 7.0], [-6.0, 7.0]], [[16.0, 7.0], [16.0, -1.0], [31.0, -0.9999999999999991], [31.0, 7.000000000000001], [16.0, 7.0]], [[39.0, 6.000000000000002], [31.0, 6.000000000000001], [31.0, 8.881784197001252e-16], [39.0, 1.7763568394002505e-15], [39.0, 6.000000000000002]], [[47.0, 10.500000000000004], [39.0, 10.500000000000002], [39.0, -4.499999999999998], [47.0, -4.4999999999999964], [47.0, 10.500000000000004]], [[47.0, 16.500000000000004], [39.0, 16.500000000000004], [39.0, 10.500000000000004], [47.0, 10.500000000000004], [47.0, 16.500000000000004]]], "node_id": [0, 1, 2, 3, 4, 5]}