{"corners": [[[0.0, 0.0], [8.0, 0.0], [8.0, 6.0], [0.0, 6.0], [0.0, 0.0]], [[1.0, -1.836909530733566e-16], [1.0000000000000004, -8.0], [7.000000000000001, -8.0], [7.0, 1.836909530733566e-16], [1.0, -1.836909530733566e-16]], [[-2.4492127076447545e-16, -1.0], [2.4492127076447545e-16, 7.0], [-15.0, 7.000000000000002], [-15.0, -0.9999999999999991], [-2.4492127076447545e-16, -1.0]], [[11.5, -16.0], [11.5, -8.0], [-3.5, -7.999999999999998], [-3.5, -15.999999999999998], [11.5, -16.0]], [[0.9999999999999996, 14.0], [1.0, 6.0], [7.0, 6.0], [7.0, 14.0], [0.9999999999999996, 14.0]], [[13.0, 6.0], [13.0, 14.0], [7.000000000000001, 14.0], [7.0, 6.0], [13.0, 6.0]]], "node_id": [0, 1, 2, 3, 4, 5]}