{"corners": [[[0.0, 0.0], [16.0, 0.0], [16.0, 6.0], [0.0, 6.0], [0.0, 0.0]], [[32.0, 5.999999999999998], [16.0, 6.0], [16.0, 0.0], [32.0, -1.7763568394002505e-15], [32.0, 5.999999999999998]], [[19.999999999999996, -15.0], [27.999999999999996, -15.000000000000002], [28.0, -1.7763568394002505e-15], [20.0, 0.0], [19.999999999999996, -15.0]], [[5.0, -1.836909530733566e-16], [5.000000000000001, -8.0], [11.0, -8.0], [11.0, 1.836909530733566e-16], [5.0, -1.836909530733566e-16]], [[4.0, -14.0], [12.0, -14.0], [12.0, -8.0], [4.0, -8.0], [4.0, -14.0]], [[11.0, 6.0], [11.0, 14.0], [5.000000000000001, 14.0], [5.0, 6.0], [11.0, 6.0]], [[44.0, -4.500000000000007], [28.0, -4.500000000000001], [27.999999999999996, -10.5], [44.0, -10.500000000000007], [44.0, -4.500000000000007]], [[18.0, -19.0], [18.0, -3.0], [12.0, -3.0], [12.0, -19.0], [18.0, -19.0]], [[28.0, 11.999999999999998], [20.0, 12.0], [20.0, 5.999999999999999], [28.0, 5.999999999999998], [28.0, 11.999999999999998]], [[4.000000000000001, -3.5], [-3.999999999999999, -3.499999999999999], [-4.000000000000001, -18.5], [3.999999999999999, -18.5], [4.000000000000001, -3.5]], [[43.5, -18.500000000000007], [43.5, -10.500000000000007], [28.5, -10.500000000000002], [28.5, -18.500000000000004], [43.5, -18.500000000000007]], [[50.0, -15.500000000000009], [50.00000000000001, 0.4999999999999911], [44.00000000000001, 0.49999999999999467], [44.0, -15.500000000000007], [50.0, -15.500000000000009]], [[39.0, -4.500000000000005], [39.0, 3.4999999999999947], [33.0, 3.4999999999999964], [33.0, -4.5000000000000036], [39.0, -4.500000000000005]], [[32.0, 3.4999999999999973], [40.0, 3.4999999999999956], [40.0, 9.499999999999996], [32.0, 9.499999999999996], [32.0, 3.4999999999999973]], [[49.99999999999999, -31.500000000000007], [50.0, -15.500000000000007], [44.0, -15.500000000000004], [43.99999999999999, -31.500000000000004], [49.99999999999999, -31.500000000000007]], [[11.0, -22.0], [11.0, -14.0], [5.000000000000001, -14.0], [5.0, -22.0], [11.0, -22.0]], [[58.0, -4.500000000000012], [50.0, -4.50000000000001], [50.0, -10.50000000000001], [58.0, -10.500000000000012], [58.0, -4.500000000000012]], [[40.0, -18.500000000000004], [32.0, -18.5], [32.0, -24.5], [40.0, -24.500000000000004], [40.0, -18.500000000000004]], [[51.00000000000001, 6.499999999999989], [43.00000000000001, 6.499999999999992], [43.00000000000001, 0.499999999999992], [51.00000000000001, 0.49999999999998934], [51.00000000000001, 6.499999999999989]]], "node_id": [0, 1, 2, 3, 4, 5, 6, 7, 8, 9, 10, 11, 12, 13, 14, 15, 16, 17, 18]}