{"corners": [[[0.0, 0.0], [8.0, 0.0], [8.0, 15.0], [0.0, 15.0], [0.0, 0.0]], [[16.0, 15.0], [8.0, 15.000000000000002], [7.999999999999998, 1.7763568394002505e-15], [15.999999999999998, 0.0], [16.0, 15.0]], [[15.0, 15.0], [15.000000000000002, 31.0], [9.0, 31.0], [9.0, 15.0], [15.0, 15.0]], [[9.0, 19.0], [9.0, 27.0], [-6.0, 27.0], [-6.0, 19.0], [9.0, 19.0]], [[20.0, -9.796850830579018e-16], [4.0, 9.796850830579018e-16], [4.0, -5.999999999999999], [20.0, -6.000000000000001], [20.0, -9.796850830579018e-16]], [[9.0, -5.999999999999999], [8.999999999999998, -14.0], [14.999999999999998, -14.0], [15.0, -6.0], [9.0, -5.999999999999999]]], "node_id": [0, 1, 2, 3, 4, 5]}