{"corners": [[[0.0, 0.0], [8.0, 0.0], [8.0, 6.0], [0.0, 6.0], [0.0, 0.0]], [[8.0, 7.0], [8.0, -1.0], [14.0, -1.0], [14.0, 7.0], [8.0, 7.0]], [[29.0, -1.0000000000000004], [29.0, 7.0], [14.0, 7.000000000000002], [14.0, -0.9999999999999996], [29.0, -1.0000000000000004]], [[7.0, 6.0], [7.000000000000001, 14.0], [1.0000000000000009, 14.0], [1.0, 6.0], [7.0, 6.0]], [[14.0, -0.9999999999999987], [13.999999999999998, -8.999999999999998], [29.0, -9.000000000000002], [29.0, -1.0000000000000013], [14.0, -0.9999999999999987]], [[17.499999999999996, -24.0], [25.499999999999996, -24.000000000000004], [25.5, -9.000000000000002], [17.5, -9.0], [17.499999999999996, -24.0]]], "node_id": [0, 1, 2, 3, 4, 5]}