{"corners": [[[0.0, 0.0], [8.0, 0.0], [8.0, 6.0], [0.0, 6.0], [0.0, 0.0]], [[8.000000000000002, 21.0], [1.7763568394002505e-15, 21.0], [0.0, 6.000000000000002], [8.0, 6.0], [8.000000000000002, 21.0]], [[-3.4999999999999964, 29.0], [-3.499999999999998, 21.0], [11.500000000000002, 20.999999999999996], [11.500000000000004, 28.999999999999996], [-3.4999999999999964, 29.0]], [[3.673819061467132e-16, 16.5], [-8.0, 16.5], [-8.0, 10.5], [-3.673819061467132e-16, 10.5], [3.673819061467132e-16, 16.5]], [[-3.4999999999999947, 37.0], [-3.499999999999996, 29.0], [11.500000000000004, 28.999999999999996], [11.500000000000005, 37.0], [-3.4999999999999947, 37.0]], [[11.500000000000005, 33.0], [11.500000000000002, 17.0], [17.500000000000004, 17.0], [17.500000000000007, 33.0], [11.500000000000005, 33.0]]], "node_id": [0, 1, 2, 3, 4, 5]}