{"corners": [[[0.0, 0.0], [8.0, 0.0], [8.0, 6.0], [0.0, 6.0], [0.0, 0.0]], [[0.9999999999999991, 22.0], [1.0, 6.0], [7.0, 6.0], [6.999999999999999, 22.0], [0.9999999999999991, 22.0]], [[0.9999999999999982, 38.0], [0.9999999999999992, 22.0], [6.999999999999999, 22.0], [6.999999999999998, 38.0], [0.9999999999999982, 38.0]], [[7.0, 11.0], [15.0, 11.0], [15.0, 17.0], [7.0, 17.0], [7.0, 11.0]], [[7.0, 17.0], [15.0, 17.0], [15.0, 23.0], [7.0, 23.0], [7.0, 17.0]], [[16.0, 5.999999999999999], [8.0, 6.0], [8.0, 0.0], [16.0, -8.881784197001252e-16], [16.0, 5.999999999999999]]], "node_id": [0, 1, 2, 3, 4, 5]}