{"corners": [[[0.0, 0.0], [8.0, 0.0], [8.0, 6.0], [0.0, 6.0], [0.0, 0.0]], [[0.9999999999999996, 14.0], [1.0, 6.0], [7.0, 6.0], [7.0, 14.0], [0.9999999999999996, 14.0]], [[-2.4492127076447545e-16, -1.0], [2.4492127076447545e-16, 7.0], [-15.0, 7.000000000000002], [-15.0, -0.9999999999999991], [-2.4492127076447545e-16, -1.0]], [[-4.440892098500626e-16, 14.0], [8.0, 14.0], [8.0, 29.0], [-4.440892098500626e-16, 29.0], [-4.440892098500626e-16, 14.0]], [[-10.5, -0.999999999999999], [-10.500000000000002, -8.999999999999998], [-4.500000000000002, -9.0], [-4.5, -1.0], [-10.5, -0.999999999999999]], [[-31.0, 8.881784197001252e-16], [-15.0, 8.881784197001252e-16], [-15.0, 6.000000000000001], [-31.0, 6.000000000000001], [-31.0, 8.881784197001252e-16]]], "node_id": [0, 1, 2, 3, 4, 5]}