{"corners": [[[0.0, 0.0], [8.0, 0.0], [8.0, 15.0], [0.0, 15.0], [0.0, 0.0]], [[7.999999999999999, 15.5], [8.0, -0.5], [14.0, -0.5], [14.0, 15.5], [7.999999999999999, 15.5]], [[22.0, 15.0], [14.0, 14.999999999999998], [14.000000000000002, -1.7763568394002505e-15], [22.000000000000004, 0.0], [22.0, 15.0]], [[-8.0, 0.0], [0.0, 0.0], [0.0, 15.0], [-8.0, 15.0], [-8.0, 0.0]], [[8.000000000000002, 30.0], [1.7763568394002505e-15, 30.0], [0.0, 15.000000000000002], [8.0, 15.0], [8.000000000000002, 30.0]], [[16.0, 25.5], [8.0, 25.5], [8.0, 19.5], [16.0, 19.5], [16.0, 25.5]]], "node_id": [0, 1, 2, 3, 4, 5]}