{"corners": [[[0.0, 0.0], [16.0, 0.0], [16.0, 6.0], [0.0, 6.0], [0.0, 0.0]], [[16.0, 11.0], [16.0, -5.0], [22.0, -5.0], [22.0, 11.0], [16.0, 11.0]], [[23.0, -4.999999999999999], [15.0, -5.0], [15.000000000000002, -20.0], [23.000000000000004, -20.0], [23.0, -4.999999999999999]], [[-8.0, 0.0], [0.0, 0.0], [0.0, 6.0], [-8.0, 6.0], [-8.0, 0.0]], [[12.0, 12.0], [4.0, 12.000000000000002], [4.0, 6.000000000000001], [12.0, 6.0], [12.0, 12.0]], [[15.0, -9.5], [-1.0, -9.500000000000002], [-1.0, -15.500000000000002], [15.0, -15.5], [15.0, -9.5]]], "node_id": [0, 1, 2, 3, 4, 5]}