{"corners": [[[0.0, 0.0], [8.0, 0.0], [8.0, 15.0], [0.0, 15.0], [0.0, 0.0]], [[-2.4492127076447545e-16, 3.5], [2.4492127076447545e-16, 11.5], [-5.999999999999999, 11.5], [-6.0, 3.5000000000000004], [-2.4492127076447545e-16, 3.5]], [[14.0, 3.5], [14.0, 11.5], [8.0, 11.5], [8.0, 3.5000000000000004], [14.0, 3.5]], [[20.0, 3.5], [20.0, 11.5], [14.0, 11.5], [14.0, 3.5000000000000004], [20.0, 3.5]], [[13.0, 11.5], [21.0, 11.5], [21.0, 17.5], [13.0, 17.5], [13.0, 11.5]], [[-6.000000000000001, -0.5], [-6.0, 15.5], [-12.0, 15.5], [-12.0, -0.4999999999999996], [-6.000000000000001, -0.5]]], "node_id": [0, 1, 2, 3, 4, 5]}