{"corners": [[[0.0, 0.0], [8.0, 0.0], [8.0, 15.0], [0.0, 15.0], [0.0, 0.0]], [[-3.5, -4.592273826833915e-16], [-3.4999999999999996, -8.0], [11.5, -8.0], [11.5, 4.592273826833915e-16], [-3.5, -4.592273826833915e-16]], [[1.0000000000000009, -8.0], [1.0000000000000013, -16.0], [7.000000000000002, -16.0], [7.000000000000001, -8.0], [1.0000000000000009, -8.0]], [[11.5, 4.0], [11.500000000000002, -12.0], [17.5, -12.0], [17.5, 4.0], [11.5, 4.0]], [[7.000000000000001, -32.0], [7.000000000000002, -16.0], [1.0000000000000018, -16.0], [1.0000000000000009, -32.0], [7.000000000000001, -32.0]], [[-14.999999999999998, -27.0], [1.0000000000000018, -27.0], [1.0000000000000018, -21.0], [-14.999999999999998, -21.0], [-14.999999999999998, -27.0]], [[-3.5, -8.0], [-3.4999999999999996, 0.0], [-9.5, 0.0], [-9.5, -8.0], [-3.5, -8.0]], [[0.9999999999999996, 23.0], [1.0, 15.0], [7.0, 15.0], [7.0, 23.0], [0.9999999999999996, 23.0]], [[8.881784197001252e-16, -38.0], [8.0, -38.0], [8.0, -32.0], [8.881784197001252e-16, -32.0], [8.881784197001252e-16, -38.0]], [[-4.440892098500626e-16, 23.0], [8.0, 23.0], [8.0, 29.0], [-4.440892098500626e-16, 29.0], [-4.440892098500626e-16, 23.0]], [[4.743655555167203e-16, 33.5], [-7.999999999999999, 33.5], [-8.000000000000002, 18.5], [-1.3625439752168456e-15, 18.5], [4.743655555167203e-16, 33.5]], [[-8.000000000000002, 18.0], [-8.0, 34.0], [-14.0, 34.0], [-14.000000000000002, 18.0], [-8.000000000000002, 18.0]], [[8.0, -38.0], [0.0, -38.0], [0.0, -44.0], [7.999999999999999, -44.0], [8.0, -38.0]], [[-7.999999999999999, -38.0], [8.881784197001252e-16, -38.0], [8.881784197001252e-16, -32.0], [-7.999999999999999, -32.0], [-7.999999999999999, -38.0]], [[8.0, -31.0], [8.0, -39.0], [23.0, -39.0], [23.0, -31.0], [8.0, -31.0]], [[-13.999999999999998, 33.5], [-22.0, 33.5], [-22.0, 18.5], [-14.0, 18.5], [-13.999999999999998, 33.5]], [[18.5, -12.0], [10.5, -12.000000000000002], [10.500000000000002, -27.0], [18.500000000000004, -27.0], [18.5, -12.0]], [[8.0, 4.5], [16.0, 4.5], [16.0, 10.5], [8.0, 10.5], [8.0, 4.5]], [[34.5, -16.5], [18.5, -16.500000000000004], [18.5, -22.5], [34.5, -22.5], [34.5, -16.5]], [[-22.0, 29.0], [-30.0, 29.0], [-30.0, 23.0], [-22.0, 23.0], [-22.0, 29.0]]], "node_id": [0, 1, 2, 3, 4, 5, 6, 7, 8, 9, 10, 11, 12, 13, 14, 15, 16, 17, 18, 19]}