{"corners": [[[0.0, 0.0], [8.0, 0.0], [8.0, 15.0], [0.0, 15.0], [0.0, 0.0]], [[8.0, 0.0], [16.0, 0.0], [16.0, 15.0], [8.0, 15.0], [8.0, 0.0]], [[0.0, 15.0], [8.0, 15.0], [8.0, 30.0], [0.0, 30.0], [0.0, 15.0]], [[0.9999999999999991, 46.0], [1.0, 30.0], [7.0, 30.0], [6.999999999999999, 46.0], [0.9999999999999991, 46.0]], [[32.0, 10.499999999999998], [16.0, 10.5], [16.0, 4.5], [32.0, 4.499999999999998], [32.0, 10.499999999999998]], [[-8.0, 15.0], [0.0, 15.0], [0.0, 30.0], [-8.0, 30.0], [-8.0, 15.0]]], "node_id": [0, 1, 2, 3, 4, 5]}