{"corners": [[[0.0, 0.0], [16.0, 0.0], [16.0, 6.0], [0.0, 6.0], [0.0, 0.0]], [[16.0, 7.0], [16.0, -1.0], [31.0, -0.9999999999999991], [31.0, 7.000000000000001], [16.0, 7.0]], [[20.5, 15.0], [20.5, 7.0], [26.5, 7.0], [26.5, 15.0], [20.5, 15.0]], [[39.0, 10.500000000000002], [31.0, 10.5], [31.0, -4.5], [39.0, -4.499999999999998], [39.0, 10.500000000000002]], [[20.5, 31.0], [20.5, 15.0], [26.5, 15.0], [26.5, 31.0], [20.5, 31.0]], [[47.0, 10.500000000000004], [39.0, 10.500000000000002], [39.0, -4.499999999999998], [47.0, -4.4999999999999964], [47.0, 10.500000000000004]], [[5.0, -1.836909530733566e-16], [5.000000000000001, -8.0], [11.0, -8.0], [11.0, 1.836909530733566e-16], [5.0, -1.836909530733566e-16]], [[43.0, -4.499999999999997], [27.0, -4.499999999999999], [27.0, -10.5], [43.0, -10.499999999999996], [43.0, -4.499999999999997]], [[40.0, 26.500000000000004], [40.0, 10.500000000000004], [46.0, 10.500000000000004], [46.0, 26.500000000000004], [40.0, 26.500000000000004]], [[20.5, 47.0], [20.5, 31.0], [26.5, 31.0], [26.5, 47.0], [20.5, 47.0]], [[43.0, -10.499999999999996], [27.0, -10.499999999999998], [27.0, -16.5], [43.0, -16.499999999999996], [43.0, -10.499999999999996]], [[26.5, -17.0], [26.5, -1.0], [20.5, -1.0], [20.5, -17.0], [26.5, -17.0]], [[4.5, 8.0], [20.5, 8.0], [20.5, 14.0], [4.5, 14.0], [4.5, 8.0]], [[19.5, 47.0], [27.5, 47.0], [27.5, 62.0], [19.5, 62.0], [19.5, 47.0]], [[-10.5, 15.0], [-10.5, 7.0], [4.5, 7.000000000000001], [4.5, 15.000000000000002], [-10.5, 15.0]], [[19.0, -0.9999999999999987], [11.0, -0.9999999999999997], [11.0, -7.0], [19.0, -6.999999999999998], [19.0, -0.9999999999999987]], [[0.9999999999999991, 21.0], [-7.000000000000001, 21.0], [-7.0, 15.0], [0.9999999999999999, 15.0], [0.9999999999999991, 21.0]], [[15.5, 62.0], [31.5, 62.0], [31.5, 68.0], [15.5, 68.0], [15.5, 62.0]], [[-10.5, 14.0], [-18.5, 13.999999999999998], [-18.5, 7.999999999999999], [-10.5, 8.0], [-10.5, 14.0]], [[15.5, 68.0], [7.5, 68.0], [7.5, 62.0], [15.5, 62.0], [15.5, 68.0]], [[-18.5, 14.0], [-10.5, 14.0], [-10.5, 29.0], [-18.5, 29.0], [-18.5, 14.0]]], "node_id": [0, 1, 2, 3, 4, 5, 6, 7, 8, 9, 10, 11, 12, 13, 14, 15, 16, 17, 18, 19, 20]}