{"corners": [[[0.0, 0.0], [8.0, 0.0], [8.0, 15.0], [0.0, 15.0], [0.0, 0.0]], [[11.5, 15.0], [11.5, 23.0], [-3.5, 23.0], [-3.5, 15.000000000000002], [11.5, 15.0]], [[19.5, 26.5], [11.5, 26.5], [11.499999999999998, 11.500000000000002], [19.499999999999996, 11.5], [19.5, 26.5]], [[11.499999999999996, 5.500000000000001], [19.499999999999996, 5.499999999999999], [19.5, 11.5], [11.499999999999998, 11.5], [11.499999999999996, 5.500000000000001]], [[34.5, 15.0], [34.5, 23.0], [19.5, 23.0], [19.5, 15.000000000000002], [34.5, 15.0]], [[12.500000000000002, 34.5], [12.5, 26.5], [18.5, 26.5], [18.5, 34.5], [12.500000000000002, 34.5]]], "node_id": [0, 1, 2, 3, 4, 5]}