{"corners": [[[0.0, 0.0], [8.0, 0.0], [8.0, 6.0], [0.0, 6.0], [0.0, 0.0]], [[-8.0, 0.0], [0.0, 0.0], [0.0, 6.0], [-8.0, 6.0], [-8.0, 0.0]], [[-7.0, -1.836909530733566e-16], [-6.999999999999999, -8.0], [-0.9999999999999991, -8.0], [-1.0, 1.836909530733566e-16], [-7.0, -1.836909530733566e-16]], [[1.0, -1.836909530733566e-16], [1.0000000000000009, -16.0], [7.000000000000001, -16.0], [7.0, 1.836909530733566e-16], [1.0, -1.836909530733566e-16]], [[-1.0, -16.0], [-0.9999999999999996, -8.0], [-6.999999999999999, -8.0], [-7.0, -16.0], [-1.0, -16.0]], [[3.5, 5.999999999999999], [3.5000000000000004, 14.0], [-11.5, 14.0], [-11.5, 6.0], [3.5, 5.999999999999999]]], "node_id": [0, 1, 2, 3, 4, 5]}