{"corners": [[[0.0, 0.0], [8.0, 0.0], [8.0, 6.0], [0.0, 6.0], [0.0, 0.0]], [[3.673819061467132e-16, 6.0], [-16.0, 6.000000000000002], [-16.0, 1.7763568394002505e-15], [-3.673819061467132e-16, 0.0], [3.673819061467132e-16, 6.0]], [[-0.5000000000000009, -7.999999999999999], [-0.5000000000000004, 8.881784197001252e-16], [-15.5, 2.6645352591003757e-15], [-15.5, -7.999999999999998], [-0.5000000000000009, -7.999999999999999]], [[14.5, -8.0], [14.5, 0.0], [-0.5, 1.7763568394002505e-15], [-0.5, -7.999999999999999], [14.5, -8.0]], [[8.0, -4.898425415289509e-16], [0.0, 4.898425415289509e-16], [0.0, -6.0], [7.999999999999999, -6.000000000000001], [8.0, -4.898425415289509e-16]]], "node_id": [0, 1, 2, 3, 4]}