{"corners": [[[0.0, 0.0], [8.0, 0.0], [8.0, 6.0], [0.0, 6.0], [0.0, 0.0]], [[8.0, 7.0], [8.0, -1.0], [14.0, -1.0], [14.0, 7.0], [8.0, 7.0]], [[29.0, -1.0000000000000004], [29.0, 7.0], [14.0, 7.000000000000002], [14.0, -0.9999999999999996], [29.0, -1.0000000000000004]], [[14.0, 7.0], [14.000000000000002, 23.0], [8.0, 23.0], [8.0, 7.0], [14.0, 7.0]], [[44.0, -1.0000000000000013], [44.0, 6.999999999999998], [29.0, 7.0], [29.0, -1.0000000000000004], [44.0, -1.0000000000000013]], [[22.0, 18.0], [14.0, 18.0], [14.0, 12.0], [22.0, 12.0], [22.0, 18.0]]], "node_id": [0, 1, 2, 3, 4, 5]}