{"corners": [[[0.0, 0.0], [16.0, 0.0], [16.0, 6.0], [0.0, 6.0], [0.0, 0.0]], [[5.0, -1.836909530733566e-16], [5.000000000000001, -16.0], [11.0, -16.0], [11.0, 1.836909530733566e-16], [5.0, -1.836909530733566e-16]], [[5.000000000000001, -12.0], [5.000000000000002, -4.0], [-0.9999999999999982, -4.0], [-0.9999999999999991, -12.0], [5.000000000000001, -12.0]], [[0.0, 6.0], [16.0, 6.0], [16.0, 12.0], [0.0, 12.0], [0.0, 6.0]], [[16.0, 17.0], [16.0, 1.0], [22.0, 1.0], [22.0, 17.0], [16.0, 17.0]], [[26.0, -12.0], [26.0, -4.0], [11.0, -3.9999999999999982], [11.0, -11.999999999999998], [26.0, -12.0]]], "node_id": [0, 1, 2, 3, 4, 5]}