{"corners": [[[0.0, 0.0], [16.0, 0.0], [16.0, 6.0], [0.0, 6.0], [0.0, 0.0]], [[4.999999999999999, 22.0], [5.0, 6.0], [11.0, 6.0], [11.0, 22.0], [4.999999999999999, 22.0]], [[11.0, 11.0], [19.0, 11.0], [19.0, 17.0], [11.0, 17.0], [11.0, 11.0]], [[3.999999999999999, 22.0], [12.0, 22.0], [12.0, 28.0], [3.999999999999999, 28.0], [3.999999999999999, 22.0]], [[12.0, 29.0], [12.0, 21.0], [18.0, 21.0], [18.0, 29.0], [12.0, 29.0]]], "node_id": [0, 1, 2, 3, 4]}