{"corners": [[[0.0, 0.0], [8.0, 0.0], [8.0, 6.0], [0.0, 6.0], [0.0, 0.0]], [[0.0, 6.0], [8.0, 6.0], [8.0, 12.0], [0.0, 12.0], [0.0, 6.0]], [[-3.5, -4.592273826833915e-16], [-3.4999999999999996, -8.0], [11.5, -8.0], [11.5, 4.592273826833915e-16], [-3.5, -4.592273826833915e-16]], [[-6.000000000000001, 17.0], [-6.0, 1.0], [0.0, 1.0], [-8.881784197001252e-16, 17.0], [-6.000000000000001, 17.0]], [[16.0, 12.0], [8.0, 12.000000000000002], [8.0, 6.000000000000001], [16.0, 6.0], [16.0, 12.0]], [[16.0, 17.0], [15.999999999999996, 1.0], [21.999999999999996, 1.0], [22.0, 17.0], [16.0, 17.0]]], "node_id": [0, 1, 2, 3, 4, 5]}