{"corners": [[[0.0, 0.0], [16.0, 0.0], [16.0, 6.0], [0.0, 6.0], [0.0, 0.0]], [[32.0, 5.999999999999998], [16.0, 6.0], [16.0, 0.0], [32.0, -1.7763568394002505e-15], [32.0, 5.999999999999998]], [[31.5, -8.0], [31.5, 0.0], [16.5, 1.7763568394002505e-15], [16.5, -7.999999999999999], [31.5, -8.0]], [[31.999999999999996, -4.500000000000002], [40.0, -4.5000000000000036], [40.0, 10.499999999999996], [32.0, 10.499999999999998], [31.999999999999996, -4.500000000000002]], [[28.0, -8.0], [20.0, -7.999999999999999], [20.0, -14.0], [28.0, -14.0], [28.0, -8.0]], [[15.999999999999998, -20.0], [32.0, -20.000000000000004], [32.0, -14.000000000000004], [16.0, -14.0], [15.999999999999998, -20.0]]], "node_id": [0, 1, 2, 3, 4, 5]}