{"corners": [[[0.0, 0.0], [16.0, 0.0], [16.0, 6.0], [0.0, 6.0], [0.0, 0.0]], [[0.5, -4.592273826833915e-16], [0.5000000000000004, -8.0], [15.5, -8.0], [15.5, 4.592273826833915e-16], [0.5, -4.592273826833915e-16]], [[-8.0, 0.0], [0.0, 0.0], [0.0, 6.0], [-8.0, 6.0], [-8.0, 0.0]], [[4.0, -23.0], [12.0, -23.0], [12.0, -8.0], [4.0, -8.0], [4.0, -23.0]], [[4.0, 12.0], [-12.0, 12.000000000000002], [-12.0, 6.000000000000002], [3.999999999999999, 6.0], [4.0, 12.0]], [[-8.0, 6.0], [-24.0, 6.000000000000002], [-24.0, 1.7763568394002505e-15], [-8.0, 0.0], [-8.0, 6.0]]], "node_id": [0, 1, 2, 3, 4, 5]}