{"corners": [[[0.0, 0.0], [8.0, 0.0], [8.0, 6.0], [0.0, 6.0], [0.0, 0.0]], [[-6.0, 7.0], [-5.999999999999999, -1.0], [8.881784197001252e-16, -1.0], [0.0, 7.0], [-6.0, 7.0]], [[7.0, 6.0], [7.000000000000001, 22.0], [1.0000000000000009, 22.0], [1.0, 6.0], [7.0, 6.0]], [[-6.000000000000001, 23.0], [-6.0, 7.0], [0.0, 7.0], [-8.881784197001252e-16, 23.0], [-6.000000000000001, 23.0]], [[-7.000000000000001, 23.0], [0.9999999999999991, 23.0], [0.9999999999999991, 38.0], [-7.000000000000001, 38.0], [-7.000000000000001, 23.0]], [[-23.0, 27.5], [-7.0, 27.5], [-7.0, 33.5], [-23.0, 33.5], [-23.0, 27.5]]], "node_id": [0, 1, 2, 3, 4, 5]}