{"corners": [[[0.0, 0.0], [8.0, 0.0], [8.0, 15.0], [0.0, 15.0], [0.0, 0.0]], [[-8.0, 4.5], [0.0, 4.5], [0.0, 10.5], [-8.0, 10.5], [-8.0, 4.5]], [[-4.0, -6.0], [12.0, -6.0], [12.0, 0.0], [-4.0, 0.0], [-4.0, -6.0]], [[12.0, 1.0], [12.0, -7.0], [27.0, -6.999999999999999], [27.0, 1.0000000000000009], [12.0, 1.0]], [[-14.0, 15.5], [-13.999999999999998, -0.5], [-7.999999999999999, -0.5], [-8.0, 15.5], [-14.0, 15.5]]], "node_id": [0, 1, 2, 3, 4]}