{"corners": [[[0.0, 0.0], [8.0, 0.0], [8.0, 15.0], [0.0, 15.0], [0.0, 0.0]], [[-6.0, 11.5], [-5.999999999999999, 3.5], [8.881784197001252e-16, 3.5], [0.0, 11.5], [-6.0, 11.5]], [[0.0, -15.0], [8.0, -15.0], [8.0, 0.0], [0.0, 0.0], [0.0, -15.0]], [[-2.4492127076447545e-16, -11.5], [2.4492127076447545e-16, -3.5], [-5.999999999999999, -3.5], [-6.0, -11.5], [-2.4492127076447545e-16, -11.5]], [[-14.0, 0.0], [-6.0, 0.0], [-6.0, 15.0], [-14.0, 15.0], [-14.0, 0.0]], [[11.5, 15.0], [11.5, 23.0], [-3.5, 23.0], [-3.5, 15.000000000000002], [11.5, 15.0]]], "node_id": [0, 1, 2, 3, 4, 5]}