{"corners": [[[0.0, 0.0], [8.0, 0.0], [8.0, 15.0], [0.0, 15.0], [0.0, 0.0]], [[8.000000000000002, 30.0], [1.7763568394002505e-15, 30.0], [0.0, 15.000000000000002], [8.0, 15.0], [8.000000000000002, 30.0]], [[7.000000000000002, 30.0], [7.000000000000003, 38.0], [1.0000000000000027, 38.0], [1.0000000000000018, 30.0], [7.000000000000002, 30.0]], [[1.7763568394002505e-15, 38.0], [8.000000000000002, 38.0], [8.000000000000002, 44.0], [1.7763568394002505e-15, 44.0], [1.7763568394002505e-15, 38.0]], [[3.673819061467132e-16, 10.5], [-16.0, 10.500000000000002], [-16.0, 4.500000000000002], [-3.673819061467132e-16, 4.5], [3.673819061467132e-16, 10.5]], [[1.0000000000000022, 37.0], [-14.999999999999998, 37.0], [-14.999999999999998, 31.0], [1.0000000000000016, 31.0], [1.0000000000000022, 37.0]]], "node_id": [0, 1, 2, 3, 4, 5]}