{"corners": [[[0.0, 0.0], [8.0, 0.0], [8.0, 15.0], [0.0, 15.0], [0.0, 0.0]], [[24.0, 10.499999999999998], [8.0, 10.5], [8.0, 4.5], [24.0, 4.499999999999998], [24.0, 10.499999999999998]], [[-4.898425415289509e-16, -0.5], [4.898425415289509e-16, 15.5], [-6.0, 15.5], [-6.000000000000001, -0.4999999999999996], [-4.898425415289509e-16, -0.5]], [[5.0, -0.5000000000000008], [-11.0, -0.49999999999999883], [-11.0, -6.499999999999999], [4.999999999999999, -6.500000000000001], [5.0, -0.5000000000000008]], [[-11.0, -7.499999999999999], [-11.0, 0.5000000000000009], [-26.0, 0.5000000000000027], [-26.0, -7.499999999999998], [-11.0, -7.499999999999999]], [[-15.5, 0.5000000000000007], [-15.5, 8.5], [-21.5, 8.5], [-21.5, 0.500000000000001], [-15.5, 0.5000000000000007]]], "node_id": [0, 1, 2, 3, 4, 5]}