{"corners": [[[0.0, 0.0], [8.0, 0.0], [8.0, 15.0], [0.0, 15.0], [0.0, 0.0]], [[8.0, 0.0], [16.0, 0.0], [16.0, 15.0], [8.0, 15.0], [8.0, 0.0]], [[1.0, -1.836909530733566e-16], [1.0000000000000009, -16.0], [7.000000000000001, -16.0], [7.0, 1.836909530733566e-16], [1.0, -1.836909530733566e-16]], [[16.0, 11.5], [16.0, 3.5], [31.0, 3.500000000000001], [31.0, 11.500000000000002], [16.0, 11.5]], [[9.0, -1.836909530733566e-16], [9.0, -8.0], [15.0, -8.0], [15.0, 1.836909530733566e-16], [9.0, -1.836909530733566e-16]], [[16.0, -7.999999999999999], [8.0, -8.0], [8.000000000000002, -23.0], [16.000000000000004, -23.0], [16.0, -7.999999999999999]]], "node_id": [0, 1, 2, 3, 4, 5]}