{"corners": [[[0.0, 0.0], [8.0, 0.0], [8.0, 6.0], [0.0, 6.0], [0.0, 0.0]], [[8.0, 12.0], [0.0, 12.000000000000002], [0.0, 6.000000000000001], [7.999999999999999, 6.0], [8.0, 12.0]], [[24.0, 11.999999999999998], [8.0, 12.0], [8.0, 6.0], [24.0, 5.999999999999998], [24.0, 11.999999999999998]], [[20.0, 18.0], [12.0, 18.0], [12.0, 12.0], [20.0, 12.0], [20.0, 18.0]], [[-8.0, -4.5], [0.0, -4.5], [0.0, 10.5], [-8.0, 10.5], [-8.0, -4.5]]], "node_id": [0, 1, 2, 3, 4]}