{"corners": [[[0.0, 0.0], [8.0, 0.0], [8.0, 15.0], [0.0, 15.0], [0.0, 0.0]], [[-6.0, 11.5], [-5.999999999999999, 3.5], [8.881784197001252e-16, 3.5], [0.0, 11.5], [-6.0, 11.5]], [[12.0, 21.0], [-4.0, 21.000000000000004], [-4.0, 15.000000000000002], [12.0, 15.0], [12.0, 21.0]], [[-12.0, 15.5], [-11.999999999999998, -0.5], [-5.999999999999999, -0.5], [-6.0, 15.5], [-12.0, 15.5]], [[11.5, 21.0], [11.5, 29.0], [-3.5, 29.0], [-3.5, 21.0], [11.5, 21.0]], [[-5.0, -0.4999999999999995], [-13.0, -0.5000000000000004], [-13.0, -6.5], [-4.999999999999999, -6.499999999999999], [-5.0, -0.4999999999999995]]], "node_id": [0, 1, 2, 3, 4, 5]}