{"corners": [[[0.0, 0.0], [8.0, 0.0], [8.0, 6.0], [0.0, 6.0], [0.0, 0.0]], [[0.0, -6.0], [8.0, -6.0], [8.0, 0.0], [0.0, 0.0], [0.0, -6.0]], [[1.0, -6.0], [1.0000000000000004, -14.0], [7.000000000000001, -14.0], [7.0, -6.0], [1.0, -6.0]], [[9.18454765366783e-16, 4.5], [-7.999999999999999, 4.500000000000001], [-8.0, -10.499999999999998], [-9.18454765366783e-16, -10.5], [9.18454765366783e-16, 4.5]], [[2.6645352591003757e-15, 19.5], [-7.999999999999997, 19.5], [-7.999999999999999, 4.500000000000002], [8.276257283668098e-16, 4.5], [2.6645352591003757e-15, 19.5]], [[-16.0, 9.000000000000002], [-8.0, 9.0], [-7.999999999999998, 15.0], [-15.999999999999998, 15.000000000000002], [-16.0, 9.000000000000002]]], "node_id": [0, 1, 2, 3, 4, 5]}