{"corners": [[[0.0, 0.0], [16.0, 0.0], [16.0, 6.0], [0.0, 6.0], [0.0, 0.0]], [[0.0, 6.0], [16.0, 6.0], [16.0, 12.0], [0.0, 12.0], [0.0, 6.0]], [[-15.0, 6.999999999999999], [-15.0, -1.0000000000000009], [0.0, -1.0], [0.0, 7.0], [-15.0, 6.999999999999999]], [[16.0, -9.796850830579018e-16], [0.0, 9.796850830579018e-16], [0.0, -5.999999999999999], [16.0, -6.000000000000001], [16.0, -9.796850830579018e-16]], [[11.0, 12.0], [11.0, 20.0], [5.000000000000001, 20.0], [5.0, 12.0], [11.0, 12.0]], [[22.0, -1.0], [22.0, 7.0], [16.0, 7.0], [16.0, -0.9999999999999997], [22.0, -1.0]]], "node_id": [0, 1, 2, 3, 4, 5]}