{"corners": [[[0.0, 0.0], [8.0, 0.0], [8.0, 6.0], [0.0, 6.0], [0.0, 0.0]], [[16.0, 5.999999999999999], [8.0, 6.0], [8.0, 0.0], [16.0, -8.881784197001252e-16], [16.0, 5.999999999999999]], [[15.0, -8.0], [15.0, 0.0], [9.0, 0.0], [9.0, -8.0], [15.0, -8.0]], [[15.999999999999998, -4.500000000000001], [24.0, -4.500000000000003], [24.0, 10.499999999999996], [16.000000000000004, 10.5], [15.999999999999998, -4.500000000000001]], [[7.0, 6.0], [7.000000000000001, 14.0], [1.0000000000000009, 14.0], [1.0, 6.0], [7.0, 6.0]], [[16.0, -8.0], [8.0, -7.999999999999999], [7.999999999999998, -23.0], [15.999999999999998, -23.0], [16.0, -8.0]]], "node_id": [0, 1, 2, 3, 4, 5]}