{"corners": [[[0.0, 0.0], [8.0, 0.0], [8.0, 15.0], [0.0, 15.0], [0.0, 0.0]], [[-16.0, 4.5], [0.0, 4.5], [0.0, 10.5], [-16.0, 10.5], [-16.0, 4.5]], [[0.0, -6.0], [8.0, -6.0], [8.0, 0.0], [0.0, 0.0], [0.0, -6.0]], [[12.0, -6.000000000000001], [-4.0, -5.999999999999999], [-4.0, -12.0], [12.0, -12.0], [12.0, -6.000000000000001]], [[-3.9999999999999996, -6.0], [-12.0, -5.999999999999999], [-12.0, -12.0], [-4.0, -12.0], [-3.9999999999999996, -6.0]], [[16.0, 15.0], [8.0, 15.000000000000002], [7.999999999999998, 1.7763568394002505e-15], [15.999999999999998, 0.0], [16.0, 15.0]]], "node_id": [0, 1, 2, 3, 4, 5]}