{"corners": [[[0.0, 0.0], [8.0, 0.0], [8.0, 15.0], [0.0, 15.0], [0.0, 0.0]], [[6.999999999999999, -16.0], [7.0, 0.0], [1.0, 0.0], [0.9999999999999991, -16.0], [6.999999999999999, -16.0]], [[7.000000000000002, 0.0], [6.999999999999999, -16.0], [13.0, -16.0], [13.000000000000002, -1.1021457184401395e-15], [7.000000000000002, 0.0]], [[-14.0, -3.9999999999999973], [-14.000000000000002, -11.999999999999996], [0.9999999999999982, -12.0], [1.0, -4.0], [-14.0, -3.9999999999999973]], [[8.0, 21.0], [0.0, 21.0], [0.0, 15.0], [7.999999999999999, 15.0], [8.0, 21.0]], [[16.0, 25.5], [8.0, 25.5], [7.999999999999998, 10.500000000000002], [15.999999999999998, 10.5], [16.0, 25.5]]], "node_id": [0, 1, 2, 3, 4, 5]}