{"corners": [[[0.0, 0.0], [8.0, 0.0], [8.0, 6.0], [0.0, 6.0], [0.0, 0.0]], [[1.0, -1.836909530733566e-16], [1.0000000000000009, -16.0], [7.000000000000001, -16.0], [7.0, 1.836909530733566e-16], [1.0, -1.836909530733566e-16]], [[1.0, -5.0], [-7.0, -5.000000000000001], [-6.999999999999999, -11.0], [1.0000000000000007, -11.0], [1.0, -5.0]], [[-13.0, 0.0], [-12.999999999999998, -16.0], [-6.999999999999999, -16.0], [-7.0, 3.673819061467132e-16], [-13.0, 0.0]], [[-13.0, -5.0], [-29.0, -5.000000000000002], [-29.0, -11.000000000000002], [-13.0, -11.0], [-13.0, -5.0]], [[-6.999999999999999, -17.0], [1.0000000000000009, -17.0], [1.0000000000000009, -11.0], [-6.999999999999999, -11.0], [-6.999999999999999, -17.0]]], "node_id": [0, 1, 2, 3, 4, 5]}