{"corners": [[[0.0, 0.0], [8.0, 0.0], [8.0, 15.0], [0.0, 15.0], [0.0, 0.0]], [[8.0, 11.5], [8.0, 3.5], [14.0, 3.5], [14.0, 11.5], [8.0, 11.5]], [[-6.000000000000001, 15.5], [-6.0, -0.5], [0.0, -0.5], [-8.881784197001252e-16, 15.5], [-6.000000000000001, 15.5]], [[14.0, 11.5], [14.0, 3.5], [20.0, 3.5], [20.0, 11.5], [14.0, 11.5]], [[35.0, 3.499999999999999], [35.0, 11.5], [20.0, 11.5], [20.0, 3.5], [35.0, 3.499999999999999]], [[1.0, -0.4999999999999995], [-7.0, -0.5000000000000004], [-6.999999999999999, -6.5], [1.0000000000000007, -6.499999999999999], [1.0, -0.4999999999999995]]], "node_id": [0, 1, 2, 3, 4, 5]}