{"corners": [[[0.0, 0.0], [8.0, 0.0], [8.0, 6.0], [0.0, 6.0], [0.0, 0.0]], [[-6.0, 7.0], [-5.999999999999999, -1.0], [8.881784197001252e-16, -1.0], [0.0, 7.0], [-6.0, 7.0]], [[0.9999999999999982, 22.0], [-7.000000000000002, 22.0], [-7.0, 6.999999999999998], [1.0, 7.0], [0.9999999999999982, 22.0]], [[-23.0, 11.5], [-7.0, 11.5], [-7.0, 17.5], [-23.0, 17.5], [-23.0, 11.5]], [[-23.0, 10.5], [-23.0, 18.5], [-38.0, 18.5], [-38.0, 10.500000000000002], [-23.0, 10.5]], [[7.0, 10.5], [6.999999999999998, 18.5], [0.9999999999999982, 18.5], [1.0, 10.499999999999998], [7.0, 10.5]]], "node_id": [0, 1, 2, 3, 4, 5]}