{"corners": [[[0.0, 0.0], [16.0, 0.0], [16.0, 6.0], [0.0, 6.0], [0.0, 0.0]], [[11.0, 6.0], [11.000000000000002, 22.0], [5.000000000000001, 22.0], [5.0, 6.0], [11.0, 6.0]], [[15.5, -8.0], [15.5, 0.0], [0.5, 1.7763568394002505e-15], [0.5, -7.999999999999999], [15.5, -8.0]], [[16.0, -8.0], [0.0, -7.999999999999998], [0.0, -13.999999999999998], [16.0, -14.0], [16.0, -8.0]], [[16.0, -7.0], [15.999999999999998, -15.0], [31.0, -15.000000000000004], [31.0, -7.000000000000003], [16.0, -7.0]]], "node_id": [0, 1, 2, 3, 4]}