{"corners": [[[0.0, 0.0], [16.0, 0.0], [16.0, 6.0], [0.0, 6.0], [0.0, 0.0]], [[0.0, 6.0], [16.0, 6.0], [16.0, 12.0], [0.0, 12.0], [0.0, 6.0]], [[5.0, 20.0], [5.000000000000001, 12.0], [11.0, 12.0], [11.0, 20.0], [5.0, 20.0]], [[-2.4492127076447545e-16, 5.0], [2.4492127076447545e-16, 13.0], [-15.0, 13.000000000000002], [-15.0, 5.000000000000001], [-2.4492127076447545e-16, 5.0]], [[16.0, 13.0], [16.0, 5.0], [31.0, 5.000000000000001], [31.0, 13.000000000000002], [16.0, 13.0]], [[26.5, 13.0], [26.5, 29.0], [20.5, 29.0], [20.5, 13.0], [26.5, 13.0]]], "node_id": [0, 1, 2, 3, 4, 5]}