{"corners": [[[0.0, 0.0], [16.0, 0.0], [16.0, 6.0], [0.0, 6.0], [0.0, 0.0]], [[9.18454765366783e-16, 10.5], [-7.999999999999999, 10.500000000000002], [-8.0, -4.499999999999998], [-9.18454765366783e-16, -4.5], [9.18454765366783e-16, 10.5]], [[-8.000000000000004, -10.5], [-3.552713678800501e-15, -10.500000000000002], [-1.7763568394002505e-15, -4.500000000000002], [-8.000000000000002, -4.5], [-8.000000000000004, -10.5]], [[-8.000000000000005, -11.5], [-8.000000000000004, -3.5], [-14.000000000000004, -3.4999999999999982], [-14.000000000000005, -11.499999999999998], [-8.000000000000005, -11.5]], [[11.0, -8.0], [11.0, 0.0], [5.000000000000001, 0.0], [5.0, -8.0], [11.0, -8.0]], [[16.0, 12.0], [0.0, 12.000000000000002], [0.0, 6.000000000000002], [16.0, 6.0], [16.0, 12.0]]], "node_id": [0, 1, 2, 3, 4, 5]}