{"corners": [[[0.0, 0.0], [8.0, 0.0], [8.0, 6.0], [0.0, 6.0], [0.0, 0.0]], [[0.9999999999999996, 14.0], [1.0, 6.0], [7.0, 6.0], [7.0, 14.0], [0.9999999999999996, 14.0]], [[24.0, 5.999999999999998], [8.0, 6.0], [8.0, 0.0], [24.0, -1.7763568394002505e-15], [24.0, 5.999999999999998]], [[0.9999999999999994, 13.0], [-15.0, 12.999999999999998], [-15.0, 6.999999999999998], [1.0000000000000002, 7.0], [0.9999999999999994, 13.0]], [[-4.000000000000001, 12.999999999999998], [-4.000000000000003, 21.0], [-10.000000000000004, 20.999999999999996], [-10.0, 12.999999999999996], [-4.000000000000001, 12.999999999999998]]], "node_id": [0, 1, 2, 3, 4]}