{"corners": [[[0.0, 0.0], [16.0, 0.0], [16.0, 6.0], [0.0, 6.0], [0.0, 0.0]], [[4.999999999999999, 22.0], [5.0, 6.0], [11.0, 6.0], [11.0, 22.0], [4.999999999999999, 22.0]], [[-1.0000000000000009, 22.0], [-0.9999999999999999, 6.0], [5.0, 6.0], [4.999999999999999, 22.0], [-1.0000000000000009, 22.0]], [[11.999999999999996, 37.0], [3.9999999999999964, 37.0], [3.9999999999999982, 22.0], [11.999999999999998, 22.0], [11.999999999999996, 37.0]], [[24.0, 10.5], [16.0, 10.500000000000002], [15.999999999999998, -4.499999999999998], [23.999999999999996, -4.5], [24.0, 10.5]], [[11.0, -8.0], [11.0, 0.0], [5.000000000000001, 0.0], [5.0, -8.0], [11.0, -8.0]], [[15.5, -16.0], [15.5, -8.0], [0.5, -7.999999999999998], [0.5, -15.999999999999998], [15.5, -16.0]]], "node_id": [0, 1, 2, 3, 4, 5, 6]}