{"corners": [[[0.0, 0.0], [8.0, 0.0], [8.0, 15.0], [0.0, 15.0], [0.0, 0.0]], [[7.0, 15.0], [7.000000000000001, 31.0], [1.0000000000000009, 31.0], [1.0, 15.0], [7.0, 15.0]], [[8.0, 11.5], [8.0, 3.5], [23.0, 3.500000000000001], [23.0, 11.500000000000002], [8.0, 11.5]], [[23.0, 4.500000000000001], [31.0, 4.500000000000001], [31.0, 10.5], [23.0, 10.5], [23.0, 4.500000000000001]], [[19.5, 26.5], [11.5, 26.5], [11.500000000000002, 11.499999999999998], [19.500000000000004, 11.5], [19.5, 26.5]]], "node_id": [0, 1, 2, 3, 4]}