{"corners": [[[0.0, 0.0], [8.0, 0.0], [8.0, 15.0], [0.0, 15.0], [0.0, 0.0]], [[0.0, 15.0], [8.0, 15.0], [8.0, 30.0], [0.0, 30.0], [0.0, 15.0]], [[12.0, -9.796850830579018e-16], [-4.0, 9.796850830579018e-16], [-4.0, -5.999999999999999], [12.0, -6.000000000000001], [12.0, -9.796850830579018e-16]], [[-2.4492127076447545e-16, 18.5], [2.4492127076447545e-16, 26.5], [-5.999999999999999, 26.5], [-6.0, 18.5], [-2.4492127076447545e-16, 18.5]], [[-11.999999999999998, 30.5], [-12.000000000000002, 14.5], [-6.000000000000001, 14.5], [-5.999999999999998, 30.5], [-11.999999999999998, 30.5]], [[7.0, 30.0], [7.000000000000001, 38.0], [1.0000000000000009, 38.0], [1.0, 30.0], [7.0, 30.0]], [[1.0000000000000004, 37.0], [-7.0, 37.0], [-7.0, 31.0], [0.9999999999999997, 31.0], [1.0000000000000004, 37.0]]], "node_id": [0, 1, 2, 3, 4, 5, 6]}