{"corners": [[[0.0, 0.0], [8.0, 0.0], [8.0, 15.0], [0.0, 15.0], [0.0, 0.0]], [[24.0, 10.499999999999998], [8.0, 10.5], [8.0, 4.5], [24.0, 4.499999999999998], [24.0, 10.499999999999998]], [[-3.5, -4.592273826833915e-16], [-3.4999999999999996, -8.0], [11.5, -8.0], [11.5, 4.592273826833915e-16], [-3.5, -4.592273826833915e-16]], [[-18.5, -1.7763568394002505e-15], [-18.5, -8.000000000000002], [-3.5, -8.0], [-3.5, -8.579020740334675e-16], [-18.5, -1.7763568394002505e-15]], [[-2.4492127076447545e-16, 3.5], [2.4492127076447545e-16, 11.5], [-5.999999999999999, 11.5], [-6.0, 3.5000000000000004], [-2.4492127076447545e-16, 3.5]], [[-26.5, -7.000000000000002], [-18.5, -7.000000000000002], [-18.5, -1.0000000000000018], [-26.5, -1.0000000000000018], [-26.5, -7.000000000000002]], [[40.0, 10.499999999999996], [24.0, 10.499999999999998], [24.0, 4.499999999999998], [40.0, 4.4999999999999964], [40.0, 10.499999999999996]]], "node_id": [0, 1, 2, 3, 4, 5, 6]}