{"corners": [[[0.0, 0.0], [16.0, 0.0], [16.0, 6.0], [0.0, 6.0], [0.0, 0.0]], [[16.0, 0.0], [32.0, 0.0], [32.0, 6.0], [16.0, 6.0], [16.0, 0.0]], [[15.5, 5.999999999999999], [15.5, 14.0], [0.5, 14.0], [0.5, 6.0], [15.5, 5.999999999999999]], [[27.0, 6.0], [27.0, 22.0], [21.0, 22.0], [21.0, 6.0], [27.0, 6.0]], [[27.0, 22.0], [27.0, 30.0], [21.0, 30.0], [21.0, 22.0], [27.0, 22.0]], [[16.0, -9.796850830579018e-16], [0.0, 9.796850830579018e-16], [0.0, -5.999999999999999], [16.0, -6.000000000000001], [16.0, -9.796850830579018e-16]], [[20.0, -6.0], [28.0, -6.0], [28.0, 0.0], [20.0, 0.0], [20.0, -6.0]]], "node_id": [0, 1, 2, 3, 4, 5, 6]}