{"corners": [[[0.0, 0.0], [8.0, 0.0], [8.0, 15.0], [0.0, 15.0], [0.0, 0.0]], [[-15.0, 11.5], [-15.0, 3.5], [0.0, 3.500000000000001], [0.0, 11.500000000000002], [-15.0, 11.5]], [[-11.5, -2.499999999999999], [-3.5, -2.499999999999999], [-3.5, 3.500000000000001], [-11.5, 3.500000000000001], [-11.5, -2.499999999999999]], [[-15.0, 10.5], [-31.0, 10.499999999999998], [-31.0, 4.499999999999998], [-15.0, 4.5], [-15.0, 10.5]], [[14.0, -0.5], [14.000000000000002, 15.5], [8.0, 15.5], [8.0, -0.4999999999999996], [14.0, -0.5]], [[3.5, -0.49999999999999845], [3.4999999999999987, -8.499999999999998], [18.5, -8.500000000000002], [18.5, -0.5000000000000012], [3.5, -0.49999999999999845]], [[-27.0, -10.5], [-19.0, -10.5], [-19.0, 4.5], [-27.0, 4.5], [-27.0, -10.5]]], "node_id": [0, 1, 2, 3, 4, 5, 6]}