{"corners": [[[0.0, 0.0], [8.0, 0.0], [8.0, 6.0], [0.0, 6.0], [0.0, 0.0]], [[0.0, 6.0], [8.0, 6.0], [8.0, 21.0], [0.0, 21.0], [0.0, 6.0]], [[16.0, 16.5], [8.0, 16.5], [8.0, 10.5], [16.0, 10.5], [16.0, 16.5]], [[8.000000000000002, 36.0], [1.7763568394002505e-15, 36.0], [0.0, 21.0], [8.0, 21.0], [8.000000000000002, 36.0]], [[-6.0, 7.0], [-5.999999999999999, -1.0], [8.881784197001252e-16, -1.0], [0.0, 7.0], [-6.0, 7.0]], [[-21.0, 6.999999999999999], [-21.0, -1.0000000000000009], [-6.0, -1.0], [-6.0, 7.0], [-21.0, 6.999999999999999]], [[16.0, 10.5], [8.0, 10.500000000000002], [8.0, 4.500000000000001], [16.0, 4.5], [16.0, 10.5]]], "node_id": [0, 1, 2, 3, 4, 5, 6]}