{"corners": [[[0.0, 0.0], [16.0, 0.0], [16.0, 6.0], [0.0, 6.0], [0.0, 0.0]], [[12.0, -4.898425415289509e-16], [4.0, 4.898425415289509e-16], [4.0, -6.0], [12.0, -6.000000000000001], [12.0, -4.898425415289509e-16]], [[-16.0, 0.0], [0.0, 0.0], [0.0, 6.0], [-16.0, 6.0], [-16.0, 0.0]], [[11.0, 6.0], [11.0, 14.0], [5.000000000000001, 14.0], [5.0, 6.0], [11.0, 6.0]], [[16.0, 11.0], [16.0, -5.0], [22.0, -5.0], [22.0, 11.0], [16.0, 11.0]], [[23.0, 17.0], [15.0, 17.0], [15.0, 11.0], [23.0, 11.0], [23.0, 17.0]], [[31.0, 21.5], [23.0, 21.5], [23.0, 6.499999999999998], [31.000000000000004, 6.5], [31.0, 21.5]]], "node_id": [0, 1, 2, 3, 4, 5, 6]}