{"corners": [[[0.0, 0.0], [16.0, 0.0], [16.0, 6.0], [0.0, 6.0], [0.0, 0.0]], [[-8.0, 0.0], [0.0, 0.0], [0.0, 6.0], [-8.0, 6.0], [-8.0, 0.0]], [[-8.0, -5.0], [-7.999999999999999, 11.0], [-14.0, 11.0], [-14.0, -5.0], [-8.0, -5.0]], [[-8.0, 11.0], [-7.999999999999999, 19.0], [-14.0, 19.0], [-14.0, 11.0], [-8.0, 11.0]], [[-8.0, 19.0], [-7.999999999999999, 27.0], [-14.0, 27.0], [-14.0, 19.0], [-8.0, 19.0]], [[-15.0, -11.0], [-7.0, -11.0], [-7.0, -5.0], [-15.0, -5.0], [-15.0, -11.0]], [[-29.0, 7.000000000000003], [-29.0, -0.9999999999999973], [-14.000000000000002, -1.0000000000000009], [-14.0, 7.0], [-29.0, 7.000000000000003]]], "node_id": [0, 1, 2, 3, 4, 5, 6]}