{"corners": [[[0.0, 0.0], [16.0, 0.0], [16.0, 6.0], [0.0, 6.0], [0.0, 0.0]], [[4.0, 6.0], [12.0, 6.0], [12.0, 21.0], [4.0, 21.0], [4.0, 6.0]], [[16.0, 0.0], [24.0, 0.0], [24.0, 6.0], [16.0, 6.0], [16.0, 0.0]], [[32.0, 5.999999999999999], [24.0, 6.0], [24.0, 0.0], [32.0, -8.881784197001252e-16], [32.0, 5.999999999999999]], [[11.0, 21.0], [11.0, 29.0], [5.000000000000001, 29.0], [5.0, 21.0], [11.0, 21.0]], [[17.0, -1.836909530733566e-16], [17.0, -8.0], [23.0, -8.0], [23.0, 1.836909530733566e-16], [17.0, -1.836909530733566e-16]], [[17.0, 22.0], [17.0, 6.0], [23.0, 6.0], [23.0, 22.0], [17.0, 22.0]]], "node_id": [0, 1, 2, 3, 4, 5, 6]}