{"corners": [[[0.0, 0.0], [8.0, 0.0], [8.0, 6.0], [0.0, 6.0], [0.0, 0.0]], [[0.0, 6.0], [8.0, 6.0], [8.0, 21.0], [0.0, 21.0], [0.0, 6.0]], [[6.999999999999999, -16.0], [7.0, 0.0], [1.0, 0.0], [0.9999999999999991, -16.0], [6.999999999999999, -16.0]], [[14.0, -1.0], [14.0, 7.0], [8.0, 7.0], [8.0, -0.9999999999999997], [14.0, -1.0]], [[6.999999999999998, -24.0], [6.999999999999999, -16.0], [0.9999999999999991, -16.0], [0.9999999999999982, -24.0], [6.999999999999998, -24.0]], [[11.499999999999996, -32.0], [11.499999999999996, -24.0], [-3.5000000000000036, -24.0], [-3.5000000000000036, -32.0], [11.499999999999996, -32.0]], [[15.0, -1.0000000000000002], [7.0, -0.9999999999999992], [7.0, -6.999999999999999], [15.0, -7.0], [15.0, -1.0000000000000002]]], "node_id": [0, 1, 2, 3, 4, 5, 6]}