{"corners": [[[0.0, 0.0], [8.0, 0.0], [8.0, 6.0], [0.0, 6.0], [0.0, 0.0]], [[14.0, -5.0], [14.000000000000002, 11.0], [8.0, 11.0], [8.0, -5.0], [14.0, -5.0]], [[9.18454765366783e-16, 10.5], [-7.999999999999999, 10.500000000000002], [-8.0, -4.499999999999998], [-9.18454765366783e-16, -4.5], [9.18454765366783e-16, 10.5]], [[14.0, 0.0], [22.0, 0.0], [22.0, 6.0], [14.0, 6.0], [14.0, 0.0]], [[7.0, 11.0], [15.0, 11.0], [15.0, 26.0], [7.0, 26.0], [7.0, 11.0]], [[21.0, 6.0], [21.0, 22.0], [15.0, 22.0], [15.0, 6.0], [21.0, 6.0]], [[21.0, -16.0], [21.0, 0.0], [15.0, 0.0], [15.0, -16.0], [21.0, -16.0]]], "node_id": [0, 1, 2, 3, 4, 5, 6]}