{"corners": [[[0.0, 0.0], [16.0, 0.0], [16.0, 6.0], [0.0, 6.0], [0.0, 0.0]], [[11.0, 6.0], [11.0, 14.0], [5.000000000000001, 14.0], [5.0, 6.0], [11.0, 6.0]], [[5.0, -1.836909530733566e-16], [5.000000000000001, -8.0], [11.0, -8.0], [11.0, 1.836909530733566e-16], [5.0, -1.836909530733566e-16]], [[12.000000000000002, 29.0], [4.000000000000002, 29.0], [4.0, 14.000000000000002], [12.0, 14.0], [12.000000000000002, 29.0]], [[-15.0, 6.999999999999999], [-15.0, -1.0000000000000009], [0.0, -1.0], [0.0, 7.0], [-15.0, 6.999999999999999]], [[5.0, 13.0], [-3.0, 13.000000000000002], [-3.0, 7.000000000000001], [4.999999999999999, 7.0], [5.0, 13.0]], [[5.0, -8.0], [5.000000000000001, -24.0], [11.0, -24.0], [11.0, -8.0], [5.0, -8.0]]], "node_id": [0, 1, 2, 3, 4, 5, 6]}