{"corners": [[[0.0, 0.0], [16.0, 0.0], [16.0, 6.0], [0.0, 6.0], [0.0, 0.0]], [[3.673819061467132e-16, 6.0], [-16.0, 6.000000000000002], [-16.0, 1.7763568394002505e-15], [-3.673819061467132e-16, 0.0], [3.673819061467132e-16, 6.0]], [[-4.0, 3.9833587817117433e-16], [-12.0, 1.3780209612290761e-15], [-12.000000000000002, -14.999999999999998], [-4.000000000000002, -15.0], [-4.0, 3.9833587817117433e-16]], [[-4.000000000000003, -15.0], [3.9999999999999973, -15.000000000000002], [4.000000000000001, -1.7763568394002505e-15], [-3.999999999999999, 0.0], [-4.000000000000003, -15.0]], [[-4.000000000000002, -15.0], [-12.000000000000002, -14.999999999999998], [-12.000000000000002, -21.0], [-4.000000000000003, -21.0], [-4.000000000000002, -15.0]]], "node_id": [0, 1, 2, 3, 4]}