{"corners": [[[0.0, 0.0], [8.0, 0.0], [8.0, 6.0], [0.0, 6.0], [0.0, 0.0]], [[8.0, -4.898425415289509e-16], [0.0, 4.898425415289509e-16], [0.0, -6.0], [7.999999999999999, -6.000000000000001], [8.0, -4.898425415289509e-16]], [[8.0, 0.0], [24.0, 0.0], [24.0, 6.0], [8.0, 6.0], [8.0, 0.0]], [[8.0, 6.0], [24.0, 6.0], [24.0, 12.0], [8.0, 12.0], [8.0, 6.0]], [[30.0, 5.0], [30.0, 13.0], [24.0, 13.0], [24.0, 5.0], [30.0, 5.0]]], "node_id": [0, 1, 2, 3, 4]}