{"corners": [[[0.0, 0.0], [16.0, 0.0], [16.0, 6.0], [0.0, 6.0], [0.0, 0.0]], [[11.0, 6.0], [11.0, 14.0], [5.000000000000001, 14.0], [5.0, 6.0], [11.0, 6.0]], [[4.0, -6.0], [12.0, -6.0], [12.0, 0.0], [4.0, 0.0], [4.0, -6.0]], [[9.18454765366783e-16, 10.5], [-7.999999999999999, 10.500000000000002], [-8.0, -4.499999999999998], [-9.18454765366783e-16, -4.5], [9.18454765366783e-16, 10.5]], [[16.0, 7.0], [16.0, -1.0], [31.0, -0.9999999999999991], [31.0, 7.000000000000001], [16.0, 7.0]], [[-11.499999999999996, 18.5], [-11.499999999999998, 10.5], [3.5000000000000018, 10.499999999999996], [3.5000000000000036, 18.499999999999996], [-11.499999999999996, 18.5]], [[11.0, -22.0], [11.000000000000002, -6.0], [5.000000000000001, -6.0], [5.0, -22.0], [11.0, -22.0]]], "node_id": [0, 1, 2, 3, 4, 5, 6]}