{"corners": [[[0.0, 0.0], [16.0, 0.0], [16.0, 6.0], [0.0, 6.0], [0.0, 0.0]], [[24.0, 10.5], [16.0, 10.500000000000002], [15.999999999999998, -4.499999999999998], [23.999999999999996, -4.5], [24.0, 10.5]], [[17.0, 18.5], [17.0, 10.5], [23.0, 10.499999999999998], [23.0, 18.5], [17.0, 18.5]], [[11.0, -16.0], [11.000000000000002, 0.0], [5.000000000000001, 0.0], [5.0, -16.0], [11.0, -16.0]], [[-16.0, 0.0], [0.0, 0.0], [0.0, 6.0], [-16.0, 6.0], [-16.0, 0.0]], [[39.0, -1.0000000000000009], [39.0, 6.999999999999999], [24.0, 7.000000000000001], [24.0, -1.0], [39.0, -1.0000000000000009]], [[23.0, 18.5], [23.0, 10.5], [29.0, 10.499999999999998], [29.0, 18.5], [23.0, 18.5]]], "node_id": [0, 1, 2, 3, 4, 5, 6]}