{"corners": [[[0.0, 0.0], [8.0, 0.0], [8.0, 6.0], [0.0, 6.0], [0.0, 0.0]], [[7.0, 6.0], [7.000000000000001, 14.0], [1.0000000000000009, 14.0], [1.0, 6.0], [7.0, 6.0]], [[8.0, 7.0], [8.0, -1.0], [23.0, -0.9999999999999991], [23.0, 7.000000000000001], [8.0, 7.0]], [[1.0, -1.836909530733566e-16], [1.0000000000000009, -16.0], [7.000000000000001, -16.0], [7.0, 1.836909530733566e-16], [1.0, -1.836909530733566e-16]], [[0.0, 14.0], [8.0, 14.0], [8.0, 29.0], [0.0, 29.0], [0.0, 14.0]], [[12.0, 35.0], [-4.0, 35.0], [-4.0, 29.0], [12.0, 29.0], [12.0, 35.0]], [[0.9999999999999996, -0.5], [-7.0, -0.500000000000001], [-6.999999999999998, -15.500000000000002], [1.0000000000000013, -15.5], [0.9999999999999996, -0.5]]], "node_id": [0, 1, 2, 3, 4, 5, 6]}