{"corners": [[[0.0, 0.0], [8.0, 0.0], [8.0, 6.0], [0.0, 6.0], [0.0, 0.0]], [[8.0, 0.0], [24.0, 0.0], [24.0, 6.0], [8.0, 6.0], [8.0, 0.0]], [[8.5, 14.0], [8.5, 6.0], [23.5, 6.000000000000001], [23.5, 14.000000000000002], [8.5, 14.0]], [[24.0, 0.0], [32.0, 0.0], [32.0, 6.0], [24.0, 6.0], [24.0, 0.0]], [[24.0, 6.0], [32.0, 6.0], [32.0, 21.0], [24.0, 21.0], [24.0, 6.0]], [[-6.0, 7.0], [-5.999999999999999, -1.0], [8.881784197001252e-16, -1.0], [0.0, 7.0], [-6.0, 7.0]], [[-12.0, 7.0], [-12.0, -1.0], [-5.999999999999999, -1.0], [-6.0, 7.0], [-12.0, 7.0]]], "node_id": [0, 1, 2, 3, 4, 5, 6]}