{"corners": [[[0.0, 0.0], [16.0, 0.0], [16.0, 6.0], [0.0, 6.0], [0.0, 0.0]], [[31.0, -1.0000000000000009], [31.0, 6.999999999999999], [16.0, 7.000000000000001], [16.0, -1.0], [31.0, -1.0000000000000009]], [[9.18454765366783e-16, 10.5], [-7.999999999999999, 10.500000000000002], [-8.0, -4.499999999999998], [-9.18454765366783e-16, -4.5], [9.18454765366783e-16, 10.5]], [[-8.881784197001252e-16, -4.500000000000001], [-8.0, -4.5], [-8.000000000000004, -19.5], [-2.725087950433691e-15, -19.5], [-8.881784197001252e-16, -4.500000000000001]], [[31.5, 12.999999999999998], [15.5, 13.0], [15.5, 7.0], [31.5, 6.999999999999998], [31.5, 12.999999999999998]], [[31.5, 13.999999999999998], [31.5, 5.999999999999998], [37.5, 5.9999999999999964], [37.5, 13.999999999999996], [31.5, 13.999999999999998]], [[-1.000000000000003, -27.5], [-1.0000000000000027, -19.5], [-7.000000000000002, -19.5], [-7.0000000000000036, -27.5], [-1.000000000000003, -27.5]]], "node_id": [0, 1, 2, 3, 4, 5, 6]}