{"corners": [[[0.0, 0.0], [16.0, 0.0], [16.0, 6.0], [0.0, 6.0], [0.0, 0.0]], [[24.0, 5.999999999999999], [16.0, 6.0], [16.0, 0.0], [24.0, -8.881784197001252e-16], [24.0, 5.999999999999999]], [[40.0, 5.999999999999997], [24.0, 5.999999999999999], [24.0, -8.881784197001252e-16], [40.0, -2.6645352591003757e-15], [40.0, 5.999999999999997]], [[29.0, -1.2252839801801807e-15], [28.999999999999996, -16.0], [35.0, -16.0], [35.0, -2.3274296986203202e-15], [29.0, -1.2252839801801807e-15]], [[56.0, 5.999999999999996], [40.0, 5.999999999999997], [40.0, -2.6645352591003757e-15], [56.0, -4.440892098500626e-15], [56.0, 5.999999999999996]], [[16.0, 6.000000000000001], [24.0, 5.999999999999999], [24.0, 12.0], [16.0, 12.0], [16.0, 6.000000000000001]], [[-8.0, 0.0], [0.0, 0.0], [0.0, 6.0], [-8.0, 6.0], [-8.0, 0.0]]], "node_id": [0, 1, 2, 3, 4, 5, 6]}