{"corners": [[[0.0, 0.0], [16.0, 0.0], [16.0, 6.0], [0.0, 6.0], [0.0, 0.0]], [[12.0, -4.898425415289509e-16], [4.0, 4.898425415289509e-16], [4.0, -6.0], [12.0, -6.000000000000001], [12.0, -4.898425415289509e-16]], [[22.0, -1.0], [22.0, 7.0], [16.0, 7.0], [16.0, -0.9999999999999997], [22.0, -1.0]], [[38.0, 5.999999999999998], [22.0, 6.0], [22.0, 0.0], [38.0, -1.7763568394002505e-15], [38.0, 5.999999999999998]], [[33.0, 5.999999999999999], [33.0, 22.0], [27.0, 22.0], [27.0, 5.999999999999999], [33.0, 5.999999999999999]], [[9.18454765366783e-16, 10.5], [-7.999999999999999, 10.500000000000002], [-8.0, -4.499999999999998], [-9.18454765366783e-16, -4.5], [9.18454765366783e-16, 10.5]], [[26.0, -6.0], [34.0, -6.000000000000002], [34.0, -1.7763568394002505e-15], [26.0, 0.0], [26.0, -6.0]]], "node_id": [0, 1, 2, 3, 4, 5, 6]}