{"corners": [[[0.0, 0.0], [16.0, 0.0], [16.0, 6.0], [0.0, 6.0], [0.0, 0.0]], [[-6.0, 7.0], [-5.999999999999999, -1.0], [8.881784197001252e-16, -1.0], [0.0, 7.0], [-6.0, 7.0]], [[5.0, 14.0], [5.000000000000001, 6.0], [11.0, 6.0], [11.0, 14.0], [5.0, 14.0]], [[16.0, 7.0], [16.0, -1.0], [22.0, -1.0], [22.0, 7.0], [16.0, 7.0]], [[11.0, 14.0], [11.000000000000002, 30.0], [5.000000000000001, 30.0], [5.0, 14.0], [11.0, 14.0]], [[-6.0, -1.0], [-5.999999999999999, 7.0], [-21.0, 7.000000000000002], [-21.0, -0.9999999999999991], [-6.0, -1.0]], [[-17.5, 7.0], [-9.5, 7.0], [-9.5, 13.0], [-17.5, 13.0], [-17.5, 7.0]]], "node_id": [0, 1, 2, 3, 4, 5, 6]}