{"corners": [[[0.0, 0.0], [16.0, 0.0], [16.0, 6.0], [0.0, 6.0], [0.0, 0.0]], [[4.0, -15.0], [12.0, -15.0], [12.0, 0.0], [4.0, 0.0], [4.0, -15.0]], [[16.0, 7.0], [16.0, -1.0], [31.0, -0.9999999999999991], [31.0, 7.000000000000001], [16.0, 7.0]], [[31.0, 7.0], [31.0, 15.0], [16.0, 15.000000000000002], [16.0, 7.000000000000001], [31.0, 7.0]], [[-6.000000000000001, 11.0], [-6.0, -5.0], [0.0, -5.0], [-8.881784197001252e-16, 11.0], [-6.000000000000001, 11.0]], [[16.0, 23.0], [15.999999999999998, 15.0], [31.0, 14.999999999999996], [31.0, 22.999999999999996], [16.0, 23.0]], [[39.0, 26.499999999999996], [31.0, 26.499999999999996], [31.0, 11.499999999999998], [39.0, 11.499999999999996], [39.0, 26.499999999999996]]], "node_id": [0, 1, 2, 3, 4, 5, 6]}