{"corners": [[[0.0, 0.0], [16.0, 0.0], [16.0, 6.0], [0.0, 6.0], [0.0, 0.0]], [[11.0, 6.0], [11.000000000000002, 22.0], [5.000000000000001, 22.0], [5.0, 6.0], [11.0, 6.0]], [[4.0, 22.0], [12.0, 22.0], [12.0, 28.0], [4.0, 28.0], [4.0, 22.0]], [[31.0, -1.0000000000000009], [31.0, 6.999999999999999], [16.0, 7.000000000000001], [16.0, -1.0], [31.0, -1.0000000000000009]], [[4.0, 28.0], [-12.0, 28.000000000000004], [-12.0, 22.0], [3.999999999999999, 22.0], [4.0, 28.0]], [[-11.999999999999998, 32.5], [-20.0, 32.5], [-20.0, 17.5], [-12.0, 17.5], [-11.999999999999998, 32.5]], [[19.5, -16.0], [27.5, -16.0], [27.5, -1.0], [19.5, -1.0], [19.5, -16.0]]], "node_id": [0, 1, 2, 3, 4, 5, 6]}