{"corners": [[[0.0, 0.0], [8.0, 0.0], [8.0, 15.0], [0.0, 15.0], [0.0, 0.0]], [[8.0, 0.0], [16.0, 0.0], [16.0, 15.0], [8.0, 15.0], [8.0, 0.0]], [[0.0, -15.0], [8.0, -15.0], [8.0, 0.0], [0.0, 0.0], [0.0, -15.0]], [[16.0, 0.0], [24.0, 0.0], [24.0, 15.0], [16.0, 15.0], [16.0, 0.0]], [[-6.000000000000001, 15.5], [-6.0, -0.5], [0.0, -0.5], [-8.881784197001252e-16, 15.5], [-6.000000000000001, 15.5]], [[-4.0, -21.0], [12.0, -21.0], [12.0, -15.0], [-4.0, -15.0], [-4.0, -21.0]], [[27.5, -8.0], [27.5, 0.0], [12.5, 1.7763568394002505e-15], [12.5, -7.999999999999999], [27.5, -8.0]]], "node_id": [0, 1, 2, 3, 4, 5, 6]}