{"corners": [[[0.0, 0.0], [16.0, 0.0], [16.0, 6.0], [0.0, 6.0], [0.0, 0.0]], [[-2.4492127076447545e-16, -1.0], [2.4492127076447545e-16, 7.0], [-5.999999999999999, 7.0], [-6.0, -0.9999999999999997], [-2.4492127076447545e-16, -1.0]], [[0.0, 7.0], [4.898425415289509e-16, 15.0], [-5.999999999999999, 15.0], [-6.0, 7.0], [0.0, 7.0]], [[-21.0, 15.000000000000004], [-21.0, 7.0000000000000036], [-6.000000000000002, 7.0], [-6.0, 15.0], [-21.0, 15.000000000000004]], [[12.000000000000002, 21.0], [4.000000000000002, 21.0], [4.0, 6.000000000000002], [12.0, 6.0], [12.000000000000002, 21.0]], [[-21.000000000000004, 3.0000000000000036], [-21.0, 19.000000000000004], [-27.0, 19.000000000000007], [-27.000000000000004, 3.0000000000000053], [-21.000000000000004, 3.0000000000000036]], [[-10.5, 15.0], [-10.499999999999995, 31.0], [-16.499999999999993, 31.000000000000004], [-16.5, 15.000000000000002], [-10.5, 15.0]]], "node_id": [0, 1, 2, 3, 4, 5, 6]}