{"corners": [[[0.0, 0.0], [16.0, 0.0], [16.0, 6.0], [0.0, 6.0], [0.0, 0.0]], [[16.0, 0.0], [24.0, 0.0], [24.0, 6.0], [16.0, 6.0], [16.0, 0.0]], [[27.5, 5.999999999999999], [27.5, 14.0], [12.5, 14.0], [12.5, 6.0], [27.5, 5.999999999999999]], [[-16.0, 0.0], [0.0, 0.0], [0.0, 6.0], [-16.0, 6.0], [-16.0, 0.0]], [[23.0, 14.0], [23.0, 22.0], [17.0, 22.0], [17.0, 14.0], [23.0, 14.0]], [[12.0, -4.898425415289509e-16], [4.0, 4.898425415289509e-16], [3.9999999999999982, -14.999999999999998], [11.999999999999998, -15.0], [12.0, -4.898425415289509e-16]], [[-3.999999999999999, 12.0], [-12.0, 12.000000000000002], [-12.0, 6.000000000000001], [-4.0, 6.0], [-3.999999999999999, 12.0]]], "node_id": [0, 1, 2, 3, 4, 5, 6]}