{"corners": [[[0.0, 0.0], [8.0, 0.0], [8.0, 15.0], [0.0, 15.0], [0.0, 0.0]], [[12.0, 21.0], [-4.0, 21.000000000000004], [-4.0, 15.000000000000002], [12.0, 15.0], [12.0, 21.0]], [[-10.0, 22.0], [-10.000000000000002, 14.0], [-4.000000000000002, 13.999999999999998], [-4.0, 22.0], [-10.0, 22.0]], [[-11.0, 22.0], [-3.0, 21.999999999999996], [-2.9999999999999964, 37.0], [-10.999999999999996, 37.0], [-11.0, 22.0]], [[-10.000000000000002, 14.0], [-10.000000000000005, -2.0], [-4.000000000000004, -2.0], [-4.000000000000002, 13.999999999999998], [-10.000000000000002, 14.0]], [[-4.0, -6.0], [12.0, -6.0], [12.0, 0.0], [-4.0, 0.0], [-4.0, -6.0]], [[18.0, 10.0], [18.0, 26.0], [12.0, 26.0], [12.0, 10.0], [18.0, 10.0]]], "node_id": [0, 1, 2, 3, 4, 5, 6]}