{"corners": [[[0.0, 0.0], [16.0, 0.0], [16.0, 6.0], [0.0, 6.0], [0.0, 0.0]], [[16.0, -4.5], [24.0, -4.5], [24.0, 10.5], [16.0, 10.5], [16.0, -4.5]], [[4.0, -6.0], [12.0, -6.0], [12.0, 0.0], [4.0, 0.0], [4.0, -6.0]], [[0.5, -6.000000000000001], [0.5000000000000004, -14.0], [15.5, -14.0], [15.5, -6.0], [0.5, -6.000000000000001]], [[11.0, -30.0], [11.000000000000002, -14.0], [5.000000000000001, -14.0], [5.0, -30.0], [11.0, -30.0]], [[-7.5, -17.5], [0.5, -17.5], [0.5, -2.5], [-7.5, -2.5], [-7.5, -17.5]], [[31.5, -6.999999999999998], [15.5, -7.0], [15.5, -13.0], [31.5, -12.999999999999998], [31.5, -6.999999999999998]]], "node_id": [0, 1, 2, 3, 4, 5, 6]}