{"corners": [[[0.0, 0.0], [8.0, 0.0], [8.0, 15.0], [0.0, 15.0], [0.0, 0.0]], [[1.0, -1.836909530733566e-16], [1.0000000000000009, -16.0], [7.000000000000001, -16.0], [7.0, 1.836909530733566e-16], [1.0, -1.836909530733566e-16]], [[15.0, -0.4999999999999991], [7.0, -0.5000000000000001], [7.000000000000002, -15.5], [15.000000000000002, -15.5], [15.0, -0.4999999999999991]], [[-14.0, -4.000000000000001], [-14.0, -12.0], [1.0, -12.0], [1.0, -4.0], [-14.0, -4.000000000000001]], [[8.000000000000002, -15.5], [8.000000000000002, -23.5], [14.000000000000004, -23.5], [14.000000000000002, -15.5], [8.000000000000002, -15.5]], [[-2.4492127076447545e-16, 3.5], [2.4492127076447545e-16, 11.5], [-5.999999999999999, 11.5], [-6.0, 3.5000000000000004], [-2.4492127076447545e-16, 3.5]], [[7.0, 15.0], [7.000000000000001, 31.0], [1.0000000000000009, 31.0], [1.0, 15.0], [7.0, 15.0]]], "node_id": [0, 1, 2, 3, 4, 5, 6]}