{"corners": [[[0.0, 0.0], [8.0, 0.0], [8.0, 6.0], [0.0, 6.0], [0.0, 0.0]], [[0.9999999999999991, 22.0], [1.0, 6.0], [7.0, 6.0], [6.999999999999999, 22.0], [0.9999999999999991, 22.0]], [[8.0, -4.898425415289509e-16], [0.0, 4.898425415289509e-16], [0.0, -6.0], [7.999999999999999, -6.000000000000001], [8.0, -4.898425415289509e-16]], [[7.0, 6.5], [15.0, 6.5], [15.0, 21.5], [7.0, 21.5], [7.0, 6.5]], [[-4.000000000000003, -11.999999999999998], [11.999999999999996, -12.000000000000002], [11.999999999999996, -6.000000000000002], [-4.000000000000001, -5.999999999999998], [-4.000000000000003, -11.999999999999998]], [[-4.000000000000003, -12.999999999999998], [-4.0, -4.999999999999998], [-10.0, -4.9999999999999964], [-10.000000000000004, -12.999999999999996], [-4.000000000000003, -12.999999999999998]], [[23.0, 17.0], [15.0, 17.0], [15.0, 11.0], [23.0, 11.0], [23.0, 17.0]]], "node_id": [0, 1, 2, 3, 4, 5, 6]}