{"corners": [[[0.0, 0.0], [8.0, 0.0], [8.0, 15.0], [0.0, 15.0], [0.0, 0.0]], [[-3.5, -4.592273826833915e-16], [-3.4999999999999996, -8.0], [11.5, -8.0], [11.5, 4.592273826833915e-16], [-3.5, -4.592273826833915e-16]], [[-2.4492127076447545e-16, 3.5], [2.4492127076447545e-16, 11.5], [-5.999999999999999, 11.5], [-6.0, 3.5000000000000004], [-2.4492127076447545e-16, 3.5]], [[19.5, -0.9999999999999987], [11.5, -0.9999999999999997], [11.5, -7.0], [19.5, -6.999999999999998], [19.5, -0.9999999999999987]], [[-3.499999999999999, -8.0], [-3.4999999999999987, -16.0], [11.5, -16.0], [11.5, -7.999999999999999], [-3.499999999999999, -8.0]], [[18.500000000000004, -23.0], [18.5, -7.0], [12.5, -7.000000000000002], [12.500000000000004, -23.0], [18.500000000000004, -23.0]], [[-14.0, 0.0], [-6.0, 0.0], [-6.0, 15.0], [-14.0, 15.0], [-14.0, 0.0]]], "node_id": [0, 1, 2, 3, 4, 5, 6]}