{"corners": [[[0.0, 0.0], [8.0, 0.0], [8.0, 15.0], [0.0, 15.0], [0.0, 0.0]], [[16.0, 10.5], [8.0, 10.500000000000002], [8.0, 4.500000000000001], [16.0, 4.5], [16.0, 10.5]], [[15.0, -3.499999999999999], [15.0, 4.500000000000001], [9.0, 4.500000000000001], [9.0, -3.4999999999999987], [15.0, -3.499999999999999]], [[0.0, -15.0], [8.0, -15.0], [8.0, 0.0], [0.0, 0.0], [0.0, -15.0]], [[24.0, 10.5], [16.0, 10.500000000000002], [16.0, 4.500000000000001], [24.0, 4.5], [24.0, 10.5]]], "node_id": [0, 1, 2, 3, 4]}