{"corners": [[[0.0, 0.0], [16.0, 0.0], [16.0, 6.0], [0.0, 6.0], [0.0, 0.0]], [[-15.0, 6.999999999999999], [-15.0, -1.0000000000000009], [0.0, -1.0], [0.0, 7.0], [-15.0, 6.999999999999999]], [[-10.5, -1.0000000000000002], [-10.499999999999998, -17.0], [-4.499999999999999, -17.0], [-4.5, -0.9999999999999999], [-10.5, -1.0000000000000002]], [[5.0, -1.836909530733566e-16], [5.000000000000001, -8.0], [11.0, -8.0], [11.0, 1.836909530733566e-16], [5.0, -1.836909530733566e-16]], [[22.0, -5.0], [22.0, 11.0], [16.0, 11.0], [16.0, -5.0], [22.0, -5.0]], [[-10.5, -13.0], [-10.5, -5.0], [-16.5, -5.0], [-16.5, -13.0], [-10.5, -13.0]], [[27.0, -5.000000000000001], [11.0, -4.999999999999999], [11.0, -11.0], [27.0, -11.0], [27.0, -5.000000000000001]]], "node_id": [0, 1, 2, 3, 4, 5, 6]}