{"corners": [[[0.0, 0.0], [8.0, 0.0], [8.0, 6.0], [0.0, 6.0], [0.0, 0.0]], [[0.9999999999999991, 22.0], [1.0, 6.0], [7.0, 6.0], [6.999999999999999, 22.0], [0.9999999999999991, 22.0]], [[-4.0, -6.0], [12.0, -6.0], [12.0, 0.0], [-4.0, 0.0], [-4.0, -6.0]], [[1.0, -6.0], [1.0000000000000009, -22.0], [7.000000000000001, -22.0], [7.0, -6.0], [1.0, -6.0]], [[-7.0, 6.5], [1.0, 6.5], [1.0, 21.5], [-7.0, 21.5], [-7.0, 6.5]], [[-12.0, -6.0], [-4.0, -6.0], [-4.0, 0.0], [-12.0, 0.0], [-12.0, -6.0]], [[-11.0, -6.0], [-11.0, -14.0], [-4.999999999999999, -14.0], [-5.0, -6.0], [-11.0, -6.0]]], "node_id": [0, 1, 2, 3, 4, 5, 6]}