{"corners": [[[0.0, 0.0], [8.0, 0.0], [8.0, 15.0], [0.0, 15.0], [0.0, 0.0]], [[0.0, 15.0], [8.0, 15.0], [8.0, 30.0], [0.0, 30.0], [0.0, 15.0]], [[-16.0, 19.5], [0.0, 19.5], [0.0, 25.5], [-16.0, 25.5], [-16.0, 19.5]], [[-4.0, 19.5], [-12.0, 19.5], [-12.0, 13.5], [-4.000000000000001, 13.5], [-4.0, 19.5]], [[16.0, 10.5], [8.0, 10.500000000000002], [8.0, 4.500000000000001], [16.0, 4.5], [16.0, 10.5]], [[-16.0, 4.5], [0.0, 4.5], [0.0, 10.5], [-16.0, 10.5], [-16.0, 4.5]], [[0.0, 4.499999999999999], [-16.0, 4.500000000000001], [-16.0, -1.4999999999999991], [-7.347638122934264e-16, -1.5000000000000009], [0.0, 4.499999999999999]]], "node_id": [0, 1, 2, 3, 4, 5, 6]}