{"corners": [[[0.0, 0.0], [16.0, 0.0], [16.0, 6.0], [0.0, 6.0], [0.0, 0.0]], [[0.5, -4.592273826833915e-16], [0.5000000000000004, -8.0], [15.5, -8.0], [15.5, 4.592273826833915e-16], [0.5, -4.592273826833915e-16]], [[0.49999999999999983, -1.0000000000000009], [-15.5, -1.0000000000000029], [-15.5, -7.000000000000003], [0.5000000000000006, -7.000000000000001], [0.49999999999999983, -1.0000000000000009]], [[-15.0, 6.999999999999999], [-15.0, -1.0000000000000009], [0.0, -1.0], [0.0, 7.0], [-15.0, 6.999999999999999]], [[15.5, 4.440892098500626e-16], [15.5, -8.0], [30.5, -7.999999999999998], [30.5, 1.3625439752168456e-15], [15.5, 4.440892098500626e-16]]], "node_id": [0, 1, 2, 3, 4]}