{"corners": [[[0.0, 0.0], [16.0, 0.0], [16.0, 6.0], [0.0, 6.0], [0.0, 0.0]], [[3.673819061467132e-16, 6.0], [-8.0, 6.000000000000001], [-8.0, 8.881784197001252e-16], [-3.673819061467132e-16, 0.0], [3.673819061467132e-16, 6.0]], [[11.0, 6.0], [11.0, 14.0], [5.000000000000001, 14.0], [5.0, 6.0], [11.0, 6.0]], [[5.0, 13.0], [-11.0, 13.000000000000002], [-11.0, 7.000000000000002], [4.999999999999999, 7.0], [5.0, 13.0]], [[-19.0, 2.5000000000000036], [-11.0, 2.5000000000000018], [-10.999999999999996, 17.5], [-18.999999999999996, 17.500000000000004], [-19.0, 2.5000000000000036]], [[24.0, 5.999999999999999], [16.0, 6.0], [16.0, 0.0], [24.0, -8.881784197001252e-16], [24.0, 5.999999999999999]], [[12.0, -4.898425415289509e-16], [4.0, 4.898425415289509e-16], [4.0, -6.0], [12.0, -6.000000000000001], [12.0, -4.898425415289509e-16]]], "node_id": [0, 1, 2, 3, 4, 5, 6]}