{"corners": [[[0.0, 0.0], [8.0, 0.0], [8.0, 15.0], [0.0, 15.0], [0.0, 0.0]], [[0.0, -6.0], [8.0, -6.0], [8.0, 0.0], [0.0, 0.0], [0.0, -6.0]], [[16.0, 15.0], [8.0, 15.000000000000002], [7.999999999999998, 1.7763568394002505e-15], [15.999999999999998, 0.0], [16.0, 15.0]], [[0.0, -12.0], [8.0, -12.0], [8.0, -6.0], [0.0, -6.0], [0.0, -12.0]], [[7.0, 15.0], [7.000000000000001, 31.0], [1.0000000000000009, 31.0], [1.0, 15.0], [7.0, 15.0]], [[16.0, -6.000000000000001], [8.0, -6.0], [8.0, -12.0], [16.0, -12.0], [16.0, -6.000000000000001]], [[-8.0, -16.5], [0.0, -16.5], [0.0, -1.5], [-8.0, -1.5], [-8.0, -16.5]]], "node_id": [0, 1, 2, 3, 4, 5, 6]}