{"corners": [[[0.0, 0.0], [16.0, 0.0], [16.0, 6.0], [0.0, 6.0], [0.0, 0.0]], [[12.0, -4.898425415289509e-16], [4.0, 4.898425415289509e-16], [3.9999999999999982, -14.999999999999998], [11.999999999999998, -15.0], [12.0, -4.898425415289509e-16]], [[16.0, 0.0], [24.0, 0.0], [24.0, 6.0], [16.0, 6.0], [16.0, 0.0]], [[24.0, 0.0], [40.0, 0.0], [40.0, 6.0], [24.0, 6.0], [24.0, 0.0]], [[23.0, -8.0], [23.0, 0.0], [17.0, 0.0], [17.0, -8.0], [23.0, -8.0]], [[11.999999999999998, -15.0], [3.9999999999999982, -14.999999999999998], [3.9999999999999964, -30.0], [11.999999999999996, -30.0], [11.999999999999998, -15.0]], [[17.0, -7.999999999999999], [17.0, -16.0], [23.0, -16.0], [23.0, -8.0], [17.0, -7.999999999999999]]], "node_id": [0, 1, 2, 3, 4, 5, 6]}