{"corners": [[[0.0, 0.0], [8.0, 0.0], [8.0, 6.0], [0.0, 6.0], [0.0, 0.0]], [[-3.5, -4.592273826833915e-16], [-3.4999999999999996, -8.0], [11.5, -8.0], [11.5, 4.592273826833915e-16], [-3.5, -4.592273826833915e-16]], [[27.5, -0.9999999999999978], [11.5, -0.9999999999999998], [11.5, -7.0], [27.5, -6.999999999999998], [27.5, -0.9999999999999978]], [[-3.5, -8.0], [-3.4999999999999996, 0.0], [-9.5, 0.0], [-9.5, -8.0], [-3.5, -8.0]], [[27.5, 2.220446049250313e-15], [27.5, -7.999999999999998], [33.5, -7.999999999999998], [33.5, 2.5878279553970263e-15], [27.5, 2.220446049250313e-15]], [[27.0, -14.999999999999996], [27.0, -6.9999999999999964], [11.999999999999998, -6.999999999999999], [12.0, -15.0], [27.0, -14.999999999999996]], [[15.500000000000002, -21.0], [23.5, -20.999999999999996], [23.5, -14.999999999999998], [15.5, -15.0], [15.500000000000002, -21.0]]], "node_id": [0, 1, 2, 3, 4, 5, 6]}