{"corners": [[[0.0, 0.0], [8.0, 0.0], [8.0, 6.0], [0.0, 6.0], [0.0, 0.0]], [[8.0, 7.0], [8.0, -1.0], [14.0, -1.0], [14.0, 7.0], [8.0, 7.0]], [[-2.4492127076447545e-16, -1.0], [2.4492127076447545e-16, 7.0], [-15.0, 7.000000000000002], [-15.0, -0.9999999999999991], [-2.4492127076447545e-16, -1.0]], [[7.0, 7.0], [15.0, 7.0], [15.0, 13.0], [7.0, 13.0], [7.0, 7.0]], [[8.0, -1.0000000000000002], [8.000000000000002, -17.0], [14.0, -17.0], [14.0, -0.9999999999999999], [8.0, -1.0000000000000002]], [[15.0, -17.0], [7.0, -17.0], [7.000000000000002, -32.0], [15.000000000000002, -32.0], [15.0, -17.0]], [[15.0, 14.0], [15.0, 6.0], [30.0, 6.000000000000001], [30.0, 14.000000000000002], [15.0, 14.0]]], "node_id": [0, 1, 2, 3, 4, 5, 6]}