{"corners": [[[0.0, 0.0], [8.0, 0.0], [8.0, 15.0], [0.0, 15.0], [0.0, 0.0]], [[-16.0, 4.5], [0.0, 4.5], [0.0, 10.5], [-16.0, 10.5], [-16.0, 4.5]], [[-12.0, 10.5], [-4.0, 10.5], [-4.0, 25.5], [-12.0, 25.5], [-12.0, 10.5]], [[-32.0, 4.5], [-16.0, 4.5], [-16.0, 10.5], [-32.0, 10.5], [-32.0, 4.5]], [[8.000000000000002, 30.0], [1.7763568394002505e-15, 30.0], [0.0, 15.000000000000002], [8.0, 15.0], [8.000000000000002, 30.0]], [[-40.0, 0.0], [-32.0, 0.0], [-32.0, 15.0], [-40.0, 15.0], [-40.0, 0.0]], [[-44.0, -6.0], [-28.0, -6.0], [-28.0, 0.0], [-44.0, 0.0], [-44.0, -6.0]]], "node_id": [0, 1, 2, 3, 4, 5, 6]}