{"corners": [[[0.0, 0.0], [8.0, 0.0], [8.0, 6.0], [0.0, 6.0], [0.0, 0.0]], [[0.0, -6.0], [8.0, -6.0], [8.0, 0.0], [0.0, 0.0], [0.0, -6.0]], [[-3.500000000000001, 14.0], [-3.5000000000000004, 6.0], [11.5, 6.000000000000001], [11.5, 14.000000000000002], [-3.500000000000001, 14.0]], [[-8.0, -10.5], [0.0, -10.5], [0.0, 4.5], [-8.0, 4.5], [-8.0, -10.5]], [[17.5, 6.0], [17.5, 14.0], [11.5, 14.0], [11.5, 6.0], [17.5, 6.0]], [[-8.881784197001252e-16, 14.0], [7.999999999999999, 14.0], [7.999999999999999, 20.0], [-8.881784197001252e-16, 20.0], [-8.881784197001252e-16, 14.0]], [[-8.881784197001252e-16, 20.0], [7.999999999999999, 20.0], [7.999999999999999, 35.0], [-8.881784197001252e-16, 35.0], [-8.881784197001252e-16, 20.0]]], "node_id": [0, 1, 2, 3, 4, 5, 6]}