{"corners": [[[0.0, 0.0], [8.0, 0.0], [8.0, 15.0], [0.0, 15.0], [0.0, 0.0]], [[16.0, 15.0], [8.0, 15.000000000000002], [7.999999999999998, 1.7763568394002505e-15], [15.999999999999998, 0.0], [16.0, 15.0]], [[8.999999999999998, 5.510728592200698e-16], [8.999999999999996, -7.999999999999999], [14.999999999999996, -8.000000000000002], [14.999999999999998, -5.510728592200698e-16], [8.999999999999998, 5.510728592200698e-16]], [[14.999999999999996, -7.0], [30.999999999999996, -7.0000000000000036], [30.999999999999996, -1.0000000000000036], [14.999999999999998, -1.0], [14.999999999999996, -7.0]], [[14.999999999999995, -13.0], [30.999999999999993, -13.000000000000004], [30.999999999999993, -7.0000000000000036], [14.999999999999996, -7.0], [14.999999999999995, -13.0]], [[12.0, 21.0], [-4.0, 21.000000000000004], [-4.0, 15.000000000000002], [12.0, 15.0], [12.0, 21.0]], [[18.99999999999999, -28.0], [26.99999999999999, -28.000000000000004], [26.999999999999993, -13.000000000000002], [18.999999999999993, -13.0], [18.99999999999999, -28.0]]], "node_id": [0, 1, 2, 3, 4, 5, 6]}