{"corners": [[[0.0, 0.0], [8.0, 0.0], [8.0, 15.0], [0.0, 15.0], [0.0, 0.0]], [[-16.0, 4.5], [0.0, 4.5], [0.0, 10.5], [-16.0, 10.5], [-16.0, 4.5]], [[-16.0, -0.5], [-15.999999999999998, 15.5], [-22.0, 15.5], [-22.0, -0.4999999999999996], [-16.0, -0.5]], [[-11.5, -8.5], [-11.5, -0.5], [-26.5, -0.4999999999999982], [-26.5, -8.499999999999998], [-11.5, -8.5]], [[-38.0, 4.5], [-22.0, 4.5], [-22.0, 10.5], [-38.0, 10.5], [-38.0, 4.5]], [[-15.0, -8.5], [-23.0, -8.499999999999998], [-23.0, -14.5], [-15.0, -14.5], [-15.0, -8.5]], [[-11.5, -7.5], [4.5, -7.5], [4.5, -1.5], [-11.5, -1.5], [-11.5, -7.5]]], "node_id": [0, 1, 2, 3, 4, 5, 6]}