{"corners": [[[0.0, 0.0], [8.0, 0.0], [8.0, 6.0], [0.0, 6.0], [0.0, 0.0]], [[7.0, 6.0], [7.000000000000001, 14.0], [1.0000000000000009, 14.0], [1.0, 6.0], [7.0, 6.0]], [[8.0, -4.898425415289509e-16], [0.0, 4.898425415289509e-16], [0.0, -6.0], [7.999999999999999, -6.000000000000001], [8.0, -4.898425415289509e-16]], [[7.999999999999999, -6.000000000000001], [-8.881784197001252e-16, -6.0], [-8.881784197001252e-16, -12.0], [7.999999999999998, -12.0], [7.999999999999999, -6.000000000000001]], [[12.0, 20.0], [-4.0, 20.000000000000004], [-4.0, 14.000000000000002], [12.0, 14.0], [12.0, 20.0]], [[-8.0, -4.5], [0.0, -4.5], [0.0, 10.5], [-8.0, 10.5], [-8.0, -4.5]], [[-23.0, 6.999999999999999], [-23.0, -1.0000000000000009], [-8.0, -1.0], [-8.0, 7.0], [-23.0, 6.999999999999999]]], "node_id": [0, 1, 2, 3, 4, 5, 6]}