{"corners": [[[0.0, 0.0], [8.0, 0.0], [8.0, 15.0], [0.0, 15.0], [0.0, 0.0]], [[8.0, 0.0], [16.0, 0.0], [16.0, 15.0], [8.0, 15.0], [8.0, 0.0]], [[0.0, 15.0], [8.0, 15.0], [8.0, 30.0], [0.0, 30.0], [0.0, 15.0]], [[16.0, 0.0], [24.0, 0.0], [24.0, 15.0], [16.0, 15.0], [16.0, 0.0]], [[9.18454765366783e-16, 15.0], [-7.999999999999999, 15.000000000000002], [-8.0, 1.7763568394002505e-15], [-9.18454765366783e-16, 0.0], [9.18454765366783e-16, 15.0]], [[30.0, -0.5], [30.0, 15.5], [24.0, 15.5], [24.0, -0.4999999999999996], [30.0, -0.5]], [[19.5, -8.0], [19.5, 0.0], [4.5, 1.7763568394002505e-15], [4.5, -7.999999999999999], [19.5, -8.0]]], "node_id": [0, 1, 2, 3, 4, 5, 6]}