{"corners": [[[0.0, 0.0], [8.0, 0.0], [8.0, 6.0], [0.0, 6.0], [0.0, 0.0]], [[-2.4492127076447545e-16, -1.0], [2.4492127076447545e-16, 7.0], [-5.999999999999999, 7.0], [-6.0, -0.9999999999999997], [-2.4492127076447545e-16, -1.0]], [[-14.0, 0.0], [-6.0, 0.0], [-6.0, 6.0], [-14.0, 6.0], [-14.0, 0.0]], [[-5.999999999999998, 15.0], [-6.0, 7.0], [0.0, 6.999999999999998], [1.7763568394002505e-15, 14.999999999999998], [-5.999999999999998, 15.0]], [[-10.5, -0.9999999999999984], [-10.500000000000002, -8.999999999999998], [4.499999999999998, -9.000000000000002], [4.5, -1.000000000000001], [-10.5, -0.9999999999999984]], [[8.0, 7.0], [8.0, -1.0], [23.0, -0.9999999999999991], [23.0, 7.000000000000001], [8.0, 7.0]], [[11.5, -16.0], [19.5, -16.0], [19.5, -1.0], [11.5, -1.0], [11.5, -16.0]]], "node_id": [0, 1, 2, 3, 4, 5, 6]}