{"corners": [[[0.0, 0.0], [8.0, 0.0], [8.0, 6.0], [0.0, 6.0], [0.0, 0.0]], [[-8.0, -4.5], [0.0, -4.5], [0.0, 10.5], [-8.0, 10.5], [-8.0, -4.5]], [[14.0, -1.0], [14.0, 7.0], [8.0, 7.0], [8.0, -0.9999999999999997], [14.0, -1.0]], [[-14.0, 11.0], [-13.999999999999998, -5.0], [-7.999999999999999, -5.0], [-8.0, 11.0], [-14.0, 11.0]], [[-19.0, 11.0], [-3.0, 11.0], [-3.0, 17.0], [-19.0, 17.0], [-19.0, 11.0]]], "node_id": [0, 1, 2, 3, 4]}