{"corners": [[[0.0, 0.0], [16.0, 0.0], [16.0, 6.0], [0.0, 6.0], [0.0, 0.0]], [[11.0, 6.0], [11.0, 14.0], [5.000000000000001, 14.0], [5.0, 6.0], [11.0, 6.0]], [[-6.000000000000001, 11.0], [-6.0, -5.0], [0.0, -5.0], [-8.881784197001252e-16, 11.0], [-6.000000000000001, 11.0]], [[-21.0, 6.999999999999999], [-21.0, -1.0000000000000009], [-6.0, -1.0], [-6.0, 7.0], [-21.0, 6.999999999999999]], [[4.0, 14.0], [12.0, 14.0], [12.0, 20.0], [4.0, 20.0], [4.0, 14.0]], [[-11.0, -11.0], [5.0, -11.0], [5.0, -5.0], [-11.0, -5.0], [-11.0, -11.0]], [[18.0, 13.0], [18.0, 21.0], [12.0, 21.0], [12.0, 13.0], [18.0, 13.0]]], "node_id": [0, 1, 2, 3, 4, 5, 6]}