{"corners": [[[0.0, 0.0], [8.0, 0.0], [8.0, 15.0], [0.0, 15.0], [0.0, 0.0]], [[1.0, -1.836909530733566e-16], [1.0000000000000009, -16.0], [7.000000000000001, -16.0], [7.0, 1.836909530733566e-16], [1.0, -1.836909530733566e-16]], [[13.0, -16.0], [13.000000000000002, 0.0], [7.000000000000001, 0.0], [7.0, -16.0], [13.0, -16.0]], [[7.0, -16.0], [6.999999999999997, -32.0], [12.999999999999996, -32.0], [13.0, -16.0], [7.0, -16.0]], [[1.0000000000000002, -12.0], [1.0000000000000007, -4.0], [-14.0, -3.9999999999999982], [-14.0, -11.999999999999998], [1.0000000000000002, -12.0]], [[-15.0, 11.5], [-15.0, 3.5], [0.0, 3.500000000000001], [0.0, 11.500000000000002], [-15.0, 11.5]], [[-2.5, -12.0], [-10.5, -11.999999999999998], [-10.500000000000002, -27.0], [-2.5000000000000018, -27.0], [-2.5, -12.0]]], "node_id": [0, 1, 2, 3, 4, 5, 6]}