{"corners": [[[0.0, 0.0], [8.0, 0.0], [8.0, 6.0], [0.0, 6.0], [0.0, 0.0]], [[1.0, -1.836909530733566e-16], [1.0000000000000009, -16.0], [7.000000000000001, -16.0], [7.0, 1.836909530733566e-16], [1.0, -1.836909530733566e-16]], [[-3.499999999999999, -16.0], [-3.4999999999999987, -24.0], [11.5, -24.0], [11.5, -15.999999999999998], [-3.499999999999999, -16.0]], [[-11.499999999999998, -23.0], [-3.4999999999999982, -23.0], [-3.4999999999999982, -17.0], [-11.499999999999998, -17.0], [-11.499999999999998, -23.0]], [[1.7763568394002505e-15, -30.0], [8.000000000000002, -30.0], [8.000000000000002, -24.0], [1.7763568394002505e-15, -24.0], [1.7763568394002505e-15, -30.0]], [[22.0, -12.0], [22.0, -4.0], [7.0, -3.9999999999999982], [7.0, -11.999999999999998], [22.0, -12.0]], [[7.0, 6.0], [7.000000000000001, 22.0], [1.0000000000000009, 22.0], [1.0, 6.0], [7.0, 6.0]]], "node_id": [0, 1, 2, 3, 4, 5, 6]}