{"corners": [[[0.0, 0.0], [8.0, 0.0], [8.0, 15.0], [0.0, 15.0], [0.0, 0.0]], [[16.0, 15.0], [8.0, 15.000000000000002], [7.999999999999998, 1.7763568394002505e-15], [15.999999999999998, 0.0], [16.0, 15.0]], [[6.999999999999999, -16.0], [7.0, 0.0], [1.0, 0.0], [0.9999999999999991, -16.0], [6.999999999999999, -16.0]], [[7.000000000000001, -4.0], [6.999999999999999, -12.0], [22.0, -12.000000000000004], [22.0, -4.000000000000003], [7.000000000000001, -4.0]], [[32.0, 10.499999999999998], [16.0, 10.5], [16.0, 4.5], [32.0, 4.499999999999998], [32.0, 10.499999999999998]], [[21.999999999999996, -20.000000000000004], [22.0, -12.000000000000004], [6.999999999999998, -11.999999999999998], [6.9999999999999964, -20.0], [21.999999999999996, -20.000000000000004]], [[16.5, 4.500000000000001], [16.5, -3.499999999999999], [31.5, -3.5000000000000027], [31.5, 4.499999999999998], [16.5, 4.500000000000001]]], "node_id": [0, 1, 2, 3, 4, 5, 6]}