{"corners": [[[0.0, 0.0], [8.0, 0.0], [8.0, 15.0], [0.0, 15.0], [0.0, 0.0]], [[8.0, 4.5], [24.0, 4.5], [24.0, 10.5], [8.0, 10.5], [8.0, 4.5]], [[19.0, -11.5], [19.0, 4.5], [13.0, 4.5], [13.0, -11.5], [19.0, -11.5]], [[-2.4492127076447545e-16, 3.5], [2.4492127076447545e-16, 11.5], [-15.0, 11.500000000000002], [-15.0, 3.500000000000001], [-2.4492127076447545e-16, 3.5]], [[8.5, 18.5], [8.5, 10.5], [23.5, 10.5], [23.5, 18.5], [8.5, 18.5]], [[32.0, 10.5], [24.0, 10.500000000000002], [24.0, 4.500000000000001], [32.0, 4.5], [32.0, 10.5]], [[25.0, -11.5], [25.0, 4.5], [19.0, 4.5], [19.0, -11.5], [25.0, -11.5]]], "node_id": [0, 1, 2, 3, 4, 5, 6]}