{"corners": [[[0.0, 0.0], [8.0, 0.0], [8.0, 6.0], [0.0, 6.0], [0.0, 0.0]], [[-4.898425415289509e-16, -5.0], [4.898425415289509e-16, 11.0], [-6.0, 11.0], [-6.000000000000001, -5.0], [-4.898425415289509e-16, -5.0]], [[8.0, 0.0], [24.0, 0.0], [24.0, 6.0], [8.0, 6.0], [8.0, 0.0]], [[32.0, 10.5], [24.0, 10.500000000000002], [24.0, -4.499999999999998], [31.999999999999996, -4.5], [32.0, 10.5]], [[-11.0, 11.0], [5.0, 11.0], [5.0, 17.0], [-11.0, 17.0], [-11.0, 11.0]], [[48.0, 5.999999999999998], [32.0, 6.0], [32.0, 0.0], [48.0, -1.7763568394002505e-15], [48.0, 5.999999999999998]], [[12.0, -6.0], [20.0, -6.0], [20.0, 0.0], [12.0, 0.0], [12.0, -6.0]]], "node_id": [0, 1, 2, 3, 4, 5, 6]}