{"corners": [[[0.0, 0.0], [8.0, 0.0], [8.0, 6.0], [0.0, 6.0], [0.0, 0.0]], [[3.673819061467132e-16, 6.0], [-16.0, 6.000000000000002], [-16.0, 1.7763568394002505e-15], [-3.673819061467132e-16, 0.0], [3.673819061467132e-16, 6.0]], [[8.0, 7.0], [8.0, -1.0], [14.0, -1.0], [14.0, 7.0], [8.0, 7.0]], [[14.0, 7.0], [14.0, 15.0], [8.0, 15.0], [8.0, 7.0], [14.0, 7.0]], [[-15.5, 2.2658605677502996e-15], [-15.500000000000002, -7.999999999999997], [-0.5000000000000018, -8.000000000000002], [-0.5, -4.895037283500492e-16], [-15.5, 2.2658605677502996e-15]]], "node_id": [0, 1, 2, 3, 4]}