{"corners": [[[0.0, 0.0], [8.0, 0.0], [8.0, 15.0], [0.0, 15.0], [0.0, 0.0]], [[0.0, 15.0], [8.0, 15.0], [8.0, 30.0], [0.0, 30.0], [0.0, 15.0]], [[-3.500000000000001, 38.0], [-3.5000000000000004, 30.0], [11.5, 30.0], [11.5, 38.0], [-3.500000000000001, 38.0]], [[-6.0, 11.5], [-5.999999999999999, 3.5], [8.881784197001252e-16, 3.5], [0.0, 11.5], [-6.0, 11.5]], [[-6.000000000000001, 27.5], [-6.0, 11.5], [0.0, 11.5], [-8.881784197001252e-16, 27.5], [-6.000000000000001, 27.5]], [[14.0, 3.5], [14.0, 11.5], [8.0, 11.5], [8.0, 3.5000000000000004], [14.0, 3.5]], [[-6.0, 10.5], [-22.0, 10.499999999999998], [-22.0, 4.499999999999998], [-5.999999999999999, 4.5], [-6.0, 10.5]]], "node_id": [0, 1, 2, 3, 4, 5, 6]}