{"corners": [[[0.0, 0.0], [8.0, 0.0], [8.0, 6.0], [0.0, 6.0], [0.0, 0.0]], [[8.0, 7.0], [8.0, -1.0], [23.0, -0.9999999999999991], [23.0, 7.000000000000001], [8.0, 7.0]], [[-6.000000000000001, 11.0], [-6.0, -5.0], [0.0, -5.0], [-8.881784197001252e-16, 11.0], [-6.000000000000001, 11.0]], [[0.9999999999999973, 26.0], [-7.000000000000003, 26.0], [-7.000000000000001, 10.999999999999998], [0.9999999999999992, 11.0], [0.9999999999999973, 26.0]], [[7.5, -6.999999999999999], [23.5, -6.999999999999999], [23.5, -0.9999999999999991], [7.5, -0.9999999999999991], [7.5, -6.999999999999999]], [[-13.000000000000004, 26.5], [-13.000000000000002, 10.5], [-7.000000000000003, 10.5], [-7.0000000000000036, 26.5], [-13.000000000000004, 26.5]], [[29.0, -0.9999999999999991], [29.0, 7.000000000000001], [23.0, 7.000000000000001], [23.0, -0.9999999999999988], [29.0, -0.9999999999999991]]], "node_id": [0, 1, 2, 3, 4, 5, 6]}