{"corners": [[[0.0, 0.0], [8.0, 0.0], [8.0, 15.0], [0.0, 15.0], [0.0, 0.0]], [[7.0, -8.0], [7.000000000000001, 0.0], [1.0000000000000009, 0.0], [1.0, -8.0], [7.0, -8.0]], [[23.0, -1.0000000000000018], [7.0, -0.9999999999999998], [7.0, -7.0], [23.0, -7.000000000000002], [23.0, -1.0000000000000018]], [[-4.0, -14.0], [12.0, -14.0], [12.0, -8.0], [-4.0, -8.0], [-4.0, -14.0]], [[12.0, -7.0], [11.999999999999996, -23.0], [17.999999999999996, -23.0], [18.0, -7.000000000000001], [12.0, -7.0]], [[19.0, 14.0], [11.0, 14.000000000000002], [10.999999999999998, -0.9999999999999982], [18.999999999999996, -1.0], [19.0, 14.0]], [[29.0, -12.000000000000002], [29.0, 3.9999999999999982], [23.0, 3.9999999999999982], [23.0, -12.000000000000002], [29.0, -12.000000000000002]]], "node_id": [0, 1, 2, 3, 4, 5, 6]}