{"corners": [[[0.0, 0.0], [16.0, 0.0], [16.0, 6.0], [0.0, 6.0], [0.0, 0.0]], [[4.0, -15.0], [12.0, -15.0], [12.0, 0.0], [4.0, 0.0], [4.0, -15.0]], [[-6.0, 7.0], [-5.999999999999999, -1.0], [8.881784197001252e-16, -1.0], [0.0, 7.0], [-6.0, 7.0]], [[18.0, -11.5], [18.0, -3.5], [12.0, -3.5], [12.0, -11.5], [18.0, -11.5]], [[5.0, 14.0], [5.000000000000001, 6.0], [11.0, 6.0], [11.0, 14.0], [5.0, 14.0]], [[4.0, -21.0], [12.0, -21.0], [12.0, -15.0], [4.0, -15.0], [4.0, -21.0]], [[24.0, -11.5], [24.0, -3.5], [18.0, -3.5], [18.0, -11.5], [24.0, -11.5]]], "node_id": [0, 1, 2, 3, 4, 5, 6]}