{"corners": [[[0.0, 0.0], [8.0, 0.0], [8.0, 15.0], [0.0, 15.0], [0.0, 0.0]], [[0.9999999999999991, 31.0], [1.0, 15.0], [7.0, 15.0], [6.999999999999999, 31.0], [0.9999999999999991, 31.0]], [[14.0, 3.5], [14.0, 11.5], [8.0, 11.5], [8.0, 3.5000000000000004], [14.0, 3.5]], [[-6.0, 11.5], [-5.999999999999999, 3.5], [8.881784197001252e-16, 3.5], [0.0, 11.5], [-6.0, 11.5]], [[7.0, 27.0], [7.000000000000001, 19.0], [13.0, 19.0], [13.0, 27.0], [7.0, 27.0]], [[21.0, 30.5], [13.0, 30.5], [13.000000000000002, 15.499999999999998], [21.000000000000004, 15.5], [21.0, 30.5]], [[-22.0, 4.5], [-6.0, 4.5], [-6.0, 10.5], [-22.0, 10.5], [-22.0, 4.5]]], "node_id": [0, 1, 2, 3, 4, 5, 6]}