{"corners": [[[0.0, 0.0], [8.0, 0.0], [8.0, 6.0], [0.0, 6.0], [0.0, 0.0]], [[8.000000000000002, 21.0], [1.7763568394002505e-15, 21.0], [0.0, 6.000000000000002], [8.0, 6.0], [8.000000000000002, 21.0]], [[8.000000000000002, 21.5], [7.999999999999999, 5.5], [14.0, 5.5], [14.000000000000002, 21.5], [8.000000000000002, 21.5]], [[8.0, -4.898425415289509e-16], [0.0, 4.898425415289509e-16], [0.0, -6.0], [7.999999999999999, -6.000000000000001], [8.0, -4.898425415289509e-16]], [[29.0, 9.499999999999993], [29.000000000000004, 17.499999999999993], [14.000000000000002, 17.5], [14.0, 9.499999999999998], [29.0, 9.499999999999993]], [[8.0, 0.9999999999999996], [7.999999999999998, -7.0], [23.0, -7.0000000000000036], [23.0, 0.9999999999999968], [8.0, 0.9999999999999996]], [[7.999999999999999, -6.000000000000001], [-8.881784197001252e-16, -6.0], [-8.881784197001252e-16, -12.0], [7.999999999999998, -12.0], [7.999999999999999, -6.000000000000001]]], "node_id": [0, 1, 2, 3, 4, 5, 6]}