{"corners": [[[0.0, 0.0], [16.0, 0.0], [16.0, 6.0], [0.0, 6.0], [0.0, 0.0]], [[4.0, 6.0], [12.0, 6.0], [12.0, 12.0], [4.0, 12.0], [4.0, 6.0]], [[24.0, 10.5], [16.0, 10.500000000000002], [15.999999999999998, -4.499999999999998], [23.999999999999996, -4.5], [24.0, 10.5]], [[40.0, 5.999999999999998], [24.0, 6.0], [24.0, 0.0], [40.0, -1.7763568394002505e-15], [40.0, 5.999999999999998]], [[40.0, -4.500000000000002], [48.0, -4.5000000000000036], [48.0, 10.499999999999996], [40.00000000000001, 10.499999999999998], [40.0, -4.500000000000002]], [[15.5, -8.0], [15.5, 0.0], [0.5, 1.7763568394002505e-15], [0.5, -7.999999999999999], [15.5, -8.0]], [[4.0, 12.0], [-4.0, 12.000000000000002], [-4.0, 6.000000000000001], [3.999999999999999, 6.0], [4.0, 12.0]]], "node_id": [0, 1, 2, 3, 4, 5, 6]}