{"corners": [[[0.0, 0.0], [16.0, 0.0], [16.0, 6.0], [0.0, 6.0], [0.0, 0.0]], [[3.673819061467132e-16, 6.0], [-16.0, 6.000000000000002], [-16.0, 1.7763568394002505e-15], [-3.673819061467132e-16, 0.0], [3.673819061467132e-16, 6.0]], [[4.999999999999999, 22.0], [5.0, 6.0], [11.0, 6.0], [11.0, 22.0], [4.999999999999999, 22.0]], [[-5.0, -7.999999999999999], [-4.999999999999999, 8.881784197001252e-16], [-11.0, 8.881784197001252e-16], [-11.0, -7.999999999999999], [-5.0, -7.999999999999999]], [[1.0, -7.999999999999999], [1.0000000000000004, 8.881784197001252e-16], [-4.999999999999999, 8.881784197001252e-16], [-5.0, -7.999999999999999], [1.0, -7.999999999999999]], [[11.999999999999998, 28.0], [3.9999999999999982, 28.0], [3.999999999999999, 22.0], [11.999999999999998, 22.0], [11.999999999999998, 28.0]], [[19.0, 17.0], [11.0, 17.0], [11.0, 11.0], [19.0, 11.0], [19.0, 17.0]]], "node_id": [0, 1, 2, 3, 4, 5, 6]}