{"corners": [[[0.0, 0.0], [16.0, 0.0], [16.0, 6.0], [0.0, 6.0], [0.0, 0.0]], [[0.0, -6.0], [16.0, -6.0], [16.0, 0.0], [0.0, 0.0], [0.0, -6.0]], [[15.5, -14.0], [15.5, -6.0], [0.5, -5.999999999999998], [0.5, -13.999999999999998], [15.5, -14.0]], [[0.4999999999999991, 14.0], [0.4999999999999996, 6.0], [15.5, 6.000000000000001], [15.5, 14.000000000000002], [0.4999999999999991, 14.0]], [[0.5000000000000003, -7.0], [-7.5, -6.999999999999999], [-7.5, -13.0], [0.4999999999999996, -13.0], [0.5000000000000003, -7.0]], [[-7.5, -14.0], [-7.499999999999999, -6.0], [-13.5, -6.0], [-13.5, -14.0], [-7.5, -14.0]], [[15.5, 7.0], [31.5, 7.0], [31.5, 13.0], [15.5, 13.0], [15.5, 7.0]]], "node_id": [0, 1, 2, 3, 4, 5, 6]}