{"corners": [[[0.0, 0.0], [16.0, 0.0], [16.0, 6.0], [0.0, 6.0], [0.0, 0.0]], [[22.0, -5.0], [22.0, 11.0], [16.0, 11.0], [16.0, -5.0], [22.0, -5.0]], [[11.500000000000002, 19.0], [11.5, 11.0], [26.5, 10.999999999999996], [26.5, 18.999999999999996], [11.500000000000002, 19.0]], [[3.673819061467132e-16, 6.0], [-16.0, 6.000000000000002], [-16.0, 1.7763568394002505e-15], [-3.673819061467132e-16, 0.0], [3.673819061467132e-16, 6.0]], [[3.5000000000000018, 12.000000000000002], [11.500000000000002, 12.0], [11.500000000000004, 18.0], [3.500000000000003, 18.0], [3.5000000000000018, 12.000000000000002]], [[16.000000000000004, 35.0], [16.0, 19.0], [22.0, 19.0], [22.000000000000004, 35.0], [16.000000000000004, 35.0]], [[26.499999999999996, 7.4999999999999964], [34.5, 7.499999999999995], [34.5, 22.499999999999993], [26.5, 22.499999999999996], [26.499999999999996, 7.4999999999999964]]], "node_id": [0, 1, 2, 3, 4, 5, 6]}