{"corners": [[[0.0, 0.0], [16.0, 0.0], [16.0, 6.0], [0.0, 6.0], [0.0, 0.0]], [[3.673819061467132e-16, 6.0], [-16.0, 6.000000000000002], [-16.0, 1.7763568394002505e-15], [-3.673819061467132e-16, 0.0], [3.673819061467132e-16, 6.0]], [[16.0, -9.796850830579018e-16], [0.0, 9.796850830579018e-16], [0.0, -5.999999999999999], [16.0, -6.000000000000001], [16.0, -9.796850830579018e-16]], [[-5.0, 6.000000000000001], [-4.999999999999999, 22.0], [-11.0, 22.0], [-11.0, 6.000000000000001], [-5.0, 6.000000000000001]], [[-11.0, 17.0], [-27.0, 17.000000000000004], [-27.0, 11.000000000000002], [-11.0, 11.0], [-11.0, 17.0]], [[1.0000000000000009, 10.0], [1.0000000000000013, 18.0], [-4.999999999999998, 18.0], [-4.999999999999999, 10.0], [1.0000000000000009, 10.0]], [[9.000000000000004, 21.5], [1.0000000000000036, 21.5], [1.0000000000000018, 6.500000000000002], [9.000000000000002, 6.5], [9.000000000000004, 21.5]]], "node_id": [0, 1, 2, 3, 4, 5, 6]}