{"corners": [[[0.0, 0.0], [8.0, 0.0], [8.0, 6.0], [0.0, 6.0], [0.0, 0.0]], [[8.0, 0.0], [24.0, 0.0], [24.0, 6.0], [8.0, 6.0], [8.0, 0.0]], [[0.9999999999999996, 14.0], [1.0, 6.0], [7.0, 6.0], [7.0, 14.0], [0.9999999999999996, 14.0]], [[8.0, -4.898425415289509e-16], [0.0, 4.898425415289509e-16], [0.0, -6.0], [7.999999999999999, -6.000000000000001], [8.0, -4.898425415289509e-16]], [[23.0, 13.000000000000002], [7.0, 13.0], [7.0, 7.0], [23.0, 7.000000000000002], [23.0, 13.000000000000002]], [[11.999999999999998, 20.0], [-4.000000000000002, 19.999999999999996], [-4.000000000000002, 13.999999999999998], [11.999999999999998, 14.0], [11.999999999999998, 20.0]], [[12.0, -6.000000000000001], [-4.0, -5.999999999999999], [-4.0, -12.0], [12.0, -12.0], [12.0, -6.000000000000001]]], "node_id": [0, 1, 2, 3, 4, 5, 6]}