{"corners": [[[0.0, 0.0], [16.0, 0.0], [16.0, 6.0], [0.0, 6.0], [0.0, 0.0]], [[11.0, -8.0], [11.0, 0.0], [5.000000000000001, 0.0], [5.0, -8.0], [11.0, -8.0]], [[9.18454765366783e-16, 10.5], [-7.999999999999999, 10.500000000000002], [-8.0, -4.499999999999998], [-9.18454765366783e-16, -4.5], [9.18454765366783e-16, 10.5]], [[-8.881784197001252e-16, -4.500000000000001], [-8.0, -4.5], [-8.000000000000004, -19.5], [-2.725087950433691e-15, -19.5], [-8.881784197001252e-16, -4.500000000000001]], [[4.0, -14.0], [12.0, -14.0], [12.0, -8.0], [4.0, -8.0], [4.0, -14.0]], [[24.0, 5.999999999999999], [16.0, 6.0], [16.0, 0.0], [24.0, -8.881784197001252e-16], [24.0, 5.999999999999999]], [[-7.000000000000003, -19.5], [-7.000000000000004, -27.5], [-1.0000000000000044, -27.5], [-1.0000000000000027, -19.5], [-7.000000000000003, -19.5]]], "node_id": [0, 1, 2, 3, 4, 5, 6]}