{"corners": [[[0.0, 0.0], [16.0, 0.0], [16.0, 6.0], [0.0, 6.0], [0.0, 0.0]], [[22.0, -1.0], [22.0, 7.0], [16.0, 7.0], [16.0, -0.9999999999999997], [22.0, -1.0]], [[12.0, -4.898425415289509e-16], [4.0, 4.898425415289509e-16], [4.0, -6.0], [12.0, -6.000000000000001], [12.0, -4.898425415289509e-16]], [[3.9999999999999973, -12.0], [11.999999999999996, -12.000000000000002], [12.0, -6.000000000000002], [3.9999999999999987, -6.0], [3.9999999999999973, -12.0]], [[26.999999999999993, -13.000000000000007], [26.999999999999996, -5.000000000000007], [11.999999999999995, -5.000000000000002], [11.999999999999993, -13.000000000000002], [26.999999999999993, -13.000000000000007]], [[11.500000000000002, 15.000000000000002], [11.5, 7.000000000000002], [26.5, 6.999999999999998], [26.5, 14.999999999999998], [11.500000000000002, 15.000000000000002]], [[-4.000000000000002, -11.999999999999998], [3.9999999999999982, -12.0], [4.0, -6.0], [-4.0, -5.999999999999998], [-4.000000000000002, -11.999999999999998]]], "node_id": [0, 1, 2, 3, 4, 5, 6]}