{"corners": [[[0.0, 0.0], [8.0, 0.0], [8.0, 6.0], [0.0, 6.0], [0.0, 0.0]], [[23.0, -1.0000000000000009], [23.0, 6.999999999999999], [8.0, 7.000000000000001], [8.0, -1.0], [23.0, -1.0000000000000009]], [[23.0, 11.0], [22.999999999999996, -5.0], [28.999999999999996, -5.0], [29.0, 10.999999999999998], [23.0, 11.0]], [[0.0, -6.0], [8.0, -6.0], [8.0, 0.0], [0.0, 0.0], [0.0, -6.0]], [[29.0, -1.7763568394002505e-15], [45.0, -5.695097171631858e-15], [45.0, 5.999999999999995], [29.0, 5.999999999999998], [29.0, -1.7763568394002505e-15]]], "node_id": [0, 1, 2, 3, 4]}