{"corners": [[[0.0, 0.0], [16.0, 0.0], [16.0, 6.0], [0.0, 6.0], [0.0, 0.0]], [[16.0, -4.5], [24.0, -4.5], [24.0, 10.5], [16.0, 10.5], [16.0, -4.5]], [[0.0, -6.0], [16.0, -6.0], [16.0, 0.0], [0.0, 0.0], [0.0, -6.0]], [[16.0, 10.5], [24.0, 10.5], [24.0, 25.5], [16.0, 25.5], [16.0, 10.5]], [[12.0, 12.0], [4.0, 12.000000000000002], [4.0, 6.000000000000001], [12.0, 6.0], [12.0, 12.0]], [[4.0, -21.0], [12.0, -21.0], [12.0, -6.0], [4.0, -6.0], [4.0, -21.0]], [[3.9999999999999996, -17.5], [4.0, -9.5], [-1.9999999999999996, -9.5], [-2.0000000000000004, -17.5], [3.9999999999999996, -17.5]]], "node_id": [0, 1, 2, 3, 4, 5, 6]}