{"corners": [[[0.0, 0.0], [16.0, 0.0], [16.0, 6.0], [0.0, 6.0], [0.0, 0.0]], [[16.0, 0.0], [32.0, 0.0], [32.0, 6.0], [16.0, 6.0], [16.0, 0.0]], [[-6.000000000000001, 11.0], [-6.0, -5.0], [0.0, -5.0], [-8.881784197001252e-16, 11.0], [-6.000000000000001, 11.0]], [[20.0, 6.0], [28.0, 6.0], [28.0, 12.0], [20.0, 12.0], [20.0, 6.0]], [[31.5, 12.0], [31.5, 20.0], [16.5, 20.0], [16.5, 12.000000000000002], [31.5, 12.0]], [[-6.0, -5.0], [-5.999999999999999, -13.0], [8.881784197001252e-16, -13.0], [0.0, -5.0], [-6.0, -5.0]], [[16.0, -6.0], [32.0, -6.0], [32.0, 0.0], [16.0, 0.0], [16.0, -6.0]]], "node_id": [0, 1, 2, 3, 4, 5, 6]}