{"corners": [[[0.0, 0.0], [8.0, 0.0], [8.0, 15.0], [0.0, 15.0], [0.0, 0.0]], [[7.0, 15.0], [7.000000000000001, 23.0], [1.0000000000000009, 23.0], [1.0, 15.0], [7.0, 15.0]], [[8.0, -4.898425415289509e-16], [0.0, 4.898425415289509e-16], [0.0, -6.0], [7.999999999999999, -6.000000000000001], [8.0, -4.898425415289509e-16]], [[16.0, -1.3322676295501878e-15], [8.0, -3.5258254649228604e-16], [8.0, -6.0], [16.0, -6.000000000000002], [16.0, -1.3322676295501878e-15]], [[9.0, -5.999999999999999], [8.999999999999998, -14.0], [14.999999999999998, -14.0], [15.0, -6.0], [9.0, -5.999999999999999]], [[-7.0, 16.0], [1.0, 16.0], [1.0, 22.0], [-7.0, 22.0], [-7.0, 16.0]], [[15.0, -13.0], [23.0, -13.000000000000002], [23.0, -7.000000000000002], [15.000000000000002, -7.0], [15.0, -13.0]]], "node_id": [0, 1, 2, 3, 4, 5, 6]}