{"corners": [[[0.0, 0.0], [16.0, 0.0], [16.0, 6.0], [0.0, 6.0], [0.0, 0.0]], [[16.0, 11.0], [16.0, -5.0], [22.0, -5.0], [22.0, 11.0], [16.0, 11.0]], [[23.0, 17.0], [15.0, 17.0], [15.0, 11.0], [23.0, 11.0], [23.0, 17.0]], [[23.0, 11.0], [39.0, 11.0], [39.0, 17.0], [23.0, 17.0], [23.0, 11.0]], [[23.5, 11.0], [23.5, 3.0], [38.5, 3.000000000000001], [38.5, 11.000000000000002], [23.5, 11.0]], [[0.0, 18.0], [4.898425415289509e-16, 10.0], [15.0, 10.0], [15.0, 18.0], [0.0, 18.0]], [[27.0, -2.999999999999999], [35.0, -2.999999999999999], [35.0, 3.000000000000001], [27.0, 3.000000000000001], [27.0, -2.999999999999999]], [[15.5, -8.0], [15.5, 0.0], [0.5, 1.7763568394002505e-15], [0.5, -7.999999999999999], [15.5, -8.0]]], "node_id": [0, 1, 2, 3, 4, 5, 6, 7]}