{"corners": [[[0.0, 0.0], [16.0, 0.0], [16.0, 6.0], [0.0, 6.0], [0.0, 0.0]], [[3.673819061467132e-16, 6.0], [-8.0, 6.000000000000001], [-8.0, 8.881784197001252e-16], [-3.673819061467132e-16, 0.0], [3.673819061467132e-16, 6.0]], [[32.0, 5.999999999999998], [16.0, 6.0], [16.0, 0.0], [32.0, -1.7763568394002505e-15], [32.0, 5.999999999999998]], [[12.0, -4.898425415289509e-16], [4.0, 4.898425415289509e-16], [4.0, -6.0], [12.0, -6.000000000000001], [12.0, -4.898425415289509e-16]], [[28.0, -2.220446049250313e-15], [12.0, -2.6107588313450947e-16], [12.0, -6.0], [28.0, -6.000000000000002], [28.0, -2.220446049250313e-15]], [[15.999999999999996, -21.0], [23.999999999999996, -21.000000000000004], [24.0, -6.000000000000002], [16.0, -6.0], [15.999999999999996, -21.0]], [[16.0, 6.000000000000001], [32.0, 5.999999999999997], [32.0, 11.999999999999996], [16.0, 12.0], [16.0, 6.000000000000001]], [[16.0, 12.0], [0.0, 12.000000000000002], [0.0, 6.000000000000002], [16.0, 6.0], [16.0, 12.0]]], "node_id": [0, 1, 2, 3, 4, 5, 6, 7]}