{"corners": [[[0.0, 0.0], [16.0, 0.0], [16.0, 6.0], [0.0, 6.0], [0.0, 0.0]], [[32.0, 5.999999999999998], [16.0, 6.0], [16.0, 0.0], [32.0, -1.7763568394002505e-15], [32.0, 5.999999999999998]], [[32.0, 6.999999999999998], [32.0, -1.0000000000000018], [47.0, -1.0000000000000053], [47.0, 6.999999999999996], [32.0, 6.999999999999998]], [[20.0, 6.0], [28.0, 5.999999999999998], [28.0, 11.999999999999998], [20.0, 12.0], [20.0, 6.0]], [[27.0, -16.0], [27.0, 0.0], [21.0, 0.0], [21.0, -16.0], [27.0, -16.0]]], "node_id": [0, 1, 2, 3, 4]}