{"corners": [[[0.0, 0.0], [8.0, 0.0], [8.0, 6.0], [0.0, 6.0], [0.0, 0.0]], [[-8.0, -4.5], [0.0, -4.5], [0.0, 10.5], [-8.0, 10.5], [-8.0, -4.5]], [[6.999999999999999, -16.0], [7.0, 0.0], [1.0, 0.0], [0.9999999999999991, -16.0], [6.999999999999999, -16.0]], [[-11.5, 18.5], [-11.5, 10.5], [3.5, 10.5], [3.5, 18.5], [-11.5, 18.5]], [[7.000000000000002, 0.0], [6.999999999999999, -16.0], [13.0, -16.0], [13.000000000000002, -1.1021457184401395e-15], [7.000000000000002, 0.0]]], "node_id": [0, 1, 2, 3, 4]}