{"corners": [[[0.0, 0.0], [8.0, 0.0], [8.0, 6.0], [0.0, 6.0], [0.0, 0.0]], [[8.0, -4.898425415289509e-16], [0.0, 4.898425415289509e-16], [-1.7763568394002505e-15, -14.999999999999998], [7.999999999999998, -15.0], [8.0, -4.898425415289509e-16]], [[11.5, 5.999999999999999], [11.5, 14.0], [-3.5, 14.0], [-3.5, 6.0], [11.5, 5.999999999999999]], [[3.673819061467132e-16, 6.0], [-8.0, 6.000000000000001], [-8.0, 8.881784197001252e-16], [-3.673819061467132e-16, 0.0], [3.673819061467132e-16, 6.0]], [[-15.000000000000002, -3.4999999999999973], [-15.000000000000004, -11.499999999999996], [-3.552713678800501e-15, -11.5], [-1.7763568394002505e-15, -3.5], [-15.000000000000002, -3.4999999999999973]], [[11.5, 7.0], [27.5, 7.0], [27.5, 13.0], [11.5, 13.0], [11.5, 7.0]], [[-23.0, 7.0000000000000036], [-23.0, -0.9999999999999964], [-8.000000000000002, -1.0], [-8.0, 7.000000000000001], [-23.0, 7.0000000000000036]], [[6.999999999999997, -31.0], [6.999999999999998, -15.0], [0.9999999999999982, -15.0], [0.9999999999999973, -31.0], [6.999999999999997, -31.0]]], "node_id": [0, 1, 2, 3, 4, 5, 6, 7]}