{"corners": [[[0.0, 0.0], [8.0, 0.0], [8.0, 15.0], [0.0, 15.0], [0.0, 0.0]], [[0.9999999999999991, 31.0], [1.0, 15.0], [7.0, 15.0], [6.999999999999999, 31.0], [0.9999999999999991, 31.0]], [[16.0, 15.0], [8.0, 15.000000000000002], [7.999999999999998, 1.7763568394002505e-15], [15.999999999999998, 0.0], [16.0, 15.0]], [[6.999999999999999, 31.0], [7.0, 47.0], [1.0, 47.0], [0.9999999999999991, 31.0], [6.999999999999999, 31.0]], [[24.0, 10.5], [16.0, 10.500000000000002], [16.0, 4.500000000000001], [24.0, 4.5], [24.0, 10.5]], [[15.000000000000002, 46.5], [7.000000000000002, 46.5], [7.0, 31.5], [15.0, 31.5], [15.000000000000002, 46.5]], [[1.0000000000000013, 55.0], [0.9999999999999999, 47.0], [7.0, 47.0], [7.000000000000002, 55.0], [1.0000000000000013, 55.0]], [[-7.000000000000001, 43.5], [0.9999999999999991, 43.5], [1.0000000000000027, 58.5], [-6.999999999999997, 58.5], [-7.000000000000001, 43.5]]], "node_id": [0, 1, 2, 3, 4, 5, 6, 7]}