{"corners": [[[0.0, 0.0], [8.0, 0.0], [8.0, 15.0], [0.0, 15.0], [0.0, 0.0]], [[14.0, -0.5], [14.000000000000002, 15.5], [8.0, 15.5], [8.0, -0.4999999999999996], [14.0, -0.5]], [[3.5, -0.49999999999999845], [3.4999999999999987, -8.499999999999998], [18.5, -8.500000000000002], [18.5, -0.5000000000000012], [3.5, -0.49999999999999845]], [[20.0, -0.5], [20.0, 15.5], [14.0, 15.5], [14.0, -0.4999999999999996], [20.0, -0.5]], [[24.5, 15.5], [24.5, 23.5], [9.5, 23.5], [9.5, 15.500000000000002], [24.5, 15.5]]], "node_id": [0, 1, 2, 3, 4]}