{"corners": [[[0.0, 0.0], [8.0, 0.0], [8.0, 15.0], [0.0, 15.0], [0.0, 0.0]], [[12.0, -9.796850830579018e-16], [-4.0, 9.796850830579018e-16], [-4.0, -5.999999999999999], [12.0, -6.000000000000001], [12.0, -9.796850830579018e-16]], [[20.0, 4.499999999999998], [12.0, 4.499999999999999], [11.999999999999998, -10.5], [19.999999999999996, -10.500000000000002], [20.0, 4.499999999999998]], [[-3.500000000000001, 23.0], [-3.5000000000000004, 15.0], [11.5, 15.0], [11.5, 23.0], [-3.500000000000001, 23.0]], [[0.9999999999999982, 39.0], [0.9999999999999992, 23.0], [6.999999999999999, 23.0], [6.999999999999998, 39.0], [0.9999999999999982, 39.0]], [[0.9999999999999983, 34.0], [-15.000000000000002, 34.0], [-15.000000000000002, 28.0], [0.9999999999999991, 28.0], [0.9999999999999983, 34.0]], [[-23.0, 28.0], [-15.0, 28.0], [-15.0, 34.0], [-23.0, 34.0], [-23.0, 28.0]], [[3.673819061467132e-16, 10.5], [-16.0, 10.500000000000002], [-16.0, 4.500000000000002], [-3.673819061467132e-16, 4.5], [3.673819061467132e-16, 10.5]]], "node_id": [0, 1, 2, 3, 4, 5, 6, 7]}