{"corners": [[[0.0, 0.0], [8.0, 0.0], [8.0, 6.0], [0.0, 6.0], [0.0, 0.0]], [[1.0, -1.836909530733566e-16], [1.0000000000000004, -8.0], [7.000000000000001, -8.0], [7.0, 1.836909530733566e-16], [1.0, -1.836909530733566e-16]], [[0.9999999999999991, 22.0], [1.0, 6.0], [7.0, 6.0], [6.999999999999999, 22.0], [0.9999999999999991, 22.0]], [[-3.5, -8.0], [-3.4999999999999996, -16.0], [11.5, -16.0], [11.5, -7.999999999999999], [-3.5, -8.0]], [[0.9999999999999991, 6.0], [1.0, 22.0], [-5.0, 22.0], [-5.000000000000001, 6.0], [0.9999999999999991, 6.0]]], "node_id": [0, 1, 2, 3, 4]}