{"corners": [[[0.0, 0.0], [8.0, 0.0], [8.0, 6.0], [0.0, 6.0], [0.0, 0.0]], [[14.0, -1.0], [14.0, 7.0], [8.0, 7.0], [8.0, -0.9999999999999997], [14.0, -1.0]], [[7.0, 6.0], [7.000000000000001, 22.0], [1.0000000000000009, 22.0], [1.0, 6.0], [7.0, 6.0]], [[-6.0, 7.0], [-5.999999999999999, -1.0], [8.881784197001252e-16, -1.0], [0.0, 7.0], [-6.0, 7.0]], [[7.000000000000001, 22.0], [7.000000000000002, 38.0], [1.0000000000000018, 38.0], [1.0000000000000009, 22.0], [7.000000000000001, 22.0]], [[-7.0, 7.0], [1.0, 7.0], [1.0, 13.0], [-7.0, 13.0], [-7.0, 7.0]], [[13.0, 22.0], [13.000000000000002, 38.0], [7.000000000000001, 38.0], [7.0, 22.0], [13.0, 22.0]], [[14.0, 44.0], [6.0, 44.0], [6.0, 38.0], [14.0, 38.0], [14.0, 44.0]]], "node_id": [0, 1, 2, 3, 4, 5, 6, 7]}