{"corners": [[[0.0, 0.0], [8.0, 0.0], [8.0, 6.0], [0.0, 6.0], [0.0, 0.0]], [[9.18454765366783e-16, 10.5], [-7.999999999999999, 10.500000000000002], [-8.0, -4.499999999999998], [-9.18454765366783e-16, -4.5], [9.18454765366783e-16, 10.5]], [[-8.000000000000004, -10.5], [-3.552713678800501e-15, -10.500000000000002], [-1.7763568394002505e-15, -4.500000000000002], [-8.000000000000002, -4.5], [-8.000000000000004, -10.5]], [[7.0, 6.0], [7.000000000000001, 22.0], [1.0000000000000009, 22.0], [1.0, 6.0], [7.0, 6.0]], [[-6.9999999999999964, 26.5], [-6.999999999999999, 10.5], [-0.9999999999999991, 10.5], [-0.9999999999999964, 26.5], [-6.9999999999999964, 26.5]], [[-8.0, 6.000000000000001], [-24.0, 6.000000000000003], [-24.0, 2.6645352591003757e-15], [-8.0, 8.881784197001252e-16], [-8.0, 6.000000000000001]], [[-8.5, 6.000000000000001], [-8.5, 14.0], [-23.5, 14.000000000000004], [-23.5, 6.000000000000002], [-8.5, 6.000000000000001]], [[5.999999999999996, -11.500000000000004], [5.999999999999998, -3.5000000000000036], [-1.7763568394002505e-15, -3.5000000000000018], [-4.440892098500626e-15, -11.500000000000002], [5.999999999999996, -11.500000000000004]]], "node_id": [0, 1, 2, 3, 4, 5, 6, 7]}