{"corners": [[[0.0, 0.0], [8.0, 0.0], [8.0, 15.0], [0.0, 15.0], [0.0, 0.0]], [[0.0, -6.0], [8.0, -6.0], [8.0, 0.0], [0.0, 0.0], [0.0, -6.0]], [[-4.0, 15.0], [12.0, 15.0], [12.0, 21.0], [-4.0, 21.0], [-4.0, 15.0]], [[12.0, 26.0], [12.000000000000002, 10.0], [18.0, 10.0], [18.0, 26.0], [12.0, 26.0]], [[7.0, 21.0], [7.000000000000001, 37.0], [1.0000000000000009, 37.0], [1.0, 21.0], [7.0, 21.0]], [[12.0, 34.0], [12.0, 26.0], [18.0, 26.0], [18.0, 34.0], [12.0, 34.0]], [[7.499999999999999, 42.0], [7.5, 34.0], [22.5, 34.0], [22.5, 42.0], [7.499999999999999, 42.0]], [[18.0, 2.0], [18.0, 10.0], [12.0, 10.0], [12.0, 2.0000000000000004], [18.0, 2.0]]], "node_id": [0, 1, 2, 3, 4, 5, 6, 7]}