{"corners": [[[0.0, 0.0], [8.0, 0.0], [8.0, 15.0], [0.0, 15.0], [0.0, 0.0]], [[11.5, 15.0], [11.5, 23.0], [-3.5, 23.0], [-3.5, 15.000000000000002], [11.5, 15.0]], [[-15.0, 11.5], [-15.0, 3.5], [0.0, 3.500000000000001], [0.0, 11.500000000000002], [-15.0, 11.5]], [[8.0, -4.898425415289509e-16], [0.0, 4.898425415289509e-16], [-1.7763568394002505e-15, -14.999999999999998], [7.999999999999998, -15.0], [8.0, -4.898425415289509e-16]], [[8.0, 0.0], [16.0, 0.0], [16.0, 15.0], [8.0, 15.0], [8.0, 0.0]], [[7.000000000000001, 23.0], [7.000000000000002, 31.0], [1.0000000000000018, 31.0], [1.0000000000000009, 23.0], [7.000000000000001, 23.0]], [[-3.552713678800501e-15, -21.0], [7.9999999999999964, -21.000000000000004], [7.999999999999998, -15.000000000000002], [-2.0831860542136482e-15, -15.0], [-3.552713678800501e-15, -21.0]], [[6.999999999999994, -29.0], [6.9999999999999964, -21.0], [0.9999999999999964, -21.0], [0.9999999999999938, -28.999999999999996], [6.999999999999994, -29.0]]], "node_id": [0, 1, 2, 3, 4, 5, 6, 7]}