{"corners": [[[0.0, 0.0], [8.0, 0.0], [8.0, 6.0], [0.0, 6.0], [0.0, 0.0]], [[16.0, 5.999999999999999], [8.0, 6.0], [8.0, 0.0], [16.0, -8.881784197001252e-16], [16.0, 5.999999999999999]], [[11.5, 5.999999999999999], [11.5, 14.0], [-3.5, 14.0], [-3.5, 6.0], [11.5, 5.999999999999999]], [[1.0, -1.836909530733566e-16], [1.0000000000000009, -16.0], [7.000000000000001, -16.0], [7.0, 1.836909530733566e-16], [1.0, -1.836909530733566e-16]], [[-9.5, 14.0], [-9.500000000000002, 6.0], [-3.5000000000000018, 5.999999999999998], [-3.5, 13.999999999999998], [-9.5, 14.0]], [[32.0, 5.999999999999997], [16.0, 5.999999999999999], [16.0, -8.881784197001252e-16], [32.0, -2.6645352591003757e-15], [32.0, 5.999999999999997]], [[19.999999999999996, -15.0], [27.999999999999996, -15.000000000000002], [28.0, -1.7763568394002505e-15], [20.0, 0.0], [19.999999999999996, -15.0]], [[20.0, -11.5], [20.000000000000004, -3.5], [14.000000000000004, -3.4999999999999982], [14.0, -11.499999999999998], [20.0, -11.5]]], "node_id": [0, 1, 2, 3, 4, 5, 6, 7]}