{"corners": [[[0.0, 0.0], [8.0, 0.0], [8.0, 15.0], [0.0, 15.0], [0.0, 0.0]], [[24.0, 10.499999999999998], [8.0, 10.5], [8.0, 4.5], [24.0, 4.499999999999998], [24.0, 10.499999999999998]], [[-8.0, 0.0], [0.0, 0.0], [0.0, 15.0], [-8.0, 15.0], [-8.0, 0.0]], [[24.0, 11.499999999999998], [24.0, 3.4999999999999982], [30.0, 3.4999999999999964], [30.0, 11.499999999999996], [24.0, 11.499999999999998]], [[-4.0, 15.0], [12.0, 15.0], [12.0, 21.0], [-4.0, 21.0], [-4.0, 15.0]]], "node_id": [0, 1, 2, 3, 4]}