{"corners": [[[0.0, 0.0], [8.0, 0.0], [8.0, 15.0], [0.0, 15.0], [0.0, 0.0]], [[3.673819061467132e-16, 10.5], [-16.0, 10.500000000000002], [-16.0, 4.500000000000002], [-3.673819061467132e-16, 4.5], [3.673819061467132e-16, 10.5]], [[-10.999999999999998, 18.5], [-11.0, 10.5], [-5.0, 10.499999999999998], [-4.999999999999998, 18.5], [-10.999999999999998, 18.5]], [[-15.999999999999998, 15.000000000000002], [-24.0, 15.000000000000004], [-24.0, 3.552713678800501e-15], [-16.0, 1.7763568394002505e-15], [-15.999999999999998, 15.000000000000002]], [[-27.5, 23.000000000000004], [-27.5, 15.000000000000004], [-12.500000000000002, 15.0], [-12.5, 23.0], [-27.5, 23.000000000000004]], [[-33.5, 23.000000000000004], [-33.5, 15.000000000000004], [-27.5, 15.000000000000002], [-27.5, 23.000000000000004], [-33.5, 23.000000000000004]], [[-17.0, 23.000000000000004], [-16.999999999999996, 39.0], [-22.999999999999993, 39.00000000000001], [-23.0, 23.000000000000007], [-17.0, 23.000000000000004]], [[-12.000000000000002, -1.4999999999999982], [-4.000000000000002, -1.5000000000000002], [-4.0, 4.5], [-12.0, 4.500000000000002], [-12.000000000000002, -1.4999999999999982]]], "node_id": [0, 1, 2, 3, 4, 5, 6, 7]}