{"corners": [[[0.0, 0.0], [16.0, 0.0], [16.0, 6.0], [0.0, 6.0], [0.0, 0.0]], [[4.0, 6.0], [12.0, 6.0], [12.0, 12.0], [4.0, 12.0], [4.0, 6.0]], [[-4.0, 6.0], [4.0, 6.0], [4.0, 12.0], [-4.0, 12.0], [-4.0, 6.0]], [[3.0, 12.0], [3.000000000000001, 28.0], [-2.999999999999999, 28.0], [-3.0, 12.0], [3.0, 12.0]], [[22.0, -1.0], [22.0, 7.0], [16.0, 7.0], [16.0, -0.9999999999999997], [22.0, -1.0]]], "node_id": [0, 1, 2, 3, 4]}