{"corners": [[[0.0, 0.0], [16.0, 0.0], [16.0, 6.0], [0.0, 6.0], [0.0, 0.0]], [[16.0, 0.0], [24.0, 0.0], [24.0, 6.0], [16.0, 6.0], [16.0, 0.0]], [[24.0, -4.898425415289509e-16], [16.0, 4.898425415289509e-16], [16.0, -6.0], [24.0, -6.000000000000001], [24.0, -4.898425415289509e-16]], [[0.0, -5.999999999999996], [16.0, -5.999999999999999], [16.0, 8.881784197001252e-16], [1.4695276245868527e-15, 4.440892098500626e-15], [0.0, -5.999999999999996]], [[16.0, -6.0], [0.0, -5.999999999999994], [-3.552713678800501e-15, -11.999999999999993], [15.999999999999998, -12.0], [16.0, -6.0]]], "node_id": [0, 1, 2, 3, 4]}