{"corners": [[[0.0, 0.0], [16.0, 0.0], [16.0, 6.0], [0.0, 6.0], [0.0, 0.0]], [[12.0, -4.898425415289509e-16], [4.0, 4.898425415289509e-16], [4.0, -6.0], [12.0, -6.000000000000001], [12.0, -4.898425415289509e-16]], [[28.0, -2.220446049250313e-15], [12.0, -2.6107588313450947e-16], [12.0, -6.0], [28.0, -6.000000000000002], [28.0, -2.220446049250313e-15]], [[-6.0, 7.0], [-5.999999999999999, -1.0], [8.881784197001252e-16, -1.0], [0.0, 7.0], [-6.0, 7.0]], [[4.999999999999999, 13.0], [-11.0, 12.999999999999998], [-11.0, 6.999999999999998], [5.0, 7.0], [4.999999999999999, 13.0]], [[-11.000000000000002, 17.5], [-19.0, 17.5], [-19.0, 2.4999999999999982], [-11.0, 2.5], [-11.000000000000002, 17.5]], [[0.0, -9.0], [4.898425415289509e-16, -1.0], [-5.999999999999999, -1.0], [-6.0, -9.0], [0.0, -9.0]], [[17.0, 7.999999999999999], [17.0, -8.881784197001252e-16], [23.0, -2.6645352591003757e-15], [23.0, 7.999999999999998], [17.0, 7.999999999999999]]], "node_id": [0, 1, 2, 3, 4, 5, 6, 7]}