{"corners": [[[0.0, 0.0], [16.0, 0.0], [16.0, 6.0], [0.0, 6.0], [0.0, 0.0]], [[4.0, -15.0], [12.0, -15.0], [12.0, 0.0], [4.0, 0.0], [4.0, -15.0]], [[4.0, -30.0], [12.0, -30.0], [12.0, -15.0], [4.0, -15.0], [4.0, -30.0]], [[4.0, -19.5], [-12.0, -19.499999999999996], [-12.0, -25.5], [3.999999999999999, -25.5], [4.0, -19.5]], [[4.999999999999999, 22.0], [5.0, 6.0], [11.0, 6.0], [11.0, 22.0], [4.999999999999999, 22.0]], [[-4.898425415289509e-16, -5.0], [4.898425415289509e-16, 11.0], [-6.0, 11.0], [-6.000000000000001, -5.0], [-4.898425415289509e-16, -5.0]], [[-27.0, -18.499999999999996], [-27.0, -26.499999999999996], [-12.000000000000002, -26.5], [-12.0, -18.5], [-27.0, -18.499999999999996]], [[-5.999999999999999, 10.5], [-14.0, 10.500000000000002], [-14.0, -4.499999999999998], [-6.000000000000001, -4.5], [-5.999999999999999, 10.5]]], "node_id": [0, 1, 2, 3, 4, 5, 6, 7]}