{"corners": [[[0.0, 0.0], [16.0, 0.0], [16.0, 6.0], [0.0, 6.0], [0.0, 0.0]], [[22.0, -5.0], [22.0, 11.0], [16.0, 11.0], [16.0, -5.0], [22.0, -5.0]], [[-2.4492127076447545e-16, -1.0], [2.4492127076447545e-16, 7.0], [-5.999999999999999, 7.0], [-6.0, -0.9999999999999997], [-2.4492127076447545e-16, -1.0]], [[-6.0, -1.0], [-5.999999999999999, 7.0], [-12.0, 7.0], [-12.0, -0.9999999999999997], [-6.0, -1.0]], [[37.0, -1.0000000000000009], [37.0, 6.999999999999999], [22.0, 7.000000000000001], [22.0, -1.0], [37.0, -1.0000000000000009]]], "node_id": [0, 1, 2, 3, 4]}