{"corners": [[[0.0, 0.0], [8.0, 0.0], [8.0, 15.0], [0.0, 15.0], [0.0, 0.0]], [[6.999999999999999, -16.0], [7.0, 0.0], [1.0, 0.0], [0.9999999999999991, -16.0], [6.999999999999999, -16.0]], [[7.0, 15.0], [7.000000000000001, 23.0], [1.0000000000000009, 23.0], [1.0, 15.0], [7.0, 15.0]], [[8.0, 11.5], [8.0, 3.5], [14.0, 3.5], [14.0, 11.5], [8.0, 11.5]], [[7.999999999999999, -16.0], [-8.881784197001252e-16, -15.999999999999998], [-2.6645352591003757e-15, -31.0], [7.999999999999997, -31.0], [7.999999999999999, -16.0]], [[6.9999999999999964, -39.0], [6.999999999999997, -31.0], [0.9999999999999973, -31.0], [0.9999999999999964, -39.0], [6.9999999999999964, -39.0]], [[14.0, -12.5], [14.000000000000002, 3.5], [8.0, 3.5], [8.0, -12.5], [14.0, -12.5]], [[22.999999999999996, -32.0], [6.9999999999999964, -31.999999999999996], [6.9999999999999964, -38.0], [22.999999999999996, -38.0], [22.999999999999996, -32.0]]], "node_id": [0, 1, 2, 3, 4, 5, 6, 7]}