{"corners": [[[0.0, 0.0], [8.0, 0.0], [8.0, 15.0], [0.0, 15.0], [0.0, 0.0]], [[-8.0, 0.0], [0.0, 0.0], [0.0, 15.0], [-8.0, 15.0], [-8.0, 0.0]], [[4.0, 21.0], [-12.0, 21.000000000000004], [-12.0, 15.000000000000002], [3.999999999999999, 15.0], [4.0, 21.0]], [[8.0, 4.5], [24.0, 4.5], [24.0, 10.5], [8.0, 10.5], [8.0, 4.5]], [[-8.0, 10.5], [-24.0, 10.500000000000002], [-24.0, 4.500000000000002], [-8.0, 4.5], [-8.0, 10.5]], [[4.0, -9.796850830579018e-16], [-12.0, 9.796850830579018e-16], [-12.0, -5.999999999999999], [3.999999999999999, -6.000000000000001], [4.0, -9.796850830579018e-16]], [[-20.0, 15.000000000000002], [-12.0, 15.0], [-11.999999999999998, 21.0], [-20.0, 21.0], [-20.0, 15.000000000000002]], [[-1.0, 21.0], [-0.999999999999999, 37.0], [-6.999999999999999, 37.0], [-7.0, 21.0], [-1.0, 21.0]]], "node_id": [0, 1, 2, 3, 4, 5, 6, 7]}