{"corners": [[[0.0, 0.0], [8.0, 0.0], [8.0, 6.0], [0.0, 6.0], [0.0, 0.0]], [[-6.0, 7.0], [-5.999999999999999, -1.0], [8.881784197001252e-16, -1.0], [0.0, 7.0], [-6.0, 7.0]], [[-12.0, 7.0], [-12.0, -1.0], [-5.999999999999999, -1.0], [-6.0, 7.0], [-12.0, 7.0]], [[8.0, -4.5], [16.0, -4.5], [16.0, 10.5], [8.0, 10.5], [8.0, -4.5]], [[4.5, -4.500000000000001], [4.500000000000001, -12.5], [19.5, -12.5], [19.5, -4.5], [4.5, -4.500000000000001]]], "node_id": [0, 1, 2, 3, 4]}