{"corners": [[[0.0, 0.0], [16.0, 0.0], [16.0, 6.0], [0.0, 6.0], [0.0, 0.0]], [[0.4999999999999991, 14.0], [0.4999999999999996, 6.0], [15.5, 6.000000000000001], [15.5, 14.000000000000002], [0.4999999999999991, 14.0]], [[15.5, 14.0], [15.5, 6.0], [30.5, 6.000000000000001], [30.5, 14.000000000000002], [15.5, 14.0]], [[20.0, 22.0], [20.0, 14.0], [26.0, 14.0], [26.0, 22.0], [20.0, 22.0]], [[27.0, 6.000000000000002], [19.0, 6.000000000000001], [19.0, -9.0], [27.000000000000004, -8.999999999999998], [27.0, 6.000000000000002]]], "node_id": [0, 1, 2, 3, 4]}