{"corners": [[[0.0, 0.0], [8.0, 0.0], [8.0, 6.0], [0.0, 6.0], [0.0, 0.0]], [[-2.4492127076447545e-16, -1.0], [2.4492127076447545e-16, 7.0], [-5.999999999999999, 7.0], [-6.0, -0.9999999999999997], [-2.4492127076447545e-16, -1.0]], [[0.0, 7.0], [9.796850830579018e-16, 23.0], [-5.999999999999999, 23.0], [-6.0, 7.0], [0.0, 7.0]], [[-6.0, -1.0], [-5.999999999999999, 7.0], [-12.0, 7.0], [-12.0, -0.9999999999999997], [-6.0, -1.0]], [[23.0, -1.0000000000000009], [23.0, 6.999999999999999], [8.0, 7.000000000000001], [8.0, -1.0], [23.0, -1.0000000000000009]], [[-11.999999999999998, 15.0], [-12.0, 7.0], [-6.0, 6.999999999999998], [-5.999999999999998, 14.999999999999998], [-11.999999999999998, 15.0]], [[1.2246063538223773e-15, 19.0], [-2.4492127076447545e-16, 11.0], [5.999999999999999, 10.999999999999998], [6.000000000000001, 19.0], [1.2246063538223773e-15, 19.0]], [[12.500000000000004, 23.0], [12.5, 7.0], [18.5, 7.0], [18.500000000000004, 23.0], [12.500000000000004, 23.0]]], "node_id": [0, 1, 2, 3, 4, 5, 6, 7]}