{"corners": [[[0.0, 0.0], [8.0, 0.0], [8.0, 15.0], [0.0, 15.0], [0.0, 0.0]], [[0.9999999999999996, 23.0], [1.0, 15.0], [7.0, 15.0], [7.0, 23.0], [0.9999999999999996, 23.0]], [[3.673819061467132e-16, 10.5], [-8.0, 10.500000000000002], [-8.0, 4.500000000000001], [-3.673819061467132e-16, 4.5], [3.673819061467132e-16, 10.5]], [[-4.440892098500626e-16, 23.0], [8.0, 23.0], [8.0, 38.0], [-4.440892098500626e-16, 38.0], [-4.440892098500626e-16, 23.0]], [[-24.0, 4.500000000000005], [-8.0, 4.500000000000002], [-8.0, 10.500000000000002], [-24.0, 10.500000000000005], [-24.0, 4.500000000000005]]], "node_id": [0, 1, 2, 3, 4]}