{"corners": [[[0.0, 0.0], [8.0, 0.0], [8.0, 6.0], [0.0, 6.0], [0.0, 0.0]], [[24.0, 5.999999999999998], [8.0, 6.0], [8.0, 0.0], [24.0, -1.7763568394002505e-15], [24.0, 5.999999999999998]], [[13.000000000000004, 22.0], [13.0, 6.0], [19.0, 6.0], [19.000000000000004, 22.0], [13.000000000000004, 22.0]], [[-8.0, 0.0], [0.0, 0.0], [0.0, 6.0], [-8.0, 6.0], [-8.0, 0.0]], [[24.0, -1.867863502758027e-15], [8.0, 9.150666335777657e-17], [8.0, -6.0], [24.0, -6.000000000000002], [24.0, -1.867863502758027e-15]], [[24.0, -6.000000000000002], [32.0, -6.0000000000000036], [32.0, -3.552713678800501e-15], [24.0, -1.7763568394002505e-15], [24.0, -6.000000000000002]], [[-8.0, 6.0], [-16.0, 6.000000000000001], [-16.0, 8.881784197001252e-16], [-8.0, 0.0], [-8.0, 6.0]], [[-4.0, 12.0], [-20.0, 12.000000000000002], [-20.0, 6.000000000000002], [-4.000000000000001, 6.0], [-4.0, 12.0]]], "node_id": [0, 1, 2, 3, 4, 5, 6, 7]}