{"corners": [[[0.0, 0.0], [16.0, 0.0], [16.0, 6.0], [0.0, 6.0], [0.0, 0.0]], [[24.0, 5.999999999999999], [16.0, 6.0], [16.0, 0.0], [24.0, -8.881784197001252e-16], [24.0, 5.999999999999999]], [[40.0, 5.999999999999997], [24.0, 5.999999999999999], [24.0, -8.881784197001252e-16], [40.0, -2.6645352591003757e-15], [40.0, 5.999999999999997]], [[36.0, -2.2661993809292014e-15], [28.0, -1.2865142978712996e-15], [28.0, -15.0], [36.0, -15.000000000000002], [36.0, -2.2661993809292014e-15]], [[40.0, -2.6645352591003757e-15], [56.0, -6.583275591331983e-15], [56.0, 5.999999999999994], [40.0, 5.999999999999997], [40.0, -2.6645352591003757e-15]]], "node_id": [0, 1, 2, 3, 4]}