{"corners": [[[0.0, 0.0], [8.0, 0.0], [8.0, 6.0], [0.0, 6.0], [0.0, 0.0]], [[7.0, 6.0], [7.000000000000001, 22.0], [1.0000000000000009, 22.0], [1.0, 6.0], [7.0, 6.0]], [[0.0, -6.0], [8.0, -6.0], [8.0, 0.0], [0.0, 0.0], [0.0, -6.0]], [[8.0, 1.0], [8.0, -7.0], [14.0, -7.0], [14.0, 1.0000000000000004], [8.0, 1.0]], [[1.0000000000000013, 17.0], [-14.999999999999998, 17.000000000000004], [-14.999999999999998, 11.000000000000002], [1.0000000000000007, 11.0], [1.0000000000000013, 17.0]]], "node_id": [0, 1, 2, 3, 4]}