{"corners": [[[0.0, 0.0], [8.0, 0.0], [8.0, 15.0], [0.0, 15.0], [0.0, 0.0]], [[14.0, -0.5], [14.000000000000002, 15.5], [8.0, 15.5], [8.0, -0.4999999999999996], [14.0, -0.5]], [[-16.0, 4.5], [0.0, 4.5], [0.0, 10.5], [-16.0, 10.5], [-16.0, 4.5]], [[30.0, 10.499999999999998], [14.0, 10.5], [14.0, 4.5], [30.0, 4.499999999999998], [30.0, 10.499999999999998]], [[-11.0, 4.5], [-11.0, -3.5], [-4.999999999999999, -3.5], [-5.0, 4.5], [-11.0, 4.5]], [[-12.0, -9.5], [-4.0, -9.5], [-4.0, -3.5], [-12.0, -3.5], [-12.0, -9.5]], [[7.0, -6.5], [15.0, -6.5], [15.0, -0.5], [7.0, -0.5], [7.0, -6.5]], [[6.999999999999999, -16.0], [7.0, 0.0], [1.0, 0.0], [0.9999999999999991, -16.0], [6.999999999999999, -16.0]]], "node_id": [0, 1, 2, 3, 4, 5, 6, 7]}