{"corners": [[[0.0, 0.0], [8.0, 0.0], [8.0, 15.0], [0.0, 15.0], [0.0, 0.0]], [[1.0, -1.836909530733566e-16], [1.0000000000000009, -16.0], [7.000000000000001, -16.0], [7.0, 1.836909530733566e-16], [1.0, -1.836909530733566e-16]], [[24.0, 10.499999999999998], [8.0, 10.5], [8.0, 4.5], [24.0, 4.499999999999998], [24.0, 10.499999999999998]], [[0.9999999999999991, 31.0], [1.0, 15.0], [7.0, 15.0], [6.999999999999999, 31.0], [0.9999999999999991, 31.0]], [[9.18454765366783e-16, 15.0], [-7.999999999999999, 15.000000000000002], [-8.0, 1.7763568394002505e-15], [-9.18454765366783e-16, 0.0], [9.18454765366783e-16, 15.0]], [[15.0, -4.999999999999999], [7.0, -5.0], [7.000000000000001, -11.0], [15.0, -11.0], [15.0, -4.999999999999999]], [[15.0, -11.0], [31.0, -11.0], [31.0, -5.0], [15.0, -5.0], [15.0, -11.0]], [[-7.999999999999999, 15.000000000000002], [8.881784197001252e-16, 15.0], [4.440892098500626e-15, 30.0], [-7.999999999999996, 30.0], [-7.999999999999999, 15.000000000000002]]], "node_id": [0, 1, 2, 3, 4, 5, 6, 7]}