{"corners": [[[0.0, 0.0], [16.0, 0.0], [16.0, 6.0], [0.0, 6.0], [0.0, 0.0]], [[16.0, 12.0], [0.0, 12.000000000000002], [0.0, 6.000000000000002], [16.0, 6.0], [16.0, 12.0]], [[4.0, 12.000000000000004], [12.0, 12.000000000000002], [12.000000000000004, 27.0], [4.0000000000000036, 27.000000000000004], [4.0, 12.000000000000004]], [[16.0, 11.0], [16.0, -5.0], [22.0, -5.0], [22.0, 11.0], [16.0, 11.0]], [[23.0, -4.999999999999999], [15.0, -5.0], [15.000000000000002, -20.0], [23.000000000000004, -20.0], [23.0, -4.999999999999999]]], "node_id": [0, 1, 2, 3, 4]}