{"corners": [[[0.0, 0.0], [8.0, 0.0], [8.0, 6.0], [0.0, 6.0], [0.0, 0.0]], [[24.0, 5.999999999999998], [8.0, 6.0], [8.0, 0.0], [24.0, -1.7763568394002505e-15], [24.0, 5.999999999999998]], [[13.000000000000002, 14.0], [13.0, 6.0], [19.0, 5.999999999999998], [19.0, 13.999999999999998], [13.000000000000002, 14.0]], [[-4.0, -6.0], [12.0, -6.0], [12.0, 0.0], [-4.0, 0.0], [-4.0, -6.0]], [[-12.0, -6.0], [-4.0, -6.0], [-4.0, 0.0], [-12.0, 0.0], [-12.0, -6.0]]], "node_id": [0, 1, 2, 3, 4]}