{"corners": [[[0.0, 0.0], [16.0, 0.0], [16.0, 6.0], [0.0, 6.0], [0.0, 0.0]], [[11.0, -16.0], [11.000000000000002, 0.0], [5.000000000000001, 0.0], [5.0, -16.0], [11.0, -16.0]], [[3.673819061467132e-16, 6.0], [-8.0, 6.000000000000001], [-8.0, 8.881784197001252e-16], [-3.673819061467132e-16, 0.0], [3.673819061467132e-16, 6.0]], [[4.999999999999999, 22.0], [5.0, 6.0], [11.0, 6.0], [11.0, 22.0], [4.999999999999999, 22.0]], [[24.0, 5.999999999999999], [16.0, 6.0], [16.0, 0.0], [24.0, -8.881784197001252e-16], [24.0, 5.999999999999999]], [[0.4999999999999982, 30.0], [0.4999999999999987, 22.0], [15.499999999999998, 22.0], [15.499999999999998, 30.0], [0.4999999999999982, 30.0]], [[-16.0, -4.499999999999997], [-8.0, -4.499999999999999], [-7.9999999999999964, 10.5], [-15.999999999999996, 10.500000000000004], [-16.0, -4.499999999999997]], [[17.0, 5.510728592200698e-16], [17.0, -7.999999999999999], [23.0, -8.000000000000002], [23.0, -5.510728592200698e-16], [17.0, 5.510728592200698e-16]]], "node_id": [0, 1, 2, 3, 4, 5, 6, 7]}