{"corners": [[[0.0, 0.0], [8.0, 0.0], [8.0, 15.0], [0.0, 15.0], [0.0, 0.0]], [[3.673819061467132e-16, 10.5], [-16.0, 10.500000000000002], [-16.0, 4.500000000000002], [-3.673819061467132e-16, 4.5], [3.673819061467132e-16, 10.5]], [[8.0, 4.5], [24.0, 4.5], [24.0, 10.5], [8.0, 10.5], [8.0, 4.5]], [[19.0, -11.5], [19.0, 4.5], [13.0, 4.5], [13.0, -11.5], [19.0, -11.5]], [[40.0, 10.499999999999998], [24.0, 10.5], [24.0, 4.5], [40.0, 4.499999999999998], [40.0, 10.499999999999998]]], "node_id": [0, 1, 2, 3, 4]}