{"corners": [[[0.0, 0.0], [8.0, 0.0], [8.0, 15.0], [0.0, 15.0], [0.0, 0.0]], [[7.0, 15.0], [7.000000000000001, 23.0], [1.0000000000000009, 23.0], [1.0, 15.0], [7.0, 15.0]], [[-6.0, 11.5], [-5.999999999999999, 3.5], [8.881784197001252e-16, 3.5], [0.0, 11.5], [-6.0, 11.5]], [[0.0, -15.0], [8.0, -15.0], [8.0, 0.0], [0.0, 0.0], [0.0, -15.0]], [[14.0, -15.5], [14.000000000000002, 0.5], [8.0, 0.5], [8.0, -15.5], [14.0, -15.5]], [[11.5, 23.0], [11.5, 31.0], [-3.5, 31.0], [-3.5, 23.0], [11.5, 23.0]], [[-4.999999999999999, 23.0], [-5.000000000000001, 15.0], [0.9999999999999991, 14.999999999999998], [1.0000000000000009, 23.0], [-4.999999999999999, 23.0]], [[-13.0, 16.0], [-5.0, 15.999999999999998], [-4.999999999999998, 22.0], [-12.999999999999998, 22.0], [-13.0, 16.0]]], "node_id": [0, 1, 2, 3, 4, 5, 6, 7]}