{"corners": [[[0.0, 0.0], [8.0, 0.0], [8.0, 6.0], [0.0, 6.0], [0.0, 0.0]], [[-4.898425415289509e-16, -5.0], [4.898425415289509e-16, 11.0], [-6.0, 11.0], [-6.000000000000001, -5.0], [-4.898425415289509e-16, -5.0]], [[-6.0, -4.999999999999999], [-6.000000000000002, -13.0], [-1.7763568394002505e-15, -13.0], [0.0, -5.0], [-6.0, -4.999999999999999]], [[-10.499999999999998, 19.0], [-10.5, 11.0], [4.5, 10.999999999999996], [4.500000000000002, 18.999999999999996], [-10.499999999999998, 19.0]], [[16.0, -6.000000000000002], [0.0, -6.0], [0.0, -12.0], [16.0, -12.000000000000002], [16.0, -6.000000000000002]], [[-25.5, 19.000000000000004], [-25.5, 11.000000000000004], [-10.500000000000002, 11.0], [-10.5, 19.0], [-25.5, 19.000000000000004]], [[-6.0, 6.0], [-22.0, 6.000000000000002], [-22.0, 1.7763568394002505e-15], [-6.000000000000001, 0.0], [-6.0, 6.0]], [[-30.0, 3.552713678800501e-15], [-22.0, 1.5933435126846973e-15], [-22.0, 6.000000000000002], [-30.0, 6.0000000000000036], [-30.0, 3.552713678800501e-15]]], "node_id": [0, 1, 2, 3, 4, 5, 6, 7]}