{"corners": [[[0.0, 0.0], [8.0, 0.0], [8.0, 15.0], [0.0, 15.0], [0.0, 0.0]], [[8.0, -4.898425415289509e-16], [0.0, 4.898425415289509e-16], [-1.7763568394002505e-15, -14.999999999999998], [7.999999999999998, -15.0], [8.0, -4.898425415289509e-16]], [[-1.4089749332535373e-15, -4.5], [-16.0, -4.499999999999998], [-16.0, -10.499999999999998], [-2.1437387455469636e-15, -10.5], [-1.4089749332535373e-15, -4.5]], [[8.000000000000002, 30.0], [1.7763568394002505e-15, 30.0], [0.0, 15.000000000000002], [8.0, 15.0], [8.000000000000002, 30.0]], [[-15.0, 11.5], [-15.0, 3.5], [0.0, 3.500000000000001], [0.0, 11.500000000000002], [-15.0, 11.5]], [[-11.000000000000002, -10.5], [-11.000000000000005, -26.5], [-5.000000000000004, -26.5], [-5.000000000000002, -10.500000000000002], [-11.000000000000002, -10.5]], [[24.0, -4.500000000000003], [8.0, -4.500000000000001], [8.0, -10.5], [24.0, -10.500000000000004], [24.0, -4.500000000000003]], [[-4.000000000000005, -26.5], [-12.000000000000005, -26.5], [-12.000000000000007, -41.5], [-4.000000000000007, -41.5], [-4.000000000000005, -26.5]]], "node_id": [0, 1, 2, 3, 4, 5, 6, 7]}