{"corners": [[[0.0, 0.0], [16.0, 0.0], [16.0, 6.0], [0.0, 6.0], [0.0, 0.0]], [[12.000000000000002, 21.0], [4.000000000000002, 21.0], [4.0, 6.000000000000002], [12.0, 6.0], [12.000000000000002, 21.0]], [[16.0, 7.0], [16.0, -1.0], [22.0, -1.0], [22.0, 7.0], [16.0, 7.0]], [[-12.0, 10.500000000000004], [4.0, 10.5], [4.0, 16.5], [-11.999999999999998, 16.500000000000004], [-12.0, 10.500000000000004]], [[-12.000000000000002, 9.500000000000004], [-12.0, 17.500000000000004], [-27.0, 17.500000000000007], [-27.0, 9.500000000000009], [-12.000000000000002, 9.500000000000004]], [[-11.499999999999998, 23.500000000000004], [-27.5, 23.50000000000001], [-27.5, 17.50000000000001], [-11.5, 17.500000000000004], [-11.499999999999998, 23.500000000000004]], [[16.0, -1.0000000000000002], [16.0, -9.0], [22.0, -9.0], [22.0, -0.9999999999999999], [16.0, -1.0000000000000002]], [[15.0, -24.0], [23.0, -24.0], [23.0, -9.0], [15.0, -9.0], [15.0, -24.0]]], "node_id": [0, 1, 2, 3, 4, 5, 6, 7]}