{"corners": [[[0.0, 0.0], [16.0, 0.0], [16.0, 6.0], [0.0, 6.0], [0.0, 0.0]], [[16.0, -4.5], [24.0, -4.5], [24.0, 10.5], [16.0, 10.5], [16.0, -4.5]], [[3.673819061467132e-16, 6.0], [-16.0, 6.000000000000002], [-16.0, 1.7763568394002505e-15], [-3.673819061467132e-16, 0.0], [3.673819061467132e-16, 6.0]], [[32.0, 5.999999999999999], [24.0, 6.0], [24.0, 0.0], [32.0, -8.881784197001252e-16], [32.0, 5.999999999999999]], [[31.0, -8.0], [31.0, 0.0], [25.0, 0.0], [25.0, -8.0], [31.0, -8.0]], [[47.0, -1.0000000000000018], [47.0, 6.999999999999998], [32.0, 7.0], [32.0, -1.0000000000000009], [47.0, -1.0000000000000018]], [[35.5, -16.0], [35.5, -8.0], [20.5, -7.999999999999998], [20.5, -15.999999999999998], [35.5, -16.0]], [[47.0, 10.999999999999998], [47.0, -5.000000000000002], [53.0, -5.000000000000002], [53.0, 10.999999999999996], [47.0, 10.999999999999998]]], "node_id": [0, 1, 2, 3, 4, 5, 6, 7]}