{"corners": [[[0.0, 0.0], [8.0, 0.0], [8.0, 15.0], [0.0, 15.0], [0.0, 0.0]], [[0.0, -15.0], [8.0, -15.0], [8.0, 0.0], [0.0, 0.0], [0.0, -15.0]], [[0.0, 15.0], [8.0, 15.0], [8.0, 21.0], [0.0, 21.0], [0.0, 15.0]], [[8.000000000000002, 36.0], [1.7763568394002505e-15, 36.0], [0.0, 21.0], [8.0, 21.0], [8.000000000000002, 36.0]], [[-2.4492127076447545e-16, 14.0], [2.4492127076447545e-16, 22.0], [-15.0, 22.0], [-15.0, 14.000000000000002], [-2.4492127076447545e-16, 14.0]], [[14.0, 3.5], [14.0, 11.5], [8.0, 11.5], [8.0, 3.5000000000000004], [14.0, 3.5]], [[30.0, 10.499999999999998], [14.0, 10.5], [14.0, 4.5], [30.0, 4.499999999999998], [30.0, 10.499999999999998]], [[-2.4492127076447545e-16, 24.5], [2.4492127076447545e-16, 32.5], [-5.999999999999999, 32.5], [-6.0, 24.5], [-2.4492127076447545e-16, 24.5]]], "node_id": [0, 1, 2, 3, 4, 5, 6, 7]}