{"corners": [[[0.0, 0.0], [8.0, 0.0], [8.0, 6.0], [0.0, 6.0], [0.0, 0.0]], [[9.18454765366783e-16, 10.5], [-7.999999999999999, 10.500000000000002], [-8.0, -4.499999999999998], [-9.18454765366783e-16, -4.5], [9.18454765366783e-16, 10.5]], [[-1.0000000000000013, -12.5], [-1.0000000000000009, -4.5], [-7.0, -4.5], [-7.000000000000002, -12.5], [-1.0000000000000013, -12.5]], [[-7.000000000000002, -5.5], [-15.000000000000002, -5.499999999999999], [-15.000000000000002, -11.5], [-7.000000000000003, -11.5], [-7.000000000000002, -5.5]], [[-1.000000000000001, -11.5], [14.999999999999998, -11.5], [14.999999999999998, -5.5], [-1.000000000000001, -5.5], [-1.000000000000001, -11.5]]], "node_id": [0, 1, 2, 3, 4]}