{"corners": [[[0.0, 0.0], [8.0, 0.0], [8.0, 15.0], [0.0, 15.0], [0.0, 0.0]], [[0.9999999999999991, 31.0], [1.0, 15.0], [7.0, 15.0], [6.999999999999999, 31.0], [0.9999999999999991, 31.0]], [[0.0, -15.0], [8.0, -15.0], [8.0, 0.0], [0.0, 0.0], [0.0, -15.0]], [[11.999999999999998, 37.0], [-4.000000000000002, 37.0], [-4.000000000000002, 31.0], [11.999999999999998, 31.0], [11.999999999999998, 37.0]], [[16.0, 10.5], [8.0, 10.500000000000002], [8.0, 4.500000000000001], [16.0, 4.5], [16.0, 10.5]], [[11.499999999999998, 37.0], [11.499999999999996, 45.0], [-3.5000000000000036, 45.0], [-3.5000000000000018, 37.0], [11.499999999999998, 37.0]], [[-12.000000000000002, 31.0], [-4.000000000000002, 31.0], [-4.000000000000002, 37.0], [-12.000000000000002, 37.0], [-12.000000000000002, 31.0]], [[-5.000000000000002, 37.0], [-5.000000000000001, 53.0], [-11.0, 53.0], [-11.000000000000002, 37.0], [-5.000000000000002, 37.0]]], "node_id": [0, 1, 2, 3, 4, 5, 6, 7]}