{"corners": [[[0.0, 0.0], [16.0, 0.0], [16.0, 6.0], [0.0, 6.0], [0.0, 0.0]], [[16.0, 7.0], [16.0, -1.0], [31.0, -0.9999999999999991], [31.0, 7.000000000000001], [16.0, 7.0]], [[26.5, 7.000000000000001], [26.5, 23.0], [20.5, 23.0], [20.5, 7.000000000000001], [26.5, 7.000000000000001]], [[26.5, 19.0], [26.5, 11.0], [32.5, 10.999999999999998], [32.5, 19.0], [26.5, 19.0]], [[26.5, 27.0], [26.5, 19.0], [32.5, 19.0], [32.5, 27.0], [26.5, 27.0]], [[32.5, 19.0], [32.5, 11.0], [38.5, 10.999999999999998], [38.5, 19.0], [32.5, 19.0]], [[5.0, -1.836909530733566e-16], [5.000000000000001, -8.0], [11.0, -8.0], [11.0, 1.836909530733566e-16], [5.0, -1.836909530733566e-16]], [[26.5, 23.0], [26.5, 39.0], [20.5, 39.0], [20.5, 23.0], [26.5, 23.0]]], "node_id": [0, 1, 2, 3, 4, 5, 6, 7]}