{"corners": [[[0.0, 0.0], [8.0, 0.0], [8.0, 6.0], [0.0, 6.0], [0.0, 0.0]], [[7.0, 6.0], [7.000000000000001, 14.0], [1.0000000000000009, 14.0], [1.0, 6.0], [7.0, 6.0]], [[7.0, 7.0], [23.0, 7.0], [23.0, 13.0], [7.0, 13.0], [7.0, 7.0]], [[9.18454765366783e-16, 10.5], [-7.999999999999999, 10.500000000000002], [-8.0, -4.499999999999998], [-9.18454765366783e-16, -4.5], [9.18454765366783e-16, 10.5]], [[12.0, 20.0], [-4.0, 20.000000000000004], [-4.0, 14.000000000000002], [12.0, 14.0], [12.0, 20.0]], [[23.0, 14.0], [23.0, 6.0], [29.0, 6.0], [29.0, 14.0], [23.0, 14.0]], [[8.0, -4.898425415289509e-16], [0.0, 4.898425415289509e-16], [0.0, -6.0], [7.999999999999999, -6.000000000000001], [8.0, -4.898425415289509e-16]], [[7.999999999999998, -10.5], [15.999999999999998, -10.500000000000002], [16.0, 4.499999999999998], [8.000000000000002, 4.5], [7.999999999999998, -10.5]]], "node_id": [0, 1, 2, 3, 4, 5, 6, 7]}