{"corners": [[[0.0, 0.0], [16.0, 0.0], [16.0, 6.0], [0.0, 6.0], [0.0, 0.0]], [[24.0, 5.999999999999999], [16.0, 6.0], [16.0, 0.0], [24.0, -8.881784197001252e-16], [24.0, 5.999999999999999]], [[16.0, 6.000000000000001], [24.0, 5.999999999999999], [24.0, 12.0], [16.0, 12.0], [16.0, 6.000000000000001]], [[40.0, 5.999999999999997], [24.0, 5.999999999999999], [24.0, -8.881784197001252e-16], [40.0, -2.6645352591003757e-15], [40.0, 5.999999999999997]], [[29.000000000000004, 22.0], [29.0, 6.0], [35.0, 6.0], [35.0, 22.0], [29.000000000000004, 22.0]], [[40.0, -2.6645352591003757e-15], [48.0, -4.623905425216179e-15], [48.0, 5.999999999999996], [40.0, 5.999999999999997], [40.0, -2.6645352591003757e-15]], [[36.0, -2.2661993809292014e-15], [28.0, -1.2865142978712996e-15], [28.0, -15.0], [36.0, -15.000000000000002], [36.0, -2.2661993809292014e-15]], [[36.0, -15.000000000000002], [28.0, -15.0], [28.0, -30.0], [36.0, -30.0], [36.0, -15.000000000000002]], [[28.0, -36.0], [36.0, -36.0], [36.0, -30.0], [28.0, -30.0], [28.0, -36.0]]], "node_id": [0, 1, 2, 3, 4, 5, 6, 7, 8]}