{"corners": [[[0.0, 0.0], [16.0, 0.0], [16.0, 6.0], [0.0, 6.0], [0.0, 0.0]], [[11.0, 6.0], [11.000000000000002, 22.0], [5.000000000000001, 22.0], [5.0, 6.0], [11.0, 6.0]], [[16.0, 7.0], [16.0, -1.0], [22.0, -1.0], [22.0, 7.0], [16.0, 7.0]], [[5.000000000000002, 30.0], [5.0, 22.0], [11.0, 22.0], [11.000000000000002, 30.0], [5.000000000000002, 30.0]], [[5.000000000000005, 46.0], [5.000000000000003, 30.0], [11.000000000000004, 30.0], [11.000000000000005, 46.0], [5.000000000000005, 46.0]], [[30.0, 6.000000000000002], [22.0, 6.000000000000001], [22.0, 8.881784197001252e-16], [30.0, 1.7763568394002505e-15], [30.0, 6.000000000000002]], [[15.500000000000005, 46.0], [15.500000000000007, 54.0], [0.5000000000000071, 54.00000000000001], [0.5000000000000053, 46.00000000000001], [15.500000000000005, 46.0]], [[-8.0, 0.0], [0.0, 0.0], [0.0, 6.0], [-8.0, 6.0], [-8.0, 0.0]], [[-1.0000000000000004, -8.0], [-1.0, 0.0], [-7.0, 0.0], [-7.0, -8.0], [-1.0000000000000004, -8.0]]], "node_id": [0, 1, 2, 3, 4, 5, 6, 7, 8]}