{"corners": [[[0.0, 0.0], [16.0, 0.0], [16.0, 6.0], [0.0, 6.0], [0.0, 0.0]], [[-15.0, 6.999999999999999], [-15.0, -1.0000000000000009], [0.0, -1.0], [0.0, 7.0], [-15.0, 6.999999999999999]], [[-3.5000000000000018, 22.0], [-11.500000000000002, 22.0], [-11.5, 6.999999999999998], [-3.5, 7.0], [-3.5000000000000018, 22.0]], [[-3.5000000000000036, 37.0], [-11.500000000000004, 37.0], [-11.500000000000002, 22.0], [-3.5000000000000018, 22.0], [-3.5000000000000036, 37.0]], [[-3.500000000000001, 11.5], [4.499999999999999, 11.5], [4.499999999999999, 17.5], [-3.500000000000001, 17.5], [-3.500000000000001, 11.5]], [[-4.5000000000000036, 37.0], [-4.500000000000005, 45.0], [-10.500000000000005, 45.0], [-10.500000000000004, 37.0], [-4.5000000000000036, 37.0]], [[-15.0, -1.0000000000000004], [-15.0, -9.0], [0.0, -9.0], [0.0, -0.9999999999999996], [-15.0, -1.0000000000000004]], [[-15.000000000000002, 2.5], [-23.0, 2.499999999999999], [-23.0, -12.500000000000002], [-15.0, -12.5], [-15.000000000000002, 2.5]], [[-10.500000000000007, 61.0], [-10.500000000000005, 45.0], [-4.500000000000006, 45.0], [-4.500000000000007, 61.0], [-10.500000000000007, 61.0]]], "node_id": [0, 1, 2, 3, 4, 5, 6, 7, 8]}