{"corners": [[[0.0, 0.0], [8.0, 0.0], [8.0, 6.0], [0.0, 6.0], [0.0, 0.0]], [[7.999999999999999, 11.0], [8.0, -5.0], [14.0, -5.0], [14.0, 11.0], [7.999999999999999, 11.0]], [[7.0, 11.0], [15.0, 11.0], [15.0, 17.0], [7.0, 17.0], [7.0, 11.0]], [[14.0, 0.0], [30.0, 0.0], [30.0, 6.0], [14.0, 6.0], [14.0, 0.0]], [[21.0, 10.0], [21.0, 18.0], [15.0, 18.0], [15.0, 10.0], [21.0, 10.0]], [[7.0, -11.0], [15.0, -11.0], [15.0, -5.0], [7.0, -5.0], [7.0, -11.0]], [[14.0, 17.0], [14.000000000000002, 33.0], [8.0, 33.0], [8.0, 17.0], [14.0, 17.0]], [[15.000000000000004, 34.0], [15.0, 18.0], [21.0, 18.0], [21.000000000000004, 34.0], [15.000000000000004, 34.0]], [[27.0, 10.0], [27.0, 18.0], [21.0, 18.0], [21.0, 10.0], [27.0, 10.0]]], "node_id": [0, 1, 2, 3, 4, 5, 6, 7, 8]}