{"corners": [[[0.0, 0.0], [16.0, 0.0], [16.0, 6.0], [0.0, 6.0], [0.0, 0.0]], [[31.0, -1.0000000000000009], [31.0, 6.999999999999999], [16.0, 7.000000000000001], [16.0, -1.0], [31.0, -1.0000000000000009]], [[-6.000000000000001, 11.0], [-6.0, -5.0], [0.0, -5.0], [-8.881784197001252e-16, 11.0], [-6.000000000000001, 11.0]], [[0.0, -6.0], [16.0, -6.0], [16.0, 0.0], [0.0, 0.0], [0.0, -6.0]], [[20.5, -0.9999999999999999], [20.5, -9.0], [26.5, -9.000000000000002], [26.5, -1.0000000000000009], [20.5, -0.9999999999999999]], [[-8.881784197001252e-16, -21.0], [9.150666335777657e-17, -5.0], [-6.0, -5.0], [-6.000000000000001, -21.0], [-8.881784197001252e-16, -21.0]], [[-8.881784197001252e-16, 11.0], [-3.9833587817117433e-16, 19.0], [-6.0, 19.0], [-6.000000000000001, 11.0], [-8.881784197001252e-16, 11.0]], [[-6.0, 6.0], [-14.0, 5.999999999999999], [-14.0, -8.881784197001252e-16], [-5.999999999999999, 0.0], [-6.0, 6.0]], [[11.0, 6.0], [11.000000000000002, 22.0], [5.000000000000001, 22.0], [5.0, 6.0], [11.0, 6.0]]], "node_id": [0, 1, 2, 3, 4, 5, 6, 7, 8]}