{"corners": [[[0.0, 0.0], [8.0, 0.0], [8.0, 15.0], [0.0, 15.0], [0.0, 0.0]], [[9.18454765366783e-16, 15.0], [-7.999999999999999, 15.000000000000002], [-8.0, 1.7763568394002505e-15], [-9.18454765366783e-16, 0.0], [9.18454765366783e-16, 15.0]], [[8.0, 4.5], [24.0, 4.5], [24.0, 10.5], [8.0, 10.5], [8.0, 4.5]], [[-4.0, -6.0], [12.0, -6.0], [12.0, 0.0], [-4.0, 0.0], [-4.0, -6.0]], [[-3.9999999999999996, 0.0], [-12.0, 9.796850830579018e-16], [-12.0, -5.999999999999999], [-4.0, -6.0], [-3.9999999999999996, 0.0]]], "node_id": [0, 1, 2, 3, 4]}