{"corners": [[[0.0, 0.0], [8.0, 0.0], [8.0, 6.0], [0.0, 6.0], [0.0, 0.0]], [[0.0, 6.0], [8.0, 6.0], [8.0, 12.0], [0.0, 12.0], [0.0, 6.0]], [[14.0, -1.0], [14.0, 7.0], [8.0, 7.0], [8.0, -0.9999999999999997], [14.0, -1.0]], [[20.0, -5.0], [20.0, 11.0], [14.0, 11.0], [14.0, -5.0], [20.0, -5.0]], [[9.0, -11.0], [25.0, -11.0], [25.0, -5.0], [9.0, -5.0], [9.0, -11.0]], [[14.0, -11.0], [14.0, -19.0], [20.0, -19.0], [20.0, -11.0], [14.0, -11.0]], [[9.0, -12.0], [9.0, -4.0], [3.000000000000001, -4.0], [3.0, -12.0], [9.0, -12.0]], [[-8.0, 0.0], [0.0, 0.0], [0.0, 6.0], [-8.0, 6.0], [-8.0, 0.0]], [[-8.0, -1.0], [-7.999999999999999, 7.0], [-14.0, 7.0], [-14.0, -0.9999999999999997], [-8.0, -1.0]]], "node_id": [0, 1, 2, 3, 4, 5, 6, 7, 8]}