{"corners": [[[0.0, 0.0], [8.0, 0.0], [8.0, 15.0], [0.0, 15.0], [0.0, 0.0]], [[0.9999999999999996, 23.0], [1.0, 15.0], [7.0, 15.0], [7.0, 23.0], [0.9999999999999996, 23.0]], [[3.673819061467132e-16, 10.5], [-16.0, 10.500000000000002], [-16.0, 4.500000000000002], [-3.673819061467132e-16, 4.5], [3.673819061467132e-16, 10.5]], [[0.9999999999999987, 39.0], [0.9999999999999997, 23.0], [7.0, 23.0], [6.999999999999998, 39.0], [0.9999999999999987, 39.0]], [[0.0, 16.5], [-16.0, 16.500000000000004], [-16.0, 10.500000000000002], [-7.347638122934264e-16, 10.5], [0.0, 16.5]]], "node_id": [0, 1, 2, 3, 4]}