{"corners": [[[0.0, 0.0], [16.0, 0.0], [16.0, 6.0], [0.0, 6.0], [0.0, 0.0]], [[-6.0, 7.0], [-5.999999999999999, -1.0], [8.881784197001252e-16, -1.0], [0.0, 7.0], [-6.0, 7.0]], [[16.0, 7.0], [16.0, -1.0], [22.0, -1.0], [22.0, 7.0], [16.0, 7.0]], [[0.5, -4.592273826833915e-16], [0.5000000000000004, -8.0], [15.5, -8.0], [15.5, 4.592273826833915e-16], [0.5, -4.592273826833915e-16]], [[-6.0, -1.0], [-5.999999999999999, 7.0], [-21.0, 7.000000000000002], [-21.0, -0.9999999999999991], [-6.0, -1.0]], [[0.4999999999999991, 14.0], [0.4999999999999996, 6.0], [15.5, 6.000000000000001], [15.5, 14.000000000000002], [0.4999999999999991, 14.0]], [[3.999999999999999, 14.0], [12.0, 14.0], [12.0, 29.0], [3.999999999999999, 29.0], [3.999999999999999, 14.0]], [[3.9999999999999996, 24.5], [-4.0, 24.5], [-4.0, 18.5], [3.9999999999999987, 18.5], [3.9999999999999996, 24.5]], [[16.0, 35.0], [0.0, 35.0], [0.0, 29.0], [16.0, 29.0], [16.0, 35.0]]], "node_id": [0, 1, 2, 3, 4, 5, 6, 7, 8]}