{"corners": [[[0.0, 0.0], [8.0, 0.0], [8.0, 6.0], [0.0, 6.0], [0.0, 0.0]], [[3.673819061467132e-16, 6.0], [-16.0, 6.000000000000002], [-16.0, 1.7763568394002505e-15], [-3.673819061467132e-16, 0.0], [3.673819061467132e-16, 6.0]], [[23.0, -1.0000000000000009], [23.0, 6.999999999999999], [8.0, 7.000000000000001], [8.0, -1.0], [23.0, -1.0000000000000009]], [[-24.0, -4.4999999999999964], [-16.0, -4.499999999999998], [-15.999999999999996, 10.500000000000002], [-23.999999999999996, 10.500000000000004], [-24.0, -4.4999999999999964]], [[-12.0, 6.000000000000002], [-4.0, 6.0], [-3.9999999999999964, 21.0], [-11.999999999999996, 21.0], [-12.0, 6.000000000000002]], [[-23.999999999999993, 10.500000000000004], [-31.999999999999993, 10.500000000000007], [-32.0, -4.499999999999993], [-24.0, -4.4999999999999964], [-23.999999999999993, 10.500000000000004]], [[-23.0, -4.4999999999999964], [-23.0, -12.499999999999996], [-17.0, -12.499999999999998], [-17.0, -4.499999999999997], [-23.0, -4.4999999999999964]], [[-16.999999999999996, 10.5], [-16.999999999999993, 18.5], [-22.999999999999993, 18.5], [-22.999999999999996, 10.500000000000002], [-16.999999999999996, 10.5]], [[-46.99999999999999, 7.000000000000012], [-46.99999999999999, -0.9999999999999876], [-31.999999999999996, -0.9999999999999947], [-31.999999999999993, 7.000000000000006], [-46.99999999999999, 7.000000000000012]]], "node_id": [0, 1, 2, 3, 4, 5, 6, 7, 8]}