{"corners": [[[0.0, 0.0], [8.0, 0.0], [8.0, 6.0], [0.0, 6.0], [0.0, 0.0]], [[8.0, 0.0], [24.0, 0.0], [24.0, 6.0], [8.0, 6.0], [8.0, 0.0]], [[20.0, 21.0], [12.0, 21.0], [11.999999999999998, 6.000000000000002], [19.999999999999996, 6.0], [20.0, 21.0]], [[8.0, 21.000000000000004], [24.0, 21.0], [24.0, 27.0], [8.000000000000002, 27.000000000000004], [8.0, 21.000000000000004]], [[24.0, 28.0], [24.0, 20.0], [30.0, 20.0], [30.0, 28.0], [24.0, 28.0]]], "node_id": [0, 1, 2, 3, 4]}