{"corners": [[[0.0, 0.0], [8.0, 0.0], [8.0, 6.0], [0.0, 6.0], [0.0, 0.0]], [[3.673819061467132e-16, 6.0], [-16.0, 6.000000000000002], [-16.0, 1.7763568394002505e-15], [-3.673819061467132e-16, 0.0], [3.673819061467132e-16, 6.0]], [[-15.999999999999998, 10.500000000000002], [-24.0, 10.500000000000004], [-24.0, -4.4999999999999964], [-16.0, -4.499999999999998], [-15.999999999999998, 10.500000000000002]], [[-23.0, 18.5], [-23.0, 10.5], [-17.0, 10.499999999999998], [-17.0, 18.5], [-23.0, 18.5]], [[-5.000000000000001, -16.0], [-5.0, 0.0], [-11.0, 0.0], [-11.0, -16.0], [-5.000000000000001, -16.0]], [[-10.999999999999996, 22.0], [-11.0, 6.0], [-4.999999999999999, 6.0], [-4.9999999999999964, 22.0], [-10.999999999999996, 22.0]], [[-10.999999999999993, 38.0], [-10.999999999999996, 22.0], [-4.999999999999996, 22.0], [-4.999999999999993, 38.0], [-10.999999999999993, 38.0]], [[-39.0, 11.500000000000004], [-23.0, 11.5], [-23.0, 17.5], [-39.0, 17.500000000000004], [-39.0, 11.500000000000004]], [[-11.0, -16.0], [-11.000000000000002, -24.0], [-5.000000000000002, -24.0], [-5.0, -16.0], [-11.0, -16.0]]], "node_id": [0, 1, 2, 3, 4, 5, 6, 7, 8]}