{"corners": [[[0.0, 0.0], [8.0, 0.0], [8.0, 15.0], [0.0, 15.0], [0.0, 0.0]], [[7.0, 15.0], [7.000000000000001, 31.0], [1.0000000000000009, 31.0], [1.0, 15.0], [7.0, 15.0]], [[7.000000000000001, 31.0], [7.000000000000002, 47.0], [1.0000000000000018, 47.0], [1.0000000000000009, 31.0], [7.000000000000001, 31.0]], [[7.000000000000001, 20.0], [23.0, 20.0], [23.0, 26.0], [7.000000000000001, 26.0], [7.000000000000001, 20.0]], [[8.0, 11.5], [8.0, 3.5], [23.0, 3.500000000000001], [23.0, 11.500000000000002], [8.0, 11.5]], [[11.5, -8.0], [11.5, 0.0], [-3.5, 1.7763568394002505e-15], [-3.5, -7.999999999999999], [11.5, -8.0]], [[31.0, 26.0], [23.0, 26.0], [23.0, 20.0], [31.0, 20.0], [31.0, 26.0]], [[1.7763568394002505e-15, 47.0], [8.000000000000002, 47.0], [8.000000000000002, 53.0], [1.7763568394002505e-15, 53.0], [1.7763568394002505e-15, 47.0]], [[1.0000000000000007, 19.0], [1.000000000000001, 27.0], [-4.999999999999998, 27.0], [-4.999999999999999, 19.0], [1.0000000000000007, 19.0]]], "node_id": [0, 1, 2, 3, 4, 5, 6, 7, 8]}