{"corners": [[[0.0, 0.0], [8.0, 0.0], [8.0, 15.0], [0.0, 15.0], [0.0, 0.0]], [[0.0, -15.0], [8.0, -15.0], [8.0, 0.0], [0.0, 0.0], [0.0, -15.0]], [[0.0, 15.0], [8.0, 15.0], [8.0, 21.0], [0.0, 21.0], [0.0, 15.0]], [[-15.0, 22.0], [-15.0, 14.0], [0.0, 14.0], [0.0, 22.0], [-15.0, 22.0]], [[-3.5000000000000018, 37.0], [-11.500000000000002, 37.0], [-11.5, 22.0], [-3.5, 22.0], [-3.5000000000000018, 37.0]], [[8.000000000000002, 36.0], [1.7763568394002505e-15, 36.0], [0.0, 21.0], [8.0, 21.0], [8.000000000000002, 36.0]], [[16.0, 15.0], [8.0, 15.000000000000002], [7.999999999999998, 1.7763568394002505e-15], [15.999999999999998, 0.0], [16.0, 15.0]], [[8.0, -15.0], [0.0, -14.999999999999998], [-1.7763568394002505e-15, -30.0], [7.999999999999998, -30.0], [8.0, -15.0]], [[-15.0, -3.500000000000001], [-15.0, -11.5], [0.0, -11.5], [0.0, -3.5], [-15.0, -3.500000000000001]]], "node_id": [0, 1, 2, 3, 4, 5, 6, 7, 8]}