{"corners": [[[0.0, 0.0], [8.0, 0.0], [8.0, 6.0], [0.0, 6.0], [0.0, 0.0]], [[8.0, 7.0], [8.0, -1.0], [23.0, -0.9999999999999991], [23.0, 7.000000000000001], [8.0, 7.0]], [[19.5, 22.0], [11.5, 22.0], [11.500000000000002, 6.999999999999998], [19.500000000000004, 7.0], [19.5, 22.0]], [[31.0, 6.000000000000002], [23.0, 6.000000000000001], [23.0, 8.881784197001252e-16], [31.0, 1.7763568394002505e-15], [31.0, 6.000000000000002]], [[12.5, -0.9999999999999993], [12.500000000000002, -17.0], [18.5, -17.0], [18.5, -0.999999999999999], [12.5, -0.9999999999999993]], [[7.0, 6.0], [7.000000000000001, 22.0], [1.0000000000000009, 22.0], [1.0, 6.0], [7.0, 6.0]], [[12.5, 38.0], [12.500000000000002, 22.0], [18.5, 22.0], [18.5, 38.0], [12.5, 38.0]], [[12.5, 33.0], [-3.5, 33.0], [-3.5, 27.0], [12.5, 27.0], [12.5, 33.0]], [[19.5, 7.0], [27.5, 7.0], [27.5, 22.0], [19.5, 22.0], [19.5, 7.0]]], "node_id": [0, 1, 2, 3, 4, 5, 6, 7, 8]}