{"corners": [[[0.0, 0.0], [8.0, 0.0], [8.0, 15.0], [0.0, 15.0], [0.0, 0.0]], [[0.0, -6.0], [8.0, -6.0], [8.0, 0.0], [0.0, 0.0], [0.0, -6.0]], [[-3.500000000000001, 23.0], [-3.5000000000000004, 15.0], [11.5, 15.0], [11.5, 23.0], [-3.500000000000001, 23.0]], [[-16.0, -6.0], [0.0, -6.0], [0.0, 0.0], [-16.0, 0.0], [-16.0, -6.0]], [[0.9999999999999987, 31.0], [0.9999999999999991, 23.0], [7.0, 23.0], [6.999999999999998, 31.0], [0.9999999999999987, 31.0]], [[11.5, -14.0], [11.5, -6.0], [-3.5, -5.999999999999998], [-3.5, -13.999999999999998], [11.5, -14.0]], [[7.0, -22.0], [7.000000000000001, -14.0], [1.0000000000000009, -14.0], [1.0, -22.0], [7.0, -22.0]], [[9.18454765366783e-16, 15.0], [-7.999999999999999, 15.000000000000002], [-8.0, 1.7763568394002505e-15], [-9.18454765366783e-16, 0.0], [9.18454765366783e-16, 15.0]], [[-14.0, 11.500000000000002], [-14.000000000000002, 3.5000000000000018], [-8.000000000000002, 3.5], [-8.0, 11.5], [-14.0, 11.500000000000002]]], "node_id": [0, 1, 2, 3, 4, 5, 6, 7, 8]}