{"corners": [[[0.0, 0.0], [16.0, 0.0], [16.0, 6.0], [0.0, 6.0], [0.0, 0.0]], [[24.0, 5.999999999999999], [16.0, 6.0], [16.0, 0.0], [24.0, -8.881784197001252e-16], [24.0, 5.999999999999999]], [[-6.0, 7.0], [-5.999999999999999, -1.0], [8.881784197001252e-16, -1.0], [0.0, 7.0], [-6.0, 7.0]], [[-6.0, 15.0], [-5.999999999999999, 7.0], [8.881784197001252e-16, 7.0], [0.0, 15.0], [-6.0, 15.0]], [[-6.0, 6.0], [-22.0, 5.999999999999998], [-22.0, -1.7763568394002505e-15], [-5.999999999999999, 0.0], [-6.0, 6.0]], [[12.0, -4.898425415289509e-16], [4.0, 4.898425415289509e-16], [3.9999999999999982, -14.999999999999998], [11.999999999999998, -15.0], [12.0, -4.898425415289509e-16]], [[-6.0, 9.150666335777657e-17], [-22.0, -1.867863502758027e-15], [-22.0, -6.000000000000002], [-5.999999999999999, -6.0], [-6.0, 9.150666335777657e-17]], [[-18.0, 5.999999999999999], [-10.0, 5.999999999999999], [-10.0, 12.0], [-18.0, 12.0], [-18.0, 5.999999999999999]], [[-6.5, 12.0], [-6.499999999999999, 20.0], [-21.5, 20.0], [-21.5, 12.000000000000002], [-6.5, 12.0]]], "node_id": [0, 1, 2, 3, 4, 5, 6, 7, 8]}