{"corners": [[[0.0, 0.0], [8.0, 0.0], [8.0, 6.0], [0.0, 6.0], [0.0, 0.0]], [[12.0, -9.796850830579018e-16], [-4.0, 9.796850830579018e-16], [-4.0, -5.999999999999999], [12.0, -6.000000000000001], [12.0, -9.796850830579018e-16]], [[-4.0, -6.999999999999999], [-3.9999999999999996, 1.0000000000000009], [-19.0, 1.0000000000000027], [-19.0, -6.999999999999998], [-4.0, -6.999999999999999]], [[12.0, -6.000000000000001], [-4.0, -5.999999999999999], [-4.0, -12.0], [12.0, -12.0], [12.0, -6.000000000000001]], [[0.0, 6.0], [8.0, 6.0], [8.0, 21.0], [0.0, 21.0], [0.0, 6.0]]], "node_id": [0, 1, 2, 3, 4]}