{"corners": [[[0.0, 0.0], [8.0, 0.0], [8.0, 6.0], [0.0, 6.0], [0.0, 0.0]], [[24.0, 5.999999999999998], [8.0, 6.0], [8.0, 0.0], [24.0, -1.7763568394002505e-15], [24.0, 5.999999999999998]], [[-3.500000000000001, 14.0], [-3.5000000000000004, 6.0], [11.5, 6.000000000000001], [11.5, 14.000000000000002], [-3.500000000000001, 14.0]], [[1.0, -1.836909530733566e-16], [1.0000000000000009, -16.0], [7.000000000000001, -16.0], [7.0, 1.836909530733566e-16], [1.0, -1.836909530733566e-16]], [[11.999999999999998, 20.0], [-4.000000000000002, 19.999999999999996], [-4.000000000000002, 13.999999999999998], [11.999999999999998, 14.0], [11.999999999999998, 20.0]], [[11.499999999999998, 20.0], [11.499999999999996, 28.0], [-3.5000000000000036, 27.999999999999996], [-3.5000000000000018, 19.999999999999996], [11.499999999999998, 20.0]], [[18.0, 13.0], [18.0, 21.0], [11.999999999999998, 21.0], [12.0, 12.999999999999998], [18.0, 13.0]], [[-15.0, -11.0], [1.0, -11.0], [1.0, -5.0], [-15.0, -5.0], [-15.0, -11.0]], [[3.673819061467132e-16, 6.0], [-16.0, 6.000000000000002], [-16.0, 1.7763568394002505e-15], [-3.673819061467132e-16, 0.0], [3.673819061467132e-16, 6.0]]], "node_id": [0, 1, 2, 3, 4, 5, 6, 7, 8]}