{"corners": [[[0.0, 0.0], [8.0, 0.0], [8.0, 6.0], [0.0, 6.0], [0.0, 0.0]], [[7.0, -8.0], [7.000000000000001, 0.0], [1.0000000000000009, 0.0], [1.0, -8.0], [7.0, -8.0]], [[0.0, -14.0], [8.0, -14.0], [8.0, -8.0], [0.0, -8.0], [0.0, -14.0]], [[3.673819061467132e-16, -8.0], [-16.0, -7.999999999999998], [-16.0, -13.999999999999998], [-3.673819061467132e-16, -14.0], [3.673819061467132e-16, -8.0]], [[8.0, 0.0], [16.0, 0.0], [16.0, 6.0], [8.0, 6.0], [8.0, 0.0]], [[-15.499999999999998, 2.6645352591003757e-15], [-15.5, -7.999999999999997], [-0.5, -8.0], [-0.4999999999999982, -9.082903699997313e-17], [-15.499999999999998, 2.6645352591003757e-15]], [[8.0, 6.0], [16.0, 6.0], [16.0, 21.0], [8.0, 21.0], [8.0, 6.0]], [[0.0, 6.0], [8.0, 6.0], [8.0, 12.0], [0.0, 12.0], [0.0, 6.0]], [[-2.4492127076447545e-16, 5.0], [2.4492127076447545e-16, 13.0], [-5.999999999999999, 13.0], [-6.0, 5.0], [-2.4492127076447545e-16, 5.0]]], "node_id": [0, 1, 2, 3, 4, 5, 6, 7, 8]}