{"corners": [[[0.0, 0.0], [8.0, 0.0], [8.0, 15.0], [0.0, 15.0], [0.0, 0.0]], [[0.9999999999999991, 31.0], [1.0, 15.0], [7.0, 15.0], [6.999999999999999, 31.0], [0.9999999999999991, 31.0]], [[8.0, 0.0], [16.0, 0.0], [16.0, 15.0], [8.0, 15.0], [8.0, 0.0]], [[-8.0, 4.5], [0.0, 4.5], [0.0, 10.5], [-8.0, 10.5], [-8.0, 4.5]], [[16.0, 4.5], [24.0, 4.5], [24.0, 10.5], [16.0, 10.5], [16.0, 4.5]], [[-8.881784197001252e-16, 31.0], [7.999999999999999, 31.0], [7.999999999999999, 46.0], [-8.881784197001252e-16, 46.0], [-8.881784197001252e-16, 31.0]], [[40.0, 10.499999999999998], [24.0, 10.5], [24.0, 4.5], [40.0, 4.499999999999998], [40.0, 10.499999999999998]], [[24.0, 10.500000000000002], [40.0, 10.499999999999998], [40.0, 16.5], [24.0, 16.5], [24.0, 10.500000000000002]], [[35.0, 16.5], [35.0, 24.5], [29.000000000000004, 24.5], [29.0, 16.500000000000004], [35.0, 16.5]]], "node_id": [0, 1, 2, 3, 4, 5, 6, 7, 8]}