{"corners": [[[0.0, 0.0], [8.0, 0.0], [8.0, 6.0], [0.0, 6.0], [0.0, 0.0]], [[-16.0, 0.0], [0.0, 0.0], [0.0, 6.0], [-16.0, 6.0], [-16.0, 0.0]], [[-11.0, -1.836909530733566e-16], [-11.0, -8.0], [-4.999999999999999, -8.0], [-5.0, 1.836909530733566e-16], [-11.0, -1.836909530733566e-16]], [[-15.5, -8.0], [-15.5, -16.0], [-0.5, -16.0], [-0.5, -7.999999999999999], [-15.5, -8.0]], [[8.0, 0.0], [24.0, 0.0], [24.0, 6.0], [8.0, 6.0], [8.0, 0.0]], [[7.0, -8.0], [7.000000000000001, 0.0], [1.0000000000000009, 0.0], [1.0, -8.0], [7.0, -8.0]], [[-12.0, -31.0], [-4.0, -31.0], [-4.0, -16.0], [-12.0, -16.0], [-12.0, -31.0]], [[-24.0, 0.0], [-16.0, 0.0], [-16.0, 6.0], [-24.0, 6.0], [-24.0, 0.0]], [[8.000000000000002, 21.0], [1.7763568394002505e-15, 21.0], [0.0, 6.000000000000002], [8.0, 6.0], [8.000000000000002, 21.0]]], "node_id": [0, 1, 2, 3, 4, 5, 6, 7, 8]}