{"corners": [[[0.0, 0.0], [8.0, 0.0], [8.0, 15.0], [0.0, 15.0], [0.0, 0.0]], [[8.0, 11.5], [8.0, 3.5], [14.0, 3.5], [14.0, 11.5], [8.0, 11.5]], [[14.0, 4.5], [30.0, 4.5], [30.0, 10.5], [14.0, 10.5], [14.0, 4.5]], [[19.0, 26.5], [19.0, 10.5], [25.0, 10.5], [25.0, 26.5], [19.0, 26.5]], [[30.0, 4.5], [38.0, 4.5], [38.0, 10.5], [30.0, 10.5], [30.0, 4.5]], [[31.0, 10.5], [31.0, 26.5], [25.0, 26.5], [25.0, 10.5], [31.0, 10.5]], [[25.0, -3.5], [25.0, 4.5], [19.0, 4.5], [19.0, -3.4999999999999996], [25.0, -3.5]], [[36.0, 32.5], [20.0, 32.5], [20.0, 26.5], [36.0, 26.5], [36.0, 32.5]], [[44.0, -0.5], [44.0, 15.5], [38.0, 15.5], [38.0, -0.4999999999999996], [44.0, -0.5]]], "node_id": [0, 1, 2, 3, 4, 5, 6, 7, 8]}