{"corners": [[[0.0, 0.0], [8.0, 0.0], [8.0, 15.0], [0.0, 15.0], [0.0, 0.0]], [[-8.0, 4.5], [0.0, 4.5], [0.0, 10.5], [-8.0, 10.5], [-8.0, 4.5]], [[-23.0, 11.5], [-23.0, 3.5], [-8.0, 3.500000000000001], [-8.0, 11.500000000000002], [-23.0, 11.5]], [[-38.0, 11.5], [-38.0, 3.5], [-23.0, 3.500000000000001], [-23.0, 11.500000000000002], [-38.0, 11.5]], [[-27.5, -12.5], [-27.5, 3.5], [-33.5, 3.5], [-33.5, -12.5], [-27.5, -12.5]], [[-33.5, 3.0], [-41.5, 3.000000000000001], [-41.5, -11.999999999999998], [-33.5, -12.0], [-33.5, 3.0]], [[-38.0, 10.5], [-46.0, 10.499999999999998], [-46.0, 4.499999999999999], [-38.0, 4.5], [-38.0, 10.5]], [[-8.0, -1.5], [0.0, -1.5], [0.0, 4.5], [-8.0, 4.5], [-8.0, -1.5]], [[-38.0, 25.5], [-46.0, 25.5], [-46.0, 10.499999999999998], [-38.0, 10.5], [-38.0, 25.5]]], "node_id": [0, 1, 2, 3, 4, 5, 6, 7, 8]}