{"corners": [[[0.0, 0.0], [16.0, 0.0], [16.0, 6.0], [0.0, 6.0], [0.0, 0.0]], [[4.999999999999999, 22.0], [5.0, 6.0], [11.0, 6.0], [11.0, 22.0], [4.999999999999999, 22.0]], [[-3.0, 6.5], [5.0, 6.5], [5.0, 21.5], [-3.0, 21.5], [-3.0, 6.5]], [[-2.0000000000000004, 29.5], [-2.0, 21.5], [4.0, 21.5], [3.9999999999999996, 29.5], [-2.0000000000000004, 29.5]], [[31.0, -1.0000000000000009], [31.0, 6.999999999999999], [16.0, 7.000000000000001], [16.0, -1.0], [31.0, -1.0000000000000009]]], "node_id": [0, 1, 2, 3, 4]}