{"corners": [[[0.0, 0.0], [8.0, 0.0], [8.0, 15.0], [0.0, 15.0], [0.0, 0.0]], [[8.0, -4.898425415289509e-16], [0.0, 4.898425415289509e-16], [-1.7763568394002505e-15, -14.999999999999998], [7.999999999999998, -15.0], [8.0, -4.898425415289509e-16]], [[0.9999999999999982, -15.0], [0.9999999999999953, -31.0], [6.999999999999996, -31.0], [6.999999999999998, -15.000000000000002], [0.9999999999999982, -15.0]], [[12.0, 21.0], [-4.0, 21.000000000000004], [-4.0, 15.000000000000002], [12.0, 15.0], [12.0, 21.0]], [[12.0, 15.0], [28.0, 14.999999999999996], [28.0, 20.999999999999996], [12.000000000000002, 21.0], [12.0, 15.0]], [[36.0, 25.499999999999993], [28.0, 25.499999999999996], [27.999999999999993, 10.499999999999996], [35.99999999999999, 10.499999999999993], [36.0, 25.499999999999993]], [[8.0, -3.500000000000001], [7.999999999999998, -11.5], [13.999999999999998, -11.500000000000004], [14.0, -3.5000000000000018], [8.0, -3.500000000000001]], [[6.999999999999996, -26.0], [22.999999999999996, -26.000000000000004], [22.999999999999996, -20.000000000000004], [6.999999999999997, -20.0], [6.999999999999996, -26.0]], [[-8.000000000000002, -10.499999999999998], [-1.7763568394002505e-15, -10.5], [0.0, -4.5], [-8.0, -4.499999999999998], [-8.000000000000002, -10.499999999999998]]], "node_id": [0, 1, 2, 3, 4, 5, 6, 7, 8]}