{"corners": [[[0.0, 0.0], [16.0, 0.0], [16.0, 6.0], [0.0, 6.0], [0.0, 0.0]], [[16.0, -4.5], [24.0, -4.5], [24.0, 10.5], [16.0, 10.5], [16.0, -4.5]], [[16.0, -19.5], [24.0, -19.5], [24.0, -4.5], [16.0, -4.5], [16.0, -19.5]], [[3.673819061467132e-16, 6.0], [-16.0, 6.000000000000002], [-16.0, 1.7763568394002505e-15], [-3.673819061467132e-16, 0.0], [3.673819061467132e-16, 6.0]], [[16.0, -9.0], [0.0, -8.999999999999998], [0.0, -14.999999999999998], [16.0, -15.0], [16.0, -9.0]], [[-31.0, 7.000000000000004], [-31.0, -0.9999999999999956], [-16.0, -0.9999999999999991], [-16.0, 7.000000000000002], [-31.0, 7.000000000000004]], [[30.0, -5.0], [30.0, 11.0], [24.0, 11.0], [24.0, -5.0], [30.0, -5.0]], [[12.0, 12.0], [4.0, 12.000000000000002], [4.0, 6.000000000000001], [12.0, 6.0], [12.0, 12.0]], [[12.000000000000002, 27.0], [4.000000000000002, 27.0], [4.0, 12.000000000000002], [12.0, 12.0], [12.000000000000002, 27.0]]], "node_id": [0, 1, 2, 3, 4, 5, 6, 7, 8]}