{"corners": [[[0.0, 0.0], [8.0, 0.0], [8.0, 15.0], [0.0, 15.0], [0.0, 0.0]], [[0.9999999999999996, 23.0], [1.0, 15.0], [7.0, 15.0], [7.0, 23.0], [0.9999999999999996, 23.0]], [[11.999999999999998, 29.0], [-4.000000000000002, 28.999999999999996], [-4.000000000000002, 23.0], [11.999999999999998, 23.0], [11.999999999999998, 29.0]], [[20.0, 29.0], [12.0, 29.0], [12.0, 23.0], [20.0, 23.0], [20.0, 29.0]], [[24.0, 10.499999999999998], [8.0, 10.5], [8.0, 4.5], [24.0, 4.499999999999998], [24.0, 10.499999999999998]], [[-14.0, 23.0], [-14.0, 15.0], [1.0, 15.0], [1.0, 23.0], [-14.0, 23.0]], [[7.9999999999999964, 44.0], [-3.552713678800501e-15, 44.0], [-1.7763568394002505e-15, 29.0], [7.999999999999998, 29.0], [7.9999999999999964, 44.0]], [[22.999999999999996, 32.5], [22.999999999999996, 40.5], [7.999999999999995, 40.5], [7.9999999999999964, 32.5], [22.999999999999996, 32.5]], [[11.999999999999998, -1.5], [20.0, -1.500000000000002], [20.0, 4.499999999999998], [12.0, 4.5], [11.999999999999998, -1.5]]], "node_id": [0, 1, 2, 3, 4, 5, 6, 7, 8]}