{"corners": [[[0.0, 0.0], [8.0, 0.0], [8.0, 15.0], [0.0, 15.0], [0.0, 0.0]], [[14.0, -0.5], [14.000000000000002, 15.5], [8.0, 15.5], [8.0, -0.4999999999999996], [14.0, -0.5]], [[-2.4492127076447545e-16, 3.5], [2.4492127076447545e-16, 11.5], [-5.999999999999999, 11.5], [-6.0, 3.5000000000000004], [-2.4492127076447545e-16, 3.5]], [[-6.0, 10.5], [-14.0, 10.500000000000002], [-14.0, 4.500000000000001], [-6.000000000000001, 4.5], [-6.0, 10.5]], [[3.5, -0.49999999999999845], [3.4999999999999987, -8.499999999999998], [18.5, -8.500000000000002], [18.5, -0.5000000000000012], [3.5, -0.49999999999999845]], [[3.0, 15.5], [19.0, 15.5], [19.0, 21.5], [3.0, 21.5], [3.0, 15.5]], [[18.5, -0.5000000000000009], [18.5, -8.5], [33.5, -8.500000000000004], [33.5, -0.5000000000000037], [18.5, -0.5000000000000009]], [[39.5, -8.500000000000005], [39.5, -0.5000000000000053], [33.5, -0.5000000000000036], [33.5, -8.500000000000004], [39.5, -8.500000000000005]], [[-13.0, 15.5], [3.0, 15.5], [3.0, 21.5], [-13.0, 21.5], [-13.0, 15.5]]], "node_id": [0, 1, 2, 3, 4, 5, 6, 7, 8]}