{"corners": [[[0.0, 0.0], [8.0, 0.0], [8.0, 6.0], [0.0, 6.0], [0.0, 0.0]], [[12.0, -9.796850830579018e-16], [-4.0, 9.796850830579018e-16], [-4.0, -5.999999999999999], [12.0, -6.000000000000001], [12.0, -9.796850830579018e-16]], [[0.0, 6.0], [8.0, 6.0], [8.0, 12.0], [0.0, 12.0], [0.0, 6.0]], [[8.0, -6.000000000000001], [0.0, -6.0], [-1.7763568394002505e-15, -21.0], [7.999999999999998, -21.0], [8.0, -6.000000000000001]], [[12.0, 0.9999999999999991], [11.999999999999998, -7.000000000000001], [18.0, -7.000000000000003], [18.0, 0.999999999999998], [12.0, 0.9999999999999991]], [[-3.9999999999999996, 8.881784197001252e-16], [-20.0, 2.847548585815929e-15], [-20.0, -5.999999999999997], [-4.0, -5.999999999999999], [-3.9999999999999996, 8.881784197001252e-16]], [[-15.0, -5.999999999999997], [-15.000000000000004, -21.999999999999996], [-9.000000000000004, -21.999999999999996], [-9.0, -5.999999999999998], [-15.0, -5.999999999999997]], [[-16.0, 2.847548585815929e-15], [-8.0, 8.881784197001252e-16], [-7.9999999999999964, 15.000000000000002], [-15.999999999999996, 15.000000000000004], [-16.0, 2.847548585815929e-15]], [[17.999999999999996, -15.000000000000004], [18.0, -7.0000000000000036], [12.0, -7.000000000000002], [11.999999999999996, -15.000000000000002], [17.999999999999996, -15.000000000000004]]], "node_id": [0, 1, 2, 3, 4, 5, 6, 7, 8]}