{"corners": [[[0.0, 0.0], [16.0, 0.0], [16.0, 6.0], [0.0, 6.0], [0.0, 0.0]], [[0.4999999999999991, 14.0], [0.4999999999999996, 6.0], [15.5, 6.000000000000001], [15.5, 14.000000000000002], [0.4999999999999991, 14.0]], [[3.999999999999999, 14.0], [12.0, 14.0], [12.0, 29.0], [3.999999999999999, 29.0], [3.999999999999999, 14.0]], [[-2.4492127076447545e-16, -1.0], [2.4492127076447545e-16, 7.0], [-15.0, 7.000000000000002], [-15.0, -0.9999999999999991], [-2.4492127076447545e-16, -1.0]], [[27.0, 17.5], [27.0, 25.5], [12.0, 25.5], [12.0, 17.5], [27.0, 17.5]], [[11.0, 29.0], [11.000000000000002, 45.0], [5.000000000000001, 45.0], [5.0, 29.0], [11.0, 29.0]], [[-15.0, 6.000000000000001], [-23.0, 6.000000000000002], [-23.0, 1.7763568394002505e-15], [-15.0, 8.881784197001252e-16], [-15.0, 6.000000000000001]], [[-38.0, 7.000000000000004], [-38.0, -0.9999999999999956], [-23.0, -0.9999999999999991], [-23.0, 7.000000000000002], [-38.0, 7.000000000000004]], [[-38.0, 6.000000000000004], [-46.0, 6.000000000000005], [-46.0, 5.329070518200751e-15], [-38.0, 4.440892098500626e-15], [-38.0, 6.000000000000004]]], "node_id": [0, 1, 2, 3, 4, 5, 6, 7, 8]}