{"corners": [[[0.0, 0.0], [8.0, 0.0], [8.0, 15.0], [0.0, 15.0], [0.0, 0.0]], [[0.0, -15.0], [8.0, -15.0], [8.0, 0.0], [0.0, 0.0], [0.0, -15.0]], [[0.0, -21.0], [8.0, -21.0], [8.0, -15.0], [0.0, -15.0], [0.0, -21.0]], [[-16.0, 4.5], [0.0, 4.5], [0.0, 10.5], [-16.0, 10.5], [-16.0, 4.5]], [[0.0, -36.0], [8.0, -36.0], [8.0, -21.0], [0.0, -21.0], [0.0, -36.0]], [[3.673819061467132e-16, -25.5], [-16.0, -25.499999999999996], [-16.0, -31.5], [-3.673819061467132e-16, -31.5], [3.673819061467132e-16, -25.5]], [[23.0, 3.499999999999999], [23.0, 11.5], [8.0, 11.5], [8.0, 3.5], [23.0, 3.499999999999999]], [[-2.4492127076447545e-16, -11.5], [2.4492127076447545e-16, -3.5], [-15.0, -3.4999999999999982], [-15.0, -11.499999999999998], [-2.4492127076447545e-16, -11.5]], [[-22.0, -24.5], [-22.0, -32.5], [-16.0, -32.5], [-16.0, -24.5], [-22.0, -24.5]]], "node_id": [0, 1, 2, 3, 4, 5, 6, 7, 8]}