{"corners": [[[0.0, 0.0], [16.0, 0.0], [16.0, 6.0], [0.0, 6.0], [0.0, 0.0]], [[11.0, 6.0], [11.000000000000002, 22.0], [5.000000000000001, 22.0], [5.0, 6.0], [11.0, 6.0]], [[9.18454765366783e-16, 10.5], [-7.999999999999999, 10.500000000000002], [-8.0, -4.499999999999998], [-9.18454765366783e-16, -4.5], [9.18454765366783e-16, 10.5]], [[11.0, 22.0], [11.000000000000002, 38.0], [5.000000000000001, 38.0], [5.0, 22.0], [11.0, 22.0]], [[-10.0, 34.0], [-10.000000000000002, 26.0], [4.999999999999998, 25.999999999999996], [5.0, 34.0], [-10.0, 34.0]], [[1.5000000000000018, 49.0], [-6.499999999999998, 49.0], [-6.5, 34.0], [1.5, 34.0], [1.5000000000000018, 49.0]], [[4.0, 38.0], [12.0, 38.0], [12.0, 44.0], [4.0, 44.0], [4.0, 38.0]], [[-13.999999999999998, 11.000000000000004], [-14.000000000000002, -4.9999999999999964], [-8.0, -4.9999999999999964], [-7.999999999999998, 11.000000000000002], [-13.999999999999998, 11.000000000000004]], [[-8.000000000000007, -20.999999999999996], [-8.000000000000002, -4.9999999999999964], [-14.000000000000002, -4.999999999999993], [-14.000000000000007, -20.999999999999993], [-8.000000000000007, -20.999999999999996]]], "node_id": [0, 1, 2, 3, 4, 5, 6, 7, 8]}