{"corners": [[[0.0, 0.0], [8.0, 0.0], [8.0, 15.0], [0.0, 15.0], [0.0, 0.0]], [[-2.4492127076447545e-16, 3.5], [2.4492127076447545e-16, 11.5], [-5.999999999999999, 11.5], [-6.0, 3.5000000000000004], [-2.4492127076447545e-16, 3.5]], [[-3.500000000000001, 23.0], [-3.5000000000000004, 15.0], [11.5, 15.0], [11.5, 23.0], [-3.500000000000001, 23.0]], [[-14.0, 4.5], [-6.0, 4.5], [-6.0, 10.5], [-14.0, 10.5], [-14.0, 4.5]], [[-14.0, 10.5], [-30.0, 10.500000000000002], [-30.0, 4.500000000000002], [-14.0, 4.5], [-14.0, 10.5]], [[-13.0, 4.5], [-12.999999999999998, -11.5], [-6.999999999999999, -11.5], [-7.0, 4.5], [-13.0, 4.5]], [[-13.0, -7.5], [-13.0, 0.5], [-28.0, 0.5000000000000018], [-28.0, -7.499999999999999], [-13.0, -7.5]], [[-45.0, 11.500000000000004], [-45.0, 3.5000000000000036], [-30.0, 3.5], [-30.0, 11.5], [-45.0, 11.500000000000004]], [[-24.5, -22.5], [-16.5, -22.5], [-16.5, -7.5], [-24.5, -7.5], [-24.5, -22.5]]], "node_id": [0, 1, 2, 3, 4, 5, 6, 7, 8]}