{"corners": [[[0.0, 0.0], [8.0, 0.0], [8.0, 6.0], [0.0, 6.0], [0.0, 0.0]], [[14.0, -1.0], [14.0, 7.0], [8.0, 7.0], [8.0, -0.9999999999999997], [14.0, -1.0]], [[8.0, -0.9999999999999992], [7.999999999999997, -17.0], [13.999999999999996, -17.0], [14.0, -1.0000000000000002], [8.0, -0.9999999999999992]], [[8.000000000000002, 21.0], [1.7763568394002505e-15, 21.0], [0.0, 6.000000000000002], [8.0, 6.0], [8.000000000000002, 21.0]], [[12.000000000000002, 27.0], [-3.9999999999999982, 27.000000000000004], [-3.9999999999999982, 21.0], [12.000000000000002, 21.0], [12.000000000000002, 27.0]], [[28.999999999999996, -13.000000000000007], [29.0, -5.000000000000007], [13.999999999999998, -5.000000000000002], [13.999999999999996, -13.000000000000002], [28.999999999999996, -13.000000000000007]], [[12.0, 16.5], [20.0, 16.499999999999996], [20.000000000000004, 31.5], [12.000000000000004, 31.5], [12.0, 16.5]], [[-4.898425415289509e-16, -5.0], [4.898425415289509e-16, 11.0], [-6.0, 11.0], [-6.000000000000001, -5.0], [-4.898425415289509e-16, -5.0]], [[24.499999999999993, -29.000000000000007], [24.499999999999996, -13.000000000000007], [18.5, -13.000000000000004], [18.499999999999993, -29.000000000000004], [24.499999999999993, -29.000000000000007]]], "node_id": [0, 1, 2, 3, 4, 5, 6, 7, 8]}