{"corners": [[[0.0, 0.0], [16.0, 0.0], [16.0, 6.0], [0.0, 6.0], [0.0, 0.0]], [[11.0, -8.0], [11.0, 0.0], [5.000000000000001, 0.0], [5.0, -8.0], [11.0, -8.0]], [[11.0, -24.0], [11.000000000000002, -8.0], [5.000000000000001, -8.0], [5.0, -24.0], [11.0, -24.0]], [[11.0, -40.0], [11.000000000000002, -24.0], [5.000000000000001, -24.0], [5.0, -40.0], [11.0, -40.0]], [[3.673819061467132e-16, 6.0], [-8.0, 6.000000000000001], [-8.0, 8.881784197001252e-16], [-3.673819061467132e-16, 0.0], [3.673819061467132e-16, 6.0]], [[5.000000000000001, -20.0], [5.000000000000002, -12.0], [-10.0, -11.999999999999998], [-10.0, -20.0], [5.000000000000001, -20.0]], [[12.000000000000002, 21.0], [4.000000000000002, 21.0], [4.0, 6.000000000000002], [12.0, 6.0], [12.000000000000002, 21.0]], [[19.0, -8.5], [11.0, -8.499999999999998], [10.999999999999998, -23.5], [18.999999999999996, -23.5], [19.0, -8.5]], [[5.0, -28.0], [5.000000000000001, -20.0], [-10.0, -20.0], [-10.0, -28.0], [5.0, -28.0]]], "node_id": [0, 1, 2, 3, 4, 5, 6, 7, 8]}