{"corners": [[[0.0, 0.0], [8.0, 0.0], [8.0, 6.0], [0.0, 6.0], [0.0, 0.0]], [[-4.898425415289509e-16, -5.0], [4.898425415289509e-16, 11.0], [-6.0, 11.0], [-6.000000000000001, -5.0], [-4.898425415289509e-16, -5.0]], [[1.0000000000000022, 26.0], [-6.999999999999998, 26.0], [-7.0, 11.000000000000002], [1.0000000000000004, 11.0], [1.0000000000000022, 26.0]], [[2.220446049250313e-15, 26.0], [2.710288590779264e-15, 34.0], [-5.9999999999999964, 34.0], [-5.999999999999998, 26.0], [2.220446049250313e-15, 26.0]], [[6.000000000000003, 26.0], [6.0000000000000036, 34.0], [3.552713678800501e-15, 34.0], [2.6645352591003757e-15, 26.0], [6.000000000000003, 26.0]], [[0.9999999999999996, 14.0], [1.0, 6.0], [7.0, 6.0], [7.0, 14.0], [0.9999999999999996, 14.0]], [[-4.9999999999999964, 34.0], [11.000000000000004, 34.0], [11.000000000000004, 40.0], [-4.9999999999999964, 40.0], [-4.9999999999999964, 34.0]], [[-12.0, 7.000000000000001], [-12.000000000000002, -0.9999999999999991], [-6.000000000000002, -1.0000000000000009], [-6.0, 7.0], [-12.0, 7.000000000000001]], [[8.0, -4.898425415289509e-16], [0.0, 4.898425415289509e-16], [-1.7763568394002505e-15, -14.999999999999998], [7.999999999999998, -15.0], [8.0, -4.898425415289509e-16]]], "node_id": [0, 1, 2, 3, 4, 5, 6, 7, 8]}