{"corners": [[[0.0, 0.0], [8.0, 0.0], [8.0, 15.0], [0.0, 15.0], [0.0, 0.0]], [[-3.500000000000001, 23.0], [-3.5000000000000004, 15.0], [11.5, 15.0], [11.5, 23.0], [-3.500000000000001, 23.0]], [[-4.0, -6.0], [12.0, -6.0], [12.0, 0.0], [-4.0, 0.0], [-4.0, -6.0]], [[11.5, -14.0], [11.5, -6.0], [-3.5, -5.999999999999998], [-3.5, -13.999999999999998], [11.5, -14.0]], [[-10.0, 0.9999999999999996], [-10.0, -7.0], [-3.999999999999999, -7.0], [-4.0, 0.9999999999999999], [-10.0, 0.9999999999999996]], [[-10.0, -7.0], [-10.0, -15.0], [-3.999999999999999, -15.0], [-4.0, -7.0], [-10.0, -7.0]], [[8.0, 11.5], [8.0, 3.5], [23.0, 3.500000000000001], [23.0, 11.500000000000002], [8.0, 11.5]], [[11.5, 16.0], [19.5, 16.0], [19.5, 22.0], [11.5, 22.0], [11.5, 16.0]], [[18.5, 22.0], [18.5, 38.0], [12.5, 38.0], [12.5, 22.0], [18.5, 22.0]]], "node_id": [0, 1, 2, 3, 4, 5, 6, 7, 8]}