{"corners": [[[0.0, 0.0], [16.0, 0.0], [16.0, 6.0], [0.0, 6.0], [0.0, 0.0]], [[12.0, -4.898425415289509e-16], [4.0, 4.898425415289509e-16], [3.9999999999999982, -14.999999999999998], [11.999999999999998, -15.0], [12.0, -4.898425415289509e-16]], [[3.999999999999999, 0.0], [-4.000000000000001, 9.796850830579018e-16], [-4.000000000000003, -14.999999999999998], [3.9999999999999973, -15.0], [3.999999999999999, 0.0]], [[4.999999999999998, -15.0], [4.9999999999999964, -23.0], [10.999999999999996, -23.0], [10.999999999999998, -15.000000000000002], [4.999999999999998, -15.0]], [[4.0, 6.0], [12.0, 6.0], [12.0, 21.0], [4.0, 21.0], [4.0, 6.0]], [[3.673819061467132e-16, 6.0], [-8.0, 6.000000000000001], [-8.0, 8.881784197001252e-16], [-3.673819061467132e-16, 0.0], [3.673819061467132e-16, 6.0]], [[4.9999999999999964, -23.0], [4.999999999999995, -31.0], [10.999999999999995, -31.0], [10.999999999999996, -23.0], [4.9999999999999964, -23.0]], [[-11.000000000000004, -21.999999999999996], [4.9999999999999964, -22.0], [4.9999999999999964, -16.0], [-11.000000000000002, -15.999999999999996], [-11.000000000000004, -21.999999999999996]], [[11.999999999999998, -3.500000000000001], [11.999999999999996, -11.5], [17.999999999999996, -11.500000000000004], [18.0, -3.5000000000000018], [11.999999999999998, -3.500000000000001]]], "node_id": [0, 1, 2, 3, 4, 5, 6, 7, 8]}