{"corners": [[[0.0, 0.0], [8.0, 0.0], [8.0, 6.0], [0.0, 6.0], [0.0, 0.0]], [[8.0, -4.898425415289509e-16], [0.0, 4.898425415289509e-16], [-1.7763568394002505e-15, -14.999999999999998], [7.999999999999998, -15.0], [8.0, -4.898425415289509e-16]], [[24.0, 5.999999999999998], [8.0, 6.0], [8.0, 0.0], [24.0, -1.7763568394002505e-15], [24.0, 5.999999999999998]], [[7.0, 6.0], [7.000000000000001, 22.0], [1.0000000000000009, 22.0], [1.0, 6.0], [7.0, 6.0]], [[7.999999999999998, -15.0], [-1.7763568394002505e-15, -14.999999999999998], [-3.552713678800501e-15, -30.0], [7.9999999999999964, -30.0], [7.999999999999998, -15.0]], [[-6.0, 0.5000000000000018], [-6.000000000000003, -15.499999999999998], [-2.6645352591003757e-15, -15.499999999999998], [0.0, 0.5000000000000007], [-6.0, 0.5000000000000018]], [[8.0, -3.500000000000001], [7.999999999999998, -11.5], [13.999999999999998, -11.500000000000004], [14.0, -3.5000000000000018], [8.0, -3.500000000000001]], [[-14.0, 18.000000000000004], [-14.000000000000002, 10.000000000000004], [0.9999999999999982, 10.0], [1.0, 18.0], [-14.0, 18.000000000000004]], [[-3.999999999999999, 22.0], [12.0, 22.0], [12.0, 28.0], [-3.999999999999999, 28.0], [-3.999999999999999, 22.0]]], "node_id": [0, 1, 2, 3, 4, 5, 6, 7, 8]}