{"corners": [[[0.0, 0.0], [8.0, 0.0], [8.0, 15.0], [0.0, 15.0], [0.0, 0.0]], [[8.0, -4.898425415289509e-16], [0.0, 4.898425415289509e-16], [-1.7763568394002505e-15, -14.999999999999998], [7.999999999999998, -15.0], [8.0, -4.898425415289509e-16]], [[-8.0, 4.5], [0.0, 4.5], [0.0, 10.5], [-8.0, 10.5], [-8.0, 4.5]], [[8.0, 4.5], [16.0, 4.5], [16.0, 10.5], [8.0, 10.5], [8.0, 4.5]], [[-8.0, 3.5], [-7.999999999999999, 11.5], [-14.0, 11.5], [-14.0, 3.5000000000000004], [-8.0, 3.5]]], "node_id": [0, 1, 2, 3, 4]}