{"corners": [[[0.0, 0.0], [8.0, 0.0], [8.0, 15.0], [0.0, 15.0], [0.0, 0.0]], [[8.0, -4.898425415289509e-16], [0.0, 4.898425415289509e-16], [0.0, -6.0], [7.999999999999999, -6.000000000000001], [8.0, -4.898425415289509e-16]], [[8.0, 21.0], [0.0, 21.0], [0.0, 15.0], [7.999999999999999, 15.0], [8.0, 21.0]], [[8.000000000000002, 36.0], [1.7763568394002505e-15, 36.0], [0.0, 21.0], [8.0, 21.0], [8.000000000000002, 36.0]], [[7.000000000000002, 36.0], [7.000000000000003, 44.0], [1.0000000000000027, 44.0], [1.0000000000000018, 36.0], [7.000000000000002, 36.0]], [[7.999999999999999, 25.5], [24.0, 25.499999999999996], [24.0, 31.499999999999996], [8.0, 31.5], [7.999999999999999, 25.5]], [[3.673819061467132e-16, 21.0], [-16.0, 21.000000000000004], [-16.0, 15.000000000000002], [-3.673819061467132e-16, 15.0], [3.673819061467132e-16, 21.0]], [[-8.0, 25.5], [0.0, 25.499999999999996], [1.7763568394002505e-15, 31.5], [-7.999999999999998, 31.5], [-8.0, 25.5]], [[1.0000000000000022, 43.0], [-6.999999999999998, 43.0], [-6.999999999999998, 37.0], [1.0000000000000016, 37.0], [1.0000000000000022, 43.0]], [[7.000000000000003, 44.0], [7.000000000000001, 36.0], [13.0, 36.0], [13.000000000000004, 44.0], [7.000000000000003, 44.0]]], "node_id": [0, 1, 2, 3, 4, 5, 6, 7, 8, 9]}