{"corners": [[[0.0, 0.0], [16.0, 0.0], [16.0, 6.0], [0.0, 6.0], [0.0, 0.0]], [[24.0, 5.999999999999999], [16.0, 6.0], [16.0, 0.0], [24.0, -8.881784197001252e-16], [24.0, 5.999999999999999]], [[23.0, 6.0], [23.0, 22.0], [17.0, 22.0], [17.0, 6.0], [23.0, 6.0]], [[28.0, 28.0], [12.0, 28.000000000000004], [12.0, 22.0], [28.0, 22.0], [28.0, 28.0]], [[29.0, 6.0], [29.0, 22.0], [23.0, 22.0], [23.0, 6.0], [29.0, 6.0]]], "node_id": [0, 1, 2, 3, 4]}