{"corners": [[[0.0, 0.0], [8.0, 0.0], [8.0, 15.0], [0.0, 15.0], [0.0, 0.0]], [[14.0, -0.5], [14.000000000000002, 15.5], [8.0, 15.5], [8.0, -0.4999999999999996], [14.0, -0.5]], [[7.0, 15.0], [7.000000000000001, 31.0], [1.0000000000000009, 31.0], [1.0, 15.0], [7.0, 15.0]], [[1.0000000000000013, 26.0], [-14.999999999999998, 26.000000000000004], [-14.999999999999998, 20.0], [1.0000000000000007, 20.0], [1.0000000000000013, 26.0]], [[7.000000000000001, 15.5], [15.0, 15.5], [15.0, 30.5], [7.000000000000001, 30.5], [7.000000000000001, 15.5]], [[7.000000000000001, 31.0], [7.000000000000002, 47.0], [1.0000000000000018, 47.0], [1.0000000000000009, 31.0], [7.000000000000001, 31.0]], [[-14.999999999999998, 15.0], [-14.999999999999996, 31.0], [-20.999999999999996, 31.0], [-21.0, 15.0], [-14.999999999999998, 15.0]], [[13.000000000000002, 35.0], [13.000000000000002, 43.0], [7.000000000000003, 43.0], [7.000000000000002, 35.0], [13.000000000000002, 35.0]], [[13.000000000000002, 36.0], [21.0, 36.0], [21.0, 42.0], [13.000000000000002, 42.0], [13.000000000000002, 36.0]], [[21.0, 36.0], [37.0, 36.0], [37.0, 42.0], [21.0, 42.0], [21.0, 36.0]]], "node_id": [0, 1, 2, 3, 4, 5, 6, 7, 8, 9]}