{"corners": [[[0.0, 0.0], [16.0, 0.0], [16.0, 6.0], [0.0, 6.0], [0.0, 0.0]], [[-16.0, 0.0], [0.0, 0.0], [0.0, 6.0], [-16.0, 6.0], [-16.0, 0.0]], [[4.999999999999999, 22.0], [5.0, 6.0], [11.0, 6.0], [11.0, 22.0], [4.999999999999999, 22.0]], [[32.0, 5.999999999999998], [16.0, 6.0], [16.0, 0.0], [32.0, -1.7763568394002505e-15], [32.0, 5.999999999999998]], [[-11.0, -1.836909530733566e-16], [-11.0, -8.0], [-4.999999999999999, -8.0], [-5.0, 1.836909530733566e-16], [-11.0, -1.836909530733566e-16]], [[27.0, -16.0], [27.0, 0.0], [21.0, 0.0], [21.0, -16.0], [27.0, -16.0]], [[-11.0, -1.0], [-19.0, -1.0000000000000009], [-19.0, -7.000000000000001], [-11.0, -7.0], [-11.0, -1.0]], [[-15.5, -8.0], [-15.5, -16.0], [-0.5, -16.0], [-0.5, -7.999999999999999], [-15.5, -8.0]], [[-19.0, -1.0000000000000009], [-27.0, -1.0000000000000018], [-27.0, -7.000000000000002], [-19.0, -7.000000000000001], [-19.0, -1.0000000000000009]], [[-3.0, 11.0], [5.0, 11.0], [5.0, 17.0], [-3.0, 17.0], [-3.0, 11.0]]], "node_id": [0, 1, 2, 3, 4, 5, 6, 7, 8, 9]}