{"corners": [[[0.0, 0.0], [8.0, 0.0], [8.0, 15.0], [0.0, 15.0], [0.0, 0.0]], [[8.0, 11.5], [8.0, 3.5], [23.0, 3.500000000000001], [23.0, 11.500000000000002], [8.0, 11.5]], [[3.673819061467132e-16, 10.5], [-16.0, 10.500000000000002], [-16.0, 4.500000000000002], [-3.673819061467132e-16, 4.5], [3.673819061467132e-16, 10.5]], [[23.0, 11.5], [23.0, 3.5], [29.0, 3.5], [29.0, 11.5], [23.0, 11.5]], [[23.0, 3.5], [23.0, -12.5], [29.0, -12.5], [29.0, 3.5000000000000004], [23.0, 3.5]], [[-10.999999999999996, 26.5], [-11.0, 10.5], [-4.999999999999999, 10.5], [-4.9999999999999964, 26.5], [-10.999999999999996, 26.5]], [[12.5, 19.5], [12.5, 11.5], [18.5, 11.5], [18.5, 19.5], [12.5, 19.5]], [[22.0, -27.5], [30.0, -27.5], [30.0, -12.5], [22.0, -12.5], [22.0, -27.5]], [[12.0, -9.796850830579018e-16], [-4.0, 9.796850830579018e-16], [-4.0, -5.999999999999999], [12.0, -6.000000000000001], [12.0, -9.796850830579018e-16]], [[12.0, 0.9999999999999991], [11.999999999999998, -7.000000000000001], [18.0, -7.000000000000003], [18.0, 0.999999999999998], [12.0, 0.9999999999999991]]], "node_id": [0, 1, 2, 3, 4, 5, 6, 7, 8, 9]}