{"corners": [[[0.0, 0.0], [8.0, 0.0], [8.0, 6.0], [0.0, 6.0], [0.0, 0.0]], [[0.9999999999999996, 14.0], [1.0, 6.0], [7.0, 6.0], [7.0, 14.0], [0.9999999999999996, 14.0]], [[7.999999999999999, 11.0], [8.0, -5.0], [14.0, -5.0], [14.0, 11.0], [7.999999999999999, 11.0]], [[22.0, 6.000000000000001], [14.0, 6.0], [14.0, 0.0], [22.0, 8.881784197001252e-16], [22.0, 6.000000000000001]], [[37.0, -0.9999999999999964], [37.0, 7.0000000000000036], [22.0, 7.000000000000001], [22.0, -0.9999999999999992], [37.0, -0.9999999999999964]], [[15.0, -4.999999999999999], [7.0, -5.0], [7.000000000000002, -20.0], [15.000000000000002, -20.0], [15.0, -4.999999999999999]], [[-8.0, 0.0], [0.0, 0.0], [0.0, 6.0], [-8.0, 6.0], [-8.0, 0.0]], [[-4.0, 14.0], [12.0, 14.0], [12.0, 20.0], [-4.0, 20.0], [-4.0, 14.0]], [[7.0, -8.0], [7.000000000000001, 0.0], [1.0000000000000009, 0.0], [1.0, -8.0], [7.0, -8.0]], [[32.5, -8.999999999999996], [32.5, -0.9999999999999964], [26.5, -0.9999999999999973], [26.5, -8.999999999999998], [32.5, -8.999999999999996]]], "node_id": [0, 1, 2, 3, 4, 5, 6, 7, 8, 9]}