{"corners": [[[0.0, 0.0], [8.0, 0.0], [8.0, 6.0], [0.0, 6.0], [0.0, 0.0]], [[8.0, -4.898425415289509e-16], [0.0, 4.898425415289509e-16], [-1.7763568394002505e-15, -14.999999999999998], [7.999999999999998, -15.0], [8.0, -4.898425415289509e-16]], [[8.0, 12.0], [0.0, 12.000000000000002], [0.0, 6.000000000000001], [7.999999999999999, 6.0], [8.0, 12.0]], [[-8.0, 0.0], [0.0, 0.0], [0.0, 6.0], [-8.0, 6.0], [-8.0, 0.0]], [[-8.0, -15.0], [0.0, -15.0], [0.0, 0.0], [-8.0, 0.0], [-8.0, -15.0]], [[3.499999999999999, -23.0], [3.4999999999999996, -15.0], [-11.5, -14.999999999999998], [-11.5, -23.0], [3.499999999999999, -23.0]], [[-16.0, 0.0], [-8.0, 0.0], [-8.0, 6.0], [-16.0, 6.0], [-16.0, 0.0]], [[7.999999999999999, 6.0], [24.0, 5.9999999999999964], [24.0, 11.999999999999996], [8.0, 12.0], [7.999999999999999, 6.0]], [[-11.5, -23.0], [-11.5, -15.0], [-17.5, -15.0], [-17.5, -23.0], [-11.5, -23.0]], [[7.999999999999998, -10.5], [15.999999999999998, -10.500000000000002], [16.0, -4.500000000000002], [8.0, -4.5], [7.999999999999998, -10.5]]], "node_id": [0, 1, 2, 3, 4, 5, 6, 7, 8, 9]}