{"corners": [[[0.0, 0.0], [8.0, 0.0], [8.0, 6.0], [0.0, 6.0], [0.0, 0.0]], [[3.673819061467132e-16, 6.0], [-8.0, 6.000000000000001], [-8.0, 8.881784197001252e-16], [-3.673819061467132e-16, 0.0], [3.673819061467132e-16, 6.0]], [[-11.499999999999998, 14.000000000000004], [-11.5, 6.0000000000000036], [3.5, 6.0], [3.5000000000000018, 14.0], [-11.499999999999998, 14.000000000000004]], [[18.5, 5.999999999999996], [18.500000000000004, 13.999999999999996], [3.5000000000000018, 14.0], [3.5, 6.0], [18.5, 5.999999999999996]], [[6.999999999999999, -16.0], [7.0, 0.0], [1.0, 0.0], [0.9999999999999991, -16.0], [6.999999999999999, -16.0]]], "node_id": [0, 1, 2, 3, 4]}