{"corners": [[[0.0, 0.0], [8.0, 0.0], [8.0, 15.0], [0.0, 15.0], [0.0, 0.0]], [[8.0, -4.898425415289509e-16], [0.0, 4.898425415289509e-16], [0.0, -6.0], [7.999999999999999, -6.000000000000001], [8.0, -4.898425415289509e-16]], [[-8.0, 0.0], [0.0, 0.0], [0.0, 15.0], [-8.0, 15.0], [-8.0, 0.0]], [[0.9999999999999991, -5.999999999999999], [0.9999999999999962, -22.0], [6.9999999999999964, -22.0], [6.999999999999999, -6.0], [0.9999999999999991, -5.999999999999999]], [[0.0, 15.0], [8.0, 15.0], [8.0, 21.0], [0.0, 21.0], [0.0, 15.0]]], "node_id": [0, 1, 2, 3, 4]}