{"corners": [[[0.0, 0.0], [8.0, 0.0], [8.0, 6.0], [0.0, 6.0], [0.0, 0.0]], [[0.0, 6.0], [8.0, 6.0], [8.0, 21.0], [0.0, 21.0], [0.0, 6.0]], [[8.0, 7.0], [8.0, -1.0], [23.0, -0.9999999999999991], [23.0, 7.000000000000001], [8.0, 7.0]], [[18.5, 7.000000000000001], [18.5, 15.0], [12.5, 15.0], [12.5, 7.000000000000001], [18.5, 7.000000000000001]], [[8.0, -0.9999999999999996], [8.0, -9.0], [23.0, -8.999999999999998], [23.0, -0.9999999999999987], [8.0, -0.9999999999999996]]], "node_id": [0, 1, 2, 3, 4]}