{"corners": [[[0.0, 0.0], [8.0, 0.0], [8.0, 15.0], [0.0, 15.0], [0.0, 0.0]], [[11.5, -8.0], [11.5, 0.0], [-3.5, 1.7763568394002505e-15], [-3.5, -7.999999999999999], [11.5, -8.0]], [[19.5, -1.0000000000000009], [11.5, -0.9999999999999999], [11.5, -7.0], [19.5, -7.000000000000001], [19.5, -1.0000000000000009]], [[12.5, -6.999999999999999], [12.499999999999998, -15.0], [18.5, -15.0], [18.5, -7.0], [12.5, -6.999999999999999]], [[12.500000000000002, 7.0], [12.5, -1.0], [18.5, -1.0000000000000018], [18.5, 6.999999999999999], [12.500000000000002, 7.0]], [[18.499999999999993, -31.0], [18.499999999999996, -15.0], [12.499999999999998, -14.999999999999996], [12.499999999999993, -30.999999999999996], [18.499999999999993, -31.0]], [[0.0, -14.0], [8.0, -14.0], [8.0, -8.0], [0.0, -8.0], [0.0, -14.0]], [[-2.5000000000000018, -18.999999999999993], [-2.5000000000000053, -26.999999999999993], [12.499999999999995, -27.0], [12.499999999999998, -19.0], [-2.5000000000000018, -18.999999999999993]], [[-2.5000000000000027, -19.999999999999993], [-10.500000000000004, -19.99999999999999], [-10.500000000000004, -25.99999999999999], [-2.500000000000005, -25.999999999999993], [-2.5000000000000027, -19.999999999999993]], [[27.5, -1.0000000000000018], [19.5, -1.0000000000000009], [19.5, -7.000000000000001], [27.5, -7.000000000000002], [27.5, -1.0000000000000018]]], "node_id": [0, 1, 2, 3, 4, 5, 6, 7, 8, 9]}