{"corners": [[[0.0, 0.0], [8.0, 0.0], [8.0, 15.0], [0.0, 15.0], [0.0, 0.0]], [[0.9999999999999996, 23.0], [1.0, 15.0], [7.0, 15.0], [7.0, 23.0], [0.9999999999999996, 23.0]], [[3.673819061467132e-16, 10.5], [-16.0, 10.500000000000002], [-16.0, 4.500000000000002], [-3.673819061467132e-16, 4.5], [3.673819061467132e-16, 10.5]], [[-15.0, 16.0], [1.0, 16.0], [1.0, 22.0], [-15.0, 22.0], [-15.0, 16.0]], [[8.0, 4.5], [24.0, 4.5], [24.0, 10.5], [8.0, 10.5], [8.0, 4.5]], [[7.999999999999998, 29.0], [-1.7763568394002505e-15, 29.0], [-8.881784197001252e-16, 23.0], [7.999999999999999, 23.0], [7.999999999999998, 29.0]], [[8.0, -1.5], [24.0, -1.5], [24.0, 4.5], [8.0, 4.5], [8.0, -1.5]], [[-1.7763568394002505e-15, 29.0], [7.999999999999998, 29.0], [7.999999999999998, 44.0], [-1.7763568394002505e-15, 44.0], [-1.7763568394002505e-15, 29.0]], [[11.999999999999998, 50.0], [-4.000000000000002, 50.0], [-4.000000000000002, 44.0], [11.999999999999998, 44.0], [11.999999999999998, 50.0]], [[23.0, 22.000000000000004], [23.0, 30.000000000000004], [7.999999999999998, 30.0], [8.0, 22.0], [23.0, 22.000000000000004]]], "node_id": [0, 1, 2, 3, 4, 5, 6, 7, 8, 9]}