{"corners": [[[0.0, 0.0], [8.0, 0.0], [8.0, 15.0], [0.0, 15.0], [0.0, 0.0]], [[-2.4492127076447545e-16, 3.5], [2.4492127076447545e-16, 11.5], [-15.0, 11.500000000000002], [-15.0, 3.500000000000001], [-2.4492127076447545e-16, 3.5]], [[24.0, 10.499999999999998], [8.0, 10.5], [8.0, 4.5], [24.0, 4.499999999999998], [24.0, 10.499999999999998]], [[0.0, -15.0], [8.0, -15.0], [8.0, 0.0], [0.0, 0.0], [0.0, -15.0]], [[-15.0, -0.4999999999999991], [-14.999999999999998, 15.5], [-21.0, 15.5], [-21.0, -0.4999999999999987], [-15.0, -0.4999999999999991]], [[13.000000000000002, 18.5], [13.0, 10.5], [19.0, 10.499999999999998], [19.0, 18.5], [13.000000000000002, 18.5]], [[-22.0, -6.499999999999999], [-14.0, -6.499999999999999], [-14.0, -0.4999999999999991], [-22.0, -0.4999999999999991], [-22.0, -6.499999999999999]], [[-21.0, 15.0], [-29.0, 15.000000000000002], [-29.0, 1.7763568394002505e-15], [-21.000000000000004, 0.0], [-21.0, 15.0]], [[-27.999999999999996, 31.0], [-28.0, 15.0], [-22.0, 15.0], [-21.999999999999996, 31.0], [-27.999999999999996, 31.0]], [[-22.0, 20.0], [-14.0, 19.999999999999996], [-13.999999999999998, 26.0], [-22.0, 26.0], [-22.0, 20.0]]], "node_id": [0, 1, 2, 3, 4, 5, 6, 7, 8, 9]}