{"corners": [[[0.0, 0.0], [8.0, 0.0], [8.0, 6.0], [0.0, 6.0], [0.0, 0.0]], [[7.0, 6.0], [7.000000000000001, 22.0], [1.0000000000000009, 22.0], [1.0, 6.0], [7.0, 6.0]], [[23.0, 17.0], [7.0, 17.000000000000004], [7.0, 11.000000000000002], [23.0, 11.0], [23.0, 17.0]], [[31.0, 17.0], [23.0, 17.0], [23.0, 11.0], [31.0, 11.0], [31.0, 17.0]], [[10.999999999999996, -3.9999999999999982], [18.999999999999996, -4.0], [19.0, 11.0], [11.0, 11.000000000000002], [10.999999999999996, -3.9999999999999982]], [[31.0, 11.0], [47.0, 10.999999999999996], [47.0, 16.999999999999996], [31.0, 17.0], [31.0, 11.0]], [[1.0000000000000018, 21.5], [-6.999999999999998, 21.5], [-7.0, 6.500000000000002], [0.9999999999999999, 6.5], [1.0000000000000018, 21.5]], [[30.0, 17.0], [30.0, 33.0], [24.0, 33.0], [24.0, 17.0], [30.0, 17.0]], [[30.0, 33.0], [30.0, 49.0], [24.0, 49.0], [24.0, 33.0], [30.0, 33.0]], [[30.0, 22.0], [46.0, 22.0], [46.0, 28.0], [30.0, 28.0], [30.0, 22.0]]], "node_id": [0, 1, 2, 3, 4, 5, 6, 7, 8, 9]}