{"corners": [[[0.0, 0.0], [16.0, 0.0], [16.0, 6.0], [0.0, 6.0], [0.0, 0.0]], [[31.0, -1.0000000000000009], [31.0, 6.999999999999999], [16.0, 7.000000000000001], [16.0, -1.0], [31.0, -1.0000000000000009]], [[-8.0, 0.0], [0.0, 0.0], [0.0, 6.0], [-8.0, 6.0], [-8.0, 0.0]], [[19.5, 6.999999999999999], [27.5, 6.999999999999999], [27.5, 22.0], [19.5, 22.0], [19.5, 6.999999999999999]], [[-1.0000000000000004, -8.0], [-1.0, 0.0], [-7.0, 0.0], [-7.0, -8.0], [-1.0000000000000004, -8.0]], [[-24.0, 0.0], [-8.0, 0.0], [-8.0, 6.0], [-24.0, 6.0], [-24.0, 0.0]], [[-13.0, -16.0], [-12.999999999999998, 0.0], [-19.0, 0.0], [-19.0, -16.0], [-13.0, -16.0]], [[0.0, -8.0], [-8.0, -7.999999999999999], [-8.0, -14.0], [-7.347638122934264e-16, -14.0], [0.0, -8.0]], [[-34.0, -3.9999999999999973], [-34.0, -11.999999999999996], [-19.0, -12.0], [-19.0, -4.0], [-34.0, -3.9999999999999973]], [[31.0, 22.0], [31.0, 30.0], [16.0, 30.0], [16.0, 22.0], [31.0, 22.0]]], "node_id": [0, 1, 2, 3, 4, 5, 6, 7, 8, 9]}