{"corners": [[[0.0, 0.0], [16.0, 0.0], [16.0, 6.0], [0.0, 6.0], [0.0, 0.0]], [[4.0, 6.0], [12.0, 6.0], [12.0, 21.0], [4.0, 21.0], [4.0, 6.0]], [[-2.4492127076447545e-16, -1.0], [2.4492127076447545e-16, 7.0], [-15.0, 7.000000000000002], [-15.0, -0.9999999999999991], [-2.4492127076447545e-16, -1.0]], [[0.0, 21.0], [16.0, 21.0], [16.0, 27.0], [0.0, 27.0], [0.0, 21.0]], [[0.0, 27.0], [16.0, 27.0], [16.0, 33.0], [0.0, 33.0], [0.0, 27.0]], [[16.0, 39.0], [0.0, 39.0], [0.0, 33.0], [16.0, 33.0], [16.0, 39.0]], [[-12.0, 10.5], [4.0, 10.5], [4.0, 16.5], [-12.0, 16.5], [-12.0, 10.5]], [[4.0, 39.0], [12.0, 39.0], [12.000000000000004, 54.0], [4.0000000000000036, 54.0], [4.0, 39.0]], [[-30.0, 7.0000000000000036], [-30.0, -0.9999999999999964], [-15.000000000000002, -1.0], [-15.0, 7.000000000000001], [-30.0, 7.0000000000000036]], [[16.0, 7.0], [16.0, -1.0], [31.0, -0.9999999999999991], [31.0, 7.000000000000001], [16.0, 7.0]]], "node_id": [0, 1, 2, 3, 4, 5, 6, 7, 8, 9]}