{"corners": [[[0.0, 0.0], [16.0, 0.0], [16.0, 6.0], [0.0, 6.0], [0.0, 0.0]], [[16.0, 0.0], [32.0, 0.0], [32.0, 6.0], [16.0, 6.0], [16.0, 0.0]], [[27.0, 6.0], [27.0, 22.0], [21.0, 22.0], [21.0, 6.0], [27.0, 6.0]], [[35.0, 17.0], [27.0, 17.0], [27.0, 11.0], [35.0, 11.0], [35.0, 17.0]], [[20.0, -6.0], [28.0, -6.0], [28.0, 0.0], [20.0, 0.0], [20.0, -6.0]], [[15.5, -8.0], [15.5, 0.0], [0.5, 1.7763568394002505e-15], [0.5, -7.999999999999999], [15.5, -8.0]], [[13.0, 11.0], [21.0, 11.0], [21.0, 17.0], [13.0, 17.0], [13.0, 11.0]], [[51.0, 17.0], [35.0, 17.000000000000004], [35.0, 11.000000000000002], [51.0, 11.0], [51.0, 17.0]], [[35.0, 17.000000000000004], [51.0, 17.0], [51.0, 23.0], [35.0, 23.000000000000004], [35.0, 17.000000000000004]], [[4.0, 6.0], [12.0, 6.0], [12.0, 21.0], [4.0, 21.0], [4.0, 6.0]]], "node_id": [0, 1, 2, 3, 4, 5, 6, 7, 8, 9]}