{"corners": [[[0.0, 0.0], [16.0, 0.0], [16.0, 6.0], [0.0, 6.0], [0.0, 0.0]], [[11.0, 6.0], [11.000000000000002, 22.0], [5.000000000000001, 22.0], [5.0, 6.0], [11.0, 6.0]], [[5.000000000000001, 17.0], [-2.999999999999999, 17.0], [-2.999999999999999, 11.0], [5.0, 11.0], [5.000000000000001, 17.0]], [[11.0, 22.0], [11.0, 30.0], [5.000000000000001, 30.0], [5.0, 22.0], [11.0, 22.0]], [[-2.9999999999999996, 10.0], [-2.999999999999999, 18.0], [-18.0, 18.0], [-18.0, 10.000000000000002], [-2.9999999999999996, 10.0]], [[27.0, 29.0], [11.0, 29.000000000000004], [11.0, 23.0], [27.0, 23.0], [27.0, 29.0]], [[26.5, 29.0], [26.5, 37.0], [11.5, 37.0], [11.5, 29.0], [26.5, 29.0]], [[4.0, -6.0], [12.0, -6.0], [12.0, 0.0], [4.0, 0.0], [4.0, -6.0]], [[11.0, 30.0], [11.000000000000002, 46.0], [5.000000000000001, 46.0], [5.0, 30.0], [11.0, 30.0]], [[-18.0, 10.0], [-18.0, 18.0], [-24.0, 18.0], [-24.0, 10.0], [-18.0, 10.0]]], "node_id": [0, 1, 2, 3, 4, 5, 6, 7, 8, 9]}