{"corners": [[[0.0, 0.0], [16.0, 0.0], [16.0, 6.0], [0.0, 6.0], [0.0, 0.0]], [[-2.4492127076447545e-16, -1.0], [2.4492127076447545e-16, 7.0], [-15.0, 7.000000000000002], [-15.0, -0.9999999999999991], [-2.4492127076447545e-16, -1.0]], [[-10.499999999999996, 23.0], [-10.5, 7.0], [-4.499999999999999, 7.0], [-4.4999999999999964, 23.0], [-10.499999999999996, 23.0]], [[-16.499999999999996, 23.0], [-16.5, 7.0], [-10.5, 7.0], [-10.499999999999996, 23.0], [-16.499999999999996, 23.0]], [[5.0, 14.0], [5.000000000000001, 6.0], [11.0, 6.0], [11.0, 14.0], [5.0, 14.0]]], "node_id": [0, 1, 2, 3, 4]}