{"corners": [[[0.0, 0.0], [16.0, 0.0], [16.0, 6.0], [0.0, 6.0], [0.0, 0.0]], [[4.999999999999999, 22.0], [5.0, 6.0], [11.0, 6.0], [11.0, 22.0], [4.999999999999999, 22.0]], [[16.0, 0.0], [24.0, 0.0], [24.0, 6.0], [16.0, 6.0], [16.0, 0.0]], [[40.0, 5.999999999999998], [24.0, 6.0], [24.0, 0.0], [40.0, -1.7763568394002505e-15], [40.0, 5.999999999999998]], [[23.0, 6.0], [23.0, 22.0], [17.0, 22.0], [17.0, 6.0], [23.0, 6.0]], [[11.0, 22.0], [11.000000000000002, 38.0], [5.000000000000001, 38.0], [5.0, 22.0], [11.0, 22.0]], [[24.0, -4.898425415289509e-16], [16.0, 4.898425415289509e-16], [15.999999999999998, -14.999999999999998], [23.999999999999996, -15.0], [24.0, -4.898425415289509e-16]], [[7.999999999999998, -10.499999999999998], [15.999999999999998, -10.5], [16.0, -4.5], [8.0, -4.499999999999998], [7.999999999999998, -10.499999999999998]], [[12.0, 44.0], [4.0, 44.0], [4.0, 38.0], [12.0, 38.0], [12.0, 44.0]], [[-1.9999999999999991, 45.0], [-2.0000000000000004, 37.0], [3.999999999999999, 37.0], [4.000000000000001, 45.0], [-1.9999999999999991, 45.0]]], "node_id": [0, 1, 2, 3, 4, 5, 6, 7, 8, 9]}