{"corners": [[[0.0, 0.0], [8.0, 0.0], [8.0, 15.0], [0.0, 15.0], [0.0, 0.0]], [[24.0, 10.499999999999998], [8.0, 10.5], [8.0, 4.5], [24.0, 4.499999999999998], [24.0, 10.499999999999998]], [[32.0, 14.999999999999996], [24.0, 14.999999999999998], [24.0, -1.7763568394002505e-15], [31.999999999999996, -3.552713678800501e-15], [32.0, 14.999999999999996]], [[31.0, 14.999999999999996], [31.0, 30.999999999999996], [25.0, 30.999999999999996], [25.0, 14.999999999999996], [31.0, 14.999999999999996]], [[-15.0, 11.5], [-15.0, 3.5], [0.0, 3.500000000000001], [0.0, 11.500000000000002], [-15.0, 11.5]], [[7.0, 15.0], [7.000000000000001, 31.0], [1.0000000000000009, 31.0], [1.0, 15.0], [7.0, 15.0]], [[13.0, 4.5], [12.999999999999996, -11.5], [18.999999999999996, -11.5], [19.0, 4.499999999999999], [13.0, 4.5]], [[32.0, 4.4999999999999964], [48.0, 4.499999999999993], [48.0, 10.499999999999993], [32.0, 10.499999999999996], [32.0, 4.4999999999999964]], [[32.0, 46.0], [24.0, 46.0], [24.0, 31.0], [31.999999999999996, 31.0], [32.0, 46.0]], [[25.0, 14.999999999999996], [25.0, 30.999999999999996], [19.0, 30.999999999999996], [19.0, 14.999999999999996], [25.0, 14.999999999999996]]], "node_id": [0, 1, 2, 3, 4, 5, 6, 7, 8, 9]}