{"corners": [[[0.0, 0.0], [8.0, 0.0], [8.0, 6.0], [0.0, 6.0], [0.0, 0.0]], [[8.0, -4.898425415289509e-16], [0.0, 4.898425415289509e-16], [-1.7763568394002505e-15, -14.999999999999998], [7.999999999999998, -15.0], [8.0, -4.898425415289509e-16]], [[3.673819061467132e-16, 6.0], [-8.0, 6.000000000000001], [-8.0, 8.881784197001252e-16], [-3.673819061467132e-16, 0.0], [3.673819061467132e-16, 6.0]], [[8.0, 7.0], [8.0, -1.0], [14.0, -1.0], [14.0, 7.0], [8.0, 7.0]], [[3.0, 7.0], [19.0, 7.0], [19.0, 13.0], [3.0, 13.0], [3.0, 7.0]]], "node_id": [0, 1, 2, 3, 4]}