{"corners": [[[0.0, 0.0], [16.0, 0.0], [16.0, 6.0], [0.0, 6.0], [0.0, 0.0]], [[15.5, -8.0], [15.5, 0.0], [0.5, 1.7763568394002505e-15], [0.5, -7.999999999999999], [15.5, -8.0]], [[-8.0, 0.0], [0.0, 0.0], [0.0, 6.0], [-8.0, 6.0], [-8.0, 0.0]], [[15.5, -16.0], [15.5, -8.0], [0.5, -7.999999999999998], [0.5, -15.999999999999998], [15.5, -16.0]], [[5.0, -16.0], [4.999999999999997, -32.0], [10.999999999999996, -32.0], [11.0, -16.0], [5.0, -16.0]], [[31.5, -1.0000000000000018], [15.5, -0.9999999999999998], [15.5, -7.0], [31.5, -7.000000000000002], [31.5, -1.0000000000000018]], [[0.4999999999999998, -7.999999999999999], [0.5000000000000002, 8.881784197001252e-16], [-5.499999999999999, 8.881784197001252e-16], [-5.5, -7.999999999999999], [0.4999999999999998, -7.999999999999999]], [[-14.0, 11.0], [-13.999999999999998, -5.0], [-7.999999999999999, -5.0], [-8.0, 11.0], [-14.0, 11.0]], [[-14.0, -1.0], [-14.0, 7.0], [-29.0, 7.000000000000002], [-29.0, -0.9999999999999991], [-14.0, -1.0]], [[10.999999999999996, -31.5], [18.999999999999996, -31.500000000000004], [19.0, -16.5], [11.0, -16.5], [10.999999999999996, -31.5]]], "node_id": [0, 1, 2, 3, 4, 5, 6, 7, 8, 9]}