{"corners": [[[0.0, 0.0], [8.0, 0.0], [8.0, 6.0], [0.0, 6.0], [0.0, 0.0]], [[6.999999999999999, -16.0], [7.0, 0.0], [1.0, 0.0], [0.9999999999999991, -16.0], [6.999999999999999, -16.0]], [[-8.0, 0.0], [0.0, 0.0], [0.0, 6.0], [-8.0, 6.0], [-8.0, 0.0]], [[-8.0, -1.0], [-7.999999999999999, 7.0], [-23.0, 7.000000000000002], [-23.0, -0.9999999999999991], [-8.0, -1.0]], [[-7.5, -1.0000000000000004], [-23.5, -0.9999999999999984], [-23.5, -6.999999999999998], [-7.500000000000001, -7.0], [-7.5, -1.0000000000000004]], [[23.0, -5.000000000000002], [7.0, -5.0], [7.0, -11.0], [23.0, -11.000000000000002], [23.0, -5.000000000000002]], [[11.5, 5.999999999999999], [11.5, 14.0], [-3.5, 14.0], [-3.5, 6.0], [11.5, 5.999999999999999]], [[-7.5, -7.000000000000001], [-23.5, -6.999999999999999], [-23.5, -13.0], [-7.500000000000001, -13.0], [-7.5, -7.000000000000001]], [[39.0, -5.0000000000000036], [23.0, -5.000000000000002], [23.0, -11.000000000000002], [39.0, -11.000000000000004], [39.0, -5.0000000000000036]], [[-23.0, 6.000000000000001], [-39.0, 6.000000000000003], [-39.0, 2.6645352591003757e-15], [-23.0, 8.881784197001252e-16], [-23.0, 6.000000000000001]]], "node_id": [0, 1, 2, 3, 4, 5, 6, 7, 8, 9]}