{"corners": [[[0.0, 0.0], [8.0, 0.0], [8.0, 15.0], [0.0, 15.0], [0.0, 0.0]], [[-15.0, 11.5], [-15.0, 3.5], [0.0, 3.500000000000001], [0.0, 11.500000000000002], [-15.0, 11.5]], [[-11.5, -11.5], [-3.5, -11.5], [-3.5, 3.5], [-11.5, 3.5], [-11.5, -11.5]], [[-3.5000000000000004, 0.0], [-3.5, -8.0], [11.5, -7.999999999999999], [11.5, 9.18454765366783e-16], [-3.5000000000000004, 0.0]], [[-4.500000000000001, -27.5], [-4.5, -11.5], [-10.5, -11.5], [-10.5, -27.5], [-4.500000000000001, -27.5]], [[-15.000000000000002, 15.0], [-23.0, 14.999999999999998], [-23.0, -1.7763568394002505e-15], [-15.0, 0.0], [-15.000000000000002, 15.0]], [[0.9999999999999991, 31.0], [1.0, 15.0], [7.0, 15.0], [6.999999999999999, 31.0], [0.9999999999999991, 31.0]], [[0.9999999999999991, 8.0], [0.9999999999999996, 0.0], [7.0, 0.0], [6.999999999999999, 8.0], [0.9999999999999991, 8.0]], [[8.0, -7.999999999999998], [0.0, -7.999999999999999], [8.881784197001252e-16, -14.0], [8.0, -13.999999999999998], [8.0, -7.999999999999998]], [[11.5, 8.881784197001252e-16], [11.5, -7.999999999999999], [26.5, -7.999999999999998], [26.5, 1.806633185066908e-15], [11.5, 8.881784197001252e-16]]], "node_id": [0, 1, 2, 3, 4, 5, 6, 7, 8, 9]}