{"corners": [[[0.0, 0.0], [16.0, 0.0], [16.0, 6.0], [0.0, 6.0], [0.0, 0.0]], [[-2.4492127076447545e-16, -1.0], [2.4492127076447545e-16, 7.0], [-5.999999999999999, 7.0], [-6.0, -0.9999999999999997], [-2.4492127076447545e-16, -1.0]], [[11.0, -8.0], [11.0, 0.0], [5.000000000000001, 0.0], [5.0, -8.0], [11.0, -8.0]], [[26.0, -8.0], [26.0, 0.0], [11.0, 1.7763568394002505e-15], [11.0, -7.999999999999999], [26.0, -8.0]], [[21.5, -24.0], [21.5, -8.0], [15.5, -8.0], [15.5, -24.0], [21.5, -24.0]], [[26.0, -7.0], [42.0, -7.0], [42.0, -1.0], [26.0, -1.0], [26.0, -7.0]], [[31.0, -7.0], [31.0, -23.0], [37.0, -23.0], [37.0, -7.0], [31.0, -7.0]], [[-14.0, 0.0], [-6.0, 0.0], [-6.0, 6.0], [-14.0, 6.0], [-14.0, 0.0]], [[-5.999999999999998, 21.0], [-13.999999999999998, 21.0], [-14.0, 6.000000000000002], [-6.0, 6.0], [-5.999999999999998, 21.0]], [[-6.0, -4.898425415289509e-16], [-14.0, 4.898425415289509e-16], [-14.0, -6.0], [-6.000000000000001, -6.000000000000001], [-6.0, -4.898425415289509e-16]]], "node_id": [0, 1, 2, 3, 4, 5, 6, 7, 8, 9]}