{"corners": [[[0.0, 0.0], [8.0, 0.0], [8.0, 6.0], [0.0, 6.0], [0.0, 0.0]], [[8.0, -4.898425415289509e-16], [0.0, 4.898425415289509e-16], [0.0, -6.0], [7.999999999999999, -6.000000000000001], [8.0, -4.898425415289509e-16]], [[23.0, -7.000000000000002], [23.0, 0.9999999999999982], [8.0, 1.0], [8.0, -7.000000000000001], [23.0, -7.000000000000002]], [[23.0, -6.000000000000002], [39.0, -6.000000000000002], [39.0, -1.7763568394002505e-15], [23.0, -1.7763568394002505e-15], [23.0, -6.000000000000002]], [[34.0, -1.960047792473607e-15], [34.0, 15.999999999999998], [28.0, 15.999999999999998], [28.0, -1.5926658863268939e-15], [34.0, -1.960047792473607e-15]], [[-15.0, 1.000000000000003], [-15.000000000000002, -6.9999999999999964], [-1.7763568394002505e-15, -7.0], [0.0, 1.0000000000000004], [-15.0, 1.000000000000003]], [[23.5, -6.000000000000003], [23.5, -14.000000000000004], [38.5, -14.000000000000002], [38.5, -6.000000000000002], [23.5, -6.000000000000003]], [[11.5, 0.9999999999999982], [19.5, 0.9999999999999982], [19.5, 6.999999999999998], [11.5, 6.999999999999998], [11.5, 0.9999999999999982]], [[-11.5, 1.0000000000000027], [-3.5, 1.0000000000000007], [-3.4999999999999982, 7.000000000000001], [-11.499999999999998, 7.000000000000003], [-11.5, 1.0000000000000027]], [[23.5, 24.0], [23.5, 16.0], [38.5, 15.999999999999996], [38.5, 23.999999999999996], [23.5, 24.0]]], "node_id": [0, 1, 2, 3, 4, 5, 6, 7, 8, 9]}