{"corners": [[[0.0, 0.0], [16.0, 0.0], [16.0, 6.0], [0.0, 6.0], [0.0, 0.0]], [[11.0, 6.0], [11.000000000000002, 22.0], [5.000000000000001, 22.0], [5.0, 6.0], [11.0, 6.0]], [[16.0, 0.0], [24.0, 0.0], [24.0, 6.0], [16.0, 6.0], [16.0, 0.0]], [[3.673819061467132e-16, 6.0], [-8.0, 6.000000000000001], [-8.0, 8.881784197001252e-16], [-3.673819061467132e-16, 0.0], [3.673819061467132e-16, 6.0]], [[0.0, 22.0], [16.0, 22.0], [16.0, 28.0], [0.0, 28.0], [0.0, 22.0]], [[39.0, -1.0000000000000009], [39.0, 6.999999999999999], [24.0, 7.000000000000001], [24.0, -1.0], [39.0, -1.0000000000000009]], [[-8.0, -0.9999999999999991], [-7.999999999999999, 7.000000000000001], [-23.0, 7.000000000000003], [-23.0, -0.9999999999999982], [-8.0, -0.9999999999999991]], [[5.000000000000001, 17.0], [-11.0, 17.000000000000004], [-11.0, 11.000000000000002], [5.0, 11.0], [5.000000000000001, 17.0]], [[4.0, -15.0], [12.0, -15.0], [12.0, 0.0], [4.0, 0.0], [4.0, -15.0]], [[9.18454765366783e-16, 32.5], [-7.999999999999999, 32.5], [-8.0, 17.5], [-9.18454765366783e-16, 17.5], [9.18454765366783e-16, 32.5]]], "node_id": [0, 1, 2, 3, 4, 5, 6, 7, 8, 9]}