{"corners": [[[0.0, 0.0], [16.0, 0.0], [16.0, 6.0], [0.0, 6.0], [0.0, 0.0]], [[-8.0, -4.5], [0.0, -4.5], [0.0, 10.5], [-8.0, 10.5], [-8.0, -4.5]], [[-1.0000000000000009, -20.5], [-0.9999999999999999, -4.5], [-7.0, -4.5], [-7.000000000000001, -20.5], [-1.0000000000000009, -20.5]], [[4.0, -15.0], [12.0, -15.0], [12.0, 0.0], [4.0, 0.0], [4.0, -15.0]], [[-23.0, -15.5], [-7.0, -15.5], [-7.0, -9.5], [-23.0, -9.5], [-23.0, -15.5]], [[32.0, 5.999999999999998], [16.0, 6.0], [16.0, 0.0], [32.0, -1.7763568394002505e-15], [32.0, 5.999999999999998]], [[-23.0, -9.5], [-39.0, -9.499999999999998], [-39.0, -15.499999999999998], [-23.0, -15.5], [-23.0, -9.5]], [[-35.0, -21.5], [-27.0, -21.500000000000004], [-27.0, -15.500000000000002], [-35.0, -15.5], [-35.0, -21.5]], [[27.0, 5.999999999999999], [27.0, 22.0], [21.0, 22.0], [21.0, 5.999999999999999], [27.0, 5.999999999999999]], [[27.0, 11.0], [35.0, 11.0], [35.0, 17.0], [27.0, 17.0], [27.0, 11.0]]], "node_id": [0, 1, 2, 3, 4, 5, 6, 7, 8, 9]}