{"corners": [[[0.0, 0.0], [8.0, 0.0], [8.0, 6.0], [0.0, 6.0], [0.0, 0.0]], [[-2.4492127076447545e-16, -1.0], [2.4492127076447545e-16, 7.0], [-15.0, 7.000000000000002], [-15.0, -0.9999999999999991], [-2.4492127076447545e-16, -1.0]], [[-8.881784197001252e-16, -9.0], [-3.9833587817117433e-16, -1.0], [-15.0, -0.9999999999999982], [-15.0, -8.999999999999998], [-8.881784197001252e-16, -9.0]], [[-15.0, -1.9999999999999991], [-23.0, -1.9999999999999982], [-23.0, -7.999999999999998], [-15.0, -7.999999999999999], [-15.0, -1.9999999999999991]], [[0.9999999999999996, 14.0], [1.0, 6.0], [7.0, 6.0], [7.0, 14.0], [0.9999999999999996, 14.0]], [[-23.000000000000004, -22.999999999999996], [-15.000000000000004, -23.0], [-15.0, -7.999999999999998], [-23.0, -7.9999999999999964], [-23.000000000000004, -22.999999999999996]], [[-11.5, 7.0], [-3.5, 7.0], [-3.5, 22.0], [-11.5, 22.0], [-11.5, 7.0]], [[0.0, 22.0], [4.898425415289509e-16, 30.0], [-15.0, 30.0], [-15.0, 22.0], [0.0, 22.0]], [[-19.5, 11.5], [-11.5, 11.5], [-11.5, 17.5], [-19.5, 17.5], [-19.5, 11.5]], [[-23.0, -1.9999999999999978], [-15.0, -1.9999999999999998], [-14.999999999999998, 4.0], [-23.0, 4.000000000000002], [-23.0, -1.9999999999999978]]], "node_id": [0, 1, 2, 3, 4, 5, 6, 7, 8, 9]}