{"corners": [[[0.0, 0.0], [8.0, 0.0], [8.0, 6.0], [0.0, 6.0], [0.0, 0.0]], [[-6.000000000000001, 11.0], [-6.0, -5.0], [0.0, -5.0], [-8.881784197001252e-16, 11.0], [-6.000000000000001, 11.0]], [[-6.000000000000002, 27.0], [-6.000000000000001, 11.0], [-8.881784197001252e-16, 11.0], [-1.7763568394002505e-15, 27.0], [-6.000000000000002, 27.0]], [[-6.000000000000002, 26.5], [-14.000000000000002, 26.5], [-14.0, 11.499999999999998], [-6.0, 11.5], [-6.000000000000002, 26.5]], [[-6.0000000000000036, 41.5], [-14.000000000000004, 41.5], [-14.000000000000002, 26.5], [-6.000000000000002, 26.5], [-6.0000000000000036, 41.5]], [[7.999999999999999, 11.0], [8.0, -5.0], [14.0, -5.0], [14.0, 11.0], [7.999999999999999, 11.0]], [[-7.0000000000000036, 41.5], [-7.000000000000005, 49.5], [-13.000000000000005, 49.5], [-13.000000000000004, 41.5], [-7.0000000000000036, 41.5]], [[8.000000000000002, 21.0], [1.7763568394002505e-15, 21.0], [0.0, 6.000000000000002], [8.0, 6.0], [8.000000000000002, 21.0]], [[1.7763568394002505e-15, 21.0], [8.000000000000002, 20.999999999999996], [8.000000000000005, 36.0], [5.450175900867382e-15, 36.0], [1.7763568394002505e-15, 21.0]], [[3.0, -11.0], [19.0, -11.0], [19.0, -5.0], [3.0, -5.0], [3.0, -11.0]]], "node_id": [0, 1, 2, 3, 4, 5, 6, 7, 8, 9]}