{"corners": [[[0.0, 0.0], [8.0, 0.0], [8.0, 6.0], [0.0, 6.0], [0.0, 0.0]], [[8.000000000000002, 21.0], [1.7763568394002505e-15, 21.0], [0.0, 6.000000000000002], [8.0, 6.0], [8.000000000000002, 21.0]], [[12.000000000000002, 27.0], [-3.9999999999999982, 27.000000000000004], [-3.9999999999999982, 21.0], [12.000000000000002, 21.0], [12.000000000000002, 27.0]], [[18.0, 16.0], [18.0, 32.0], [12.0, 32.0], [12.0, 16.0], [18.0, 16.0]], [[1.7763568394002505e-15, 27.0], [8.000000000000002, 26.999999999999996], [8.000000000000005, 42.0], [5.450175900867382e-15, 42.0], [1.7763568394002505e-15, 27.0]], [[12.000000000000004, 48.0], [12.0, 32.0], [18.0, 32.0], [18.000000000000004, 48.0], [12.000000000000004, 48.0]], [[14.0, -1.0], [14.0, 7.0], [8.0, 7.0], [8.0, -0.9999999999999997], [14.0, -1.0]], [[12.000000000000007, 64.0], [12.000000000000004, 48.0], [18.000000000000004, 48.0], [18.000000000000007, 64.0], [12.000000000000007, 64.0]], [[-9.999999999999996, 32.0], [-10.0, 16.0], [-3.999999999999999, 16.0], [-3.9999999999999964, 32.0], [-9.999999999999996, 32.0]], [[4.0000000000000036, 48.5], [12.000000000000004, 48.5], [12.000000000000007, 63.5], [4.000000000000007, 63.5], [4.0000000000000036, 48.5]]], "node_id": [0, 1, 2, 3, 4, 5, 6, 7, 8, 9]}