{"corners": [[[0.0, 0.0], [8.0, 0.0], [8.0, 6.0], [0.0, 6.0], [0.0, 0.0]], [[8.0, 7.0], [8.0, -1.0], [14.0, -1.0], [14.0, 7.0], [8.0, 7.0]], [[-8.0, -4.5], [0.0, -4.5], [0.0, 10.5], [-8.0, 10.5], [-8.0, -4.5]], [[-23.0, 6.999999999999999], [-23.0, -1.0000000000000009], [-8.0, -1.0], [-8.0, 7.0], [-23.0, 6.999999999999999]], [[0.0, 6.0], [8.0, 6.0], [8.0, 12.0], [0.0, 12.0], [0.0, 6.0]], [[8.0, -4.898425415289509e-16], [0.0, 4.898425415289509e-16], [-1.7763568394002505e-15, -14.999999999999998], [7.999999999999998, -15.0], [8.0, -4.898425415289509e-16]], [[-1.4089749332535373e-15, -4.5], [-16.0, -4.499999999999998], [-16.0, -10.499999999999998], [-2.1437387455469636e-15, -10.5], [-1.4089749332535373e-15, -4.5]], [[-3.552713678800501e-15, -21.0], [7.9999999999999964, -21.000000000000004], [7.999999999999998, -15.000000000000002], [-2.0831860542136482e-15, -15.0], [-3.552713678800501e-15, -21.0]], [[6.999999999999991, -37.0], [6.9999999999999964, -21.0], [0.9999999999999964, -20.999999999999996], [0.9999999999999911, -37.0], [6.999999999999991, -37.0]], [[14.0, 4.440892098500626e-16], [22.0, 4.440892098500626e-16], [22.0, 6.0], [14.0, 6.0], [14.0, 4.440892098500626e-16]]], "node_id": [0, 1, 2, 3, 4, 5, 6, 7, 8, 9]}