{"corners": [[[0.0, 0.0], [8.0, 0.0], [8.0, 15.0], [0.0, 15.0], [0.0, 0.0]], [[-2.4492127076447545e-16, 3.5], [2.4492127076447545e-16, 11.5], [-5.999999999999999, 11.5], [-6.0, 3.5000000000000004], [-2.4492127076447545e-16, 3.5]], [[8.0, 11.5], [8.0, 3.5], [14.0, 3.5], [14.0, 11.5], [8.0, 11.5]], [[1.0, -1.836909530733566e-16], [1.0000000000000009, -16.0], [7.000000000000001, -16.0], [7.0, 1.836909530733566e-16], [1.0, -1.836909530733566e-16]], [[1.0000000000000009, -16.0], [1.0000000000000018, -32.0], [7.000000000000002, -32.0], [7.000000000000001, -16.0], [1.0000000000000009, -16.0]], [[1.000000000000001, -28.0], [1.0000000000000016, -20.0], [-4.999999999999998, -20.0], [-4.999999999999999, -28.0], [1.000000000000001, -28.0]], [[20.0, 3.5], [20.0, 11.5], [14.0, 11.5], [14.0, 3.5000000000000004], [20.0, 3.5]], [[7.000000000000002, -27.0], [23.0, -27.0], [23.0, -21.0], [7.000000000000002, -21.0], [7.000000000000002, -27.0]], [[8.0, 3.5], [8.000000000000002, -12.5], [14.0, -12.5], [14.0, 3.5000000000000004], [8.0, 3.5]], [[0.9999999999999996, 23.0], [1.0, 15.0], [7.0, 15.0], [7.0, 23.0], [0.9999999999999996, 23.0]]], "node_id": [0, 1, 2, 3, 4, 5, 6, 7, 8, 9]}