{"corners": [[[0.0, 0.0], [16.0, 0.0], [16.0, 6.0], [0.0, 6.0], [0.0, 0.0]], [[12.0, -4.898425415289509e-16], [4.0, 4.898425415289509e-16], [4.0, -6.0], [12.0, -6.000000000000001], [12.0, -4.898425415289509e-16]], [[28.0, -2.220446049250313e-15], [12.0, -2.6107588313450947e-16], [12.0, -6.0], [28.0, -6.000000000000002], [28.0, -2.220446049250313e-15]], [[4.0, 6.0], [12.0, 6.0], [12.0, 12.0], [4.0, 12.0], [4.0, 6.0]], [[12.0, 6.0], [20.0, 6.0], [20.0, 12.0], [12.0, 12.0], [12.0, 6.0]]], "node_id": [0, 1, 2, 3, 4]}