{"corners": [[[0.0, 0.0], [16.0, 0.0], [16.0, 6.0], [0.0, 6.0], [0.0, 0.0]], [[0.4999999999999991, 14.0], [0.4999999999999996, 6.0], [15.5, 6.000000000000001], [15.5, 14.000000000000002], [0.4999999999999991, 14.0]], [[15.5, 14.0], [15.5, 22.0], [0.5, 22.0], [0.5, 14.000000000000002], [15.5, 14.0]], [[31.0, -1.0000000000000009], [31.0, 6.999999999999999], [16.0, 7.000000000000001], [16.0, -1.0], [31.0, -1.0000000000000009]], [[5.0000000000000036, 38.0], [5.000000000000001, 22.0], [11.0, 22.0], [11.000000000000004, 38.0], [5.0000000000000036, 38.0]]], "node_id": [0, 1, 2, 3, 4]}