{"corners": [[[0.0, 0.0], [16.0, 0.0], [16.0, 6.0], [0.0, 6.0], [0.0, 0.0]], [[12.0, -4.898425415289509e-16], [4.0, 4.898425415289509e-16], [4.0, -6.0], [12.0, -6.000000000000001], [12.0, -4.898425415289509e-16]], [[4.0, 6.0], [12.0, 6.0], [12.0, 21.0], [4.0, 21.0], [4.0, 6.0]], [[0.4999999999999991, 29.0], [0.4999999999999996, 21.0], [15.5, 21.0], [15.5, 29.0], [0.4999999999999991, 29.0]], [[27.0, 9.5], [27.0, 17.5], [12.0, 17.5], [12.0, 9.500000000000002], [27.0, 9.5]], [[23.5, 32.5], [15.5, 32.5], [15.499999999999998, 17.5], [23.499999999999996, 17.5], [23.5, 32.5]], [[12.000000000000002, 40.5], [12.0, 32.5], [27.0, 32.5], [27.0, 40.5], [12.000000000000002, 40.5]], [[21.5, 21.0], [21.5, 29.0], [15.5, 29.0], [15.5, 21.0], [21.5, 21.0]], [[16.0, 0.0], [32.0, 0.0], [32.0, 6.0], [16.0, 6.0], [16.0, 0.0]], [[16.5, 48.5], [16.5, 40.5], [22.5, 40.5], [22.5, 48.5], [16.5, 48.5]]], "node_id": [0, 1, 2, 3, 4, 5, 6, 7, 8, 9]}