{"corners": [[[0.0, 0.0], [8.0, 0.0], [8.0, 15.0], [0.0, 15.0], [0.0, 0.0]], [[7.0, 15.0], [7.000000000000001, 31.0], [1.0000000000000009, 31.0], [1.0, 15.0], [7.0, 15.0]], [[15.000000000000004, 30.5], [7.0000000000000036, 30.5], [7.000000000000002, 15.500000000000002], [15.000000000000002, 15.5], [15.000000000000004, 30.5]], [[21.0, 15.0], [21.0, 31.0], [15.0, 31.0], [15.0, 15.0], [21.0, 15.0]], [[25.5, 31.0], [25.5, 39.0], [10.5, 39.0], [10.5, 31.0], [25.5, 31.0]], [[8.881784197001252e-16, 31.0], [8.0, 31.0], [8.0, 46.0], [8.881784197001252e-16, 46.0], [8.881784197001252e-16, 31.0]], [[-6.999999999999999, 20.0], [1.0000000000000009, 20.0], [1.0000000000000009, 26.0], [-6.999999999999999, 26.0], [-6.999999999999999, 20.0]], [[14.000000000000002, 7.5], [14.000000000000002, 15.5], [8.000000000000004, 15.5], [8.000000000000002, 7.5], [14.000000000000002, 7.5]], [[-15.0, 20.0], [-7.0, 20.0], [-7.0, 26.0], [-15.0, 26.0], [-15.0, 20.0]], [[14.0, -8.5], [14.000000000000002, 7.5], [8.0, 7.5], [8.0, -8.5], [14.0, -8.5]]], "node_id": [0, 1, 2, 3, 4, 5, 6, 7, 8, 9]}