{"corners": [[[0.0, 0.0], [8.0, 0.0], [8.0, 15.0], [0.0, 15.0], [0.0, 0.0]], [[-4.0, 15.0], [12.0, 15.0], [12.0, 21.0], [-4.0, 21.0], [-4.0, 15.0]], [[-6.0, 11.5], [-5.999999999999999, 3.5], [8.881784197001252e-16, 3.5], [0.0, 11.5], [-6.0, 11.5]], [[-10.0, 22.0], [-10.0, 14.0], [-3.999999999999999, 14.0], [-4.0, 22.0], [-10.0, 22.0]], [[0.0, -4.5], [4.898425415289509e-16, 3.5], [-5.999999999999999, 3.5], [-6.0, -4.5], [0.0, -4.5]], [[-22.0, 4.5], [-6.0, 4.5], [-6.0, 10.5], [-22.0, 10.5], [-22.0, 4.5]], [[-18.0, 15.0], [-10.0, 15.0], [-10.0, 21.0], [-18.0, 21.0], [-18.0, 15.0]], [[-30.0, 4.5], [-22.0, 4.5], [-22.0, 10.5], [-30.0, 10.5], [-30.0, 4.5]], [[-21.0, 3.5000000000000027], [-21.0, -4.499999999999997], [-6.000000000000002, -4.500000000000001], [-6.0, 3.5], [-21.0, 3.5000000000000027]], [[7.0, -8.0], [7.000000000000001, 0.0], [1.0000000000000009, 0.0], [1.0, -8.0], [7.0, -8.0]]], "node_id": [0, 1, 2, 3, 4, 5, 6, 7, 8, 9]}