{"corners": [[[0.0, 0.0], [8.0, 0.0], [8.0, 6.0], [0.0, 6.0], [0.0, 0.0]], [[8.0, -4.898425415289509e-16], [0.0, 4.898425415289509e-16], [-1.7763568394002505e-15, -14.999999999999998], [7.999999999999998, -15.0], [8.0, -4.898425415289509e-16]], [[-2.021278110164726e-15, -11.5], [-1.531435568635775e-15, -3.5], [-15.000000000000002, -3.4999999999999982], [-15.000000000000002, -11.499999999999998], [-2.021278110164726e-15, -11.5]], [[-10.5, 4.5], [-10.500000000000002, -3.5], [-4.500000000000002, -3.5000000000000018], [-4.5, 4.499999999999999], [-10.5, 4.5]], [[0.9999999999999982, -15.0], [0.9999999999999953, -31.0], [6.999999999999996, -31.0], [6.999999999999998, -15.000000000000002], [0.9999999999999982, -15.0]], [[-16.5, 4.500000000000001], [-16.5, -3.499999999999999], [-10.500000000000002, -3.500000000000001], [-10.5, 4.5], [-16.5, 4.500000000000001]], [[23.0, -11.500000000000002], [23.0, -3.5000000000000018], [8.0, -3.5], [8.0, -11.5], [23.0, -11.500000000000002]], [[23.0, -1.0000000000000009], [23.0, 6.999999999999999], [8.0, 7.000000000000001], [8.0, -1.0], [23.0, -1.0000000000000009]], [[-3.500000000000005, -31.0], [-3.500000000000006, -39.0], [11.499999999999993, -39.0], [11.499999999999995, -31.000000000000004], [-3.500000000000005, -31.0]], [[18.5, -27.5], [18.5, -11.5], [12.5, -11.5], [12.5, -27.5], [18.5, -27.5]]], "node_id": [0, 1, 2, 3, 4, 5, 6, 7, 8, 9]}