{"corners": [[[0.0, 0.0], [8.0, 0.0], [8.0, 6.0], [0.0, 6.0], [0.0, 0.0]], [[-6.0, 7.0], [-5.999999999999999, -1.0], [8.881784197001252e-16, -1.0], [0.0, 7.0], [-6.0, 7.0]], [[7.999999999999999, 11.0], [8.0, -5.0], [14.0, -5.0], [14.0, 11.0], [7.999999999999999, 11.0]], [[8.0, 12.0], [0.0, 12.000000000000002], [0.0, 6.000000000000001], [7.999999999999999, 6.0], [8.0, 12.0]], [[8.0, -5.0], [8.0, -13.0], [14.0, -13.0], [14.0, -5.0], [8.0, -5.0]], [[18.5, -21.0], [18.5, -13.0], [3.5, -12.999999999999998], [3.5, -21.0], [18.5, -21.0]], [[20.0, -1.0], [20.0, 7.0], [14.0, 7.0], [14.0, -0.9999999999999997], [20.0, -1.0]], [[8.0, -6.0], [0.0, -6.000000000000001], [8.881784197001252e-16, -12.0], [8.0, -12.0], [8.0, -6.0]], [[15.0, -21.0], [7.0, -21.0], [6.999999999999998, -36.0], [14.999999999999998, -36.0], [15.0, -21.0]], [[7.347638122934264e-16, -13.0], [-7.347638122934264e-16, -5.0], [-6.000000000000001, -5.000000000000001], [-5.999999999999999, -13.000000000000002], [7.347638122934264e-16, -13.0]]], "node_id": [0, 1, 2, 3, 4, 5, 6, 7, 8, 9]}