{"corners": [[[0.0, 0.0], [8.0, 0.0], [8.0, 15.0], [0.0, 15.0], [0.0, 0.0]], [[7.999999999999999, 15.5], [8.0, -0.5], [14.0, -0.5], [14.0, 15.5], [7.999999999999999, 15.5]], [[14.0, 4.5], [30.0, 4.5], [30.0, 10.5], [14.0, 10.5], [14.0, 4.5]], [[14.5, 18.5], [14.5, 10.5], [29.5, 10.5], [29.5, 18.5], [14.5, 18.5]], [[45.0, 3.499999999999999], [45.0, 11.5], [30.0, 11.5], [30.0, 3.5], [45.0, 3.499999999999999]], [[8.000000000000002, 30.0], [1.7763568394002505e-15, 30.0], [0.0, 15.000000000000002], [8.0, 15.0], [8.000000000000002, 30.0]], [[51.0, 3.499999999999999], [51.0, 11.5], [45.0, 11.5], [45.0, 3.4999999999999996], [51.0, 3.499999999999999]], [[7.0, -8.0], [7.000000000000001, 0.0], [1.0000000000000009, 0.0], [1.0, -8.0], [7.0, -8.0]], [[44.0, -2.500000000000001], [52.0, -2.500000000000001], [52.0, 3.499999999999999], [44.0, 3.499999999999999], [44.0, -2.500000000000001]], [[52.0, -2.500000000000001], [60.0, -2.500000000000001], [60.0, 3.499999999999999], [52.0, 3.499999999999999], [52.0, -2.500000000000001]]], "node_id": [0, 1, 2, 3, 4, 5, 6, 7, 8, 9]}