{"corners": [[[0.0, 0.0], [16.0, 0.0], [16.0, 6.0], [0.0, 6.0], [0.0, 0.0]], [[16.0, -4.5], [24.0, -4.5], [24.0, 10.5], [16.0, 10.5], [16.0, -4.5]], [[11.0, 6.0], [11.0, 14.0], [5.000000000000001, 14.0], [5.0, 6.0], [11.0, 6.0]], [[-8.0, -4.5], [0.0, -4.5], [0.0, 10.5], [-8.0, 10.5], [-8.0, -4.5]], [[30.0, -1.0], [30.0, 7.0], [24.0, 7.0], [24.0, -0.9999999999999997], [30.0, -1.0]], [[11.0, -8.0], [11.0, 0.0], [5.000000000000001, 0.0], [5.0, -8.0], [11.0, -8.0]], [[24.0, -4.500000000000001], [16.0, -4.5], [15.999999999999998, -19.5], [23.999999999999996, -19.5], [24.0, -4.500000000000001]], [[15.999999999999998, -16.0], [15.999999999999998, -8.0], [10.0, -8.0], [9.999999999999998, -16.0], [15.999999999999998, -16.0]], [[-8.0, -1.0], [-7.999999999999999, 7.0], [-23.0, 7.000000000000002], [-23.0, -0.9999999999999991], [-8.0, -1.0]], [[17.0, -19.5], [17.0, -27.5], [23.0, -27.5], [23.0, -19.5], [17.0, -19.5]]], "node_id": [0, 1, 2, 3, 4, 5, 6, 7, 8, 9]}