{"corners": [[[0.0, 0.0], [16.0, 0.0], [16.0, 6.0], [0.0, 6.0], [0.0, 0.0]], [[32.0, 5.999999999999998], [16.0, 6.0], [16.0, 0.0], [32.0, -1.7763568394002505e-15], [32.0, 5.999999999999998]], [[16.5, 14.0], [16.5, 6.0], [31.5, 5.9999999999999964], [31.5, 13.999999999999996], [16.5, 14.0]], [[31.999999999999996, -4.500000000000002], [40.0, -4.5000000000000036], [40.0, 10.499999999999996], [32.0, 10.499999999999998], [31.999999999999996, -4.500000000000002]], [[12.0, -4.898425415289509e-16], [4.0, 4.898425415289509e-16], [3.9999999999999982, -14.999999999999998], [11.999999999999998, -15.0], [12.0, -4.898425415289509e-16]], [[-16.0, 0.0], [0.0, 0.0], [0.0, 6.0], [-16.0, 6.0], [-16.0, 0.0]], [[-4.0, -4.898425415289509e-16], [-12.0, 4.898425415289509e-16], [-12.000000000000002, -14.999999999999998], [-4.000000000000002, -15.0], [-4.0, -4.898425415289509e-16]], [[48.0, 10.499999999999993], [40.0, 10.499999999999996], [39.99999999999999, -4.5000000000000036], [47.99999999999999, -4.500000000000007], [48.0, 10.499999999999993]], [[10.5, 14.0], [10.499999999999998, 6.0], [16.5, 5.999999999999998], [16.5, 13.999999999999998], [10.5, 14.0]], [[0.0, 12.0], [-16.0, 12.000000000000002], [-16.0, 6.000000000000002], [-7.347638122934264e-16, 6.0], [0.0, 12.0]]], "node_id": [0, 1, 2, 3, 4, 5, 6, 7, 8, 9]}