{"corners": [[[0.0, 0.0], [8.0, 0.0], [8.0, 15.0], [0.0, 15.0], [0.0, 0.0]], [[0.0, 15.0], [8.0, 15.0], [8.0, 30.0], [0.0, 30.0], [0.0, 15.0]], [[-6.0, 11.5], [-5.999999999999999, 3.5], [8.881784197001252e-16, 3.5], [0.0, 11.5], [-6.0, 11.5]], [[7.0, -8.0], [7.000000000000001, 0.0], [1.0000000000000009, 0.0], [1.0, -8.0], [7.0, -8.0]], [[8.0, 19.5], [16.0, 19.5], [16.0, 25.5], [8.0, 25.5], [8.0, 19.5]], [[8.0, 4.5], [16.0, 4.5], [16.0, 10.5], [8.0, 10.5], [8.0, 4.5]], [[1.0, -7.999999999999999], [0.9999999999999986, -16.0], [6.999999999999998, -16.0], [7.0, -8.0], [1.0, -7.999999999999999]], [[6.999999999999994, -32.0], [6.999999999999999, -16.0], [0.9999999999999991, -15.999999999999996], [0.9999999999999938, -31.999999999999996], [6.999999999999994, -32.0]], [[0.9999999999999992, -16.5], [-7.000000000000001, -16.499999999999996], [-7.000000000000006, -31.499999999999996], [0.9999999999999937, -31.5], [0.9999999999999992, -16.5]], [[-6.0, 10.5], [-22.0, 10.499999999999998], [-22.0, 4.499999999999998], [-5.999999999999999, 4.5], [-6.0, 10.5]]], "node_id": [0, 1, 2, 3, 4, 5, 6, 7, 8, 9]}