{"corners": [[[0.0, 0.0], [8.0, 0.0], [8.0, 15.0], [0.0, 15.0], [0.0, 0.0]], [[8.000000000000002, 30.0], [1.7763568394002505e-15, 30.0], [0.0, 15.000000000000002], [8.0, 15.0], [8.000000000000002, 30.0]], [[-3.5, -4.592273826833915e-16], [-3.4999999999999996, -8.0], [11.5, -8.0], [11.5, 4.592273826833915e-16], [-3.5, -4.592273826833915e-16]], [[7.999999999999999, 19.5], [16.0, 19.499999999999996], [16.0, 25.5], [8.0, 25.5], [7.999999999999999, 19.5]], [[11.500000000000002, 30.0], [11.500000000000002, 38.0], [-3.4999999999999982, 38.0], [-3.4999999999999982, 30.0], [11.500000000000002, 30.0]], [[1.0000000000000058, 54.0], [1.0000000000000029, 38.0], [7.0000000000000036, 38.0], [7.000000000000005, 54.0], [1.0000000000000058, 54.0]], [[11.5, -16.0], [11.5, -8.0], [-3.5, -7.999999999999998], [-3.5, -15.999999999999998], [11.5, -16.0]], [[-9.499999999999996, 38.0], [-9.499999999999998, 30.0], [-3.4999999999999982, 30.0], [-3.4999999999999964, 38.0], [-9.499999999999996, 38.0]], [[16.0, 19.5], [8.0, 19.500000000000004], [7.999999999999998, 13.500000000000004], [15.999999999999998, 13.5], [16.0, 19.5]], [[-2.4492127076447545e-16, 3.5], [2.4492127076447545e-16, 11.5], [-15.0, 11.500000000000002], [-15.0, 3.500000000000001], [-2.4492127076447545e-16, 3.5]]], "node_id": [0, 1, 2, 3, 4, 5, 6, 7, 8, 9]}