{"corners": [[[0.0, 0.0], [16.0, 0.0], [16.0, 6.0], [0.0, 6.0], [0.0, 0.0]], [[-6.000000000000001, 11.0], [-6.0, -5.0], [0.0, -5.0], [-8.881784197001252e-16, 11.0], [-6.000000000000001, 11.0]], [[12.0, -4.898425415289509e-16], [4.0, 4.898425415289509e-16], [4.0, -6.0], [12.0, -6.000000000000001], [12.0, -4.898425415289509e-16]], [[28.0, -2.220446049250313e-15], [12.0, -2.6107588313450947e-16], [12.0, -6.0], [28.0, -6.000000000000002], [28.0, -2.220446049250313e-15]], [[-12.0, 11.0], [-11.999999999999998, -5.0], [-5.999999999999999, -5.0], [-6.0, 11.0], [-12.0, 11.0]], [[11.0, 6.0], [11.000000000000002, 22.0], [5.000000000000001, 22.0], [5.0, 6.0], [11.0, 6.0]], [[28.0, -6.000000000000002], [44.0, -6.000000000000005], [44.0, -5.329070518200751e-15], [28.0, -1.7763568394002505e-15], [28.0, -6.000000000000002]], [[-12.0, -1.0], [-12.0, 7.0], [-27.0, 7.000000000000002], [-27.0, -0.9999999999999991], [-12.0, -1.0]], [[11.0, 11.0], [27.0, 11.0], [27.0, 17.0], [11.0, 17.0], [11.0, 11.0]], [[44.0, 5.999999999999994], [28.0, 6.0], [27.999999999999996, 0.0], [44.0, -6.217248937900877e-15], [44.0, 5.999999999999994]]], "node_id": [0, 1, 2, 3, 4, 5, 6, 7, 8, 9]}