{"corners": [[[0.0, 0.0], [8.0, 0.0], [8.0, 15.0], [0.0, 15.0], [0.0, 0.0]], [[12.0, 21.0], [-4.0, 21.000000000000004], [-4.0, 15.000000000000002], [12.0, 15.0], [12.0, 21.0]], [[7.0, 21.0], [7.000000000000001, 29.0], [1.0000000000000009, 29.0], [1.0, 21.0], [7.0, 21.0]], [[-4.0, 29.0], [12.0, 29.0], [12.0, 35.0], [-4.0, 35.0], [-4.0, 29.0]], [[-16.0, 4.5], [0.0, 4.5], [0.0, 10.5], [-16.0, 10.5], [-16.0, 4.5]], [[-16.0, 3.5], [-16.0, 11.5], [-22.0, 11.5], [-22.0, 3.5000000000000004], [-16.0, 3.5]], [[-4.000000000000001, 24.0], [-4.0, 40.0], [-10.0, 40.0], [-10.0, 24.0], [-4.000000000000001, 24.0]], [[-12.0, 10.5], [-4.0, 10.5], [-4.0, 16.5], [-12.0, 16.5], [-12.0, 10.5]], [[-11.5, -4.5], [-11.5, 3.5], [-26.5, 3.5000000000000018], [-26.5, -4.499999999999999], [-11.5, -4.5]], [[27.0, 28.0], [27.0, 36.0], [12.0, 36.0], [12.0, 28.0], [27.0, 28.0]]], "node_id": [0, 1, 2, 3, 4, 5, 6, 7, 8, 9]}