{"corners": [[[0.0, 0.0], [8.0, 0.0], [8.0, 15.0], [0.0, 15.0], [0.0, 0.0]], [[-2.4492127076447545e-16, 3.5], [2.4492127076447545e-16, 11.5], [-15.0, 11.500000000000002], [-15.0, 3.500000000000001], [-2.4492127076447545e-16, 3.5]], [[0.0, -15.0], [8.0, -15.0], [8.0, 0.0], [0.0, 0.0], [0.0, -15.0]], [[-15.0, 3.500000000000001], [-15.0, 11.5], [-21.0, 11.5], [-21.0, 3.5000000000000013], [-15.0, 3.500000000000001]], [[14.0, -11.5], [14.0, -3.5], [8.0, -3.5], [8.0, -11.5], [14.0, -11.5]], [[0.9999999999999996, 23.0], [1.0, 15.0], [7.0, 15.0], [7.0, 23.0], [0.9999999999999996, 23.0]], [[-21.0, 3.5000000000000013], [-21.000000000000004, -12.499999999999998], [-15.000000000000004, -12.499999999999998], [-15.0, 3.5000000000000004], [-21.0, 3.5000000000000013]], [[8.881784197001252e-16, 11.5], [1.3780209612290761e-15, 19.5], [-15.0, 19.5], [-15.0, 11.500000000000002], [8.881784197001252e-16, 11.5]], [[22.0, 15.0], [22.0, 23.0], [7.0, 23.0], [7.0, 15.000000000000002], [22.0, 15.0]], [[14.0, -10.5], [30.0, -10.5], [30.0, -4.5], [14.0, -4.5], [14.0, -10.5]]], "node_id": [0, 1, 2, 3, 4, 5, 6, 7, 8, 9]}