{"corners": [[[0.0, 0.0], [8.0, 0.0], [8.0, 6.0], [0.0, 6.0], [0.0, 0.0]], [[-4.0, 6.0], [12.0, 6.0], [12.0, 12.0], [-4.0, 12.0], [-4.0, 6.0]], [[-3.500000000000001, 20.0], [-3.5000000000000004, 12.0], [11.5, 12.0], [11.5, 20.0], [-3.500000000000001, 20.0]], [[12.0, -9.796850830579018e-16], [-4.0, 9.796850830579018e-16], [-4.0, -5.999999999999999], [12.0, -6.000000000000001], [12.0, -9.796850830579018e-16]], [[-4.000000000000001, 20.0], [12.0, 20.0], [12.0, 26.0], [-4.000000000000001, 26.0], [-4.000000000000001, 20.0]]], "node_id": [0, 1, 2, 3, 4]}