{"corners": [[[0.0, 0.0], [8.0, 0.0], [8.0, 6.0], [0.0, 6.0], [0.0, 0.0]], [[1.0, -1.836909530733566e-16], [1.0000000000000009, -16.0], [7.000000000000001, -16.0], [7.0, 1.836909530733566e-16], [1.0, -1.836909530733566e-16]], [[7.0, 6.0], [7.000000000000001, 14.0], [1.0000000000000009, 14.0], [1.0, 6.0], [7.0, 6.0]], [[-4.999999999999999, 14.0], [-5.000000000000001, 6.0], [0.9999999999999991, 5.999999999999998], [1.0000000000000009, 13.999999999999998], [-4.999999999999999, 14.0]], [[-3.4999999999999982, 22.0], [-3.4999999999999996, 14.0], [11.5, 13.999999999999996], [11.500000000000002, 21.999999999999996], [-3.4999999999999982, 22.0]]], "node_id": [0, 1, 2, 3, 4]}