{"corners": [[[0.0, 0.0], [8.0, 0.0], [8.0, 6.0], [0.0, 6.0], [0.0, 0.0]], [[1.0, -1.836909530733566e-16], [1.0000000000000009, -16.0], [7.000000000000001, -16.0], [7.0, 1.836909530733566e-16], [1.0, -1.836909530733566e-16]], [[14.0, -1.0], [14.0, 7.0], [8.0, 7.0], [8.0, -0.9999999999999997], [14.0, -1.0]], [[14.0, 0.0], [30.0, 0.0], [30.0, 6.0], [14.0, 6.0], [14.0, 0.0]], [[8.0, 12.0], [0.0, 12.000000000000002], [0.0, 6.000000000000001], [7.999999999999999, 6.0], [8.0, 12.0]]], "node_id": [0, 1, 2, 3, 4]}