{"corners": [[[0.0, 0.0], [8.0, 0.0], [8.0, 15.0], [0.0, 15.0], [0.0, 0.0]], [[-2.4492127076447545e-16, 3.5], [2.4492127076447545e-16, 11.5], [-15.0, 11.500000000000002], [-15.0, 3.500000000000001], [-2.4492127076447545e-16, 3.5]], [[7.0, 15.0], [7.000000000000001, 31.0], [1.0000000000000009, 31.0], [1.0, 15.0], [7.0, 15.0]], [[-21.0, 15.500000000000004], [-21.000000000000004, -0.49999999999999645], [-15.000000000000004, -0.49999999999999645], [-15.0, 15.500000000000002], [-21.0, 15.500000000000004]], [[-11.5, -11.5], [-3.5, -11.5], [-3.5, 3.5], [-11.5, 3.5], [-11.5, -11.5]], [[1.0000000000000022, 39.0], [1.0000000000000007, 31.0], [7.0, 31.0], [7.000000000000002, 39.0], [1.0000000000000022, 39.0]], [[-11.5, -26.5], [-3.5, -26.5], [-3.5, -11.5], [-11.5, -11.5], [-11.5, -26.5]], [[-10.5, 15.500000000000002], [-10.499999999999998, 23.5], [-25.5, 23.500000000000007], [-25.5, 15.500000000000007], [-10.5, 15.500000000000002]], [[-10.499999999999996, 23.5], [-10.5, 15.5], [-4.5, 15.499999999999998], [-4.4999999999999964, 23.499999999999996], [-10.499999999999996, 23.5]], [[15.0, 26.0], [7.0, 26.0], [7.0, 20.0], [15.0, 20.0], [15.0, 26.0]]], "node_id": [0, 1, 2, 3, 4, 5, 6, 7, 8, 9]}