{"corners": [[[0.0, 0.0], [8.0, 0.0], [8.0, 6.0], [0.0, 6.0], [0.0, 0.0]], [[12.0, -9.796850830579018e-16], [-4.0, 9.796850830579018e-16], [-4.0, -5.999999999999999], [12.0, -6.000000000000001], [12.0, -9.796850830579018e-16]], [[0.9999999999999996, 14.0], [1.0, 6.0], [7.0, 6.0], [7.0, 14.0], [0.9999999999999996, 14.0]], [[11.999999999999998, -10.5], [20.0, -10.500000000000002], [20.0, 4.499999999999998], [12.000000000000002, 4.5], [11.999999999999998, -10.5]], [[11.999999999999995, -25.5], [19.999999999999993, -25.500000000000004], [20.0, -10.500000000000002], [11.999999999999998, -10.5], [11.999999999999995, -25.5]]], "node_id": [0, 1, 2, 3, 4]}