{"corners": [[[0.0, 0.0], [16.0, 0.0], [16.0, 6.0], [0.0, 6.0], [0.0, 0.0]], [[11.0, 6.0], [11.0, 14.0], [5.000000000000001, 14.0], [5.0, 6.0], [11.0, 6.0]], [[5.0, -1.836909530733566e-16], [5.000000000000001, -8.0], [11.0, -8.0], [11.0, 1.836909530733566e-16], [5.0, -1.836909530733566e-16]], [[11.0, 14.0], [11.0, 22.0], [5.000000000000001, 22.0], [5.0, 14.0], [11.0, 14.0]], [[31.0, -1.0000000000000009], [31.0, 6.999999999999999], [16.0, 7.000000000000001], [16.0, -1.0], [31.0, -1.0000000000000009]]], "node_id": [0, 1, 2, 3, 4]}