{"corners": [[[0.0, 0.0], [16.0, 0.0], [16.0, 6.0], [0.0, 6.0], [0.0, 0.0]], [[11.0, -16.0], [11.000000000000002, 0.0], [5.000000000000001, 0.0], [5.0, -16.0], [11.0, -16.0]], [[11.0, 6.0], [11.000000000000002, 22.0], [5.000000000000001, 22.0], [5.0, 6.0], [11.0, 6.0]], [[16.0, 0.0], [24.0, 0.0], [24.0, 6.0], [16.0, 6.0], [16.0, 0.0]], [[-16.0, 0.0], [0.0, 0.0], [0.0, 6.0], [-16.0, 6.0], [-16.0, 0.0]], [[11.0, 11.0], [19.0, 11.0], [19.0, 17.0], [11.0, 17.0], [11.0, 11.0]], [[5.0, -16.0], [4.999999999999998, -24.0], [10.999999999999998, -24.0], [11.0, -16.0], [5.0, -16.0]], [[4.9999999999999964, -28.0], [5.000000000000002, -12.0], [-0.9999999999999982, -11.999999999999996], [-1.0000000000000036, -27.999999999999996], [4.9999999999999964, -28.0]], [[24.0, 7.0], [24.0, -1.0], [30.0, -1.0], [30.0, 7.0], [24.0, 7.0]], [[19.0, -5.000000000000001], [11.0, -5.0], [11.0, -11.0], [19.0, -11.0], [19.0, -5.000000000000001]], [[10.999999999999996, -26.0], [18.999999999999996, -26.000000000000004], [19.0, -11.000000000000002], [11.0, -11.0], [10.999999999999996, -26.0]]], "node_id": [0, 1, 2, 3, 4, 5, 6, 7, 8, 9, 10]}