{"corners": [[[0.0, 0.0], [8.0, 0.0], [8.0, 6.0], [0.0, 6.0], [0.0, 0.0]], [[14.0, -5.0], [14.000000000000002, 11.0], [8.0, 11.0], [8.0, -5.0], [14.0, -5.0]], [[15.0, -5.000000000000001], [7.0, -5.0], [6.999999999999998, -20.0], [14.999999999999998, -20.0], [15.0, -5.000000000000001]], [[14.0, 0.0], [30.0, 0.0], [30.0, 6.0], [14.0, 6.0], [14.0, 0.0]], [[0.9999999999999991, 22.0], [1.0, 6.0], [7.0, 6.0], [6.999999999999999, 22.0], [0.9999999999999991, 22.0]], [[14.0, 11.0], [14.0, 19.0], [8.0, 19.0], [8.0, 11.0], [14.0, 11.0]], [[31.0, -9.500000000000002], [15.0, -9.5], [15.0, -15.5], [31.0, -15.500000000000002], [31.0, -9.500000000000002]], [[29.0, 11.0], [29.0, 19.0], [14.0, 19.0], [14.0, 11.000000000000002], [29.0, 11.0]], [[0.9999999999999992, 17.0], [-15.0, 16.999999999999996], [-15.0, 10.999999999999998], [1.0, 11.0], [0.9999999999999992, 17.0]], [[14.0, 19.0], [14.0, 27.0], [8.0, 27.0], [8.0, 19.0], [14.0, 19.0]], [[30.0, 7.0], [30.0, -1.0], [36.0, -1.0], [36.0, 7.0], [30.0, 7.0]]], "node_id": [0, 1, 2, 3, 4, 5, 6, 7, 8, 9, 10]}