{"corners": [[[0.0, 0.0], [8.0, 0.0], [8.0, 6.0], [0.0, 6.0], [0.0, 0.0]], [[1.0, -1.836909530733566e-16], [1.0000000000000004, -8.0], [7.000000000000001, -8.0], [7.0, 1.836909530733566e-16], [1.0, -1.836909530733566e-16]], [[1.0, -8.0], [1.0000000000000009, -24.0], [7.000000000000001, -24.0], [7.0, -8.0], [1.0, -8.0]], [[23.0, -1.0000000000000009], [23.0, 6.999999999999999], [8.0, 7.000000000000001], [8.0, -1.0], [23.0, -1.0000000000000009]], [[23.0, -12.999999999999998], [7.0, -13.0], [7.0, -19.0], [23.0, -19.0], [23.0, -12.999999999999998]], [[18.0, -13.0], [18.0, -5.0], [11.999999999999998, -5.000000000000001], [12.0, -13.000000000000002], [18.0, -13.0]], [[7.0, -32.0], [7.000000000000001, -24.0], [1.0000000000000009, -24.0], [1.0, -32.0], [7.0, -32.0]], [[8.000000000000002, 15.0], [8.0, 7.0], [23.0, 6.9999999999999964], [23.0, 14.999999999999996], [8.000000000000002, 15.0]], [[7.0, 6.0], [7.000000000000001, 22.0], [1.0000000000000009, 22.0], [1.0, 6.0], [7.0, 6.0]], [[-6.0, 7.0], [-5.999999999999999, -1.0], [8.881784197001252e-16, -1.0], [0.0, 7.0], [-6.0, 7.0]], [[-6.0, -1.0000000000000002], [-5.999999999999999, -17.0], [8.881784197001252e-16, -17.0], [0.0, -0.9999999999999999], [-6.0, -1.0000000000000002]]], "node_id": [0, 1, 2, 3, 4, 5, 6, 7, 8, 9, 10]}