{"corners": [[[0.0, 0.0], [16.0, 0.0], [16.0, 6.0], [0.0, 6.0], [0.0, 0.0]], [[11.0, 6.0], [11.000000000000002, 22.0], [5.000000000000001, 22.0], [5.0, 6.0], [11.0, 6.0]], [[5.000000000000001, 17.0], [-11.0, 17.000000000000004], [-11.0, 11.000000000000002], [5.0, 11.0], [5.000000000000001, 17.0]], [[3.673819061467132e-16, 6.0], [-16.0, 6.000000000000002], [-16.0, 1.7763568394002505e-15], [-3.673819061467132e-16, 0.0], [3.673819061467132e-16, 6.0]], [[11.0, 22.0], [11.0, 30.0], [5.000000000000001, 30.0], [5.0, 22.0], [11.0, 22.0]]], "node_id": [0, 1, 2, 3, 4]}