{"corners": [[[0.0, 0.0], [8.0, 0.0], [8.0, 6.0], [0.0, 6.0], [0.0, 0.0]], [[7.0, 6.0], [7.000000000000001, 14.0], [1.0000000000000009, 14.0], [1.0, 6.0], [7.0, 6.0]], [[6.999999999999999, -16.0], [7.0, 0.0], [1.0, 0.0], [0.9999999999999991, -16.0], [6.999999999999999, -16.0]], [[-14.0, -3.9999999999999973], [-14.000000000000002, -11.999999999999996], [0.9999999999999982, -12.0], [1.0, -4.0], [-14.0, -3.9999999999999973]], [[7.999999999999999, -16.0], [-8.881784197001252e-16, -15.999999999999998], [-2.6645352591003757e-15, -31.0], [7.999999999999997, -31.0], [7.999999999999999, -16.0]]], "node_id": [0, 1, 2, 3, 4]}