{"corners": [[[0.0, 0.0], [8.0, 0.0], [8.0, 15.0], [0.0, 15.0], [0.0, 0.0]], [[8.0, 0.0], [16.0, 0.0], [16.0, 15.0], [8.0, 15.0], [8.0, 0.0]], [[16.0, 15.5], [16.0, -0.5], [22.0, -0.5], [22.0, 15.5], [16.0, 15.5]], [[8.0, 21.0], [0.0, 21.0], [0.0, 15.0], [7.999999999999999, 15.0], [8.0, 21.0]], [[22.0, 4.5], [38.0, 4.5], [38.0, 10.5], [22.0, 10.5], [22.0, 4.5]], [[33.0, 10.5], [33.0, 26.5], [27.0, 26.5], [27.0, 10.5], [33.0, 10.5]], [[-2.4492127076447545e-16, 14.0], [2.4492127076447545e-16, 22.0], [-5.999999999999999, 22.0], [-6.0, 14.0], [-2.4492127076447545e-16, 14.0]], [[11.0, 15.5], [27.0, 15.5], [27.0, 21.5], [11.0, 21.5], [11.0, 15.5]], [[8.0, -4.898425415289509e-16], [0.0, 4.898425415289509e-16], [0.0, -6.0], [7.999999999999999, -6.000000000000001], [8.0, -4.898425415289509e-16]], [[-6.0, 21.0], [-14.0, 21.0], [-14.0, 15.0], [-6.000000000000001, 15.0], [-6.0, 21.0]], [[-7.0, 22.0], [1.0, 22.0], [1.0, 37.0], [-7.0, 37.0], [-7.0, 22.0]]], "node_id": [0, 1, 2, 3, 4, 5, 6, 7, 8, 9, 10]}