{"corners": [[[0.0, 0.0], [8.0, 0.0], [8.0, 15.0], [0.0, 15.0], [0.0, 0.0]], [[7.0, 15.0], [7.000000000000001, 23.0], [1.0000000000000009, 23.0], [1.0, 15.0], [7.0, 15.0]], [[-6.0, 11.5], [-5.999999999999999, 3.5], [8.881784197001252e-16, 3.5], [0.0, 11.5], [-6.0, 11.5]], [[-6.0, 3.5], [-5.999999999999999, -4.5], [8.881784197001252e-16, -4.5], [0.0, 3.5000000000000004], [-6.0, 3.5]], [[5.0, -4.499999999999999], [-11.0, -4.500000000000001], [-11.0, -10.5], [5.000000000000001, -10.5], [5.0, -4.499999999999999]]], "node_id": [0, 1, 2, 3, 4]}