{"corners": [[[0.0, 0.0], [16.0, 0.0], [16.0, 6.0], [0.0, 6.0], [0.0, 0.0]], [[16.0, 7.0], [16.0, -1.0], [31.0, -0.9999999999999991], [31.0, 7.000000000000001], [16.0, 7.0]], [[31.0, -9.0], [31.0, -1.0], [16.0, -0.9999999999999982], [16.0, -8.999999999999998], [31.0, -9.0]], [[46.0, -9.0], [46.0, -1.0], [31.0, -0.9999999999999982], [31.0, -8.999999999999998], [46.0, -9.0]], [[31.0, 7.000000000000001], [31.0, -0.9999999999999991], [46.0, -0.9999999999999982], [46.0, 7.000000000000002], [31.0, 7.000000000000001]], [[-15.0, 6.999999999999999], [-15.0, -1.0000000000000009], [0.0, -1.0], [0.0, 7.0], [-15.0, 6.999999999999999]], [[-15.5, -7.0], [0.5, -7.0], [0.5, -1.0], [-15.5, -1.0], [-15.5, -7.0]], [[-15.0, 5.999999999999999], [-31.0, 5.999999999999997], [-31.0, -2.6645352591003757e-15], [-15.0, -8.881784197001252e-16], [-15.0, 5.999999999999999]], [[62.0, -2.0000000000000018], [46.0, -1.9999999999999998], [46.0, -8.0], [62.0, -8.000000000000002], [62.0, -2.0000000000000018]], [[31.0, -17.0], [31.0, -9.0], [16.0, -8.999999999999998], [16.0, -17.0], [31.0, -17.0]], [[-15.5, -13.0], [0.5, -13.0], [0.5, -7.0], [-15.5, -7.0], [-15.5, -13.0]]], "node_id": [0, 1, 2, 3, 4, 5, 6, 7, 8, 9, 10]}