{"corners": [[[0.0, 0.0], [16.0, 0.0], [16.0, 6.0], [0.0, 6.0], [0.0, 0.0]], [[5.0, 14.0], [5.000000000000001, 6.0], [11.0, 6.0], [11.0, 14.0], [5.0, 14.0]], [[26.0, 5.999999999999999], [26.0, 14.0], [11.0, 14.0], [11.0, 6.0], [26.0, 5.999999999999999]], [[4.0, -6.0], [12.0, -6.0], [12.0, 0.0], [4.0, 0.0], [4.0, -6.0]], [[11.000000000000002, 22.0], [11.0, 14.0], [26.0, 13.999999999999996], [26.0, 21.999999999999996], [11.000000000000002, 22.0]], [[22.5, 37.0], [14.5, 37.0], [14.499999999999998, 22.0], [22.499999999999996, 22.0], [22.5, 37.0]], [[-6.0, 7.0], [-5.999999999999999, -1.0], [8.881784197001252e-16, -1.0], [0.0, 7.0], [-6.0, 7.0]], [[30.5, 32.5], [22.5, 32.5], [22.5, 26.5], [30.5, 26.5], [30.5, 32.5]], [[11.0, 14.0], [11.000000000000002, 22.0], [-3.9999999999999982, 22.000000000000007], [-4.0, 14.000000000000005], [11.0, 14.0]], [[14.499999999999998, 25.5], [14.499999999999998, 33.5], [-0.5000000000000018, 33.5], [-0.5000000000000018, 25.5], [14.499999999999998, 25.5]], [[5.0, -6.0], [5.000000000000001, -22.0], [11.0, -22.0], [11.0, -6.0], [5.0, -6.0]]], "node_id": [0, 1, 2, 3, 4, 5, 6, 7, 8, 9, 10]}