{"corners": [[[0.0, 0.0], [8.0, 0.0], [8.0, 6.0], [0.0, 6.0], [0.0, 0.0]], [[9.18454765366783e-16, 10.5], [-7.999999999999999, 10.500000000000002], [-8.0, -4.499999999999998], [-9.18454765366783e-16, -4.5], [9.18454765366783e-16, 10.5]], [[-13.999999999999998, 11.000000000000004], [-14.000000000000002, -4.9999999999999964], [-8.0, -4.9999999999999964], [-7.999999999999998, 11.000000000000002], [-13.999999999999998, 11.000000000000004]], [[8.0, 7.0], [8.0, -1.0], [23.0, -0.9999999999999991], [23.0, 7.000000000000001], [8.0, 7.0]], [[7.5, 7.000000000000001], [23.5, 7.000000000000001], [23.5, 13.0], [7.5, 13.0], [7.5, 7.000000000000001]], [[23.0, 7.000000000000001], [23.0, -0.9999999999999991], [29.0, -0.9999999999999991], [29.0, 7.000000000000001], [23.0, 7.000000000000001]], [[-7.000000000000001, -4.499999999999999], [-7.0000000000000036, -20.5], [-1.0000000000000036, -20.5], [-1.0000000000000009, -4.5], [-7.000000000000001, -4.499999999999999]], [[-14.000000000000002, -0.9999999999999964], [-14.0, 7.0000000000000036], [-20.0, 7.000000000000005], [-20.0, -0.9999999999999946], [-14.000000000000002, -0.9999999999999964]], [[23.5, 7.0], [31.5, 7.0], [31.5, 13.0], [23.5, 13.0], [23.5, 7.0]], [[47.5, 12.999999999999998], [31.5, 13.0], [31.5, 7.0], [47.5, 6.999999999999998], [47.5, 12.999999999999998]], [[23.0, 13.0], [23.0, 21.0], [8.0, 21.0], [8.0, 13.000000000000002], [23.0, 13.0]]], "node_id": [0, 1, 2, 3, 4, 5, 6, 7, 8, 9, 10]}