{"corners": [[[0.0, 0.0], [8.0, 0.0], [8.0, 15.0], [0.0, 15.0], [0.0, 0.0]], [[23.0, 3.499999999999999], [23.0, 11.5], [8.0, 11.5], [8.0, 3.5], [23.0, 3.499999999999999]], [[23.0, -8.881784197001252e-16], [31.0, -8.881784197001252e-16], [31.0, 15.0], [23.0, 15.0], [23.0, -8.881784197001252e-16]], [[12.5, 3.5], [12.499999999999996, -12.5], [18.499999999999996, -12.5], [18.5, 3.499999999999999], [12.5, 3.5]], [[30.0, 15.0], [30.0, 23.0], [24.0, 23.0], [24.0, 15.0], [30.0, 15.0]], [[-2.4492127076447545e-16, 3.5], [2.4492127076447545e-16, 11.5], [-5.999999999999999, 11.5], [-6.0, 3.5000000000000004], [-2.4492127076447545e-16, 3.5]], [[37.0, -0.5000000000000009], [37.0, 15.5], [31.0, 15.5], [31.0, -0.5000000000000006], [37.0, -0.5000000000000009]], [[12.0, -9.796850830579018e-16], [-4.0, 9.796850830579018e-16], [-4.0, -5.999999999999999], [12.0, -6.000000000000001], [12.0, -9.796850830579018e-16]], [[23.0, 23.0], [31.0, 23.0], [31.0, 38.0], [23.0, 38.0], [23.0, 23.0]], [[24.0, -1.0718693727734818e-15], [24.0, -8.000000000000002], [30.0, -8.000000000000002], [30.0, -7.044874666267686e-16], [24.0, -1.0718693727734818e-15]], [[23.0, 38.0], [15.0, 38.0], [14.999999999999998, 23.0], [22.999999999999996, 23.0], [23.0, 38.0]]], "node_id": [0, 1, 2, 3, 4, 5, 6, 7, 8, 9, 10]}