{"corners": [[[0.0, 0.0], [16.0, 0.0], [16.0, 6.0], [0.0, 6.0], [0.0, 0.0]], [[5.0, -1.836909530733566e-16], [5.000000000000001, -16.0], [11.0, -16.0], [11.0, 1.836909530733566e-16], [5.0, -1.836909530733566e-16]], [[16.0, 0.0], [24.0, 0.0], [24.0, 6.0], [16.0, 6.0], [16.0, 0.0]], [[24.0, 11.0], [24.0, -5.0], [30.0, -5.0], [30.0, 11.0], [24.0, 11.0]], [[5.0, -16.0], [5.000000000000001, -24.0], [11.0, -24.0], [11.0, -16.0], [5.0, -16.0]], [[4.0, -39.0], [12.0, -39.0], [12.0, -24.0], [4.0, -24.0], [4.0, -39.0]], [[3.9999999999999996, -35.5], [4.0, -27.5], [-11.0, -27.5], [-11.0, -35.5], [3.9999999999999996, -35.5]], [[4.0, -54.0], [12.0, -54.0], [12.0, -39.0], [4.0, -39.0], [4.0, -54.0]], [[38.0, 10.5], [30.0, 10.499999999999998], [30.0, -4.500000000000002], [38.0, -4.5], [38.0, 10.5]], [[4.999999999999999, 22.0], [5.0, 6.0], [11.0, 6.0], [11.0, 22.0], [4.999999999999999, 22.0]], [[17.0, 14.0], [17.0, 6.0], [23.0, 6.0], [23.0, 14.0], [17.0, 14.0]]], "node_id": [0, 1, 2, 3, 4, 5, 6, 7, 8, 9, 10]}