{"corners": [[[0.0, 0.0], [8.0, 0.0], [8.0, 6.0], [0.0, 6.0], [0.0, 0.0]], [[1.0, -1.836909530733566e-16], [1.0000000000000009, -16.0], [7.000000000000001, -16.0], [7.0, 1.836909530733566e-16], [1.0, -1.836909530733566e-16]], [[3.673819061467132e-16, 6.0], [-16.0, 6.000000000000002], [-16.0, 1.7763568394002505e-15], [-3.673819061467132e-16, 0.0], [3.673819061467132e-16, 6.0]], [[-0.5, 6.0], [-0.4999999999999995, 14.0], [-15.5, 14.000000000000002], [-15.5, 6.000000000000001], [-0.5, 6.0]], [[-0.49999999999999906, 14.0], [-0.5000000000000006, 6.0], [5.499999999999999, 5.999999999999998], [5.500000000000001, 13.999999999999998], [-0.49999999999999906, 14.0]], [[1.0, -16.0], [1.0000000000000009, 0.0], [-4.999999999999999, 0.0], [-5.0, -16.0], [1.0, -16.0]], [[1.0000000000000009, -16.0], [1.0000000000000018, -32.0], [7.000000000000002, -32.0], [7.000000000000001, -16.0], [1.0000000000000009, -16.0]], [[13.0, -12.0], [13.0, -4.0], [7.000000000000001, -4.0], [7.0, -12.0], [13.0, -12.0]], [[0.9999999999999991, -32.0], [1.0, -16.0], [-5.0, -16.0], [-5.000000000000001, -32.0], [0.9999999999999991, -32.0]], [[0.9999999999999987, -40.0], [0.9999999999999991, -32.0], [-5.0, -32.0], [-5.000000000000002, -40.0], [0.9999999999999987, -40.0]], [[-20.0, -3.9999999999999973], [-20.0, -11.999999999999996], [-5.000000000000002, -12.0], [-5.0, -4.0], [-20.0, -3.9999999999999973]]], "node_id": [0, 1, 2, 3, 4, 5, 6, 7, 8, 9, 10]}