{"corners": [[[0.0, 0.0], [8.0, 0.0], [8.0, 6.0], [0.0, 6.0], [0.0, 0.0]], [[8.0, 7.0], [8.0, -1.0], [23.0, -0.9999999999999991], [23.0, 7.000000000000001], [8.0, 7.0]], [[0.9999999999999991, 22.0], [1.0, 6.0], [7.0, 6.0], [6.999999999999999, 22.0], [0.9999999999999991, 22.0]], [[-8.0, -4.5], [0.0, -4.5], [0.0, 10.5], [-8.0, 10.5], [-8.0, -4.5]], [[-8.0, -1.0], [-7.999999999999999, 7.0], [-23.0, 7.000000000000002], [-23.0, -0.9999999999999991], [-8.0, -1.0]], [[18.5, -17.0], [18.5, -1.0], [12.5, -1.0], [12.5, -17.0], [18.5, -17.0]], [[11.5, 7.000000000000001], [19.5, 7.000000000000001], [19.5, 22.0], [11.5, 22.0], [11.5, 7.000000000000001]], [[-8.881784197001252e-16, 22.0], [7.999999999999999, 22.0], [7.999999999999999, 37.0], [-8.881784197001252e-16, 37.0], [-8.881784197001252e-16, 22.0]], [[-7.0, -4.5], [-6.999999999999999, -20.5], [-0.9999999999999991, -20.5], [-1.0, -4.5], [-7.0, -4.5]], [[23.0, 8.881784197001252e-16], [31.0, 8.881784197001252e-16], [31.0, 6.000000000000001], [23.0, 6.000000000000001], [23.0, 8.881784197001252e-16]], [[-23.0, 15.000000000000002], [-23.0, 7.000000000000002], [-8.000000000000002, 6.999999999999998], [-8.0, 14.999999999999998], [-23.0, 15.000000000000002]]], "node_id": [0, 1, 2, 3, 4, 5, 6, 7, 8, 9, 10]}