{"corners": [[[0.0, 0.0], [8.0, 0.0], [8.0, 6.0], [0.0, 6.0], [0.0, 0.0]], [[11.5, -8.0], [11.5, 0.0], [-3.5, 1.7763568394002505e-15], [-3.5, -7.999999999999999], [11.5, -8.0]], [[0.0, 6.0], [8.0, 6.0], [8.0, 12.0], [0.0, 12.0], [0.0, 6.0]], [[0.9999999999999991, 28.0], [1.0, 12.0], [7.0, 12.0], [6.999999999999999, 28.0], [0.9999999999999991, 28.0]], [[6.999999999999999, -24.0], [7.0, -8.0], [1.0, -8.0], [0.9999999999999991, -24.0], [6.999999999999999, -24.0]], [[7.999999999999999, -24.0], [-8.881784197001252e-16, -24.0], [-8.881784197001252e-16, -30.0], [7.999999999999998, -30.0], [7.999999999999999, -24.0]], [[-3.499999999999999, 3.500000000000001], [-11.5, 3.5000000000000018], [-11.5, -11.499999999999996], [-3.500000000000001, -11.5], [-3.499999999999999, 3.500000000000001]], [[13.0, 12.0], [13.000000000000002, 28.0], [7.000000000000001, 28.0], [7.0, 12.0], [13.0, 12.0]], [[13.0, -20.0], [13.0, -12.0], [7.000000000000001, -12.0], [7.0, -20.0], [13.0, -20.0]], [[-6.0, 13.0], [-5.999999999999999, 5.0], [8.881784197001252e-16, 5.0], [0.0, 13.0], [-6.0, 13.0]], [[0.9999999999999982, 44.0], [0.9999999999999992, 28.0], [6.999999999999999, 28.0], [6.999999999999998, 44.0], [0.9999999999999982, 44.0]]], "node_id": [0, 1, 2, 3, 4, 5, 6, 7, 8, 9, 10]}