{"corners": [[[0.0, 0.0], [8.0, 0.0], [8.0, 15.0], [0.0, 15.0], [0.0, 0.0]], [[1.0, -1.836909530733566e-16], [1.0000000000000009, -16.0], [7.000000000000001, -16.0], [7.0, 1.836909530733566e-16], [1.0, -1.836909530733566e-16]], [[3.673819061467132e-16, 10.5], [-16.0, 10.500000000000002], [-16.0, 4.500000000000002], [-3.673819061467132e-16, 4.5], [3.673819061467132e-16, 10.5]], [[16.0, 15.0], [8.0, 15.000000000000002], [7.999999999999998, 1.7763568394002505e-15], [15.999999999999998, 0.0], [16.0, 15.0]], [[8.0, -16.0], [0.0, -16.0], [1.7763568394002505e-15, -31.0], [8.000000000000002, -31.0], [8.0, -16.0]], [[-5.0, 10.500000000000002], [-4.999999999999999, 26.5], [-11.0, 26.5], [-11.0, 10.500000000000002], [-5.0, 10.500000000000002]], [[-24.0, 3.552713678800501e-15], [-16.0, 1.5933435126846973e-15], [-15.999999999999996, 15.000000000000002], [-23.999999999999996, 15.000000000000004], [-24.0, 3.552713678800501e-15]], [[-23.999999999999996, 10.500000000000004], [-31.999999999999996, 10.500000000000007], [-32.0, 4.500000000000006], [-24.0, 4.5000000000000036], [-23.999999999999996, 10.500000000000004]], [[-16.0, 26.5], [0.0, 26.5], [0.0, 32.5], [-16.0, 32.5], [-16.0, 26.5]], [[12.000000000000002, -31.0], [-3.9999999999999982, -31.000000000000004], [-3.9999999999999982, -37.0], [12.000000000000002, -37.0], [12.000000000000002, -31.0]], [[2.6645352591003757e-15, -52.0], [8.000000000000004, -52.0], [8.000000000000004, -37.0], [2.6645352591003757e-15, -37.0], [2.6645352591003757e-15, -52.0]]], "node_id": [0, 1, 2, 3, 4, 5, 6, 7, 8, 9, 10]}