{"corners": [[[0.0, 0.0], [8.0, 0.0], [8.0, 15.0], [0.0, 15.0], [0.0, 0.0]], [[8.0, 11.5], [8.0, 3.5], [23.0, 3.500000000000001], [23.0, 11.500000000000002], [8.0, 11.5]], [[29.0, -0.4999999999999991], [29.0, 15.5], [23.0, 15.5], [23.0, -0.4999999999999987], [29.0, -0.4999999999999991]], [[-4.0, -6.0], [12.0, -6.0], [12.0, 0.0], [-4.0, 0.0], [-4.0, -6.0]], [[35.0, 3.500000000000001], [35.0, 11.5], [29.0, 11.5], [29.0, 3.5000000000000013], [35.0, 3.500000000000001]], [[41.0, 3.500000000000001], [41.0, 11.5], [35.0, 11.5], [35.0, 3.5000000000000013], [41.0, 3.500000000000001]], [[8.0, -6.000000000000001], [0.0, -6.0], [-1.7763568394002505e-15, -21.0], [7.999999999999998, -21.0], [8.0, -6.000000000000001]], [[35.0, 11.5], [35.0, 19.5], [29.0, 19.5], [29.0, 11.5], [35.0, 11.5]], [[6.999999999999997, -37.0], [6.999999999999998, -21.0], [0.9999999999999982, -21.0], [0.9999999999999973, -37.0], [6.999999999999997, -37.0]], [[35.0, 3.5000000000000013], [35.0, -12.499999999999998], [41.0, -12.499999999999998], [41.0, 3.5000000000000004], [35.0, 3.5000000000000013]], [[-6.0, 11.5], [-5.999999999999999, 3.5], [8.881784197001252e-16, 3.5], [0.0, 11.5], [-6.0, 11.5]]], "node_id": [0, 1, 2, 3, 4, 5, 6, 7, 8, 9, 10]}