{"corners": [[[0.0, 0.0], [16.0, 0.0], [16.0, 6.0], [0.0, 6.0], [0.0, 0.0]], [[16.0, 0.0], [32.0, 0.0], [32.0, 6.0], [16.0, 6.0], [16.0, 0.0]], [[32.0, -9.796850830579018e-16], [16.0, 9.796850830579018e-16], [16.0, -5.999999999999999], [32.0, -6.000000000000001], [32.0, -9.796850830579018e-16]], [[16.5, -5.999999999999998], [16.5, -13.999999999999998], [31.5, -14.000000000000002], [31.5, -6.000000000000001], [16.5, -5.999999999999998]], [[48.0, -2.6645352591003757e-15], [32.0, -7.051650929845721e-16], [32.0, -6.000000000000001], [48.0, -6.000000000000003], [48.0, -2.6645352591003757e-15]]], "node_id": [0, 1, 2, 3, 4]}