{"corners": [[[0.0, 0.0], [8.0, 0.0], [8.0, 6.0], [0.0, 6.0], [0.0, 0.0]], [[-6.000000000000001, 11.0], [-6.0, -5.0], [0.0, -5.0], [-8.881784197001252e-16, 11.0], [-6.000000000000001, 11.0]], [[7.0, 6.0], [7.000000000000001, 22.0], [1.0000000000000009, 22.0], [1.0, 6.0], [7.0, 6.0]], [[16.0, 5.999999999999999], [8.0, 6.0], [8.0, 0.0], [16.0, -8.881784197001252e-16], [16.0, 5.999999999999999]], [[-21.0, 6.999999999999999], [-21.0, -1.0000000000000009], [-6.0, -1.0], [-6.0, 7.0], [-21.0, 6.999999999999999]]], "node_id": [0, 1, 2, 3, 4]}