{"corners": [[[0.0, 0.0], [16.0, 0.0], [16.0, 6.0], [0.0, 6.0], [0.0, 0.0]], [[16.0, 0.0], [32.0, 0.0], [32.0, 6.0], [16.0, 6.0], [16.0, 0.0]], [[5.0, -1.836909530733566e-16], [5.000000000000001, -16.0], [11.0, -16.0], [11.0, 1.836909530733566e-16], [5.0, -1.836909530733566e-16]], [[-4.898425415289509e-16, -5.0], [4.898425415289509e-16, 11.0], [-6.0, 11.0], [-6.000000000000001, -5.0], [-4.898425415289509e-16, -5.0]], [[-6.0, 6.0], [-22.0, 6.000000000000002], [-22.0, 1.7763568394002505e-15], [-6.000000000000001, 0.0], [-6.0, 6.0]], [[-28.0, 7.000000000000003], [-28.0, -0.9999999999999973], [-22.0, -0.9999999999999991], [-22.0, 7.000000000000002], [-28.0, 7.000000000000003]], [[-36.0, 4.440892098500626e-15], [-28.0, 2.4815219323848225e-15], [-28.0, 6.000000000000003], [-36.0, 6.000000000000004], [-36.0, 4.440892098500626e-15]], [[32.0, 0.0], [48.0, 0.0], [48.0, 6.0], [32.0, 6.0], [32.0, 0.0]], [[21.0, -1.836909530733566e-16], [21.0, -16.0], [27.0, -16.0], [27.0, 1.836909530733566e-16], [21.0, -1.836909530733566e-16]], [[16.5, -16.0], [16.5, -24.0], [31.5, -24.0], [31.5, -15.999999999999998], [16.5, -16.0]], [[32.5, -4.592273826833915e-16], [32.5, -8.0], [47.5, -8.0], [47.5, 4.592273826833915e-16], [32.5, -4.592273826833915e-16]]], "node_id": [0, 1, 2, 3, 4, 5, 6, 7, 8, 9, 10]}