{"corners": [[[0.0, 0.0], [8.0, 0.0], [8.0, 6.0], [0.0, 6.0], [0.0, 0.0]], [[-15.0, 6.999999999999999], [-15.0, -1.0000000000000009], [0.0, -1.0], [0.0, 7.0], [-15.0, 6.999999999999999]], [[0.0, 6.0], [8.0, 6.0], [8.0, 12.0], [0.0, 12.0], [0.0, 6.0]], [[24.0, 5.999999999999998], [8.0, 6.0], [8.0, 0.0], [24.0, -1.7763568394002505e-15], [24.0, 5.999999999999998]], [[-11.5, -7.0], [-3.5, -7.0], [-3.5, -1.0], [-11.5, -1.0], [-11.5, -7.0]]], "node_id": [0, 1, 2, 3, 4]}