{"corners": [[[0.0, 0.0], [8.0, 0.0], [8.0, 15.0], [0.0, 15.0], [0.0, 0.0]], [[7.0, 15.0], [7.000000000000001, 23.0], [1.0000000000000009, 23.0], [1.0, 15.0], [7.0, 15.0]], [[14.0, 3.5], [14.0, 11.5], [8.0, 11.5], [8.0, 3.5000000000000004], [14.0, 3.5]], [[-16.0, 4.5], [0.0, 4.5], [0.0, 10.5], [-16.0, 10.5], [-16.0, 4.5]], [[-32.0, 4.5], [-16.0, 4.5], [-16.0, 10.5], [-32.0, 10.5], [-32.0, 4.5]], [[-38.0, 15.5], [-38.0, -0.5], [-32.0, -0.5], [-32.0, 15.5], [-38.0, 15.5]], [[-32.0, 15.5], [-32.0, 31.5], [-38.0, 31.5], [-38.0, 15.5], [-32.0, 15.5]], [[-38.0, 26.5], [-54.0, 26.500000000000004], [-54.0, 20.5], [-38.0, 20.5], [-38.0, 26.5]], [[14.0, -4.5], [14.0, 3.5], [8.0, 3.5], [8.0, -4.5], [14.0, -4.5]], [[-28.0, 10.5], [-20.0, 10.5], [-20.0, 16.5], [-28.0, 16.5], [-28.0, 10.5]], [[-12.0, -10.5], [-4.0, -10.5], [-4.0, 4.5], [-12.0, 4.5], [-12.0, -10.5]]], "node_id": [0, 1, 2, 3, 4, 5, 6, 7, 8, 9, 10]}