{"corners": [[[0.0, 0.0], [8.0, 0.0], [8.0, 6.0], [0.0, 6.0], [0.0, 0.0]], [[3.673819061467132e-16, 6.0], [-16.0, 6.000000000000002], [-16.0, 1.7763568394002505e-15], [-3.673819061467132e-16, 0.0], [3.673819061467132e-16, 6.0]], [[7.0, -8.0], [7.000000000000001, 0.0], [1.0000000000000009, 0.0], [1.0, -8.0], [7.0, -8.0]], [[-31.0, 7.000000000000004], [-31.0, -0.9999999999999956], [-16.0, -0.9999999999999991], [-16.0, 7.000000000000002], [-31.0, 7.000000000000004]], [[-27.500000000000004, -15.999999999999996], [-19.500000000000004, -15.999999999999998], [-19.5, -0.9999999999999982], [-27.5, -0.9999999999999964], [-27.500000000000004, -15.999999999999996]], [[-43.5, -11.499999999999993], [-27.5, -11.499999999999996], [-27.5, -5.4999999999999964], [-43.5, -5.499999999999993], [-43.5, -11.499999999999993]], [[-51.5, -11.499999999999991], [-43.5, -11.499999999999993], [-43.5, -5.499999999999993], [-51.5, -5.499999999999991], [-51.5, -11.499999999999991]], [[-40.0, -19.499999999999993], [-40.0, -11.499999999999993], [-55.0, -11.499999999999988], [-55.0, -19.49999999999999], [-40.0, -19.499999999999993]], [[-4.0, -14.0], [12.0, -14.0], [12.0, -8.0], [-4.0, -8.0], [-4.0, -14.0]], [[-16.000000000000007, -24.0], [-16.000000000000004, -16.0], [-31.000000000000007, -15.999999999999995], [-31.000000000000007, -23.999999999999996], [-16.000000000000007, -24.0]], [[-10.00000000000001, -28.0], [-10.000000000000005, -12.0], [-16.000000000000007, -11.999999999999996], [-16.00000000000001, -27.999999999999996], [-10.00000000000001, -28.0]]], "node_id": [0, 1, 2, 3, 4, 5, 6, 7, 8, 9, 10]}