{"corners": [[[0.0, 0.0], [8.0, 0.0], [8.0, 15.0], [0.0, 15.0], [0.0, 0.0]], [[8.0, 4.5], [24.0, 4.5], [24.0, 10.5], [8.0, 10.5], [8.0, 4.5]], [[3.673819061467132e-16, 10.5], [-8.0, 10.500000000000002], [-8.0, 4.500000000000001], [-3.673819061467132e-16, 4.5], [3.673819061467132e-16, 10.5]], [[24.0, 15.5], [24.0, -0.5], [30.0, -0.5], [30.0, 15.5], [24.0, 15.5]], [[-6.9999999999999964, 26.5], [-6.999999999999999, 10.5], [-0.9999999999999991, 10.5], [-0.9999999999999964, 26.5], [-6.9999999999999964, 26.5]], [[-14.0, 11.500000000000002], [-14.000000000000002, 3.5000000000000018], [-8.000000000000002, 3.5], [-8.0, 11.5], [-14.0, 11.500000000000002]], [[23.0, 15.5], [31.0, 15.5], [31.0, 30.5], [23.0, 30.5], [23.0, 15.5]], [[-6.999999999999999, 17.5], [-15.0, 17.5], [-15.0, 11.5], [-7.0, 11.5], [-6.999999999999999, 17.5]], [[24.0, -0.5000000000000002], [24.0, -8.5], [30.0, -8.5], [30.0, -0.49999999999999983], [24.0, -0.5000000000000002]], [[-11.499999999999995, 34.5], [-11.499999999999996, 26.5], [3.5000000000000036, 26.499999999999996], [3.5000000000000053, 34.5], [-11.499999999999995, 34.5]], [[12.0, -9.796850830579018e-16], [-4.0, 9.796850830579018e-16], [-4.0, -5.999999999999999], [12.0, -6.000000000000001], [12.0, -9.796850830579018e-16]]], "node_id": [0, 1, 2, 3, 4, 5, 6, 7, 8, 9, 10]}