{"corners": [[[0.0, 0.0], [8.0, 0.0], [8.0, 15.0], [0.0, 15.0], [0.0, 0.0]], [[-16.0, 4.5], [0.0, 4.5], [0.0, 10.5], [-16.0, 10.5], [-16.0, 4.5]], [[-32.0, 4.5], [-16.0, 4.5], [-16.0, 10.5], [-32.0, 10.5], [-32.0, 4.5]], [[0.9999999999999991, 31.0], [1.0, 15.0], [7.0, 15.0], [6.999999999999999, 31.0], [0.9999999999999991, 31.0]], [[6.999999999999999, 31.0], [7.0, 39.0], [1.0, 39.0], [0.9999999999999991, 31.0], [6.999999999999999, 31.0]], [[24.0, 10.499999999999998], [8.0, 10.5], [8.0, 4.5], [24.0, 4.499999999999998], [24.0, 10.499999999999998]], [[22.0, 19.0], [22.0, 27.0], [7.0, 27.0], [7.0, 19.0], [22.0, 19.0]], [[-5.0, 27.0], [-4.999999999999999, 19.0], [1.0000000000000009, 19.0], [1.0, 27.0], [-5.0, 27.0]], [[1.0000000000000009, 47.0], [0.9999999999999994, 39.0], [6.999999999999999, 39.0], [7.000000000000001, 47.0], [1.0000000000000009, 47.0]], [[30.0, 30.5], [22.0, 30.5], [22.0, 15.500000000000002], [29.999999999999996, 15.5], [30.0, 30.5]], [[30.0, 20.0], [38.0, 19.999999999999996], [38.0, 26.0], [30.0, 26.0], [30.0, 20.0]]], "node_id": [0, 1, 2, 3, 4, 5, 6, 7, 8, 9, 10]}