{"corners": [[[0.0, 0.0], [8.0, 0.0], [8.0, 6.0], [0.0, 6.0], [0.0, 0.0]], [[6.999999999999999, -16.0], [7.0, 0.0], [1.0, 0.0], [0.9999999999999991, -16.0], [6.999999999999999, -16.0]], [[1.0000000000000004, -5.0], [-15.0, -4.999999999999998], [-15.0, -10.999999999999998], [0.9999999999999997, -11.0], [1.0000000000000004, -5.0]], [[23.0, -1.0000000000000009], [23.0, 6.999999999999999], [8.0, 7.000000000000001], [8.0, -1.0], [23.0, -1.0000000000000009]], [[-14.999999999999998, -0.4999999999999982], [-23.0, -0.4999999999999972], [-23.0, -15.499999999999996], [-15.0, -15.499999999999998], [-14.999999999999998, -0.4999999999999982]], [[23.0, 6.999999999999998], [23.0, 14.999999999999998], [8.0, 15.0], [8.0, 6.999999999999999], [23.0, 6.999999999999998]], [[-8.881784197001252e-16, -22.0], [7.999999999999999, -22.0], [7.999999999999999, -16.0], [-8.881784197001252e-16, -16.0], [-8.881784197001252e-16, -22.0]], [[8.0, 14.0], [-8.0, 14.000000000000002], [-8.0, 8.000000000000002], [7.999999999999999, 8.0], [8.0, 14.0]], [[7.999999999999999, -26.5], [16.0, -26.5], [16.0, -11.5], [7.999999999999999, -11.5], [7.999999999999999, -26.5]], [[-8.0, 3.0000000000000018], [-7.999999999999999, 19.0], [-14.0, 19.0], [-14.0, 3.000000000000002], [-8.0, 3.0000000000000018]], [[-6.000000000000001, -15.0], [-6.0, -23.0], [0.0, -23.0], [-8.881784197001252e-16, -15.0], [-6.000000000000001, -15.0]]], "node_id": [0, 1, 2, 3, 4, 5, 6, 7, 8, 9, 10]}