{"corners": [[[0.0, 0.0], [8.0, 0.0], [8.0, 15.0], [0.0, 15.0], [0.0, 0.0]], [[-3.5, -4.592273826833915e-16], [-3.4999999999999996, -8.0], [11.5, -8.0], [11.5, 4.592273826833915e-16], [-3.5, -4.592273826833915e-16]], [[0.9999999999999991, 31.0], [1.0, 15.0], [7.0, 15.0], [6.999999999999999, 31.0], [0.9999999999999991, 31.0]], [[-3.5, -1.0000000000000009], [-19.5, -1.0000000000000029], [-19.5, -7.000000000000003], [-3.499999999999999, -7.000000000000001], [-3.5, -1.0000000000000009]], [[-3.5, -7.000000000000001], [-19.5, -7.000000000000003], [-19.5, -13.000000000000004], [-3.499999999999999, -13.0], [-3.5, -7.000000000000001]], [[9.18454765366783e-16, 15.0], [-7.999999999999999, 15.000000000000002], [-8.0, 1.7763568394002505e-15], [-9.18454765366783e-16, 0.0], [9.18454765366783e-16, 15.0]], [[2.6645352591003757e-15, 30.0], [-7.999999999999997, 30.0], [-7.999999999999999, 15.000000000000002], [8.276257283668098e-16, 15.0], [2.6645352591003757e-15, 30.0]], [[8.0, 4.5], [16.0, 4.5], [16.0, 10.5], [8.0, 10.5], [8.0, 4.5]], [[6.999999999999999, 31.0], [7.0, 15.0], [13.0, 15.0], [13.0, 31.0], [6.999999999999999, 31.0]], [[-19.5, -8.000000000000004], [-19.5, -3.552713678800501e-15], [-25.5, -4.440892098500626e-15], [-25.5, -8.000000000000005], [-19.5, -8.000000000000004]], [[-7.999999999999998, 30.0], [-15.999999999999998, 30.0], [-16.0, 15.000000000000002], [-8.0, 15.0], [-7.999999999999998, 30.0]]], "node_id": [0, 1, 2, 3, 4, 5, 6, 7, 8, 9, 10]}