{"corners": [[[0.0, 0.0], [8.0, 0.0], [8.0, 15.0], [0.0, 15.0], [0.0, 0.0]], [[8.0, 4.5], [16.0, 4.5], [16.0, 10.5], [8.0, 10.5], [8.0, 4.5]], [[-2.4492127076447545e-16, 3.5], [2.4492127076447545e-16, 11.5], [-15.0, 11.500000000000002], [-15.0, 3.500000000000001], [-2.4492127076447545e-16, 3.5]], [[-15.0, -0.4999999999999991], [-14.999999999999998, 15.5], [-21.0, 15.5], [-21.0, -0.4999999999999987], [-15.0, -0.4999999999999991]], [[0.9999999999999996, 23.0], [1.0, 15.0], [7.0, 15.0], [7.0, 23.0], [0.9999999999999996, 23.0]], [[23.0, 22.0], [7.0, 21.999999999999996], [7.0, 15.999999999999998], [23.0, 16.0], [23.0, 22.0]], [[-10.499999999999996, 27.5], [-10.5, 11.5], [-4.499999999999999, 11.5], [-4.4999999999999964, 27.5], [-10.499999999999996, 27.5]], [[12.0, 30.0], [12.0, 22.0], [18.0, 22.0], [18.0, 30.0], [12.0, 30.0]], [[-11.5, -11.5], [-3.5, -11.5], [-3.5, 3.5], [-11.5, 3.5], [-11.5, -11.5]], [[-27.5, -7.0], [-11.5, -7.0], [-11.5, -1.0], [-27.5, -1.0], [-27.5, -7.0]], [[24.0, 10.5], [16.0, 10.500000000000002], [16.0, 4.500000000000001], [24.0, 4.5], [24.0, 10.5]]], "node_id": [0, 1, 2, 3, 4, 5, 6, 7, 8, 9, 10]}