{"corners": [[[0.0, 0.0], [16.0, 0.0], [16.0, 6.0], [0.0, 6.0], [0.0, 0.0]], [[0.4999999999999991, 14.0], [0.4999999999999996, 6.0], [15.5, 6.000000000000001], [15.5, 14.000000000000002], [0.4999999999999991, 14.0]], [[0.0, -6.0], [16.0, -6.0], [16.0, 0.0], [0.0, 0.0], [0.0, -6.0]], [[-16.0, -6.0], [0.0, -6.0], [0.0, 0.0], [-16.0, 0.0], [-16.0, -6.0]], [[-16.0, -12.0], [0.0, -12.0], [0.0, -6.0], [-16.0, -6.0], [-16.0, -12.0]], [[-11.0, -12.0], [-10.999999999999998, -28.0], [-4.999999999999999, -28.0], [-5.0, -12.0], [-11.0, -12.0]], [[-15.5, 7.999999999999999], [-15.5, -8.881784197001252e-16], [-0.5, 0.0], [-0.5, 8.0], [-15.5, 7.999999999999999]], [[-11.000000000000002, -12.5], [-19.0, -12.500000000000002], [-19.0, -27.5], [-11.0, -27.5], [-11.000000000000002, -12.5]], [[-23.5, 0.9999999999999991], [-15.5, 0.9999999999999991], [-15.5, 6.999999999999999], [-23.5, 6.999999999999999], [-23.5, 0.9999999999999991]], [[-4.000000000000001, 14.0], [-12.0, 13.999999999999998], [-12.0, 7.999999999999999], [-4.0, 8.0], [-4.000000000000001, 14.0]], [[-11.999999999999998, -35.5], [-12.0, -27.5], [-18.0, -27.5], [-18.0, -35.5], [-11.999999999999998, -35.5]]], "node_id": [0, 1, 2, 3, 4, 5, 6, 7, 8, 9, 10]}