{"corners": [[[0.0, 0.0], [8.0, 0.0], [8.0, 15.0], [0.0, 15.0], [0.0, 0.0]], [[1.0, -1.836909530733566e-16], [1.0000000000000009, -16.0], [7.000000000000001, -16.0], [7.0, 1.836909530733566e-16], [1.0, -1.836909530733566e-16]], [[16.0, 15.0], [8.0, 15.000000000000002], [7.999999999999998, 1.7763568394002505e-15], [15.999999999999998, 0.0], [16.0, 15.0]], [[7.0, 0.0], [7.000000000000001, -16.0], [13.0, -16.0], [13.0, 3.673819061467132e-16], [7.0, 0.0]], [[24.0, 15.0], [16.0, 15.000000000000002], [15.999999999999998, 1.7763568394002505e-15], [23.999999999999996, 0.0], [24.0, 15.0]]], "node_id": [0, 1, 2, 3, 4]}