{"corners": [[[0.0, 0.0], [8.0, 0.0], [8.0, 6.0], [0.0, 6.0], [0.0, 0.0]], [[1.0, -1.836909530733566e-16], [1.0000000000000009, -16.0], [7.000000000000001, -16.0], [7.0, 1.836909530733566e-16], [1.0, -1.836909530733566e-16]], [[1.0, -5.0], [-15.0, -5.000000000000002], [-15.0, -11.000000000000002], [1.0000000000000007, -11.0], [1.0, -5.0]], [[-15.0, -12.000000000000002], [-15.000000000000002, -4.000000000000002], [-30.0, -4.000000000000004], [-30.0, -12.000000000000005], [-15.0, -12.000000000000002]], [[24.0, 5.999999999999998], [8.0, 6.0], [8.0, 0.0], [24.0, -1.7763568394002505e-15], [24.0, 5.999999999999998]], [[8.0, 6.000000000000001], [24.0, 5.999999999999997], [24.0, 11.999999999999996], [8.000000000000002, 12.0], [8.0, 6.000000000000001]], [[13.000000000000002, 20.0], [13.0, 12.0], [19.0, 11.999999999999998], [19.0, 20.0], [13.000000000000002, 20.0]], [[7.000000000000003, 20.0], [7.000000000000001, 12.0], [13.0, 11.999999999999998], [13.000000000000004, 20.0], [7.000000000000003, 20.0]], [[8.881784197001252e-16, -31.0], [8.0, -31.0], [8.0, -16.0], [8.881784197001252e-16, -16.0], [8.881784197001252e-16, -31.0]], [[24.0, -1.7763568394002505e-15], [40.0, -5.695097171631858e-15], [40.0, 5.999999999999995], [24.0, 5.999999999999998], [24.0, -1.7763568394002505e-15]], [[11.999999999999996, -15.0], [19.999999999999996, -15.000000000000002], [20.0, -1.7763568394002505e-15], [12.0, 0.0], [11.999999999999996, -15.0]]], "node_id": [0, 1, 2, 3, 4, 5, 6, 7, 8, 9, 10]}