{"corners": [[[0.0, 0.0], [8.0, 0.0], [8.0, 6.0], [0.0, 6.0], [0.0, 0.0]], [[8.000000000000002, 21.0], [1.7763568394002505e-15, 21.0], [0.0, 6.000000000000002], [8.0, 6.0], [8.000000000000002, 21.0]], [[-3.9999999999999982, 21.000000000000004], [12.000000000000002, 21.0], [12.000000000000002, 27.0], [-3.999999999999997, 27.000000000000004], [-3.9999999999999982, 21.000000000000004]], [[28.0, 26.999999999999993], [12.0, 27.0], [11.999999999999996, 21.0], [27.999999999999996, 20.999999999999993], [28.0, 26.999999999999993]], [[0.0, -6.0], [8.0, -6.0], [8.0, 0.0], [0.0, 0.0], [0.0, -6.0]], [[-3.9999999999999964, 27.000000000000004], [-19.999999999999996, 27.00000000000001], [-20.0, 21.00000000000001], [-3.9999999999999987, 21.000000000000004], [-3.9999999999999964, 27.000000000000004]], [[27.499999999999996, 12.999999999999995], [27.5, 20.999999999999993], [12.499999999999998, 21.0], [12.499999999999996, 13.0], [27.499999999999996, 12.999999999999995]], [[34.0, 15.999999999999991], [34.00000000000001, 31.999999999999993], [28.000000000000007, 31.999999999999993], [28.0, 15.999999999999993], [34.0, 15.999999999999991]], [[-16.0, 10.500000000000004], [0.0, 10.5], [0.0, 16.5], [-15.999999999999998, 16.500000000000004], [-16.0, 10.500000000000004]], [[34.0, 16.499999999999993], [42.0, 16.49999999999999], [42.0, 31.499999999999993], [34.00000000000001, 31.499999999999993], [34.0, 16.499999999999993]], [[-15.0, 0.9999999999999991], [-15.0, -7.000000000000001], [0.0, -7.0], [0.0, 1.0], [-15.0, 0.9999999999999991]]], "node_id": [0, 1, 2, 3, 4, 5, 6, 7, 8, 9, 10]}