{"corners": [[[0.0, 0.0], [8.0, 0.0], [8.0, 15.0], [0.0, 15.0], [0.0, 0.0]], [[3.673819061467132e-16, 10.5], [-16.0, 10.500000000000002], [-16.0, 4.500000000000002], [-3.673819061467132e-16, 4.5], [3.673819061467132e-16, 10.5]], [[0.0, 15.0], [8.0, 15.0], [8.0, 30.0], [0.0, 30.0], [0.0, 15.0]], [[-5.0, 10.500000000000002], [-4.999999999999999, 26.5], [-11.0, 26.5], [-11.0, 10.500000000000002], [-5.0, 10.500000000000002]], [[1.0, -1.836909530733566e-16], [1.0000000000000009, -16.0], [7.000000000000001, -16.0], [7.0, 1.836909530733566e-16], [1.0, -1.836909530733566e-16]], [[-22.0, 15.500000000000004], [-22.000000000000004, -0.49999999999999645], [-16.000000000000004, -0.49999999999999645], [-16.0, 15.500000000000002], [-22.0, 15.500000000000004]], [[7.000000000000001, -11.0], [23.0, -11.0], [23.0, -5.0], [7.000000000000001, -5.0], [7.000000000000001, -11.0]], [[-4.0, 4.5], [-12.0, 4.500000000000001], [-12.0, -1.4999999999999991], [-4.000000000000001, -1.5], [-4.0, 4.5]], [[-11.0, 21.500000000000004], [-27.0, 21.500000000000007], [-27.0, 15.500000000000005], [-11.0, 15.500000000000004], [-11.0, 21.500000000000004]], [[16.0, 30.0], [8.0, 30.0], [7.999999999999998, 15.000000000000002], [15.999999999999998, 15.0], [16.0, 30.0]], [[-22.000000000000004, -0.49999999999999645], [-22.0, 15.500000000000004], [-28.0, 15.500000000000007], [-28.000000000000004, -0.4999999999999946], [-22.000000000000004, -0.49999999999999645]]], "node_id": [0, 1, 2, 3, 4, 5, 6, 7, 8, 9, 10]}