{"corners": [[[0.0, 0.0], [8.0, 0.0], [8.0, 6.0], [0.0, 6.0], [0.0, 0.0]], [[16.0, 10.5], [8.0, 10.500000000000002], [7.999999999999998, -4.499999999999998], [15.999999999999998, -4.5], [16.0, 10.5]], [[15.999999999999998, -4.500000000000001], [7.999999999999998, -4.5], [7.999999999999998, -10.5], [15.999999999999998, -10.5], [15.999999999999998, -4.500000000000001]], [[7.0, 6.0], [7.000000000000001, 14.0], [1.0000000000000009, 14.0], [1.0, 6.0], [7.0, 6.0]], [[-15.0, 6.999999999999999], [-15.0, -1.0000000000000009], [0.0, -1.0], [0.0, 7.0], [-15.0, 6.999999999999999]], [[-23.0, -8.881784197001252e-16], [-15.0, -8.881784197001252e-16], [-15.0, 5.999999999999999], [-23.0, 5.999999999999999], [-23.0, -8.881784197001252e-16]], [[8.0, 20.0], [0.0, 20.0], [0.0, 14.0], [7.999999999999999, 14.0], [8.0, 20.0]], [[8.0, 10.500000000000002], [16.0, 10.5], [16.000000000000004, 25.5], [8.000000000000004, 25.5], [8.0, 10.500000000000002]], [[-4.5, -17.0], [-4.499999999999999, -1.0], [-10.5, -1.0], [-10.5, -17.0], [-4.5, -17.0]], [[15.999999999999998, -10.5], [32.0, -10.500000000000004], [32.0, -4.5000000000000036], [16.0, -4.5], [15.999999999999998, -10.5]], [[1.0000000000000013, 28.0], [0.9999999999999999, 20.0], [7.0, 20.0], [7.000000000000002, 28.0], [1.0000000000000013, 28.0]]], "node_id": [0, 1, 2, 3, 4, 5, 6, 7, 8, 9, 10]}