{"corners": [[[0.0, 0.0], [8.0, 0.0], [8.0, 15.0], [0.0, 15.0], [0.0, 0.0]], [[23.0, 3.499999999999999], [23.0, 11.5], [8.0, 11.5], [8.0, 3.5], [23.0, 3.499999999999999]], [[18.5, 11.5], [18.5, 27.5], [12.5, 27.5], [12.5, 11.5], [18.5, 11.5]], [[19.5, 33.5], [11.5, 33.5], [11.5, 27.5], [19.5, 27.5], [19.5, 33.5]], [[-2.4492127076447545e-16, 3.5], [2.4492127076447545e-16, 11.5], [-15.0, 11.500000000000002], [-15.0, 3.500000000000001], [-2.4492127076447545e-16, 3.5]], [[29.0, 3.499999999999999], [29.0, 11.5], [23.0, 11.5], [23.0, 3.4999999999999996], [29.0, 3.499999999999999]], [[19.5, 27.5], [27.5, 27.499999999999996], [27.5, 33.5], [19.5, 33.5], [19.5, 27.5]], [[27.500000000000007, 48.5], [19.500000000000007, 48.5], [19.5, 33.5], [27.5, 33.5], [27.500000000000007, 48.5]], [[0.0, -6.0], [8.0, -6.0], [8.0, 0.0], [0.0, 0.0], [0.0, -6.0]], [[-3.5, 3.5], [-11.5, 3.500000000000001], [-11.500000000000002, -11.499999999999998], [-3.5000000000000018, -11.5], [-3.5, 3.5]], [[-15.0, 3.500000000000001], [-15.0, 11.5], [-30.0, 11.500000000000004], [-30.0, 3.5000000000000018], [-15.0, 3.500000000000001]]], "node_id": [0, 1, 2, 3, 4, 5, 6, 7, 8, 9, 10]}