{"corners": [[[0.0, 0.0], [8.0, 0.0], [8.0, 6.0], [0.0, 6.0], [0.0, 0.0]], [[-8.0, 0.0], [0.0, 0.0], [0.0, 6.0], [-8.0, 6.0], [-8.0, 0.0]], [[24.0, 5.999999999999998], [8.0, 6.0], [8.0, 0.0], [24.0, -1.7763568394002505e-15], [24.0, 5.999999999999998]], [[8.0, 6.000000000000001], [24.0, 5.999999999999997], [24.0, 11.999999999999996], [8.000000000000002, 12.0], [8.0, 6.000000000000001]], [[-3.5, -4.592273826833915e-16], [-3.4999999999999996, -8.0], [11.5, -8.0], [11.5, 4.592273826833915e-16], [-3.5, -4.592273826833915e-16]]], "node_id": [0, 1, 2, 3, 4]}