{"corners": [[[0.0, 0.0], [8.0, 0.0], [8.0, 6.0], [0.0, 6.0], [0.0, 0.0]], [[8.0, 7.0], [8.0, -1.0], [14.0, -1.0], [14.0, 7.0], [8.0, 7.0]], [[14.0, 4.440892098500626e-16], [30.0, 4.440892098500626e-16], [30.0, 6.0], [14.0, 6.0], [14.0, 4.440892098500626e-16]], [[6.999999999999999, -16.0], [7.0, 0.0], [1.0, 0.0], [0.9999999999999991, -16.0], [6.999999999999999, -16.0]], [[14.0, 7.0], [14.0, 15.0], [8.0, 15.0], [8.0, 7.0], [14.0, 7.0]], [[30.0, 4.440892098500626e-16], [38.0, 4.440892098500626e-16], [38.0, 6.0], [30.0, 6.0], [30.0, 4.440892098500626e-16]], [[8.0, 7.0], [8.0, 15.0], [-7.0, 15.000000000000002], [-7.0, 7.000000000000001], [8.0, 7.0]], [[30.0, 6.0], [38.0, 6.0], [38.0, 12.0], [30.0, 12.0], [30.0, 6.0]], [[7.999999999999999, -16.0], [-8.881784197001252e-16, -15.999999999999998], [-2.6645352591003757e-15, -31.0], [7.999999999999997, -31.0], [7.999999999999999, -16.0]], [[-7.0, -15.5], [1.0, -15.5], [1.0, -0.5], [-7.0, -0.5], [-7.0, -15.5]], [[15.0, 21.0], [7.0, 21.0], [7.0, 15.0], [15.0, 15.0], [15.0, 21.0]], [[30.0, -6.0], [38.0, -6.0], [38.0, 0.0], [30.0, 0.0], [30.0, -6.0]]], "node_id": [0, 1, 2, 3, 4, 5, 6, 7, 8, 9, 10, 11]}