{"corners": [[[0.0, 0.0], [16.0, 0.0], [16.0, 6.0], [0.0, 6.0], [0.0, 0.0]], [[5.0, -1.836909530733566e-16], [5.000000000000001, -16.0], [11.0, -16.0], [11.0, 1.836909530733566e-16], [5.0, -1.836909530733566e-16]], [[3.673819061467132e-16, 6.0], [-16.0, 6.000000000000002], [-16.0, 1.7763568394002505e-15], [-3.673819061467132e-16, 0.0], [3.673819061467132e-16, 6.0]], [[-16.0, 6.000000000000002], [-24.0, 6.000000000000003], [-24.0, 2.6645352591003757e-15], [-16.0, 1.7763568394002505e-15], [-16.0, 6.000000000000002]], [[5.0, -16.0], [5.000000000000001, 0.0], [-0.9999999999999991, 0.0], [-1.0, -16.0], [5.0, -16.0]], [[31.0, -1.0000000000000009], [31.0, 6.999999999999999], [16.0, 7.000000000000001], [16.0, -1.0], [31.0, -1.0000000000000009]], [[15.5, 6.999999999999999], [31.5, 6.999999999999999], [31.5, 13.0], [15.5, 13.0], [15.5, 6.999999999999999]], [[-24.000000000000004, -14.999999999999996], [-16.000000000000004, -14.999999999999998], [-16.0, 1.7763568394002505e-15], [-24.0, 3.552713678800501e-15], [-24.000000000000004, -14.999999999999996]], [[-32.0, -4.499999999999996], [-24.0, -4.499999999999997], [-23.999999999999996, 10.500000000000004], [-31.999999999999996, 10.500000000000004], [-32.0, -4.499999999999996]], [[17.0, -12.0], [17.0, -4.0], [11.0, -4.0], [11.0, -12.0], [17.0, -12.0]], [[-16.0, -3.9999999999999973], [-16.0, -11.999999999999996], [-1.0000000000000018, -12.0], [-1.0, -4.0], [-16.0, -3.9999999999999973]], [[-12.500000000000007, -23.0], [-12.500000000000005, -15.0], [-27.500000000000007, -14.999999999999995], [-27.500000000000007, -22.999999999999996], [-12.500000000000007, -23.0]]], "node_id": [0, 1, 2, 3, 4, 5, 6, 7, 8, 9, 10, 11]}