{"corners": [[[0.0, 0.0], [16.0, 0.0], [16.0, 6.0], [0.0, 6.0], [0.0, 0.0]], [[11.0, 6.0], [11.000000000000002, 22.0], [5.000000000000001, 22.0], [5.0, 6.0], [11.0, 6.0]], [[19.0, 21.5], [11.0, 21.5], [10.999999999999998, 6.500000000000002], [18.999999999999996, 6.5], [19.0, 21.5]], [[4.0, -15.0], [12.0, -15.0], [12.0, 0.0], [4.0, 0.0], [4.0, -15.0]], [[15.5, -23.0], [15.5, -15.0], [0.5, -14.999999999999998], [0.5, -23.0], [15.5, -23.0]], [[-0.9999999999999982, 18.0], [-0.9999999999999997, 10.0], [5.0, 9.999999999999998], [5.000000000000002, 18.0], [-0.9999999999999982, 18.0]], [[-15.999999999999998, 18.000000000000004], [-16.0, 10.000000000000004], [-1.0, 10.0], [-0.9999999999999982, 18.0], [-15.999999999999998, 18.000000000000004]], [[-16.5, 4.0000000000000036], [-0.5, 3.9999999999999996], [-0.5, 10.0], [-16.5, 10.000000000000004], [-16.5, 4.0000000000000036]], [[27.0, -11.5], [27.0, -3.5], [12.0, -3.4999999999999982], [12.0, -11.499999999999998], [27.0, -11.5]], [[15.5, -26.5], [23.5, -26.5], [23.5, -11.5], [15.5, -11.5], [15.5, -26.5]], [[-11.499999999999996, 26.000000000000004], [-11.499999999999998, 18.000000000000004], [-5.499999999999998, 18.0], [-5.4999999999999964, 26.000000000000004], [-11.499999999999996, 26.000000000000004]], [[-5.4999999999999964, 26.000000000000004], [-5.499999999999991, 42.0], [-11.499999999999991, 42.00000000000001], [-11.499999999999996, 26.000000000000007], [-5.4999999999999964, 26.000000000000004]]], "node_id": [0, 1, 2, 3, 4, 5, 6, 7, 8, 9, 10, 11]}