{"corners": [[[0.0, 0.0], [16.0, 0.0], [16.0, 6.0], [0.0, 6.0], [0.0, 0.0]], [[16.0, 0.0], [24.0, 0.0], [24.0, 6.0], [16.0, 6.0], [16.0, 0.0]], [[12.0, 12.0], [4.0, 12.000000000000002], [4.0, 6.000000000000001], [12.0, 6.0], [12.0, 12.0]], [[12.000000000000002, 27.0], [4.000000000000002, 27.0], [4.0, 12.000000000000002], [12.0, 12.0], [12.000000000000002, 27.0]], [[9.18454765366783e-16, 10.5], [-7.999999999999999, 10.500000000000002], [-8.0, -4.499999999999998], [-9.18454765366783e-16, -4.5], [9.18454765366783e-16, 10.5]]], "node_id": [0, 1, 2, 3, 4]}