{"corners": [[[0.0, 0.0], [8.0, 0.0], [8.0, 6.0], [0.0, 6.0], [0.0, 0.0]], [[1.0, -1.836909530733566e-16], [1.0000000000000009, -16.0], [7.000000000000001, -16.0], [7.0, 1.836909530733566e-16], [1.0, -1.836909530733566e-16]], [[-2.4492127076447545e-16, -1.0], [2.4492127076447545e-16, 7.0], [-5.999999999999999, 7.0], [-6.0, -0.9999999999999997], [-2.4492127076447545e-16, -1.0]], [[7.0, 0.0], [7.000000000000001, -16.0], [13.0, -16.0], [13.0, 3.673819061467132e-16], [7.0, 0.0]], [[18.0, -15.999999999999998], [2.0, -16.0], [2.0, -22.0], [18.0, -22.0], [18.0, -15.999999999999998]]], "node_id": [0, 1, 2, 3, 4]}