{"corners": [[[0.0, 0.0], [8.0, 0.0], [8.0, 6.0], [0.0, 6.0], [0.0, 0.0]], [[3.673819061467132e-16, 6.0], [-8.0, 6.000000000000001], [-8.0, 8.881784197001252e-16], [-3.673819061467132e-16, 0.0], [3.673819061467132e-16, 6.0]], [[-14.0, 7.000000000000002], [-14.000000000000002, -0.9999999999999982], [-8.000000000000002, -1.0], [-8.0, 7.000000000000001], [-14.0, 7.000000000000002]], [[0.9999999999999991, 22.0], [1.0, 6.0], [7.0, 6.0], [6.999999999999999, 22.0], [0.9999999999999991, 22.0]], [[-4.000000000000001, 22.0], [12.0, 22.0], [12.0, 28.0], [-4.000000000000001, 28.0], [-4.000000000000001, 22.0]], [[-14.000000000000002, -0.9999999999999982], [-14.0, 7.000000000000002], [-20.0, 7.0000000000000036], [-20.0, -0.9999999999999963], [-14.000000000000002, -0.9999999999999982]], [[8.0, 43.0], [0.0, 43.0], [-1.7763568394002505e-15, 28.0], [7.999999999999998, 28.0], [8.0, 43.0]], [[-7.000000000000002, -0.9999999999999987], [-15.000000000000002, -0.9999999999999977], [-15.000000000000002, -6.999999999999998], [-7.000000000000003, -6.999999999999998], [-7.000000000000002, -0.9999999999999987]], [[8.0, 0.0], [24.0, 0.0], [24.0, 6.0], [8.0, 6.0], [8.0, 0.0]], [[-15.000000000000002, 39.5], [-15.000000000000004, 31.5], [-3.552713678800501e-15, 31.499999999999996], [-1.7763568394002505e-15, 39.5], [-15.000000000000002, 39.5]], [[-15.000000000000002, 38.5], [-23.0, 38.5], [-23.0, 32.5], [-15.000000000000002, 32.5], [-15.000000000000002, 38.5]], [[22.0, 10.0], [22.0, 18.0], [7.0, 18.0], [7.0, 10.000000000000002], [22.0, 10.0]]], "node_id": [0, 1, 2, 3, 4, 5, 6, 7, 8, 9, 10, 11]}