{"corners": [[[0.0, 0.0], [16.0, 0.0], [16.0, 6.0], [0.0, 6.0], [0.0, 0.0]], [[22.0, -5.0], [22.0, 11.0], [16.0, 11.0], [16.0, -5.0], [22.0, -5.0]], [[4.0, 6.0], [12.0, 6.0], [12.0, 12.0], [4.0, 12.0], [4.0, 6.0]], [[-6.000000000000001, 11.0], [-6.0, -5.0], [0.0, -5.0], [-8.881784197001252e-16, 11.0], [-6.000000000000001, 11.0]], [[37.0, -1.0000000000000009], [37.0, 6.999999999999999], [22.0, 7.000000000000001], [22.0, -1.0], [37.0, -1.0000000000000009]], [[32.5, -17.0], [32.5, -1.0], [26.5, -1.0], [26.5, -17.0], [32.5, -17.0]], [[23.0, -5.000000000000001], [15.0, -5.0], [14.999999999999998, -20.0], [22.999999999999996, -20.0], [23.0, -5.000000000000001]], [[11.5, -20.0], [11.499999999999998, -28.0], [26.5, -28.000000000000004], [26.5, -20.000000000000004], [11.5, -20.0]], [[47.5, -13.0], [47.5, -5.0], [32.5, -4.999999999999998], [32.5, -12.999999999999998], [47.5, -13.0]], [[21.999999999999996, -36.0], [22.0, -28.0], [16.0, -28.0], [15.999999999999996, -36.0], [21.999999999999996, -36.0]], [[26.5, -27.000000000000004], [34.5, -27.000000000000007], [34.5, -21.000000000000007], [26.5, -21.000000000000004], [26.5, -27.000000000000004]], [[-8.881784197001252e-16, 11.0], [-3.9833587817117433e-16, 19.0], [-6.0, 19.0], [-6.000000000000001, 11.0], [-8.881784197001252e-16, 11.0]]], "node_id": [0, 1, 2, 3, 4, 5, 6, 7, 8, 9, 10, 11]}