{"corners": [[[0.0, 0.0], [8.0, 0.0], [8.0, 6.0], [0.0, 6.0], [0.0, 0.0]], [[11.5, -8.0], [11.5, 0.0], [-3.5, 1.7763568394002505e-15], [-3.5, -7.999999999999999], [11.5, -8.0]], [[11.5, 5.999999999999999], [11.5, 14.0], [-3.5, 14.0], [-3.5, 6.0], [11.5, 5.999999999999999]], [[-8.0, 0.0], [0.0, 0.0], [0.0, 6.0], [-8.0, 6.0], [-8.0, 0.0]], [[1.0000000000000022, 22.0], [1.0000000000000007, 14.0], [7.0, 13.999999999999998], [7.000000000000002, 22.0], [1.0000000000000022, 22.0]], [[-3.5000000000000004, 6.0], [-3.5, 14.0], [-9.5, 14.0], [-9.5, 6.0], [-3.5000000000000004, 6.0]], [[0.0, -14.0], [8.0, -14.0], [8.0, -8.0], [0.0, -8.0], [0.0, -14.0]], [[11.5, -7.0], [27.5, -7.0], [27.5, -1.0], [11.5, -1.0], [11.5, -7.0]], [[13.0, 13.999999999999998], [13.000000000000002, 22.0], [7.000000000000003, 22.0], [7.0, 14.0], [13.0, 13.999999999999998]], [[11.5, -1.0], [27.5, -1.0], [27.5, 5.0], [11.5, 5.0], [11.5, -1.0]], [[8.0, -14.0], [0.0, -13.999999999999998], [-1.7763568394002505e-15, -29.0], [7.999999999999998, -29.0], [8.0, -14.0]], [[2.500000000000007, 30.000000000000004], [2.5000000000000036, 22.000000000000004], [17.500000000000004, 21.999999999999996], [17.500000000000007, 29.999999999999996], [2.500000000000007, 30.000000000000004]]], "node_id": [0, 1, 2, 3, 4, 5, 6, 7, 8, 9, 10, 11]}