{"corners": [[[0.0, 0.0], [8.0, 0.0], [8.0, 15.0], [0.0, 15.0], [0.0, 0.0]], [[7.0, 15.0], [7.000000000000001, 31.0], [1.0000000000000009, 31.0], [1.0, 15.0], [7.0, 15.0]], [[-3.4999999999999973, 39.0], [-3.4999999999999987, 31.0], [11.5, 30.999999999999996], [11.500000000000004, 39.0], [-3.4999999999999973, 39.0]], [[24.0, 10.499999999999998], [8.0, 10.5], [8.0, 4.5], [24.0, 4.499999999999998], [24.0, 10.499999999999998]], [[7.000000000000003, 39.0], [7.000000000000008, 55.0], [1.000000000000008, 55.0], [1.0000000000000027, 39.0], [7.000000000000003, 39.0]], [[7.000000000000007, 55.0], [7.00000000000001, 63.0], [1.0000000000000098, 63.0], [1.000000000000007, 55.0], [7.000000000000007, 55.0]], [[23.999999999999996, -1.7763568394002505e-15], [31.999999999999996, -3.735727005516054e-15], [32.0, 14.999999999999996], [24.0, 14.999999999999998], [23.999999999999996, -1.7763568394002505e-15]], [[1.000000000000004, 43.0], [1.0000000000000064, 51.0], [-4.999999999999993, 51.0], [-4.9999999999999964, 43.0], [1.000000000000004, 43.0]], [[11.500000000000004, 39.0], [11.500000000000002, 31.0], [26.5, 30.999999999999996], [26.500000000000004, 39.0], [11.500000000000004, 39.0]], [[20.0, 4.499999999999998], [12.0, 4.499999999999999], [11.999999999999998, -10.5], [19.999999999999996, -10.500000000000002], [20.0, 4.499999999999998]], [[15.000000000000004, 30.5], [7.0000000000000036, 30.5], [7.000000000000002, 15.500000000000002], [15.000000000000002, 15.5], [15.000000000000004, 30.5]], [[34.5, 38.0], [26.5, 38.0], [26.5, 32.0], [34.5, 32.0], [34.5, 38.0]]], "node_id": [0, 1, 2, 3, 4, 5, 6, 7, 8, 9, 10, 11]}