{"corners": [[[0.0, 0.0], [16.0, 0.0], [16.0, 6.0], [0.0, 6.0], [0.0, 0.0]], [[-6.000000000000001, 11.0], [-6.0, -5.0], [0.0, -5.0], [-8.881784197001252e-16, 11.0], [-6.000000000000001, 11.0]], [[-14.0, -4.5], [-6.0, -4.5], [-6.0, 10.5], [-14.0, 10.5], [-14.0, -4.5]], [[4.0, -6.0], [12.0, -6.0], [12.0, 0.0], [4.0, 0.0], [4.0, -6.0]], [[-8.881784197001252e-16, 11.0], [9.150666335777657e-17, 27.0], [-6.0, 27.0], [-6.000000000000001, 11.0], [-8.881784197001252e-16, 11.0]], [[-6.0, 15.0], [-5.999999999999999, 23.0], [-12.0, 23.0], [-12.0, 15.0], [-6.0, 15.0]], [[-18.0, 27.0], [-18.000000000000004, 11.0], [-12.000000000000004, 11.0], [-12.0, 27.0], [-18.0, 27.0]], [[-34.0, 16.000000000000004], [-18.0, 16.0], [-18.0, 22.0], [-34.0, 22.000000000000004], [-34.0, 16.000000000000004]], [[-6.0, 23.0], [-5.999999999999999, 39.0], [-12.0, 39.0], [-12.0, 23.0], [-6.0, 23.0]], [[12.0, -6.0], [28.0, -6.0], [28.0, 0.0], [12.0, 0.0], [12.0, -6.0]], [[-49.0, 23.000000000000007], [-49.0, 15.000000000000007], [-34.0, 15.000000000000004], [-34.0, 23.000000000000004], [-49.0, 23.000000000000007]], [[-30.000000000000004, 1.0000000000000018], [-22.000000000000004, 0.9999999999999998], [-22.0, 16.0], [-30.0, 16.0], [-30.000000000000004, 1.0000000000000018]]], "node_id": [0, 1, 2, 3, 4, 5, 6, 7, 8, 9, 10, 11]}