{"corners": [[[0.0, 0.0], [16.0, 0.0], [16.0, 6.0], [0.0, 6.0], [0.0, 0.0]], [[-8.0, -4.5], [0.0, -4.5], [0.0, 10.5], [-8.0, 10.5], [-8.0, -4.5]], [[16.0, 0.0], [24.0, 0.0], [24.0, 6.0], [16.0, 6.0], [16.0, 0.0]], [[8.881784197001252e-16, 16.5], [-7.999999999999999, 16.5], [-7.999999999999999, 10.5], [1.5341460740669888e-16, 10.5], [8.881784197001252e-16, 16.5]], [[27.5, -8.0], [27.5, 0.0], [12.5, 1.7763568394002505e-15], [12.5, -7.999999999999999], [27.5, -8.0]], [[24.0, 0.0], [32.0, 0.0], [32.0, 6.0], [24.0, 6.0], [24.0, 0.0]], [[11.0, 6.0], [11.000000000000002, 22.0], [5.000000000000001, 22.0], [5.0, 6.0], [11.0, 6.0]], [[17.0, -7.999999999999998], [16.999999999999996, -24.0], [22.999999999999996, -24.0], [23.0, -7.999999999999999], [17.0, -7.999999999999998]], [[11.0, 18.0], [10.999999999999998, 10.0], [17.0, 9.999999999999998], [17.0, 18.0], [11.0, 18.0]], [[-8.0, -10.5], [0.0, -10.5], [0.0, -4.5], [-8.0, -4.5], [-8.0, -10.5]], [[11.000000000000004, 34.0], [11.0, 18.0], [17.0, 18.0], [17.000000000000004, 34.0], [11.000000000000004, 34.0]], [[17.0, -12.999999999999998], [9.0, -12.999999999999996], [9.0, -18.999999999999996], [17.0, -19.0], [17.0, -12.999999999999998]]], "node_id": [0, 1, 2, 3, 4, 5, 6, 7, 8, 9, 10, 11]}