{"corners": [[[0.0, 0.0], [8.0, 0.0], [8.0, 6.0], [0.0, 6.0], [0.0, 0.0]], [[8.0, -4.5], [16.0, -4.5], [16.0, 10.5], [8.0, 10.5], [8.0, -4.5]], [[8.0, -10.5], [16.0, -10.5], [16.0, -4.5], [8.0, -4.5], [8.0, -10.5]], [[-2.4492127076447545e-16, -1.0], [2.4492127076447545e-16, 7.0], [-15.0, 7.000000000000002], [-15.0, -0.9999999999999991], [-2.4492127076447545e-16, -1.0]], [[16.0, 7.0], [16.0, -1.0], [22.0, -1.0], [22.0, 7.0], [16.0, 7.0]]], "node_id": [0, 1, 2, 3, 4]}