{"corners": [[[0.0, 0.0], [16.0, 0.0], [16.0, 6.0], [0.0, 6.0], [0.0, 0.0]], [[-8.0, -4.5], [0.0, -4.5], [0.0, 10.5], [-8.0, 10.5], [-8.0, -4.5]], [[4.0, 16.5], [-12.0, 16.500000000000004], [-12.0, 10.500000000000002], [3.999999999999999, 10.5], [4.0, 16.5]], [[-8.0, -19.5], [0.0, -19.5], [0.0, -4.5], [-8.0, -4.5], [-8.0, -19.5]], [[4.0, 6.0], [12.0, 6.0], [12.0, 21.0], [4.0, 21.0], [4.0, 6.0]], [[-24.0, 0.0], [-8.0, 0.0], [-8.0, 6.0], [-24.0, 6.0], [-24.0, 0.0]], [[12.0, 27.0], [4.0, 27.0], [4.0, 21.0], [12.0, 21.0], [12.0, 27.0]], [[16.0, 7.0], [16.0, -1.0], [31.0, -0.9999999999999991], [31.0, 7.000000000000001], [16.0, 7.0]], [[16.0, 15.0], [16.0, 7.0], [31.0, 7.000000000000001], [31.0, 15.000000000000002], [16.0, 15.0]], [[20.5, -0.9999999999999993], [20.5, -17.0], [26.5, -17.0], [26.5, -0.999999999999999], [20.5, -0.9999999999999993]], [[3.499999999999999, -27.5], [3.4999999999999996, -19.5], [-11.5, -19.5], [-11.5, -27.5], [3.499999999999999, -27.5]], [[-8.0, -42.5], [0.0, -42.5], [0.0, -27.5], [-8.0, -27.5], [-8.0, -42.5]]], "node_id": [0, 1, 2, 3, 4, 5, 6, 7, 8, 9, 10, 11]}