{"corners": [[[0.0, 0.0], [8.0, 0.0], [8.0, 15.0], [0.0, 15.0], [0.0, 0.0]], [[-15.0, 11.5], [-15.0, 3.5], [0.0, 3.500000000000001], [0.0, 11.500000000000002], [-15.0, 11.5]], [[-23.0, 0.0], [-15.0, 0.0], [-15.0, 15.0], [-23.0, 15.0], [-23.0, 0.0]], [[-10.5, 27.5], [-10.499999999999998, 11.5], [-4.499999999999999, 11.5], [-4.5, 27.5], [-10.5, 27.5]], [[-25.5, 23.5], [-25.5, 15.5], [-10.5, 15.5], [-10.5, 23.5], [-25.5, 23.5]], [[7.999999999999999, 15.5], [8.0, -0.5], [14.0, -0.5], [14.0, 15.5], [7.999999999999999, 15.5]], [[8.0, -0.5000000000000002], [8.0, -8.5], [14.0, -8.5], [14.0, -0.49999999999999983], [8.0, -0.5000000000000002]], [[8.0, 23.5], [8.0, 15.5], [14.0, 15.5], [14.0, 23.5], [8.0, 23.5]], [[8.0, -8.5], [8.0, -0.5], [-7.0, -0.4999999999999982], [-7.0, -8.499999999999998], [8.0, -8.5]], [[-41.5, 16.5], [-25.5, 16.5], [-25.5, 22.5], [-41.5, 22.5], [-41.5, 16.5]], [[-7.0, -1.4999999999999991], [-23.0, -1.4999999999999971], [-23.0, -7.499999999999997], [-7.000000000000001, -7.499999999999999], [-7.0, -1.4999999999999991]], [[-41.0, 30.5], [-41.0, 22.5], [-26.0, 22.5], [-26.0, 30.5], [-41.0, 30.5]]], "node_id": [0, 1, 2, 3, 4, 5, 6, 7, 8, 9, 10, 11]}