{"corners": [[[0.0, 0.0], [8.0, 0.0], [8.0, 15.0], [0.0, 15.0], [0.0, 0.0]], [[3.673819061467132e-16, 10.5], [-16.0, 10.500000000000002], [-16.0, 4.500000000000002], [-3.673819061467132e-16, 4.5], [3.673819061467132e-16, 10.5]], [[0.0, 15.0], [8.0, 15.0], [8.0, 30.0], [0.0, 30.0], [0.0, 15.0]], [[0.0, 30.0], [8.0, 30.0], [8.0, 36.0], [0.0, 36.0], [0.0, 30.0]], [[0.9999999999999996, 44.0], [1.0, 36.0], [7.0, 36.0], [7.0, 44.0], [0.9999999999999996, 44.0]], [[-16.0, 3.5000000000000018], [-16.0, 11.500000000000002], [-31.0, 11.500000000000004], [-31.0, 3.5000000000000027], [-16.0, 3.5000000000000018]], [[12.0, -9.796850830579018e-16], [-4.0, 9.796850830579018e-16], [-4.0, -5.999999999999999], [12.0, -6.000000000000001], [12.0, -9.796850830579018e-16]], [[16.0, 10.5], [8.0, 10.500000000000002], [8.0, 4.500000000000001], [16.0, 4.5], [16.0, 10.5]], [[-5.0, -3.499999999999999], [-4.999999999999999, 4.500000000000001], [-11.0, 4.500000000000001], [-11.0, -3.4999999999999987], [-5.0, -3.499999999999999]], [[16.0, 4.5], [32.0, 4.4999999999999964], [32.0, 10.499999999999996], [16.0, 10.5], [16.0, 4.5]], [[7.0, -14.0], [7.000000000000001, -6.0], [1.0000000000000009, -6.0], [1.0, -14.0], [7.0, -14.0]], [[-31.0, 3.5000000000000036], [-31.0, -4.4999999999999964], [-16.0, -4.5], [-16.0, 3.500000000000001], [-31.0, 3.5000000000000036]]], "node_id": [0, 1, 2, 3, 4, 5, 6, 7, 8, 9, 10, 11]}