{"corners": [[[0.0, 0.0], [8.0, 0.0], [8.0, 6.0], [0.0, 6.0], [0.0, 0.0]], [[11.5, 5.999999999999999], [11.5, 14.0], [-3.5, 14.0], [-3.5, 6.0], [11.5, 5.999999999999999]], [[-3.5000000000000004, 6.0], [-3.5, 14.0], [-9.5, 14.0], [-9.5, 6.0], [-3.5000000000000004, 6.0]], [[-8.0, 0.0], [0.0, 0.0], [0.0, 6.0], [-8.0, 6.0], [-8.0, 0.0]], [[1.0, -1.836909530733566e-16], [1.0000000000000004, -8.0], [7.000000000000001, -8.0], [7.0, 1.836909530733566e-16], [1.0, -1.836909530733566e-16]]], "node_id": [0, 1, 2, 3, 4]}