{"corners": [[[0.0, 0.0], [8.0, 0.0], [8.0, 15.0], [0.0, 15.0], [0.0, 0.0]], [[11.5, -8.0], [11.5, 0.0], [-3.5, 1.7763568394002505e-15], [-3.5, -7.999999999999999], [11.5, -8.0]], [[-19.5, -6.999999999999999], [-3.5, -6.999999999999999], [-3.5, -0.9999999999999991], [-19.5, -0.9999999999999991], [-19.5, -6.999999999999999]], [[8.0, 21.0], [0.0, 21.0], [0.0, 15.0], [7.999999999999999, 15.0], [8.0, 21.0]], [[11.5, -16.0], [11.5, -8.0], [-3.5, -7.999999999999998], [-3.5, -15.999999999999998], [11.5, -16.0]], [[8.0, 4.5], [24.0, 4.5], [24.0, 10.5], [8.0, 10.5], [8.0, 4.5]], [[-19.5, -0.9999999999999991], [-35.5, -0.9999999999999971], [-35.5, -6.999999999999997], [-19.5, -6.999999999999999], [-19.5, -0.9999999999999991]], [[-35.5, -11.999999999999996], [-35.5, 4.0000000000000036], [-41.5, 4.0000000000000036], [-41.5, -11.999999999999996], [-35.5, -11.999999999999996]], [[-20.0, -0.9999999999999986], [-20.0, 7.000000000000002], [-35.0, 7.0000000000000036], [-35.0, -0.9999999999999977], [-20.0, -0.9999999999999986]], [[-14.5, -6.999999999999999], [-14.499999999999998, -23.0], [-8.5, -23.0], [-8.5, -6.999999999999999], [-14.5, -6.999999999999999]], [[-56.5, 6.217248937900877e-15], [-56.5, -7.999999999999994], [-41.5, -7.999999999999997], [-41.5, 3.4618846418005278e-15], [-56.5, 6.217248937900877e-15]], [[11.5, 21.0], [11.5, 29.0], [-3.5, 29.0], [-3.5, 21.0], [11.5, 21.0]]], "node_id": [0, 1, 2, 3, 4, 5, 6, 7, 8, 9, 10, 11]}