{"corners": [[[0.0, 0.0], [8.0, 0.0], [8.0, 6.0], [0.0, 6.0], [0.0, 0.0]], [[6.999999999999999, -16.0], [7.0, 0.0], [1.0, 0.0], [0.9999999999999991, -16.0], [6.999999999999999, -16.0]], [[7.000000000000001, -4.0], [6.999999999999999, -12.0], [22.0, -12.000000000000004], [22.0, -4.000000000000003], [7.000000000000001, -4.0]], [[11.5, -12.000000000000002], [11.499999999999996, -28.0], [17.499999999999996, -28.0], [17.5, -12.000000000000004], [11.5, -12.000000000000002]], [[3.4999999999999982, -23.0], [11.499999999999998, -23.000000000000004], [11.5, -17.0], [3.4999999999999996, -17.0], [3.4999999999999982, -23.0]]], "node_id": [0, 1, 2, 3, 4]}