{"corners": [[[0.0, 0.0], [16.0, 0.0], [16.0, 6.0], [0.0, 6.0], [0.0, 0.0]], [[0.5, -4.592273826833915e-16], [0.5000000000000004, -8.0], [15.5, -8.0], [15.5, 4.592273826833915e-16], [0.5, -4.592273826833915e-16]], [[-16.0, 0.0], [0.0, 0.0], [0.0, 6.0], [-16.0, 6.0], [-16.0, 0.0]], [[-5.0, -8.0], [-4.999999999999999, 0.0], [-11.0, 0.0], [-11.0, -8.0], [-5.0, -8.0]], [[-22.0, 7.0], [-22.0, -1.0], [-16.0, -1.0], [-16.0, 7.0], [-22.0, 7.0]], [[-16.0, 7.0], [-15.999999999999998, 23.0], [-22.0, 23.0], [-22.0, 7.0], [-16.0, 7.0]], [[-30.0, 7.5], [-22.0, 7.5], [-22.0, 22.5], [-30.0, 22.5], [-30.0, 7.5]], [[-22.0, 6.0], [-30.0, 5.999999999999999], [-30.0, -8.881784197001252e-16], [-22.0, 0.0], [-22.0, 6.0]], [[-22.0, -3.9833587817117433e-16], [-30.0, -1.3780209612290761e-15], [-30.0, -6.000000000000001], [-22.0, -6.0], [-22.0, -3.9833587817117433e-16]], [[-36.0, 0.9999999999999982], [-36.0, -7.000000000000002], [-30.0, -7.000000000000002], [-30.0, 0.9999999999999986], [-36.0, 0.9999999999999982]], [[32.0, 5.999999999999998], [16.0, 6.0], [16.0, 0.0], [32.0, -1.7763568394002505e-15], [32.0, 5.999999999999998]], [[27.0, 5.999999999999999], [27.0, 22.0], [21.0, 22.0], [21.0, 5.999999999999999], [27.0, 5.999999999999999]]], "node_id": [0, 1, 2, 3, 4, 5, 6, 7, 8, 9, 10, 11]}