{"corners": [[[0.0, 0.0], [8.0, 0.0], [8.0, 15.0], [0.0, 15.0], [0.0, 0.0]], [[-3.500000000000001, 23.0], [-3.5000000000000004, 15.0], [11.5, 15.0], [11.5, 23.0], [-3.500000000000001, 23.0]], [[3.673819061467132e-16, 10.5], [-16.0, 10.500000000000002], [-16.0, 4.500000000000002], [-3.673819061467132e-16, 4.5], [3.673819061467132e-16, 10.5]], [[-16.0, 10.500000000000002], [-24.0, 10.500000000000004], [-24.0, 4.500000000000003], [-16.0, 4.500000000000002], [-16.0, 10.500000000000002]], [[-11.0, 4.500000000000002], [-11.000000000000004, -11.499999999999998], [-5.000000000000003, -11.499999999999998], [-5.0, 4.500000000000001], [-11.0, 4.500000000000002]], [[-24.0, -1.4999999999999964], [-16.0, -1.4999999999999984], [-15.999999999999998, 4.500000000000002], [-24.0, 4.5000000000000036], [-24.0, -1.4999999999999964]], [[-11.5, 11.5], [-3.5, 11.5], [-3.5, 26.5], [-11.5, 26.5], [-11.5, 11.5]], [[16.0, 15.0], [8.0, 15.000000000000002], [7.999999999999998, 1.7763568394002505e-15], [15.999999999999998, 0.0], [16.0, 15.0]], [[8.0, -4.898425415289509e-16], [0.0, 4.898425415289509e-16], [0.0, -6.0], [7.999999999999999, -6.000000000000001], [8.0, -4.898425415289509e-16]], [[-16.0, -1.499999999999999], [-24.0, -1.499999999999996], [-24.0, -7.4999999999999964], [-16.000000000000004, -7.499999999999999], [-16.0, -1.499999999999999]], [[24.0, 15.0], [16.0, 15.000000000000002], [15.999999999999998, 1.7763568394002505e-15], [23.999999999999996, 0.0], [24.0, 15.0]], [[16.0, 15.000000000000002], [24.0, 15.0], [24.000000000000004, 30.0], [16.000000000000004, 30.0], [16.0, 15.000000000000002]]], "node_id": [0, 1, 2, 3, 4, 5, 6, 7, 8, 9, 10, 11]}