{"corners": [[[0.0, 0.0], [16.0, 0.0], [16.0, 6.0], [0.0, 6.0], [0.0, 0.0]], [[4.0, -15.0], [12.0, -15.0], [12.0, 0.0], [4.0, 0.0], [4.0, -15.0]], [[5.0, 14.0], [5.000000000000001, 6.0], [11.0, 6.0], [11.0, 14.0], [5.0, 14.0]], [[11.0, 14.0], [11.0, 22.0], [5.000000000000001, 22.0], [5.0, 14.0], [11.0, 14.0]], [[-6.000000000000001, 11.0], [-6.0, -5.0], [0.0, -5.0], [-8.881784197001252e-16, 11.0], [-6.000000000000001, 11.0]], [[15.5, 22.0], [15.5, 30.0], [0.5, 30.0], [0.5, 22.0], [15.5, 22.0]], [[15.5, 18.5], [23.5, 18.5], [23.5, 33.5], [15.5, 33.5], [15.5, 18.5]], [[-22.0, 0.0], [-6.0, 0.0], [-6.0, 6.0], [-22.0, 6.0], [-22.0, 0.0]], [[0.0, -21.0], [16.0, -21.0], [16.0, -15.0], [0.0, -15.0], [0.0, -21.0]], [[4.0, 30.0], [12.0, 30.0], [12.0, 45.0], [4.0, 45.0], [4.0, 30.0]], [[28.0, -4.500000000000002], [12.0, -4.5], [12.0, -10.5], [28.0, -10.500000000000002], [28.0, -4.500000000000002]], [[11.0, 14.0], [11.0, 6.0], [26.0, 6.000000000000001], [26.0, 14.000000000000002], [11.0, 14.0]]], "node_id": [0, 1, 2, 3, 4, 5, 6, 7, 8, 9, 10, 11]}