{"corners": [[[0.0, 0.0], [16.0, 0.0], [16.0, 6.0], [0.0, 6.0], [0.0, 0.0]], [[16.0, 11.0], [16.0, -5.0], [22.0, -5.0], [22.0, 11.0], [16.0, 11.0]], [[16.0, 19.0], [16.0, 11.0], [22.0, 11.0], [22.0, 19.0], [16.0, 19.0]], [[22.0, 19.0], [22.0, 27.0], [16.0, 27.0], [16.0, 19.0], [22.0, 19.0]], [[37.0, 19.0], [37.0, 27.0], [22.0, 27.0], [22.0, 19.0], [37.0, 19.0]], [[25.5, 27.0], [33.5, 27.0], [33.5, 42.0], [25.5, 42.0], [25.5, 27.0]], [[-16.0, 0.0], [0.0, 0.0], [0.0, 6.0], [-16.0, 6.0], [-16.0, 0.0]], [[25.5, 4.0], [33.5, 4.0], [33.5, 19.0], [25.5, 19.0], [25.5, 4.0]], [[15.0, -11.0], [23.0, -11.0], [23.0, -5.0], [15.0, -5.0], [15.0, -11.0]], [[15.0, -17.0], [23.0, -17.0], [23.0, -11.0], [15.0, -11.0], [15.0, -17.0]], [[16.0, 11.0], [16.0, 19.0], [1.0, 19.0], [1.0, 11.000000000000002], [16.0, 11.0]], [[15.0, -18.0], [15.0, -10.0], [0.0, -9.999999999999998], [0.0, -18.0], [15.0, -18.0]]], "node_id": [0, 1, 2, 3, 4, 5, 6, 7, 8, 9, 10, 11]}