{"corners": [[[0.0, 0.0], [8.0, 0.0], [8.0, 15.0], [0.0, 15.0], [0.0, 0.0]], [[23.0, 3.499999999999999], [23.0, 11.5], [8.0, 11.5], [8.0, 3.5], [23.0, 3.499999999999999]], [[18.5, -4.5], [18.5, 3.5], [12.5, 3.5], [12.5, -4.5], [18.5, -4.5]], [[18.5, 3.5], [18.5, -4.5], [24.5, -4.500000000000002], [24.5, 3.499999999999999], [18.5, 3.5]], [[7.0, -8.0], [7.000000000000001, 0.0], [1.0000000000000009, 0.0], [1.0, -8.0], [7.0, -8.0]]], "node_id": [0, 1, 2, 3, 4]}