{"corners": [[[0.0, 0.0], [8.0, 0.0], [8.0, 15.0], [0.0, 15.0], [0.0, 0.0]], [[7.0, 15.0], [7.000000000000001, 31.0], [1.0000000000000009, 31.0], [1.0, 15.0], [7.0, 15.0]], [[1.0, -1.836909530733566e-16], [1.0000000000000009, -16.0], [7.000000000000001, -16.0], [7.0, 1.836909530733566e-16], [1.0, -1.836909530733566e-16]], [[7.999999999999999, 15.5], [8.0, -0.5], [14.0, -0.5], [14.0, 15.5], [7.999999999999999, 15.5]], [[1.0000000000000009, -16.0], [1.0000000000000018, -32.0], [7.000000000000002, -32.0], [7.000000000000001, -16.0], [1.0000000000000009, -16.0]], [[14.0, 0.0], [22.0, 0.0], [22.0, 15.0], [14.0, 15.0], [14.0, 0.0]], [[1.000000000000004, 47.0], [1.000000000000001, 31.0], [7.000000000000002, 31.0], [7.0000000000000036, 47.0], [1.000000000000004, 47.0]], [[7.000000000000002, -31.5], [15.000000000000002, -31.5], [15.000000000000002, -16.5], [7.000000000000002, -16.5], [7.000000000000002, -31.5]], [[13.0, 35.0], [13.000000000000002, 43.0], [7.000000000000003, 43.0], [7.0, 35.0], [13.0, 35.0]], [[7.000000000000001, 20.0], [15.0, 20.0], [15.0, 26.0], [7.000000000000001, 26.0], [7.000000000000001, 20.0]], [[1.0000000000000029, 42.0], [-6.999999999999997, 42.0], [-6.999999999999997, 36.0], [1.0000000000000022, 36.0], [1.0000000000000029, 42.0]], [[-22.999999999999996, 36.00000000000001], [-6.9999999999999964, 36.0], [-6.9999999999999964, 42.0], [-22.999999999999996, 42.00000000000001], [-22.999999999999996, 36.00000000000001]], [[-22.999999999999996, 35.00000000000001], [-22.999999999999993, 43.00000000000001], [-28.999999999999993, 43.00000000000001], [-28.999999999999996, 35.00000000000001], [-22.999999999999996, 35.00000000000001]]], "node_id": [0, 1, 2, 3, 4, 5, 6, 7, 8, 9, 10, 11, 12]}