{"corners": [[[0.0, 0.0], [8.0, 0.0], [8.0, 15.0], [0.0, 15.0], [0.0, 0.0]], [[-8.0, 4.5], [0.0, 4.5], [0.0, 10.5], [-8.0, 10.5], [-8.0, 4.5]], [[0.0, 15.0], [8.0, 15.0], [8.0, 30.0], [0.0, 30.0], [0.0, 15.0]], [[-4.0, 30.0], [12.0, 30.0], [12.0, 36.0], [-4.0, 36.0], [-4.0, 30.0]], [[8.000000000000002, 51.0], [1.7763568394002505e-15, 51.0], [0.0, 36.0], [8.0, 36.0], [8.000000000000002, 51.0]]], "node_id": [0, 1, 2, 3, 4]}