{"corners": [[[0.0, 0.0], [8.0, 0.0], [8.0, 15.0], [0.0, 15.0], [0.0, 0.0]], [[-8.0, 4.5], [0.0, 4.5], [0.0, 10.5], [-8.0, 10.5], [-8.0, 4.5]], [[-8.0, -10.5], [0.0, -10.5], [0.0, 4.5], [-8.0, 4.5], [-8.0, -10.5]], [[16.0, -1.7763568394002505e-15], [0.0, 1.8301332671555315e-16], [0.0, -6.0], [16.0, -6.000000000000002], [16.0, -1.7763568394002505e-15]], [[-8.0, 10.5], [0.0, 10.5], [0.0, 25.5], [-8.0, 25.5], [-8.0, 10.5]], [[16.0, 21.0], [0.0, 21.000000000000004], [0.0, 15.000000000000002], [16.0, 15.0], [16.0, 21.0]], [[24.0, 25.5], [16.0, 25.5], [15.999999999999998, 10.500000000000002], [23.999999999999996, 10.5], [24.0, 25.5]], [[-8.0, -25.5], [0.0, -25.5], [0.0, -10.5], [-8.0, -10.5], [-8.0, -25.5]], [[30.0, 10.0], [30.0, 26.0], [24.0, 26.0], [24.0, 10.0], [30.0, 10.0]], [[15.999999999999998, -10.500000000000002], [24.0, -10.500000000000004], [24.0, 4.4999999999999964], [16.000000000000004, 4.499999999999998], [15.999999999999998, -10.500000000000002]], [[28.0, -10.500000000000007], [12.0, -10.500000000000002], [11.999999999999996, -16.5], [27.999999999999996, -16.500000000000007], [28.0, -10.500000000000007]], [[-11.5, -25.5], [-11.5, -33.5], [3.5, -33.5], [3.5, -25.5], [-11.5, -25.5]], [[12.000000000000002, 36.0], [4.000000000000002, 36.0], [4.0, 21.0], [12.0, 21.0], [12.000000000000002, 36.0]]], "node_id": [0, 1, 2, 3, 4, 5, 6, 7, 8, 9, 10, 11, 12]}