{"corners": [[[0.0, 0.0], [16.0, 0.0], [16.0, 6.0], [0.0, 6.0], [0.0, 0.0]], [[-16.0, 0.0], [0.0, 0.0], [0.0, 6.0], [-16.0, 6.0], [-16.0, 0.0]], [[0.4999999999999991, 14.0], [0.4999999999999996, 6.0], [15.5, 6.000000000000001], [15.5, 14.000000000000002], [0.4999999999999991, 14.0]], [[3.999999999999999, 14.0], [12.0, 14.0], [12.0, 20.0], [3.999999999999999, 20.0], [3.999999999999999, 14.0]], [[-24.0, -4.5], [-16.0, -4.5], [-16.0, 10.5], [-24.0, 10.5], [-24.0, -4.5]], [[-11.0, 14.0], [-11.0, 6.0], [-4.999999999999999, 6.0], [-5.0, 14.0], [-11.0, 14.0]], [[-23.0, -4.5], [-23.0, -12.5], [-17.0, -12.5], [-17.0, -4.5], [-23.0, -4.5]], [[-5.0, 14.0], [-4.999999999999999, 30.0], [-11.0, 30.0], [-11.0, 14.0], [-5.0, 14.0]], [[-4.000000000000001, 14.0], [3.999999999999999, 14.0], [3.999999999999999, 20.0], [-4.000000000000001, 20.0], [-4.000000000000001, 14.0]], [[-12.0, -12.499999999999998], [-28.0, -12.5], [-28.0, -18.5], [-12.0, -18.5], [-12.0, -12.499999999999998]], [[-44.0, -18.5], [-28.0, -18.5], [-28.0, -12.5], [-44.0, -12.5], [-44.0, -18.5]], [[-24.0, -1.0], [-24.0, 7.0], [-30.0, 7.0], [-30.0, -0.9999999999999997], [-24.0, -1.0]], [[-43.5, -4.500000000000001], [-43.5, -12.5], [-28.5, -12.5], [-28.5, -4.5], [-43.5, -4.500000000000001]]], "node_id": [0, 1, 2, 3, 4, 5, 6, 7, 8, 9, 10, 11, 12]}