{"corners": [[[0.0, 0.0], [16.0, 0.0], [16.0, 6.0], [0.0, 6.0], [0.0, 0.0]], [[22.0, -5.0], [22.0, 11.0], [16.0, 11.0], [16.0, -5.0], [22.0, -5.0]], [[22.0, 11.0], [22.0, 19.0], [16.0, 19.0], [16.0, 11.0], [22.0, 11.0]], [[11.500000000000002, 27.0], [11.5, 19.0], [26.5, 18.999999999999996], [26.5, 26.999999999999996], [11.500000000000002, 27.0]], [[22.0, -13.0], [22.0, -5.0], [16.0, -5.0], [16.0, -13.0], [22.0, -13.0]], [[28.0, -17.0], [28.0, -1.0], [22.0, -1.0], [22.0, -17.0], [28.0, -17.0]], [[10.0, -4.999999999999999], [9.999999999999998, -13.0], [15.999999999999998, -13.0], [16.0, -5.0], [10.0, -4.999999999999999]], [[30.0, 18.0], [22.0, 18.0], [22.0, 12.0], [30.0, 12.0], [30.0, 18.0]], [[-6.0, 7.0], [-5.999999999999999, -1.0], [8.881784197001252e-16, -1.0], [0.0, 7.0], [-6.0, 7.0]], [[-6.000000000000001, -5.0], [-6.0, 11.0], [-12.0, 11.0], [-12.0, -5.0], [-6.000000000000001, -5.0]], [[-11.999999999999996, 27.0], [-12.0, 11.0], [-5.999999999999999, 11.0], [-5.9999999999999964, 27.0], [-11.999999999999996, 27.0]], [[30.0, 5.999999999999999], [22.0, 6.0], [22.0, 0.0], [30.0, -8.881784197001252e-16], [30.0, 5.999999999999999]], [[0.0, 6.0], [16.0, 6.0], [16.0, 12.0], [0.0, 12.0], [0.0, 6.0]]], "node_id": [0, 1, 2, 3, 4, 5, 6, 7, 8, 9, 10, 11, 12]}