{"corners": [[[0.0, 0.0], [16.0, 0.0], [16.0, 6.0], [0.0, 6.0], [0.0, 0.0]], [[16.0, 0.0], [32.0, 0.0], [32.0, 6.0], [16.0, 6.0], [16.0, 0.0]], [[32.0, -4.5], [40.0, -4.5], [40.0, 10.5], [32.0, 10.5], [32.0, -4.5]], [[32.0, 10.5], [40.0, 10.5], [40.0, 16.5], [32.0, 16.5], [32.0, 10.5]], [[4.0, 6.0], [12.0, 6.0], [12.0, 21.0], [4.0, 21.0], [4.0, 6.0]], [[3.673819061467132e-16, 6.0], [-8.0, 6.000000000000001], [-8.0, 8.881784197001252e-16], [-3.673819061467132e-16, 0.0], [3.673819061467132e-16, 6.0]], [[44.0, 22.5], [28.0, 22.500000000000004], [28.0, 16.5], [44.0, 16.5], [44.0, 22.5]], [[28.0, 22.5], [20.0, 22.5], [20.0, 16.5], [28.0, 16.5], [28.0, 22.5]], [[60.0, 22.5], [44.0, 22.500000000000004], [44.0, 16.5], [60.0, 16.5], [60.0, 22.5]], [[2.220446049250313e-15, 21.0], [-7.999999999999998, 21.0], [-8.0, 6.000000000000002], [3.835365185167472e-16, 6.0], [2.220446049250313e-15, 21.0]], [[56.0, 16.5], [48.0, 16.5], [48.0, 1.5000000000000018], [56.0, 1.5], [56.0, 16.5]], [[16.5, 16.5], [16.5, 8.5], [31.5, 8.499999999999996], [31.5, 16.499999999999996], [16.5, 16.5]], [[4.0, 21.0], [12.0, 21.0], [12.0, 27.0], [4.0, 27.0], [4.0, 21.0]]], "node_id": [0, 1, 2, 3, 4, 5, 6, 7, 8, 9, 10, 11, 12]}