{"corners": [[[0.0, 0.0], [8.0, 0.0], [8.0, 6.0], [0.0, 6.0], [0.0, 0.0]], [[12.0, -9.796850830579018e-16], [-4.0, 9.796850830579018e-16], [-4.0, -5.999999999999999], [12.0, -6.000000000000001], [12.0, -9.796850830579018e-16]], [[12.0, -6.000000000000001], [20.0, -6.000000000000003], [20.0, -2.6645352591003757e-15], [12.000000000000002, -8.881784197001252e-16], [12.0, -6.000000000000001]], [[20.000000000000007, 14.999999999999996], [12.000000000000007, 15.0], [12.000000000000002, 0.0], [20.0, -3.552713678800501e-15], [20.000000000000007, 14.999999999999996]], [[7.0, 6.0], [7.000000000000001, 22.0], [1.0000000000000009, 22.0], [1.0, 6.0], [7.0, 6.0]], [[11.5, 22.0], [11.5, 30.0], [-3.5, 30.0], [-3.5, 22.0], [11.5, 22.0]], [[11.999999999999996, -21.0], [19.999999999999996, -21.000000000000004], [20.0, -6.000000000000002], [12.0, -6.0], [11.999999999999996, -21.0]], [[3.673819061467132e-16, 6.0], [-16.0, 6.000000000000002], [-16.0, 1.7763568394002505e-15], [-3.673819061467132e-16, 0.0], [3.673819061467132e-16, 6.0]], [[8.000000000000004, 45.0], [3.552713678800501e-15, 45.0], [1.7763568394002505e-15, 30.0], [8.000000000000002, 30.0], [8.000000000000004, 45.0]], [[2.1437387455469636e-15, 40.5], [-7.999999999999998, 40.5], [-7.999999999999998, 34.5], [1.4089749332535373e-15, 34.5], [2.1437387455469636e-15, 40.5]], [[-4.000000000000002, -16.499999999999996], [11.999999999999998, -16.5], [11.999999999999998, -10.5], [-4.0, -10.499999999999996], [-4.000000000000002, -16.499999999999996]], [[13.000000000000014, 31.0], [13.000000000000007, 15.0], [19.000000000000007, 14.999999999999996], [19.000000000000014, 30.999999999999996], [13.000000000000014, 31.0]], [[8.000000000000005, 60.0], [5.329070518200751e-15, 60.0], [3.552713678800501e-15, 45.0], [8.000000000000004, 45.0], [8.000000000000005, 60.0]]], "node_id": [0, 1, 2, 3, 4, 5, 6, 7, 8, 9, 10, 11, 12]}