{"corners": [[[0.0, 0.0], [8.0, 0.0], [8.0, 6.0], [0.0, 6.0], [0.0, 0.0]], [[16.0, 10.5], [8.0, 10.500000000000002], [7.999999999999998, -4.499999999999998], [15.999999999999998, -4.5], [16.0, 10.5]], [[20.0, 16.5], [4.0, 16.500000000000004], [4.0, 10.500000000000002], [20.0, 10.5], [20.0, 16.5]], [[-4.0, 10.500000000000004], [4.0, 10.500000000000002], [4.000000000000002, 16.5], [-3.9999999999999987, 16.500000000000004], [-4.0, 10.500000000000004]], [[20.0, 21.5], [19.999999999999996, 5.5], [25.999999999999996, 5.5], [26.0, 21.5], [20.0, 21.5]]], "node_id": [0, 1, 2, 3, 4]}