{"corners": [[[0.0, 0.0], [8.0, 0.0], [8.0, 6.0], [0.0, 6.0], [0.0, 0.0]], [[-3.500000000000001, 14.0], [-3.5000000000000004, 6.0], [11.5, 6.000000000000001], [11.5, 14.000000000000002], [-3.500000000000001, 14.0]], [[-3.500000000000001, 6.0], [-3.5000000000000004, 14.0], [-18.5, 14.000000000000002], [-18.5, 6.000000000000001], [-3.500000000000001, 6.0]], [[-8.881784197001252e-16, 14.0], [7.999999999999999, 14.0], [7.999999999999999, 29.0], [-8.881784197001252e-16, 29.0], [-8.881784197001252e-16, 14.0]], [[-33.5, 14.000000000000004], [-33.5, 6.0000000000000036], [-18.5, 6.0], [-18.5, 14.0], [-33.5, 14.000000000000004]]], "node_id": [0, 1, 2, 3, 4]}