{"corners": [[[0.0, 0.0], [16.0, 0.0], [16.0, 6.0], [0.0, 6.0], [0.0, 0.0]], [[9.18454765366783e-16, 10.5], [-7.999999999999999, 10.500000000000002], [-8.0, -4.499999999999998], [-9.18454765366783e-16, -4.5], [9.18454765366783e-16, 10.5]], [[16.0, 11.0], [16.0, -5.0], [22.0, -5.0], [22.0, 11.0], [16.0, 11.0]], [[22.0, -13.0], [22.0, -5.0], [16.0, -5.0], [16.0, -13.0], [22.0, -13.0]], [[22.0, -12.0], [38.0, -12.0], [38.0, -6.0], [22.0, -6.0], [22.0, -12.0]], [[15.5, 5.999999999999999], [15.5, 14.0], [0.5, 14.0], [0.5, 6.0], [15.5, 5.999999999999999]], [[46.0, -1.5000000000000009], [38.0, -1.5], [38.0, -16.5], [46.0, -16.5], [46.0, -1.5000000000000009]], [[12.0, -4.898425415289509e-16], [4.0, 4.898425415289509e-16], [3.9999999999999982, -14.999999999999998], [11.999999999999998, -15.0], [12.0, -4.898425415289509e-16]], [[37.5, -6.000000000000001], [37.5, 1.9999999999999991], [22.5, 2.000000000000001], [22.5, -6.0], [37.5, -6.000000000000001]], [[10.999999999999996, -31.0], [10.999999999999998, -15.0], [4.999999999999997, -15.0], [4.9999999999999964, -31.0], [10.999999999999996, -31.0]], [[23.0, -13.0], [15.0, -12.999999999999998], [14.999999999999998, -28.0], [22.999999999999996, -28.0], [23.0, -13.0]], [[4.9999999999999964, -31.0], [4.999999999999995, -39.0], [10.999999999999995, -39.0], [10.999999999999996, -31.0], [4.9999999999999964, -31.0]], [[-7.999999999999999, 10.500000000000002], [8.881784197001252e-16, 10.5], [4.440892098500626e-15, 25.5], [-7.999999999999996, 25.5], [-7.999999999999999, 10.500000000000002]], [[4.999999999999997, -27.0], [4.999999999999998, -19.0], [-1.0000000000000018, -19.0], [-1.0000000000000027, -27.0], [4.999999999999997, -27.0]]], "node_id": [0, 1, 2, 3, 4, 5, 6, 7, 8, 9, 10, 11, 12, 13]}