{"corners": [[[0.0, 0.0], [16.0, 0.0], [16.0, 6.0], [0.0, 6.0], [0.0, 0.0]], [[31.0, -1.0000000000000009], [31.0, 6.999999999999999], [16.0, 7.000000000000001], [16.0, -1.0], [31.0, -1.0000000000000009]], [[19.5, -16.0], [27.5, -16.0], [27.5, -1.0], [19.5, -1.0], [19.5, -16.0]], [[27.5, -16.0], [19.5, -15.999999999999998], [19.5, -22.0], [27.5, -22.0], [27.5, -16.0]], [[12.000000000000002, 21.0], [4.000000000000002, 21.0], [4.0, 6.000000000000002], [12.0, 6.0], [12.000000000000002, 21.0]], [[35.5, -11.5], [27.5, -11.499999999999998], [27.5, -26.5], [35.5, -26.5], [35.5, -11.5]], [[35.5, -26.5], [43.5, -26.500000000000004], [43.5, -11.500000000000002], [35.50000000000001, -11.5], [35.5, -26.5]], [[42.49999999999999, -42.5], [42.5, -26.5], [36.5, -26.499999999999996], [36.49999999999999, -42.5], [42.49999999999999, -42.5]], [[11.5, -16.0], [19.5, -16.0], [19.5, -1.0], [11.5, -1.0], [11.5, -16.0]], [[27.5, -11.5], [35.5, -11.5], [35.5, -5.5], [27.5, -5.5], [27.5, -11.5]], [[43.5, -22.0], [59.5, -22.000000000000004], [59.5, -16.000000000000004], [43.5, -16.0], [43.5, -22.0]], [[57.49999999999999, -38.50000000000001], [57.49999999999999, -30.500000000000007], [42.49999999999999, -30.5], [42.49999999999999, -38.5], [57.49999999999999, -38.50000000000001]], [[35.499999999999986, -57.5], [43.499999999999986, -57.5], [43.499999999999986, -42.5], [35.49999999999999, -42.5], [35.499999999999986, -57.5]], [[51.499999999999986, -42.5], [43.499999999999986, -42.5], [43.49999999999998, -57.5], [51.49999999999998, -57.5], [51.499999999999986, -42.5]]], "node_id": [0, 1, 2, 3, 4, 5, 6, 7, 8, 9, 10, 11, 12, 13]}