{"corners": [[[0.0, 0.0], [8.0, 0.0], [8.0, 15.0], [0.0, 15.0], [0.0, 0.0]], [[0.0, -6.0], [8.0, -6.0], [8.0, 0.0], [0.0, 0.0], [0.0, -6.0]], [[-6.0, 11.5], [-5.999999999999999, 3.5], [8.881784197001252e-16, 3.5], [0.0, 11.5], [-6.0, 11.5]], [[16.0, 10.5], [8.0, 10.500000000000002], [8.0, 4.500000000000001], [16.0, 4.5], [16.0, 10.5]], [[15.999999999999998, 0.0], [24.0, -1.9593701661158036e-15], [24.0, 14.999999999999998], [16.000000000000004, 15.0], [15.999999999999998, 0.0]], [[-3.500000000000001, 23.0], [-3.5000000000000004, 15.0], [11.5, 15.0], [11.5, 23.0], [-3.500000000000001, 23.0]], [[11.5, 16.0], [27.5, 16.0], [27.5, 22.0], [11.5, 22.0], [11.5, 16.0]], [[8.0, -10.5], [16.0, -10.5], [16.0, 4.5], [8.0, 4.5], [8.0, -10.5]], [[-19.5, 16.0], [-3.5, 16.0], [-3.5, 22.0], [-19.5, 22.0], [-19.5, 16.0]], [[-16.0, -6.0], [0.0, -6.0], [0.0, 0.0], [-16.0, 0.0], [-16.0, -6.0]], [[-7.5, 16.0], [-15.5, 16.0], [-15.500000000000002, 1.0000000000000018], [-7.500000000000002, 1.0], [-7.5, 16.0]], [[-14.5, 30.0], [-14.5, 22.0], [-8.5, 22.0], [-8.5, 30.0], [-14.5, 30.0]], [[-19.5, 11.0], [-19.5, 27.0], [-25.5, 27.0], [-25.5, 11.0], [-19.5, 11.0]], [[12.0, 30.0], [12.0, 22.0], [27.0, 22.0], [27.0, 30.0], [12.0, 30.0]]], "node_id": [0, 1, 2, 3, 4, 5, 6, 7, 8, 9, 10, 11, 12, 13]}