{"corners": [[[0.0, 0.0], [16.0, 0.0], [16.0, 6.0], [0.0, 6.0], [0.0, 0.0]], [[5.0, -1.836909530733566e-16], [5.000000000000001, -8.0], [11.0, -8.0], [11.0, 1.836909530733566e-16], [5.0, -1.836909530733566e-16]], [[16.0, 7.0], [16.0, -1.0], [31.0, -0.9999999999999991], [31.0, 7.000000000000001], [16.0, 7.0]], [[11.0, -7.0], [27.0, -7.0], [27.0, -1.0], [11.0, -1.0], [11.0, -7.0]], [[-10.0, -8.881784197001252e-16], [-10.0, -8.0], [5.0, -8.0], [5.0, 3.027634566665771e-17], [-10.0, -8.881784197001252e-16]]], "node_id": [0, 1, 2, 3, 4]}