{"corners": [[[0.0, 0.0], [8.0, 0.0], [8.0, 15.0], [0.0, 15.0], [0.0, 0.0]], [[3.673819061467132e-16, 10.5], [-8.0, 10.500000000000002], [-8.0, 4.500000000000001], [-3.673819061467132e-16, 4.5], [3.673819061467132e-16, 10.5]], [[0.9999999999999991, 31.0], [1.0, 15.0], [7.0, 15.0], [6.999999999999999, 31.0], [0.9999999999999991, 31.0]], [[0.0, -6.0], [8.0, -6.0], [8.0, 0.0], [0.0, 0.0], [0.0, -6.0]], [[1.0, -6.0], [1.0000000000000009, -22.0], [7.000000000000001, -22.0], [7.0, -6.0], [1.0, -6.0]], [[-1.0000000000000018, -11.5], [-1.0000000000000009, 4.5], [-7.000000000000001, 4.5], [-7.000000000000002, -11.5], [-1.0000000000000018, -11.5]], [[8.0, -6.0], [16.0, -6.0], [16.0, 0.0], [8.0, 0.0], [8.0, -6.0]], [[1.0000000000000009, -22.0], [1.0000000000000018, -38.0], [7.000000000000002, -38.0], [7.000000000000001, -22.0], [1.0000000000000009, -22.0]], [[13.0, 19.0], [13.0, 27.0], [7.000000000000001, 27.0], [7.0, 19.0], [13.0, 19.0]], [[-7.000000000000001, -7.5], [-7.0, 0.5], [-22.0, 0.5000000000000018], [-22.0, -7.499999999999999], [-7.000000000000001, -7.5]], [[7.000000000000002, -46.0], [7.000000000000003, -38.0], [1.0000000000000027, -38.0], [1.0000000000000018, -46.0], [7.000000000000002, -46.0]], [[7.000000000000002, -26.0], [7.000000000000003, -34.0], [22.0, -34.0], [22.0, -26.0], [7.000000000000002, -26.0]], [[-28.0, 4.500000000000003], [-28.000000000000004, -11.499999999999996], [-22.000000000000004, -11.499999999999996], [-22.0, 4.500000000000002], [-28.0, 4.500000000000003]], [[19.0, 15.0], [19.0, 31.0], [13.0, 31.0], [13.0, 15.0], [19.0, 15.0]]], "node_id": [0, 1, 2, 3, 4, 5, 6, 7, 8, 9, 10, 11, 12, 13]}