{"corners": [[[0.0, 0.0], [8.0, 0.0], [8.0, 6.0], [0.0, 6.0], [0.0, 0.0]], [[1.0, -1.836909530733566e-16], [1.0000000000000004, -8.0], [7.000000000000001, -8.0], [7.0, 1.836909530733566e-16], [1.0, -1.836909530733566e-16]], [[0.9999999999999999, -1.0], [-7.0, -1.0000000000000009], [-6.999999999999999, -7.000000000000001], [1.0000000000000007, -7.0], [0.9999999999999999, -1.0]], [[0.0, -23.0], [8.0, -23.0], [8.0, -8.0], [0.0, -8.0], [0.0, -23.0]], [[7.0, -31.0], [7.000000000000001, -23.0], [1.0000000000000009, -23.0], [1.0, -31.0], [7.0, -31.0]]], "node_id": [0, 1, 2, 3, 4]}