{"corners": [[[0.0, 0.0], [16.0, 0.0], [16.0, 6.0], [0.0, 6.0], [0.0, 0.0]], [[4.0, -15.0], [12.0, -15.0], [12.0, 0.0], [4.0, 0.0], [4.0, -15.0]], [[24.0, 5.999999999999999], [16.0, 6.0], [16.0, 0.0], [24.0, -8.881784197001252e-16], [24.0, 5.999999999999999]], [[12.0, 6.000000000000002], [28.0, 5.999999999999998], [28.0, 11.999999999999998], [12.000000000000002, 12.000000000000002], [12.0, 6.000000000000002]], [[16.0, 12.000000000000002], [24.0, 12.0], [24.000000000000004, 27.0], [16.000000000000004, 27.0], [16.0, 12.000000000000002]]], "node_id": [0, 1, 2, 3, 4]}