{"corners": [[[0.0, 0.0], [8.0, 0.0], [8.0, 6.0], [0.0, 6.0], [0.0, 0.0]], [[16.0, 10.5], [8.0, 10.500000000000002], [7.999999999999998, -4.499999999999998], [15.999999999999998, -4.5], [16.0, 10.5]], [[0.0, -6.0], [8.0, -6.0], [8.0, 0.0], [0.0, 0.0], [0.0, -6.0]], [[14.999999999999996, -20.5], [14.999999999999998, -4.5], [8.999999999999996, -4.5], [8.999999999999996, -20.5], [14.999999999999996, -20.5]], [[20.999999999999996, -16.5], [20.999999999999996, -8.5], [14.999999999999996, -8.5], [14.999999999999996, -16.5], [20.999999999999996, -16.5]]], "node_id": [0, 1, 2, 3, 4]}