{"corners": [[[0.0, 0.0], [16.0, 0.0], [16.0, 6.0], [0.0, 6.0], [0.0, 0.0]], [[3.673819061467132e-16, 6.0], [-8.0, 6.000000000000001], [-8.0, 8.881784197001252e-16], [-3.673819061467132e-16, 0.0], [3.673819061467132e-16, 6.0]], [[3.4999999999999982, -7.999999999999999], [3.4999999999999987, 8.881784197001252e-16], [-11.500000000000002, 2.6645352591003757e-15], [-11.500000000000002, -7.999999999999998], [3.4999999999999982, -7.999999999999999]], [[16.0, 7.0], [16.0, -1.0], [31.0, -0.9999999999999991], [31.0, 7.000000000000001], [16.0, 7.0]], [[47.0, 6.000000000000003], [31.0, 6.000000000000001], [31.0, 8.881784197001252e-16], [47.0, 2.6645352591003757e-15], [47.0, 6.000000000000003]], [[20.5, 15.0], [20.5, 7.0], [26.5, 7.0], [26.5, 15.0], [20.5, 15.0]], [[35.0, -14.999999999999998], [43.0, -14.999999999999998], [43.0, 1.7763568394002505e-15], [35.0, 1.7763568394002505e-15], [35.0, -14.999999999999998]], [[31.0, 6.000000000000002], [47.0, 6.000000000000002], [47.0, 12.000000000000002], [31.0, 12.000000000000002], [31.0, 6.000000000000002]], [[47.0, 1.5000000000000018], [55.0, 1.5000000000000018], [55.0, 16.5], [47.0, 16.5], [47.0, 1.5000000000000018]], [[55.0, 17.0], [55.0, 1.0], [61.0, 1.0], [61.0, 17.0], [55.0, 17.0]], [[19.0, -10.499999999999998], [35.0, -10.499999999999998], [35.0, -4.499999999999998], [19.0, -4.499999999999998], [19.0, -10.499999999999998]], [[46.5, -23.0], [46.5, -15.0], [31.5, -14.999999999999998], [31.5, -23.0], [46.5, -23.0]], [[43.0, 18.0], [35.0, 18.0], [35.0, 12.0], [43.0, 12.0], [43.0, 18.0]], [[31.5, -23.0], [31.5, -15.0], [25.5, -15.0], [25.5, -23.0], [31.5, -23.0]]], "node_id": [0, 1, 2, 3, 4, 5, 6, 7, 8, 9, 10, 11, 12, 13]}