{"corners": [[[0.0, 0.0], [8.0, 0.0], [8.0, 15.0], [0.0, 15.0], [0.0, 0.0]], [[-8.0, 4.5], [0.0, 4.5], [0.0, 10.5], [-8.0, 10.5], [-8.0, 4.5]], [[-8.0, -1.5], [0.0, -1.5], [0.0, 4.5], [-8.0, 4.5], [-8.0, -1.5]], [[-8.0, 4.5], [-16.0, 4.500000000000001], [-16.0, -1.4999999999999991], [-8.0, -1.5], [-8.0, 4.5]], [[14.0, -0.5], [14.000000000000002, 15.5], [8.0, 15.5], [8.0, -0.4999999999999996], [14.0, -0.5]], [[-24.0, -5.999999999999997], [-16.0, -5.999999999999999], [-15.999999999999996, 9.0], [-23.999999999999996, 9.000000000000004], [-24.0, -5.999999999999997]], [[14.0, 11.5], [13.999999999999998, 3.5], [29.0, 3.4999999999999964], [29.0, 11.499999999999996], [14.0, 11.5]], [[15.000000000000002, 30.5], [7.000000000000002, 30.5], [7.0, 15.500000000000002], [15.0, 15.5], [15.000000000000002, 30.5]], [[-7.0, -1.5000000000000002], [-6.999999999999999, -9.5], [-0.9999999999999991, -9.5], [-1.0, -1.4999999999999998], [-7.0, -1.5000000000000002]], [[28.999999999999996, -4.5000000000000036], [29.0, 3.4999999999999964], [13.999999999999998, 3.5000000000000018], [13.999999999999996, -4.499999999999999], [28.999999999999996, -4.5000000000000036]], [[15.000000000000004, 36.5], [7.0000000000000036, 36.5], [7.0000000000000036, 30.5], [15.000000000000004, 30.5], [15.000000000000004, 36.5]], [[-27.5, -5.9999999999999964], [-27.5, -13.999999999999996], [-12.500000000000002, -14.0], [-12.5, -5.999999999999999], [-27.5, -5.9999999999999964]], [[1.0000000000000018, 31.0], [0.9999999999999989, 15.0], [6.999999999999999, 15.0], [7.000000000000002, 31.0], [1.0000000000000018, 31.0]], [[28.999999999999996, 3.4999999999999964], [28.999999999999993, -4.5000000000000036], [34.99999999999999, -4.500000000000005], [35.0, 3.499999999999994], [28.999999999999996, 3.4999999999999964]]], "node_id": [0, 1, 2, 3, 4, 5, 6, 7, 8, 9, 10, 11, 12, 13]}