{"corners": [[[0.0, 0.0], [16.0, 0.0], [16.0, 6.0], [0.0, 6.0], [0.0, 0.0]], [[22.0, -5.0], [22.0, 11.0], [16.0, 11.0], [16.0, -5.0], [22.0, -5.0]], [[12.000000000000002, 21.0], [4.000000000000002, 21.0], [4.0, 6.000000000000002], [12.0, 6.0], [12.000000000000002, 21.0]], [[15.0, 11.0], [23.0, 11.0], [23.0, 26.0], [15.0, 26.0], [15.0, 11.0]], [[11.000000000000002, 21.0], [11.000000000000002, 29.0], [5.000000000000003, 29.0], [5.000000000000002, 21.0], [11.000000000000002, 21.0]], [[12.0, -4.898425415289509e-16], [4.0, 4.898425415289509e-16], [4.0, -6.0], [12.0, -6.000000000000001], [12.0, -4.898425415289509e-16]], [[38.0, 5.999999999999998], [22.0, 6.0], [22.0, 0.0], [38.0, -1.7763568394002505e-15], [38.0, 5.999999999999998]], [[46.0, 10.499999999999996], [38.0, 10.499999999999998], [38.0, -4.500000000000002], [46.0, -4.5000000000000036], [46.0, 10.499999999999996]], [[-15.0, 6.999999999999999], [-15.0, -1.0000000000000009], [0.0, -1.0], [0.0, 7.0], [-15.0, 6.999999999999999]], [[-15.0, 5.999999999999999], [-23.0, 5.999999999999998], [-23.0, -1.7763568394002505e-15], [-15.0, -8.881784197001252e-16], [-15.0, 5.999999999999999]], [[38.0, -19.5], [46.0, -19.500000000000004], [46.0, -4.500000000000002], [38.00000000000001, -4.5], [38.0, -19.5]], [[5.000000000000002, 28.0], [-10.999999999999998, 28.000000000000004], [-10.999999999999998, 22.0], [5.000000000000001, 22.0], [5.000000000000002, 28.0]], [[-15.5, -7.0], [0.5, -7.0], [0.5, -1.0], [-15.5, -1.0], [-15.5, -7.0]], [[3.9999999999999996, 9.5], [4.0, 17.5], [-1.9999999999999996, 17.5], [-2.0000000000000004, 9.5], [3.9999999999999996, 9.5]]], "node_id": [0, 1, 2, 3, 4, 5, 6, 7, 8, 9, 10, 11, 12, 13]}