{"corners": [[[0.0, 0.0], [8.0, 0.0], [8.0, 15.0], [0.0, 15.0], [0.0, 0.0]], [[-15.0, 11.5], [-15.0, 3.5], [0.0, 3.500000000000001], [0.0, 11.500000000000002], [-15.0, 11.5]], [[-15.0, 10.5], [-31.0, 10.499999999999998], [-31.0, 4.499999999999998], [-15.0, 4.5], [-15.0, 10.5]], [[-27.0, -1.5000000000000009], [-19.0, -1.5000000000000009], [-19.0, 4.499999999999999], [-27.0, 4.499999999999999], [-27.0, -1.5000000000000009]], [[-4.5, -12.5], [-4.499999999999999, 3.5], [-10.5, 3.5], [-10.5, -12.5], [-4.5, -12.5]], [[-16.5, 3.5000000000000018], [-16.500000000000004, -12.499999999999998], [-10.500000000000004, -12.499999999999998], [-10.5, 3.500000000000001], [-16.5, 3.5000000000000018]], [[-27.0, 4.499999999999999], [-43.0, 4.500000000000001], [-43.0, -1.4999999999999991], [-27.0, -1.5000000000000009], [-27.0, 4.499999999999999]], [[-32.0, -9.5], [-32.0, -1.5], [-38.0, -1.5], [-38.0, -9.5], [-32.0, -9.5]], [[-16.500000000000004, -12.499999999999998], [-16.500000000000007, -28.5], [-10.500000000000007, -28.5], [-10.500000000000004, -12.5], [-16.500000000000004, -12.499999999999998]], [[-31.0, 10.499999999999998], [-39.0, 10.499999999999996], [-39.0, 4.499999999999997], [-31.0, 4.499999999999998], [-31.0, 10.499999999999998]], [[0.0, 15.0], [8.0, 15.0], [8.0, 30.0], [0.0, 30.0], [0.0, 15.0]], [[-24.500000000000004, -23.5], [-16.500000000000004, -23.500000000000004], [-16.5, -17.5], [-24.500000000000004, -17.5], [-24.500000000000004, -23.5]], [[-24.5, -7.4999999999999964], [-16.5, -7.499999999999998], [-16.5, -1.4999999999999982], [-24.5, -1.4999999999999964], [-24.5, -7.4999999999999964]], [[-51.0, -5.999999999999997], [-43.0, -5.999999999999999], [-43.0, 9.0], [-50.99999999999999, 9.000000000000004], [-51.0, -5.999999999999997]]], "node_id": [0, 1, 2, 3, 4, 5, 6, 7, 8, 9, 10, 11, 12, 13]}