{"corners": [[[0.0, 0.0], [8.0, 0.0], [8.0, 6.0], [0.0, 6.0], [0.0, 0.0]], [[8.0, -4.898425415289509e-16], [0.0, 4.898425415289509e-16], [0.0, -6.0], [7.999999999999999, -6.000000000000001], [8.0, -4.898425415289509e-16]], [[8.000000000000002, 21.0], [1.7763568394002505e-15, 21.0], [0.0, 6.000000000000002], [8.0, 6.0], [8.000000000000002, 21.0]], [[12.0, -6.000000000000001], [-4.0, -5.999999999999999], [-4.0, -12.0], [12.0, -12.0], [12.0, -6.000000000000001]], [[12.0, -12.000000000000002], [-4.0, -12.0], [-4.0, -18.0], [12.0, -18.0], [12.0, -12.000000000000002]], [[3.673819061467132e-16, 16.5], [-16.0, 16.500000000000004], [-16.0, 10.500000000000002], [-3.673819061467132e-16, 10.5], [3.673819061467132e-16, 16.5]], [[8.0, 0.0], [24.0, 0.0], [24.0, 6.0], [8.0, 6.0], [8.0, 0.0]], [[7.999999999999999, -6.0], [16.0, -6.000000000000002], [16.0, -1.7763568394002505e-15], [8.0, 0.0], [7.999999999999999, -6.0]], [[-9.999999999999998, -0.9999999999999982], [-10.000000000000002, -17.0], [-4.000000000000001, -17.0], [-3.9999999999999982, -0.9999999999999993], [-9.999999999999998, -0.9999999999999982]], [[12.0, 6.0], [20.0, 6.0], [20.0, 21.0], [12.0, 21.0], [12.0, 6.0]], [[-0.5, 16.5], [-0.4999999999999995, 24.5], [-15.5, 24.5], [-15.5, 16.5], [-0.5, 16.5]], [[-16.0, 9.500000000000002], [-16.0, 17.5], [-31.0, 17.500000000000004], [-31.0, 9.500000000000004], [-16.0, 9.500000000000002]], [[-18.0, -16.499999999999996], [-10.0, -16.5], [-9.999999999999996, -1.4999999999999982], [-17.999999999999996, -1.4999999999999964], [-18.0, -16.499999999999996]], [[-23.999999999999996, -4.999999999999996], [-23.999999999999996, -12.999999999999996], [-18.0, -12.999999999999996], [-17.999999999999996, -4.9999999999999964], [-23.999999999999996, -4.999999999999996]]], "node_id": [0, 1, 2, 3, 4, 5, 6, 7, 8, 9, 10, 11, 12, 13]}