{"corners": [[[0.0, 0.0], [8.0, 0.0], [8.0, 15.0], [0.0, 15.0], [0.0, 0.0]], [[0.0, 15.0], [8.0, 15.0], [8.0, 30.0], [0.0, 30.0], [0.0, 15.0]], [[0.9999999999999996, 38.0], [1.0, 30.0], [7.0, 30.0], [7.0, 38.0], [0.9999999999999996, 38.0]], [[22.0, 30.0], [22.0, 38.0], [7.0, 38.0], [7.0, 30.0], [22.0, 30.0]], [[38.0, 37.0], [22.0, 37.0], [22.0, 31.0], [38.0, 31.0], [38.0, 37.0]]], "node_id": [0, 1, 2, 3, 4]}