{"corners": [[[0.0, 0.0], [8.0, 0.0], [8.0, 15.0], [0.0, 15.0], [0.0, 0.0]], [[12.0, -9.796850830579018e-16], [-4.0, 9.796850830579018e-16], [-4.0, -5.999999999999999], [12.0, -6.000000000000001], [12.0, -9.796850830579018e-16]], [[0.9999999999999996, 23.0], [1.0, 15.0], [7.0, 15.0], [7.0, 23.0], [0.9999999999999996, 23.0]], [[-3.5, -5.999999999999998], [-3.5000000000000013, -13.999999999999998], [11.499999999999998, -14.000000000000002], [11.5, -6.000000000000001], [-3.5, -5.999999999999998]], [[-2.4492127076447545e-16, 3.5], [2.4492127076447545e-16, 11.5], [-15.0, 11.500000000000002], [-15.0, 3.500000000000001], [-2.4492127076447545e-16, 3.5]], [[22.0, 15.0], [22.0, 23.0], [7.0, 23.0], [7.0, 15.000000000000002], [22.0, 15.0]], [[-30.0, 11.500000000000004], [-30.0, 3.5000000000000036], [-15.000000000000002, 3.5], [-15.0, 11.5], [-30.0, 11.500000000000004]], [[-19.500000000000004, -12.499999999999998], [-19.5, 3.5000000000000018], [-25.5, 3.5000000000000053], [-25.500000000000004, -12.499999999999996], [-19.500000000000004, -12.499999999999998]], [[-30.0, 3.5000000000000036], [-29.999999999999996, 11.500000000000004], [-45.0, 11.500000000000009], [-45.0, 3.500000000000008], [-30.0, 3.5000000000000036]], [[0.9999999999999994, 22.0], [-7.000000000000001, 22.0], [-7.0, 16.0], [1.0000000000000002, 16.0], [0.9999999999999994, 22.0]], [[-19.5, -7.499999999999998], [-11.5, -7.5], [-11.499999999999998, -1.5], [-19.5, -1.4999999999999982], [-19.5, -7.499999999999998]], [[-10.0, 1.0000000000000018], [-10.000000000000002, -6.999999999999998], [-4.000000000000002, -7.0], [-4.0, 1.0000000000000007], [-10.0, 1.0000000000000018]], [[-4.440892098500626e-16, 23.0], [8.0, 23.0], [8.0, 38.0], [-4.440892098500626e-16, 38.0], [-4.440892098500626e-16, 23.0]], [[-4.440892098500626e-16, 38.0], [8.0, 38.0], [8.0, 44.0], [-4.440892098500626e-16, 44.0], [-4.440892098500626e-16, 38.0]]], "node_id": [0, 1, 2, 3, 4, 5, 6, 7, 8, 9, 10, 11, 12, 13]}