{"corners": [[[0.0, 0.0], [8.0, 0.0], [8.0, 15.0], [0.0, 15.0], [0.0, 0.0]], [[-15.0, 11.5], [-15.0, 3.5], [0.0, 3.500000000000001], [0.0, 11.500000000000002], [-15.0, 11.5]], [[0.0, 11.5], [4.898425415289509e-16, 19.5], [-15.0, 19.5], [-15.0, 11.500000000000002], [0.0, 11.5]], [[-15.0, 10.5], [-23.0, 10.499999999999998], [-23.0, 4.499999999999999], [-15.0, 4.5], [-15.0, 10.5]], [[-15.0, 11.5], [-15.0, 19.5], [-30.0, 19.5], [-30.0, 11.500000000000002], [-15.0, 11.5]]], "node_id": [0, 1, 2, 3, 4]}