{"corners": [[[0.22607, 0.31507], [8.22607, 0.31507], [8.22607, 15.31507], [0.22607, 15.31507], [0.22607, 0.31507]], [[-5.80232, 11.823405], [-5.802319999999999, 3.823405], [0.19768000000000088, 3.823405], [0.19768, 11.823405], [-5.80232, 11.823405]], [[-20.950325, 11.688414999999999], [-20.950325, 3.688415], [-5.950325, 3.688415000000001], [-5.950325, 11.688415000000003], [-20.950325, 11.688414999999999]], [[-5.53375, 3.84931], [-5.5337499999999995, -12.15069], [0.4662500000000009, -12.15069], [0.46625, 3.8493100000000005], [-5.53375, 3.84931]], [[-16.417575, 3.537485000000001], [-16.417575, -12.462515], [-10.417575, -12.462515], [-10.417575, 3.5374850000000015], [-16.417575, 3.537485000000001]], [[-16.01349, -8.300485], [-16.01349, -0.300485], [-31.01349, -0.3004849999999982], [-31.01349, -8.300484999999998], [-16.01349, -8.300485]], [[-47.092805, -7.036169999999999], [-31.092805, -7.036169999999999], [-31.092805, -1.0361699999999991], [-47.092805, -1.0361699999999991], [-47.092805, -7.036169999999999]], [[8.090670000000001, 30.46048], [0.09067000000000178, 30.46048], [0.09067, 15.460480000000002], [8.09067, 15.46048], [8.090670000000001, 30.46048]], [[-6.864564999999999, -18.01939], [1.1354350000000009, -18.01939], [1.1354350000000009, -12.01939], [-6.864564999999999, -12.01939], [-6.864564999999999, -18.01939]], [[0.3366600000000018, 30.14657], [8.336660000000002, 30.146569999999997], [8.336660000000006, 45.14657], [0.33666000000000545, 45.14657], [0.3366600000000018, 30.14657]], [[16.472085, 15.46967], [8.472085, 15.469670000000002], [8.472084999999998, 0.46967000000000175], [16.472085, 0.46967], [16.472085, 15.46967]], [[6.350605000000001, -8.248805], [6.350605000000002, -0.248805], [0.3506050000000018, -0.248805], [0.3506050000000009, -8.248805], [6.350605000000001, -8.248805]], [[0.24264500000000472, 40.949105], [-15.757354999999995, 40.94910500000001], [-15.757354999999999, 34.94910500000001], [0.2426450000000025, 34.949105], [0.24264500000000472, 40.949105]], [[-43.446895, -1.4998799999999992], [-35.446895, -1.4998799999999992], [-35.446895, 4.500120000000001], [-43.446895, 4.500120000000001], [-43.446895, -1.4998799999999992]], [[8.205554999999999, 19.959455], [16.205555, 19.959454999999995], [16.205555, 25.959455], [8.205555, 25.959455], [8.205554999999999, 19.959455]]], "node_id": [0, 1, 2, 3, 4, 5, 6, 7, 8, 9, 10, 11, 12, 13, 14]}