{"corners": [[[0.0, 0.0], [8.40505, 0.22566], [8.8743, 6.81825], [0.0, 6.0], [0.0, 0.0]], [[-2.4492127076447545e-16, -1.0], [0.7900600000000002, 7.85272], [-6.962019999999999, 7.75546], [-6.0, -0.9999999999999997], [-2.4492127076447545e-16, -1.0]], [[16.0, 10.5], [8.80588, 10.873940000000001], [7.199319999999998, -3.7362499999999983], [15.999999999999998, -4.5], [16.0, 10.5]], [[15.999999999999998, 0.0], [32.18572, -0.8494400000000039], [32.0, 5.9999999999999964], [16.0, 6.0], [15.999999999999998, 0.0]], [[20.0, -6.000000000000001], [28.58409, -6.821460000000003], [27.69717, -0.20047000000000267], [20.0, -8.881784197001252e-16], [20.0, -6.000000000000001]], [[32.0, -6.000000000000004], [16.0, -5.999999999999998], [15.999999999999996, -11.999999999999998], [31.999999999999996, -12.000000000000004], [32.0, -6.000000000000004]]], "node_id": [0, 1, 2, 3, 4, 5]}