{"corners": [[[0.0, 0.0], [8.16273, 0.01184], [8.0, 15.0], [0.0, 15.0], [0.0, 0.0]], [[8.0, 11.5], [8.79723, 2.56599], [13.45694, 3.57629], [14.0, 11.5], [8.0, 11.5]], [[14.0, 15.5], [14.000000000000002, -0.5], [20.0, -0.5], [20.0, 15.5], [14.0, 15.5]], [[14.0, 23.5], [13.45871, 15.61963], [20.0, 15.5], [20.0, 23.5], [14.0, 23.5]], [[-2.4492127076447545e-16, 3.5], [2.4492127076447545e-16, 11.5], [-15.0, 11.500000000000002], [-15.0, 3.500000000000001], [-2.4492127076447545e-16, 3.5]], [[6.0, 16.5], [14.0, 16.5], [14.0, 22.5], [6.0, 22.5], [6.0, 16.5]]], "node_id": [0, 1, 2, 3, 4, 5]}