{"corners": [[[0.436635, 0.29068], [8.436635, 0.29068], [8.436635, 15.29068], [0.436635, 15.29068], [0.436635, 0.29068]], [[8.25296, 11.835185], [8.25296, 3.835185], [14.25296, 3.835185], [14.25296, 11.835185], [8.25296, 11.835185]], [[14.34676, 15.821735], [14.346760000000002, -0.178265], [20.34676, -0.178265], [20.34676, 15.821735], [14.34676, 15.821735]], [[14.34137, 23.7733], [14.34137, 15.7733], [20.34137, 15.7733], [20.34137, 23.7733], [14.34137, 23.7733]], [[0.15982999999999975, 3.842305], [0.15983000000000025, 11.842305], [-14.84017, 11.842305000000001], [-14.84017, 3.842305000000001], [0.15982999999999975, 3.842305]], [[6.27625, 16.57005], [14.27625, 16.57005], [14.27625, 22.57005], [6.27625, 22.57005], [6.27625, 16.57005]]], "node_id": [0, 1, 2, 3, 4, 5]}