{"corners": [[[0.0, 0.0], [16.0, 0.0], [16.0, 6.0], [0.0, 6.0], [0.0, 0.0]], [[-16.0, 0.0], [-0.61343, -0.82227], [0.0, 6.0], [-16.0, 6.0], [-16.0, 0.0]], [[-5.0, 6.0], [-5.266969999999999, 13.94336], [-11.34794, 14.27485], [-11.0, 6.0], [-5.0, 6.0]], [[-16.0, -1.0], [-16.1554, 6.1258], [-31.0, 7.000000000000002], [-31.0, -0.9999999999999991], [-16.0, -1.0]], [[-4.0, -4.898425415289509e-16], [-12.39142, -0.7783999999999995], [-12.000000000000002, -14.999999999999998], [-4.000000000000002, -15.0], [-4.0, -4.898425415289509e-16]]], "node_id": [0, 1, 2, 3, 4]}