{"corners": [[[0.0, 0.0], [7.25448, 0.21047], [8.0, 6.0], [0.0, 6.0], [0.0, 0.0]], [[0.0, 6.0], [7.36834, 6.17217], [8.0, 21.0], [0.0, 21.0], [0.0, 6.0]], [[-8.0, 10.5], [0.0, 10.5], [0.0, 16.5], [-8.0, 16.5], [-8.0, 10.5]], [[6.999999999999999, -16.0], [7.0, 0.0], [1.0, 0.0], [0.9999999999999991, -16.0], [6.999999999999999, -16.0]], [[-16.0, 6.0], [-8.0, 6.0], [-8.0, 21.0], [-16.0, 21.0], [-16.0, 6.0]], [[1.7763568394002505e-15, 31.5], [-7.437529999999998, 31.54901], [-8.0, 16.5], [-6.055269133331542e-17, 16.5], [1.7763568394002505e-15, 31.5]]], "node_id": [0, 1, 2, 3, 4, 5]}