{"corners": [[[0.191135, 0.13656], [8.191135, 0.13656], [8.191135, 15.13656], [0.191135, 15.13656], [0.191135, 0.13656]], [[-14.88283, 11.88325], [-14.88283, 3.88325], [0.11717, 3.8832500000000008], [0.11717, 11.883250000000002], [-14.88283, 11.88325]], [[1.16111, 0.2830199999999998], [1.1611100000000005, -7.71698], [7.161110000000001, -7.71698], [7.16111, 0.28302000000000016], [1.16111, 0.2830199999999998]], [[-30.785005, 4.882945], [-14.785005, 4.882945], [-14.785005, 10.882945], [-30.785005, 10.882945], [-30.785005, 4.882945]], [[-3.342059999999999, 3.612265000000001], [-11.34206, 3.6122650000000003], [-11.342059999999996, -11.387735], [-3.3420599999999974, -11.387734999999997], [-3.342059999999999, 3.612265000000001]], [[-26.74183, 10.64131], [-18.74183, 10.64131], [-18.74183, 25.64131], [-26.74183, 25.64131], [-26.74183, 10.64131]], [[7.285145, 0.08963500000000045], [7.285145000000001, -7.910365], [13.285145, -7.910365], [13.285145, 0.08963500000000081], [7.285145, 0.08963500000000045]], [[1.2159949999999995, 23.209515], [1.215995, 15.209515], [7.215995, 15.209515], [7.215995, 23.209515], [1.2159949999999995, 23.209515]], [[-10.394504999999997, -11.142549999999998], [-10.394504999999995, -27.14255], [-4.394504999999995, -27.14255], [-4.394504999999996, -11.142549999999998], [-10.394504999999997, -11.142549999999998]], [[1.3589149999999992, 31.117715], [1.3589149999999997, 23.117715], [7.358915, 23.117715], [7.358914999999999, 31.117715], [1.3589149999999992, 31.117715]], [[-14.722359999999997, -27.051095], [-14.722359999999997, -35.051095], [0.27764000000000355, -35.051095], [0.27764000000000355, -27.051095], [-14.722359999999997, -27.051095]], [[1.1583699999999997, 15.411055], [1.1583700000000001, 23.411055], [-4.84163, 23.411055], [-4.84163, 15.411055], [1.1583699999999997, 15.411055]], [[-30.056425, 33.63293], [-30.056425, 25.63293], [-15.056425, 25.63293], [-15.056425, 33.63293], [-30.056425, 33.63293]], [[-38.87032, 4.95008], [-30.87032, 4.95008], [-30.87032, 10.95008], [-38.87032, 10.95008], [-38.87032, 4.95008]], [[-27.093905, -3.355595], [-27.093905, 4.644405], [-42.093905, 4.644405000000002], [-42.093905, -3.355594999999999], [-27.093905, -3.355595]]], "node_id": [0, 1, 2, 3, 4, 5, 6, 7, 8, 9, 10, 11, 12, 13, 14]}