{"corners": [[[0.0, 0.0], [8.0, 0.0], [8.0, 15.0], [0.0, 15.0], [0.0, 0.0]], [[6.999999999999999, -16.0], [6.2122, -0.37183], [1.78538, -0.88731], [0.9999999999999991, -16.0], [6.999999999999999, -16.0]], [[-8.0, 0.0], [0.0, 0.0], [0.0, 15.0], [-8.0, 15.0], [-8.0, 0.0]], [[-14.0, 11.5], [-13.77912, 2.95373], [-7.999999999999999, 3.5], [-8.0, 11.5], [-14.0, 11.5]], [[8.0, 21.0], [-0.71121, 21.3595], [-0.40049, 14.67471], [7.999999999999999, 15.0], [8.0, 21.0]], [[13.0, -16.0], [13.050740000000001, -0.76534], [6.356350000000001, -0.08729], [7.0, -16.0], [13.0, -16.0]]], "node_id": [0, 1, 2, 3, 4, 5]}