{"corners": [[[0.0, 0.0], [16.0, 0.0], [16.0, 6.0], [0.0, 6.0], [0.0, 0.0]], [[-16.0, 0.0], [0.0, 0.0], [0.0, 6.0], [-16.0, 6.0], [-16.0, 0.0]], [[-3.999999999999999, 12.0], [-12.22605, 12.256120000000001], [-12.0, 6.000000000000001], [-4.0, 6.0], [-3.999999999999999, 12.0]], [[-16.0, -1.0], [-16.07154, 6.07238], [-22.21727, 7.90107], [-22.0, -0.9999999999999997], [-16.0, -1.0]], [[-4.999999999999999, 12.0], [-5.837439999999998, 20.3656], [-10.999999999999998, 20.0], [-11.0, 12.0], [-4.999999999999999, 12.0]], [[16.0, 7.0], [16.10368, -1.07748], [22.0, -1.0], [22.0, 7.0], [16.0, 7.0]]], "node_id": [0, 1, 2, 3, 4, 5]}