{"corners": [[[0.0, 0.0], [15.67392, 0.32718], [15.77457, 6.55275], [0.0, 6.0], [0.0, 0.0]], [[11.0, -8.0], [11.61156, -0.69069], [5.000000000000001, 0.0], [5.0, -8.0], [11.0, -8.0]], [[-6.0, 7.0], [-5.7985999999999995, -1.93894], [-0.6064199999999991, -1.73187], [0.0, 7.0], [-6.0, 7.0]], [[-6.0, -1.0000000000000002], [-5.999999999999999, -9.0], [8.881784197001252e-16, -9.0], [0.0, -0.9999999999999999], [-6.0, -1.0000000000000002]], [[17.0, -8.0], [17.76839, 0.49348], [11.42102, 0.82864], [11.0, -8.0], [17.0, -8.0]], [[-14.0, -4.5], [-6.0, -4.5], [-6.0, 10.5], [-14.0, 10.5], [-14.0, -4.5]]], "node_id": [0, 1, 2, 3, 4, 5]}