{"corners": [[[0.0, 0.0], [16.0, 0.0], [16.0, 6.0], [0.0, 6.0], [0.0, 0.0]], [[15.5, 5.999999999999999], [16.0143, 13.47059], [0.5, 14.0], [0.5, 6.0], [15.5, 5.999999999999999]], [[11.0, 14.0], [10.29354, 22.12138], [5.000000000000001, 22.0], [5.0, 14.0], [11.0, 14.0]], [[11.0, 15.0], [27.81027, 15.14024], [27.0, 21.0], [11.0, 21.0], [11.0, 15.0]], [[22.0, 21.0], [22.18262, 29.93644], [16.0, 29.0], [16.0, 21.0], [22.0, 21.0]], [[-11.0, 15.0], [4.5846, 15.02984], [5.0, 21.0], [-11.0, 21.0], [-11.0, 15.0]]], "node_id": [0, 1, 2, 3, 4, 5]}