{"corners": [[[0.0, 0.0], [8.0, 0.0], [8.0, 15.0], [0.0, 15.0], [0.0, 0.0]], [[8.0, 4.5], [16.0, 4.5], [16.0, 10.5], [8.0, 10.5], [8.0, 4.5]], [[24.0, 10.5], [16.91971, 9.718830000000002], [16.02983, 3.8054200000000007], [24.0, 4.5], [24.0, 10.5]], [[9.0, 4.5], [9.73255, -3.16472], [15.0002, -2.54455], [15.0, 4.5], [9.0, 4.5]], [[8.0, 21.0], [0.0, 21.0], [0.0, 15.0], [7.999999999999999, 15.0], [8.0, 21.0]], [[7.0, 21.0], [6.174530000000001, 36.67567], [0.08432000000000084, 36.31365], [1.0, 21.0], [7.0, 21.0]], [[17.000000000000004, 26.5], [17.64537, 10.22667], [23.0, 10.5], [23.000000000000004, 26.5], [17.000000000000004, 26.5]], [[1.0000000000000022, 45.0], [1.2682800000000007, 36.02474], [6.59804, 36.88599], [7.000000000000002, 45.0], [1.0000000000000022, 45.0]], [[-8.0, 0.0], [0.85098, 0.67496], [0.0, 15.0], [-8.0, 15.0], [-8.0, 0.0]], [[11.000000000000005, 26.5], [11.708590000000001, 10.7382], [17.000000000000004, 10.5], [17.000000000000007, 26.5], [11.000000000000005, 26.5]], [[31.0, 26.0], [23.0, 26.0], [23.0, 11.000000000000002], [30.999999999999996, 11.0], [31.0, 26.0]], [[31.0, 26.5], [30.999999999999996, 10.5], [37.0, 10.5], [37.0, 26.5], [31.0, 26.5]], [[1.0000000000000018, 36.5], [-6.313159999999998, 37.48059], [-7.0, 21.5], [0.9999999999999999, 21.5], [1.0000000000000018, 36.5]], [[32.0, 10.5], [24.97026, 10.821970000000002], [24.14496, 3.6314900000000008], [32.0, 4.5], [32.0, 10.5]], [[24.0, 4.5], [16.14901, 4.432950000000001], [15.999999999999998, -10.499999999999998], [23.999999999999996, -10.5], [24.0, 4.5]]], "node_id": [0, 1, 2, 3, 4, 5, 6, 7, 8, 9, 10, 11, 12, 13, 14]}