{"corners": [[[0.0, 0.0], [7.28228, -0.87961], [8.0, 15.0], [0.0, 15.0], [0.0, 0.0]], [[8.000000000000002, 30.0], [1.7763568394002505e-15, 30.0], [0.0, 15.000000000000002], [8.0, 15.0], [8.000000000000002, 30.0]], [[-5.999999999999998, 30.5], [-5.733520000000001, 14.23848], [-8.881784197001252e-16, 14.5], [1.7763568394002505e-15, 30.5], [-5.999999999999998, 30.5]], [[-5.999999999999999, 30.0], [-13.81697, 30.68059], [-14.25196, 14.346390000000001], [-6.000000000000001, 15.0], [-5.999999999999999, 30.0]], [[-4.0, -6.0], [12.669599999999999, -6.11253], [12.0, 0.0], [-4.0, 0.0], [-4.0, -6.0]], [[23.0, 3.499999999999999], [22.10492, 12.16778], [7.35832, 11.44179], [8.0, 3.5], [23.0, 3.499999999999999]]], "node_id": [0, 1, 2, 3, 4, 5]}