{"corners": [[[0.0, 0.0], [8.50546, -0.38958], [7.75571, 15.87782], [0.0, 15.0], [0.0, 0.0]], [[14.0, -0.5], [14.000000000000002, 15.5], [8.0, 15.5], [8.0, -0.4999999999999996], [14.0, -0.5]], [[7.0, 15.5], [15.14079, 16.48366], [15.0, 21.5], [7.0, 21.5], [7.0, 15.5]], [[18.5, 21.5], [17.56341, 29.14456], [3.5, 29.5], [3.5, 21.5], [18.5, 21.5]], [[0.0, -15.0], [8.0, -15.0], [8.0, 0.0], [0.0, 0.0], [0.0, -15.0]], [[9.18454765366783e-16, 0.0], [-7.999999999999999, 9.796850830579018e-16], [-8.0, -14.999999999999998], [-9.18454765366783e-16, -15.0], [9.18454765366783e-16, 0.0]]], "node_id": [0, 1, 2, 3, 4, 5]}