{"corners": [[[0.0, 0.0], [8.09119, 0.77224], [8.0, 15.0], [0.0, 15.0], [0.0, 0.0]], [[-8.0, 0.0], [-0.37252, -0.60788], [0.21174, 14.3417], [-8.0, 15.0], [-8.0, 0.0]], [[-8.0, -6.0], [0.0, -6.0], [0.0, 0.0], [-8.0, 0.0], [-8.0, -6.0]], [[23.0, 3.499999999999999], [23.52474, 10.68479], [7.5741, 11.92823], [8.0, 3.5], [23.0, 3.499999999999999]], [[31.0, 14.999999999999998], [23.74659, 14.24289], [23.0, 0.0], [30.999999999999996, -1.7763568394002505e-15], [31.0, 14.999999999999998]], [[46.0, 3.4999999999999973], [46.4148, 11.106629999999996], [31.61299, 11.3933], [31.0, 3.4999999999999982], [46.0, 3.4999999999999973]]], "node_id": [0, 1, 2, 3, 4, 5]}