{"corners": [[[0.069575, 0.174885], [8.069575, 0.174885], [8.069575, 15.174885], [0.069575, 15.174885], [0.069575, 0.174885]], [[1.4839499999999992, 31.35427], [1.48395, 15.35427], [7.48395, 15.35427], [7.483949999999999, 31.35427], [1.4839499999999992, 31.35427]], [[-6.733705, 20.160115], [1.266295, 20.160115], [1.266295, 26.160115], [-6.733705, 26.160115], [-6.733705, 20.160115]], [[7.155685, 20.09367], [23.155685, 20.09367], [23.155685, 26.09367], [7.155685, 26.09367], [7.155685, 20.09367]], [[-22.871275, 20.24902], [-6.871275, 20.24902], [-6.871275, 26.24902], [-22.871275, 26.24902], [-22.871275, 20.24902]], [[16.00466, 15.364315], [8.00466, 15.364315000000001], [8.004659999999998, 0.3643150000000018], [16.004659999999998, 0.364315], [16.00466, 15.364315]]], "node_id": [0, 1, 2, 3, 4, 5]}