{"corners": [[[0.0, 0.0], [8.0, 0.0], [8.0, 15.0], [0.0, 15.0], [0.0, 0.0]], [[0.9999999999999991, 31.0], [1.0, 15.0], [7.0, 15.0], [6.999999999999999, 31.0], [0.9999999999999991, 31.0]], [[-7.0, 20.0], [1.13473, 19.19739], [1.0, 26.0], [-7.0, 26.0], [-7.0, 20.0]], [[7.0, 20.0], [23.06518, 19.64047], [22.62275, 25.37468], [7.0, 26.0], [7.0, 20.0]], [[-23.0, 20.0], [-6.3979099999999995, 19.31699], [-7.0, 26.0], [-23.0, 26.0], [-23.0, 20.0]], [[16.0, 15.0], [8.45726, 14.194230000000001], [7.999999999999998, 1.7763568394002505e-15], [15.999999999999998, 0.0], [16.0, 15.0]]], "node_id": [0, 1, 2, 3, 4, 5]}