{"corners": [[[0.0, 0.0], [16.0, 0.0], [16.0, 6.0], [0.0, 6.0], [0.0, 0.0]], [[0.5, -4.592273826833915e-16], [0.13780000000000042, -7.70513], [15.5, -8.0], [15.5, 4.592273826833915e-16], [0.5, -4.592273826833915e-16]], [[-8.0, -4.5], [-0.785, -4.17449], [0.0, 10.5], [-8.0, 10.5], [-8.0, -4.5]], [[31.0, -1.0000000000000009], [31.09913, 7.900269999999999], [16.0, 7.000000000000001], [16.0, -1.0], [31.0, -1.0000000000000009]], [[3.5, 10.5], [4.1813400000000005, 19.42896], [-11.5, 18.5], [-11.5, 10.500000000000002], [3.5, 10.5]], [[37.0, -1.0000000000000009], [36.60829, 7.030339999999999], [30.65091, 7.300039999999999], [31.0, -1.0000000000000004], [37.0, -1.0000000000000009]]], "node_id": [0, 1, 2, 3, 4, 5]}