{"corners": [[[0.494195, 0.41184], [8.494195, 0.41184], [8.494195, 6.41184], [0.494195, 6.41184], [0.494195, 0.41184]], [[24.238895, 6.195199999999998], [8.238895, 6.1952], [8.238895, 0.1952], [24.238895, 0.19519999999999824], [24.238895, 6.195199999999998]], [[24.323275, 11.294534999999998], [24.323274999999995, -4.705465000000002], [30.323274999999995, -4.705465000000002], [30.323275, 11.294534999999996], [24.323275, 11.294534999999998]], [[20.121815, 0.2689899999999986], [12.121815, 0.2689899999999996], [12.121815, -5.731010000000001], [20.121815, -5.731010000000002], [20.121815, 0.2689899999999986]], [[0.014250000000000918, 10.76338], [-7.9857499999999995, 10.763380000000002], [-7.98575, -4.2366199999999985], [0.014249999999999083, -4.23662], [0.014250000000000918, 10.76338]], [[30.45448499999999, -12.501650000000003], [30.454484999999995, -4.501650000000003], [24.454484999999995, -4.5016500000000015], [24.45448499999999, -12.501650000000001], [30.45448499999999, -12.501650000000003]]], "node_id": [0, 1, 2, 3, 4, 5]}