{"corners": [[[0.0, 0.0], [7.57448, -0.88322], [8.0, 6.0], [0.0, 6.0], [0.0, 0.0]], [[0.0, 6.0], [7.6357, 5.08966], [8.7793, 12.26598], [0.0, 12.0], [0.0, 6.0]], [[0.9999999999999991, 28.0], [0.31296, 12.64164], [7.0, 12.0], [6.999999999999999, 28.0], [0.9999999999999991, 28.0]], [[-7.0, 17.0], [1.0, 17.0], [1.0, 23.0], [-7.0, 23.0], [-7.0, 17.0]], [[6.999999999999999, 28.0], [7.65535, 44.73128], [1.0, 44.0], [0.9999999999999991, 28.0], [6.999999999999999, 28.0]], [[24.0, 5.999999999999998], [8.0, 6.0], [8.0, 0.0], [24.0, -1.7763568394002505e-15], [24.0, 5.999999999999998]], [[7.0, 33.0], [22.10773, 32.43885], [23.0, 39.0], [7.0, 39.0], [7.0, 33.0]], [[1.0, -1.836909530733566e-16], [1.6234500000000005, -8.29339], [7.000000000000001, -8.0], [7.0, 1.836909530733566e-16], [1.0, -1.836909530733566e-16]], [[32.0, 10.499999999999996], [23.58136, 9.724749999999998], [24.0, -4.500000000000002], [31.999999999999996, -4.5000000000000036], [32.0, 10.499999999999996]], [[20.0, 11.999999999999998], [12.57239, 11.48329], [11.71631, 6.379689999999999], [20.0, 5.999999999999998], [20.0, 11.999999999999998]], [[-4.999999999999999, 40.0], [-5.000000000000001, 32.0], [0.9999999999999991, 32.0], [1.0000000000000009, 40.0], [-4.999999999999999, 40.0]], [[-7.0, -7.0], [1.0, -7.0], [1.0, -1.0], [-7.0, -1.0], [-7.0, -7.0]], [[18.0, 39.0], [17.43714, 55.15081], [12.0, 55.0], [12.0, 39.0], [18.0, 39.0]], [[3.673819061467132e-16, 6.0], [-15.29827, 6.969400000000002], [-15.98205, 0.1803500000000018], [-3.673819061467132e-16, 0.0], [3.673819061467132e-16, 6.0]], [[25.0, -4.500000000000003], [24.207289999999997, -21.281780000000005], [30.999999999999996, -20.500000000000004], [31.0, -4.5000000000000036], [25.0, -4.500000000000003]]], "node_id": [0, 1, 2, 3, 4, 5, 6, 7, 8, 9, 10, 11, 12, 13, 14]}