{"corners": [[[0.0, 0.0], [8.0, 0.0], [8.0, 15.0], [0.0, 15.0], [0.0, 0.0]], [[8.0, 21.0], [0.0, 21.0], [0.0, 15.0], [7.999999999999999, 15.0], [8.0, 21.0]], [[7.999999999999998, 10.5], [15.999999999999998, 10.499999999999998], [16.0, 25.5], [8.000000000000002, 25.5], [7.999999999999998, 10.5]], [[-8.0, 0.0], [0.92333, -0.7723], [0.0, 15.0], [-8.0, 15.0], [-8.0, 0.0]], [[-23.0, 11.5], [-23.0, 3.5], [-8.0, 3.500000000000001], [-8.0, 11.500000000000002], [-23.0, 11.5]], [[24.000000000000004, 25.499999999999996], [16.000000000000004, 25.5], [15.999999999999998, 10.5], [23.999999999999996, 10.499999999999996], [24.000000000000004, 25.499999999999996]], [[17.0, 10.5], [16.999999999999996, 2.5], [22.999999999999996, 2.4999999999999982], [23.0, 10.499999999999998], [17.0, 10.5]], [[17.000000000000007, 33.5], [17.000000000000004, 25.5], [23.000000000000004, 25.5], [23.000000000000007, 33.5], [17.000000000000007, 33.5]], [[38.00000000000001, 25.49999999999999], [37.15178000000002, 34.107289999999985], [23.00000000000001, 33.5], [23.000000000000007, 25.499999999999996], [38.00000000000001, 25.49999999999999]], [[26.50000000000001, 33.49999999999999], [34.53626000000001, 33.16493999999999], [34.500000000000014, 48.499999999999986], [26.500000000000018, 48.49999999999999], [26.50000000000001, 33.49999999999999]], [[7.0, 21.0], [6.745760000000001, 36.14034], [1.0000000000000009, 37.0], [1.0, 21.0], [7.0, 21.0]], [[11.500000000000016, 45.0], [10.584190000000012, 37.77094], [26.500000000000014, 36.99999999999999], [26.500000000000014, 44.99999999999999], [11.500000000000016, 45.0]], [[-1.0000000000000004, -8.0], [-1.62801, 0.02435], [-6.90638, 0.4839], [-7.0, -8.0], [-1.0000000000000004, -8.0]], [[17.000000000000004, 25.5], [17.000000000000007, 33.5], [11.000000000000007, 33.5], [11.000000000000004, 25.500000000000004], [17.000000000000004, 25.5]], [[11.500000000000018, 53.0], [11.500000000000014, 45.0], [26.500000000000014, 44.99999999999999], [26.500000000000018, 52.99999999999999], [11.500000000000018, 53.0]], [[11.5, 37.0], [11.57707, 45.78188], [-2.9657999999999998, 44.03929], [-3.5, 37.0], [11.5, 37.0]]], "node_id": [0, 1, 2, 3, 4, 5, 6, 7, 8, 9, 10, 11, 12, 13, 14, 15]}