{"corners": [[[0.45933, 0.432665], [8.45933, 0.432665], [8.45933, 15.432665], [0.45933, 15.432665], [0.45933, 0.432665]], [[8.122585, 21.480835], [0.122585, 21.480835], [0.122585, 15.480835], [8.122584999999999, 15.480835], [8.122585, 21.480835]], [[8.056924999999998, 10.606305], [16.056925, 10.606304999999999], [16.056925, 25.606305], [8.056925000000001, 25.606305], [8.056924999999998, 10.606305]], [[-7.968045, 0.2219], [0.031955, 0.2219], [0.031955, 15.2219], [-7.968045, 15.2219], [-7.968045, 0.2219]], [[-22.933205, 11.516745], [-22.933205, 3.516745], [-7.933205, 3.5167450000000007], [-7.933205, 11.516745000000002], [-22.933205, 11.516745]], [[24.259065000000003, 25.666234999999997], [16.259065000000003, 25.666235], [16.259065, 10.666235], [24.259064999999996, 10.666234999999997], [24.259065000000003, 25.666234999999997]], [[17.225925, 10.654515], [17.225924999999997, 2.654515], [23.225924999999997, 2.654514999999998], [23.225925, 10.654514999999998], [17.225925, 10.654515]], [[17.016215000000006, 33.521045], [17.016215000000003, 25.521045], [23.016215000000003, 25.521045], [23.016215000000006, 33.521045], [17.016215000000006, 33.521045]], [[38.442735000000006, 25.85336999999999], [38.44273500000001, 33.853369999999984], [23.44273500000001, 33.85337], [23.442735000000006, 25.853369999999998], [38.442735000000006, 25.85336999999999]], [[26.75860500000001, 33.803819999999995], [34.75860500000002, 33.80381999999999], [34.75860500000002, 48.80381999999999], [26.758605000000017, 48.803819999999995], [26.75860500000001, 33.803819999999995]], [[7.0937, 21.34667], [7.093700000000001, 37.34667], [1.093700000000001, 37.34667], [1.0937000000000001, 21.34667], [7.0937, 21.34667]], [[11.586340000000016, 45.26927], [11.586340000000012, 37.26927], [26.586340000000014, 37.26926999999999], [26.586340000000014, 45.26926999999999], [11.586340000000016, 45.26927]], [[-0.5545300000000004, -7.61645], [-0.55453, 0.38355], [-6.55453, 0.38355], [-6.55453, -7.61645], [-0.5545300000000004, -7.61645]], [[17.009820000000005, 25.85165], [17.00982000000001, 33.85165], [11.009820000000007, 33.85165], [11.009820000000003, 25.851650000000003], [17.009820000000005, 25.85165]], [[11.595905000000018, 53.30762], [11.595905000000014, 45.30762], [26.595905000000013, 45.30761999999999], [26.595905000000016, 53.30761999999999], [11.595905000000018, 53.30762]], [[11.7384, 37.347515], [11.7384, 45.347515], [-3.2616, 45.347515], [-3.2616, 37.347515], [11.7384, 37.347515]]], "node_id": [0, 1, 2, 3, 4, 5, 6, 7, 8, 9, 10, 11, 12, 13, 14, 15]}