{"corners": [[[0.0, 0.0], [16.90229, 0.66901], [16.0, 6.0], [0.0, 6.0], [0.0, 0.0]], [[0.0, 6.0], [15.92187, 5.02819], [15.73131, 11.91145], [0.0, 12.0], [0.0, 6.0]], [[24.0, 5.999999999999999], [16.0, 6.0], [16.0, 0.0], [24.0, -8.881784197001252e-16], [24.0, 5.999999999999999]], [[23.999999999999996, -4.500000000000001], [31.395999999999997, -5.063580000000003], [32.76346, 9.838839999999996], [24.0, 10.5], [23.999999999999996, -4.500000000000001]], [[31.999999999999996, -4.500000000000003], [40.51871, -3.7074300000000044], [39.47689, 10.834329999999996], [32.0, 10.499999999999996], [31.999999999999996, -4.500000000000003]], [[11.0, 12.0], [10.76255, 20.09325], [5.000000000000001, 20.0], [5.0, 12.0], [11.0, 12.0]], [[9.18454765366783e-16, 10.5], [-7.789389999999999, 11.024950000000002], [-8.0, -4.499999999999998], [-9.18454765366783e-16, -4.5], [9.18454765366783e-16, 10.5]], [[56.0, 5.999999999999989], [40.0, 5.999999999999996], [40.0, -4.440892098500626e-15], [56.0, -1.0658141036401503e-14], [56.0, 5.999999999999989]], [[-23.0, 7.0000000000000036], [-23.09851, -1.9385499999999964], [-8.000000000000002, -1.0], [-8.0, 7.000000000000001], [-23.0, 7.0000000000000036]], [[50.99999999999999, -16.000000000000007], [51.0, -7.105427357601002e-15], [45.0, -3.552713678800501e-15], [44.99999999999999, -16.000000000000004], [50.99999999999999, -16.000000000000007]], [[0.0, -6.0], [15.16341, -6.24904], [16.76326, 0.58422], [0.0, 0.0], [0.0, -6.0]], [[33.0, 18.499999999999996], [33.0, 10.499999999999996], [39.0, 10.499999999999995], [39.0, 18.499999999999996], [33.0, 18.499999999999996]], [[-19.5, 7.000000000000003], [-10.73555, 6.406450000000001], [-11.499999999999996, 22.0], [-19.499999999999996, 22.000000000000004], [-19.5, 7.000000000000003]], [[11.0, 20.0], [11.000000000000002, 36.0], [5.000000000000001, 36.0], [5.0, 20.0], [11.0, 20.0]], [[33.0, 17.499999999999996], [25.06935, 17.891949999999998], [25.0, 11.499999999999996], [33.0, 11.499999999999996], [33.0, 17.499999999999996]], [[5.000000000000001, 31.0], [-3.687879999999999, 30.99692], [-3.816229999999999, 24.44143], [5.0, 25.0], [5.000000000000001, 31.0]]], "node_id": [0, 1, 2, 3, 4, 5, 6, 7, 8, 9, 10, 11, 12, 13, 14, 15]}