{"corners": [[[0.0, 0.0], [8.59323, -0.92209], [8.71531, 15.96036], [0.0, 15.0], [0.0, 0.0]], [[14.0, 3.5], [13.16252, 11.51012], [7.8562, 12.47754], [8.0, 3.5000000000000004], [14.0, 3.5]], [[-4.898425415289509e-16, -0.5], [-0.4168299999999995, 14.89439], [-6.0, 15.5], [-6.000000000000001, -0.4999999999999996], [-4.898425415289509e-16, -0.5]], [[20.0, -0.5], [19.24023, 15.39586], [14.0, 15.5], [14.0, -0.4999999999999996], [20.0, -0.5]], [[26.0, -0.5], [25.28663, 15.40215], [19.1284, 16.16042], [20.0, -0.4999999999999996], [26.0, -0.5]], [[20.0, -0.4999999999999993], [19.57404, -7.57513], [26.0, -8.500000000000002], [26.0, -0.5000000000000003], [20.0, -0.4999999999999993]]], "node_id": [0, 1, 2, 3, 4, 5]}