{"corners": [[[0.152325, 0.1295], [16.152325, 0.1295], [16.152325, 6.1295], [0.152325, 6.1295], [0.152325, 0.1295]], [[0.024485, 6.230465], [16.024485, 6.230465], [16.024485, 12.230465], [0.024485, 12.230465], [0.024485, 6.230465]], [[24.00705, 6.182824999999999], [16.00705, 6.182825], [16.00705, 0.182825], [24.00705, 0.1828249999999991], [24.00705, 6.182824999999999]], [[24.227864999999998, -4.376205000000001], [32.227864999999994, -4.376205000000002], [32.227865, 10.623794999999996], [24.227865, 10.623795], [24.227864999999998, -4.376205000000001]], [[32.099, -4.390895000000003], [40.099, -4.390895000000005], [40.099, 10.609104999999996], [32.099, 10.609104999999996], [32.099, -4.390895000000003]], [[11.440865, 12.08471], [11.440865, 20.08471], [5.4408650000000005, 20.08471], [5.440865, 12.08471], [11.440865, 12.08471]], [[0.25180500000000094, 10.66063], [-7.748194999999999, 10.660630000000001], [-7.748195, -4.339369999999998], [0.25180499999999906, -4.33937], [0.25180500000000094, 10.66063]], [[56.237535, 6.46543499999999], [40.237535, 6.465434999999996], [40.237535, 0.46543499999999555], [56.237535, 0.46543499999998933], [56.237535, 6.46543499999999]], [[-22.63712, 7.190635000000004], [-22.63712, -0.8093649999999964], [-7.637120000000002, -0.809365], [-7.63712, 7.190635000000001], [-22.63712, 7.190635000000004]], [[51.27331499999999, -15.808115000000008], [51.273315, 0.1918849999999929], [45.273315, 0.19188499999999645], [45.27331499999999, -15.808115000000004], [51.27331499999999, -15.808115000000008]], [[0.35167, -5.81953], [16.35167, -5.81953], [16.35167, 0.18047], [0.35167, 0.18047], [0.35167, -5.81953]], [[33.151665, 18.576424999999997], [33.151665, 10.576424999999997], [39.151665, 10.576424999999995], [39.151665, 18.576424999999997], [33.151665, 18.576424999999997]], [[-19.038315, 7.3240700000000025], [-11.038315, 7.324070000000001], [-11.038314999999997, 22.32407], [-19.038314999999997, 22.324070000000003], [-19.038315, 7.3240700000000025]], [[11.21539, 20.008], [11.215390000000001, 36.008], [5.215390000000001, 36.008], [5.21539, 20.008], [11.21539, 20.008]], [[33.17835, 17.795764999999996], [25.178350000000002, 17.795764999999996], [25.178350000000002, 11.795764999999996], [33.17835, 11.795764999999996], [33.17835, 17.795764999999996]], [[5.125775000000001, 31.165385], [-2.874224999999999, 31.165385], [-2.874224999999999, 25.165385], [5.125775, 25.165385], [5.125775000000001, 31.165385]]], "node_id": [0, 1, 2, 3, 4, 5, 6, 7, 8, 9, 10, 11, 12, 13, 14, 15]}