{"corners": [[[0.25192, 0.18181], [8.25192, 0.18181], [8.25192, 6.18181], [0.25192, 6.18181], [0.25192, 0.18181]], [[8.18885, 12.422395], [0.18885, 12.422395000000002], [0.18885, 6.422395000000001], [8.188849999999999, 6.422395], [8.18885, 12.422395]], [[7.22833, 12.33432], [7.228330000000001, 28.33432], [1.2283300000000008, 28.33432], [1.22833, 12.33432], [7.22833, 12.33432]], [[14.34983, 5.238155], [14.34983, 13.238155], [8.34983, 13.238155], [8.34983, 5.238155], [14.34983, 5.238155]], [[1.4150100000000005, 16.40303], [1.415010000000001, 24.40303], [-13.58499, 24.40303], [-13.58499, 16.40303], [1.4150100000000005, 16.40303]], [[0.020484999999999753, 5.3116], [0.020485000000000246, 13.3116], [-14.979515, 13.311600000000002], [-14.979515, 5.311600000000001], [0.020484999999999753, 5.3116]]], "node_id": [0, 1, 2, 3, 4, 5]}