{"corners": [[[0.48807, 0.15643], [8.48807, 0.15643], [8.48807, 15.15643], [0.48807, 15.15643], [0.48807, 0.15643]], [[0.16737, 15.342085], [8.16737, 15.342085], [8.16737, 30.342085], [0.16737, 30.342085], [0.16737, 15.342085]], [[16.338025000000002, 30.010405], [8.338025, 30.010405], [8.338024999999998, 15.010405000000002], [16.338025, 15.010405], [16.338025000000002, 30.010405]], [[11.866605, 30.279165], [11.866605, 38.279165], [-3.133395, 38.279165], [-3.133395, 30.279165], [11.866605, 30.279165]], [[32.39821, 25.71903], [16.39821, 25.719030000000004], [16.39821, 19.71903], [32.39821, 19.71903], [32.39821, 25.71903]], [[-7.928405, 0.29134], [0.071595, 0.29134], [0.071595, 15.29134], [-7.928405, 15.29134], [-7.928405, 0.29134]], [[-3.0542700000000003, 30.2021], [-3.05427, 38.2021], [-18.05427, 38.2021], [-18.05427, 30.2021], [-3.0542700000000003, 30.2021]], [[-13.908369999999996, 54.164465], [-13.90837, 38.164465], [-7.908369999999999, 38.164465], [-7.908369999999996, 54.164465], [-13.908369999999996, 54.164465]], [[32.050625, 19.83302], [40.050625, 19.833019999999998], [40.050625, 25.83302], [32.050625, 25.83302], [32.050625, 19.83302]], [[40.415755, 19.503745], [56.415755, 19.503744999999995], [56.415755, 25.503744999999995], [40.415755, 25.503745], [40.415755, 19.503745]], [[52.44789500000001, 40.95914], [44.44789500000001, 40.95914], [44.447895, 25.959140000000005], [52.447895, 25.95914], [52.44789500000001, 40.95914]], [[-13.6909, 30.459785], [-13.690900000000003, 14.459785], [-7.690900000000004, 14.459785], [-7.6909, 30.459785], [-13.6909, 30.459785]], [[56.318135000000005, 46.662595], [40.318135000000005, 46.66259500000001], [40.318135, 40.66259500000001], [56.318135000000005, 40.662595], [56.318135000000005, 46.662595]], [[67.22792, 29.414034999999995], [67.22792, 37.414035], [52.22792, 37.414035], [52.22792, 29.414035], [67.22792, 29.414034999999995]], [[52.338155, 19.898444999999995], [44.338155, 19.898445], [44.338155, 13.898445], [52.338155, 13.898444999999997], [52.338155, 19.898444999999995]], [[-28.845335, 26.262085000000003], [-28.845335, 18.262085000000003], [-13.845335000000002, 18.262085], [-13.845335, 26.262085], [-28.845335, 26.262085000000003]]], "node_id": [0, 1, 2, 3, 4, 5, 6, 7, 8, 9, 10, 11, 12, 13, 14, 15]}