{"corners": [[[0.23893, 0.440445], [8.23893, 0.440445], [8.23893, 15.440445], [0.23893, 15.440445], [0.23893, 0.440445]], [[8.295905, 4.65113], [24.295905, 4.65113], [24.295905, 10.65113], [8.295905, 10.65113], [8.295905, 4.65113]], [[24.07479, 11.95502], [24.07479, 3.95502], [39.07479, 3.955020000000001], [39.07479, 11.955020000000001], [24.07479, 11.95502]], [[47.39126, 10.995600000000001], [39.39126, 10.9956], [39.39126, 4.9956000000000005], [47.39126, 4.995600000000001], [47.39126, 10.995600000000001]], [[39.03055, -1.445689999999999], [47.03055, -1.445689999999999], [47.03055, 4.554310000000001], [39.03055, 4.554310000000001], [39.03055, -1.445689999999999]], [[34.849, 11.604125], [34.849, 27.604125], [28.849, 27.604125], [28.849, 11.604125], [34.849, 11.604125]], [[28.56385, 22.779625], [20.56385, 22.779625], [20.56385, 16.779625], [28.56385, 16.779625], [28.56385, 22.779625]], [[39.154705, -16.199585], [47.154705, -16.199585], [47.154705, -1.199585], [39.154705, -1.199585], [39.154705, -16.199585]], [[46.278805, -24.000375], [46.278805, -16.000375], [40.278805, -16.000375], [40.278805, -24.000375], [46.278805, -24.000375]], [[42.877985, 22.96125], [34.877985, 22.96125], [34.877985, 16.96125], [42.877985, 16.96125], [42.877985, 22.96125]], [[24.08387, 35.80183], [24.08387, 27.80183], [39.08387, 27.801829999999995], [39.08387, 35.80183], [24.08387, 35.80183]], [[53.12686, -2.133099999999999], [53.12686, 5.866900000000001], [47.12686, 5.866900000000001], [47.12686, -2.133099999999999], [53.12686, -2.133099999999999]], [[39.544, 41.610105], [23.544, 41.610105], [23.544, 35.610105], [39.544, 35.610105], [39.544, 41.610105]], [[1.2838599999999996, 23.132455], [1.28386, 15.132455], [7.28386, 15.132455], [7.28386, 23.132455], [1.2838599999999996, 23.132455]], [[59.27688, -2.418859999999999], [59.27688, 5.581140000000001], [53.27688, 5.581140000000001], [53.27688, -2.4188599999999987], [59.27688, -2.418859999999999]], [[23.675805, 34.589875], [23.675805, 42.589875], [8.675805, 42.589875], [8.675805, 34.589875], [23.675805, 34.589875]]], "node_id": [0, 1, 2, 3, 4, 5, 6, 7, 8, 9, 10, 11, 12, 13, 14, 15]}