{"corners": [[[0.0, 0.0], [16.93772, -0.77566], [16.5141, 6.82725], [0.0, 6.0], [0.0, 0.0]], [[12.000000000000002, 21.0], [3.150230000000002, 21.60834], [4.0, 6.000000000000002], [12.0, 6.0], [12.000000000000002, 21.0]], [[11.000000000000002, 21.0], [10.772130000000004, 36.95831], [5.000000000000003, 37.0], [5.000000000000002, 21.0], [11.000000000000002, 21.0]], [[12.0, 17.5], [11.999999999999998, 9.5], [27.0, 9.499999999999996], [27.0, 17.499999999999996], [12.0, 17.5]], [[12.000000000000004, 43.0], [4.298580000000004, 42.91201], [4.0000000000000036, 37.0], [12.000000000000004, 37.0], [12.000000000000004, 43.0]], [[15.5, 17.5], [24.27809, 16.537979999999997], [23.54712, 23.24781], [15.500000000000002, 23.5], [15.5, 17.5]], [[27.0, 17.499999999999996], [27.35483, 9.976479999999997], [42.0, 9.499999999999993], [42.0, 17.499999999999993], [27.0, 17.499999999999996]], [[58.0, 16.499999999999993], [41.13234, 16.756349999999998], [42.78687, 11.418299999999995], [58.0, 10.499999999999993], [58.0, 16.499999999999993]], [[27.0, 32.0], [11.56187, 31.78449], [11.0, 26.0], [27.0, 26.0], [27.0, 32.0]], [[11.000000000000004, 43.0], [11.528440000000003, 51.21849], [5.000000000000004, 51.0], [5.0000000000000036, 43.0], [11.000000000000004, 43.0]], [[-6.0, 7.0], [-6.122769999999999, -0.96839], [-0.6553699999999991, -1.2901500000000001], [0.0, 7.0], [-6.0, 7.0]], [[-12.0, 7.0], [-11.71809, -1.17484], [-5.999999999999999, -1.0], [-6.0, 7.0], [-12.0, 7.0]], [[54.0, 10.499999999999993], [45.80353, 11.144289999999994], [46.0, 4.499999999999994], [54.0, 4.499999999999993], [54.0, 10.499999999999993]], [[-11.0, 17.500000000000004], [-11.906520000000002, 10.306510000000003], [3.9999999999999982, 9.5], [4.0, 17.5], [-11.0, 17.500000000000004]], [[38.5, 23.499999999999996], [29.89997, 22.876069999999995], [30.5, 17.499999999999996], [38.5, 17.499999999999996], [38.5, 23.499999999999996]], [[4.000000000000003, 32.0], [3.1550300000000036, 48.89023], [-2.677159999999996, 48.72992], [-1.9999999999999973, 32.0], [4.000000000000003, 32.0]]], "node_id": [0, 1, 2, 3, 4, 5, 6, 7, 8, 9, 10, 11, 12, 13, 14, 15]}