{"corners": [[[0.247465, 0.140735], [8.247465, 0.140735], [8.247465, 6.140735], [0.247465, 6.140735], [0.247465, 0.140735]], [[8.216545, 7.19737], [8.216545, -0.80263], [14.216545, -0.80263], [14.216545, 7.19737], [8.216545, 7.19737]], [[18.733725, 7.476029999999999], [18.733725, 15.47603], [3.733725, 15.47603], [3.733725, 7.47603], [18.733725, 7.476029999999999]], [[15.365375, 21.019145], [7.365375, 21.019145], [7.365375, 15.019145], [15.365375, 15.019145], [15.365375, 21.019145]], [[14.17619, -8.51601], [14.17619, -0.5160100000000001], [8.17619, -0.5160100000000001], [8.17619, -8.51601], [14.17619, -8.51601]]], "node_id": [0, 1, 2, 3, 4]}