{"corners": [[[0.19076, 0.459715], [16.19076, 0.459715], [16.19076, 6.459715], [0.19076, 6.459715], [0.19076, 0.459715]], [[0.4362350000000009, 10.64237], [-7.563764999999999, 10.642370000000001], [-7.563765, -4.357629999999999], [0.43623499999999904, -4.35763], [0.4362350000000009, 10.64237]], [[22.026215, -4.53248], [22.026215, 11.46752], [16.026215, 11.46752], [16.026215, -4.53248], [22.026215, -4.53248]], [[-7.579775, -0.7344399999999991], [-7.579774999999999, 7.265560000000001], [-22.579775, 7.2655600000000025], [-22.579775, -0.7344399999999982], [-7.579775, -0.7344399999999991]], [[16.380730000000003, 27.452445], [16.38073, 11.452445], [22.38073, 11.452445], [22.380730000000003, 27.452445], [16.380730000000003, 27.452445]], [[28.461305, -0.83418], [28.461305, 7.16582], [22.461305, 7.16582], [22.461305, -0.8341799999999997], [28.461305, -0.83418]], [[22.212, -20.961775], [22.212, -4.961775], [16.212, -4.961775], [16.212, -20.961775], [22.212, -20.961775]], [[28.42466, 7.403215], [28.42466, -0.596785], [43.42466, -0.5967850000000036], [43.42466, 7.403214999999998], [28.42466, 7.403215]], [[5.12385, 0.24795499999999981], [5.123850000000001, -7.752045], [11.12385, -7.752045], [11.12385, 0.2479550000000002], [5.12385, 0.24795499999999981]], [[30.482785, -5.141310000000001], [22.482785, -5.14131], [22.482785, -20.14131], [30.482784999999996, -20.14131], [30.482785, -5.141310000000001]], [[16.46256500000001, 43.21288], [16.462565000000005, 27.21288], [22.462565000000005, 27.21288], [22.46256500000001, 43.21288], [16.46256500000001, 43.21288]], [[16.08011000000001, 31.481535], [16.080110000000012, 39.481535], [1.0801100000000088, 39.48153500000001], [1.080110000000007, 31.481535000000004], [16.08011000000001, 31.481535]], [[-6.733869999999991, 32.233410000000006], [1.2661300000000089, 32.233410000000006], [1.2661300000000106, 38.233410000000006], [-6.733869999999989, 38.233410000000006], [-6.733869999999991, 32.233410000000006]], [[22.097005, 23.43964], [22.097005, 15.43964], [37.097005, 15.439639999999997], [37.097005, 23.439639999999997], [22.097005, 23.43964]], [[27.899774999999998, 7.2254], [43.899775, 7.225399999999996], [43.899775, 13.225399999999997], [27.899774999999998, 13.2254], [27.899774999999998, 7.2254]], [[0.297870000000004, 16.224325000000007], [0.2978700000000089, 32.22432500000001], [-5.7021299999999915, 32.224325000000015], [-5.702129999999997, 16.22432500000001], [0.297870000000004, 16.224325000000007]]], "node_id": [0, 1, 2, 3, 4, 5, 6, 7, 8, 9, 10, 11, 12, 13, 14, 15]}