{"corners": [[[0.0, 0.0], [8.41192, 0.6625], [8.0, 6.0], [0.0, 6.0], [0.0, 0.0]], [[11.5, 5.999999999999999], [11.5, 14.0], [-3.5, 14.0], [-3.5, 6.0], [11.5, 5.999999999999999]], [[17.5, 2.0], [17.29042, 18.19794], [11.5, 18.0], [11.5, 2.0000000000000004], [17.5, 2.0]], [[6.999999999999999, -16.0], [6.60287, -0.26083], [1.73796, 0.49979], [0.9999999999999991, -16.0], [6.999999999999999, -16.0]], [[15.0, -5.000000000000001], [7.24381, -5.53819], [7.0, -11.0], [15.0, -11.0], [15.0, -5.000000000000001]]], "node_id": [0, 1, 2, 3, 4]}