{"corners": [[[0.19408, 0.277465], [16.19408, 0.277465], [16.19408, 6.277465], [0.19408, 6.277465], [0.19408, 0.277465]], [[-7.65438, -4.334105], [0.34562, -4.334105], [0.34562, 10.665895], [-7.65438, 10.665895], [-7.65438, -4.334105]], [[-13.759365, 7.230035], [-13.759365, -0.769965], [-7.759364999999999, -0.769965], [-7.759365, 7.230035], [-13.759365, 7.230035]], [[-28.509345, 7.491364999999999], [-28.509345, -0.5086350000000008], [-13.509345, -0.508635], [-13.509345, 7.491365], [-28.509345, 7.491364999999999]], [[12.04109, 0.10872499999999952], [4.04109, 0.10872500000000049], [4.041089999999998, -14.891274999999998], [12.041089999999999, -14.891275], [12.04109, 0.10872499999999952]], [[-6.85708, 18.85655], [-6.857079999999999, 10.85655], [-0.8570799999999992, 10.85655], [-0.8570800000000001, 18.85655], [-6.85708, 18.85655]], [[-28.659315, -0.6060950000000009], [-28.659315, 7.393904999999999], [-34.659315, 7.393904999999999], [-34.659315, -0.6060950000000005], [-28.659315, -0.6060950000000009]], [[32.24024, 6.498669999999998], [16.24024, 6.49867], [16.24024, 0.49867], [32.24024, 0.4986699999999982], [32.24024, 6.498669999999998]], [[-39.602965, -6.759875000000001], [-23.602965, -6.759875000000001], [-23.602965, -0.7598750000000009], [-39.602965, -0.7598750000000009], [-39.602965, -6.759875000000001]], [[32.314769999999996, -4.052555000000002], [40.31477, -4.0525550000000035], [40.31477, 10.947444999999997], [32.31477, 10.947444999999998], [32.314769999999996, -4.052555000000002]], [[-35.51445, -21.600555], [-27.51445, -21.600555], [-27.51445, -6.600555], [-35.51445, -6.600555], [-35.51445, -21.600555]], [[12.158354999999997, -14.71235], [20.158354999999997, -14.712350000000002], [20.158355, 0.28764999999999824], [12.158355, 0.28765], [12.158354999999997, -14.71235]], [[46.21947, -0.5324100000000054], [46.21947, 7.467589999999995], [40.21947, 7.467589999999997], [40.21947, -0.5324100000000036], [46.21947, -0.5324100000000054]], [[-0.99383, 18.72559], [-0.993829999999999, 34.72559], [-6.993829999999999, 34.72559], [-6.99383, 18.72559], [-0.99383, 18.72559]], [[33.226785, 18.776219999999995], [33.226785, 10.776219999999997], [39.226785, 10.776219999999995], [39.226785, 18.776219999999995], [33.226785, 18.776219999999995]], [[4.207849999999999, -4.0204699999999995], [-11.792150000000001, -4.020469999999998], [-11.792150000000001, -10.020469999999998], [4.207849999999998, -10.02047], [4.207849999999999, -4.0204699999999995]]], "node_id": [0, 1, 2, 3, 4, 5, 6, 7, 8, 9, 10, 11, 12, 13, 14, 15]}