{"corners": [[[0.0, 0.0], [15.96095, -0.95513], [15.26938, 6.84592], [0.0, 6.0], [0.0, 0.0]], [[-16.0, 0.0], [0.85919, -0.64916], [-0.56915, 5.47878], [-16.0, 6.0], [-16.0, 0.0]], [[15.5, -8.0], [15.5, 0.0], [0.5, 1.7763568394002505e-15], [0.5, -7.999999999999999], [15.5, -8.0]], [[-12.0, -15.0], [-4.05018, -15.21549], [-4.0, 0.0], [-12.0, 0.0], [-12.0, -15.0]], [[16.0, 0.0], [32.0, 0.0], [32.0, 6.0], [16.0, 6.0], [16.0, 0.0]], [[-16.0, -5.0], [-15.999999999999998, 11.0], [-22.0, 11.0], [-22.0, -5.0], [-16.0, -5.0]]], "node_id": [0, 1, 2, 3, 4, 5]}