{"corners": [[[0.0, 0.0], [16.0, 0.0], [16.0, 6.0], [0.0, 6.0], [0.0, 0.0]], [[4.0, 6.0], [11.5581, 6.99084], [12.0, 21.0], [4.0, 21.0], [4.0, 6.0]], [[-4.898425415289509e-16, -5.0], [-0.8748499999999996, 11.70182], [-6.0, 11.0], [-6.000000000000001, -5.0], [-4.898425415289509e-16, -5.0]], [[-7.0, 11.0], [0.93787, 10.49691], [1.25304, 25.37809], [-7.0, 26.0], [-7.0, 11.0]], [[-11.0, 26.0], [5.41456, 26.94945], [4.90503, 31.65106], [-11.0, 32.0], [-11.0, 26.0]], [[0.9999999999999996, -5.000000000000001], [-7.96399, -4.37604], [-6.070880000000002, -20.07144], [0.9999999999999977, -20.0], [0.9999999999999996, -5.000000000000001]]], "node_id": [0, 1, 2, 3, 4, 5]}