{"corners": [[[0.35085, 0.4211], [16.35085, 0.4211], [16.35085, 6.4211], [0.35085, 6.4211], [0.35085, 0.4211]], [[5.009485, 0.028784999999999818], [5.009485000000001, -15.971215], [11.009485, -15.971215], [11.009485, 0.028785000000000185], [5.009485, 0.028784999999999818]], [[12.494215000000002, 21.050015], [4.494215000000001, 21.050015], [4.494215, 6.050015000000002], [12.494215, 6.050015], [12.494215000000002, 21.050015]], [[16.184255, -4.31768], [24.184255, -4.31768], [24.184255, 10.68232], [16.184255, 10.68232], [16.184255, -4.31768]], [[12.058605, 10.956985], [20.058605, 10.956984999999998], [20.058605, 16.956985], [12.058605000000002, 16.956985], [12.058605, 10.956985]], [[11.131220000000003, 21.11112], [11.131220000000003, 29.11112], [5.131220000000003, 29.11112], [5.131220000000002, 21.11112], [11.131220000000003, 21.11112]]], "node_id": [0, 1, 2, 3, 4, 5]}