{"corners": [[[0.0, 0.0], [15.14639, -0.87222], [16.90629, 6.0327], [0.0, 6.0], [0.0, 0.0]], [[22.0, -1.0], [21.11413, 7.11005], [16.0, 7.0], [16.0, -0.9999999999999997], [22.0, -1.0]], [[22.0, 7.0], [21.21041, -1.1925], [27.34029, -0.9208900000000018], [28.0, 6.999999999999999], [22.0, 7.0]], [[27.999999999999996, -9.000000000000002], [28.0, -1.0000000000000018], [22.0, -1.0], [21.999999999999996, -9.0], [27.999999999999996, -9.000000000000002]], [[17.0, 7.000000000000001], [33.11005, 7.0252399999999975], [33.0, 12.999999999999996], [17.0, 13.0], [17.0, 7.000000000000001]]], "node_id": [0, 1, 2, 3, 4]}