{"corners": [[[0.354555, 0.092995], [8.354555, 0.092995], [8.354555, 15.092995], [0.354555, 15.092995], [0.354555, 0.092995]], [[14.40564, 3.976815], [14.40564, 11.976815], [8.40564, 11.976815], [8.40564, 3.976815], [14.40564, 3.976815]], [[1.1754, 0.48745499999999986], [1.1754000000000004, -7.512545], [7.175400000000001, -7.512545], [7.1754, 0.4874550000000002], [1.1754, 0.48745499999999986]], [[11.92073, -15.560725], [11.92073, -7.560725], [-3.07927, -7.560724999999998], [-3.07927, -15.560724999999998], [11.92073, -15.560725]], [[8.385485, -15.643885], [0.385485, -15.643884999999997], [0.385485, -21.643885], [8.385485, -21.643885], [8.385485, -15.643885]], [[8.410029999999999, -21.86911], [0.4100299999999991, -21.86911], [0.41002999999999734, -36.86911], [8.410029999999997, -36.86911], [8.410029999999999, -21.86911]], [[1.343525, -7.638535], [1.3435250000000005, 0.361465], [-13.656475, 0.36146500000000176], [-13.656475, -7.638534999999999], [1.343525, -7.638535]], [[19.512405, -4.403570000000001], [11.512405, -4.40357], [11.512404999999998, -19.40357], [19.512404999999998, -19.40357], [19.512405, -4.403570000000001]], [[8.184875, -25.147245], [8.184874999999998, -33.147245], [14.184874999999996, -33.147245], [14.184875, -25.147245], [8.184875, -25.147245]], [[-19.33289, -14.697435], [-3.33289, -14.697435], [-3.33289, -8.697435], [-19.33289, -8.697435], [-19.33289, -14.697435]], [[27.82057, -4.1355450000000005], [19.82057, -4.1355450000000005], [19.82057, -19.135545], [27.820569999999996, -19.135545], [27.82057, -4.1355450000000005]], [[30.337295, 10.643139999999999], [14.337295, 10.64314], [14.337295, 4.64314], [30.337295, 4.643139999999998], [30.337295, 10.643139999999999]], [[12.305199999999996, -36.640265], [-3.6948000000000034, -36.640265], [-3.6948000000000034, -42.640265], [12.305199999999996, -42.640265], [12.305199999999996, -36.640265]], [[31.240855, -4.373435000000001], [31.240855, 3.626564999999999], [16.240855, 3.6265650000000007], [16.240855, -4.373435], [31.240855, -4.373435000000001]], [[-3.2934650000000008, 23.217685], [-3.2934650000000003, 15.217685], [11.706535, 15.217685], [11.706535, 23.217685], [-3.2934650000000008, 23.217685]], [[11.588244999999997, -50.89017], [11.588244999999997, -42.89017], [-3.4117550000000034, -42.89017], [-3.4117550000000034, -50.89017], [11.588244999999997, -50.89017]]], "node_id": [0, 1, 2, 3, 4, 5, 6, 7, 8, 9, 10, 11, 12, 13, 14, 15]}