{"corners": [[[0.0, 0.0], [8.0, 0.0], [8.0, 15.0], [0.0, 15.0], [0.0, 0.0]], [[-2.4492127076447545e-16, 3.5], [0.35243000000000024, 12.11635], [-14.03377, 10.701900000000002], [-15.0, 3.500000000000001], [-2.4492127076447545e-16, 3.5]], [[-31.0, 4.500000000000001], [-14.90851, 5.266670000000001], [-15.0, 10.5], [-31.0, 10.5], [-31.0, 4.500000000000001]], [[7.0, 15.0], [6.235250000000001, 23.88896], [1.0000000000000009, 23.0], [1.0, 15.0], [7.0, 15.0]], [[7.0, 16.0], [15.0, 16.0], [15.0, 22.0], [7.0, 22.0], [7.0, 16.0]], [[-30.5, 4.5], [-30.5, -3.5], [-15.5, -3.499999999999999], [-15.5, 4.500000000000001], [-30.5, 4.5]]], "node_id": [0, 1, 2, 3, 4, 5]}