{"corners": [[[0.338905, 0.04969], [16.338905, 0.04969], [16.338905, 6.04969], [0.338905, 6.04969], [0.338905, 0.04969]], [[-5.636245, 7.472055], [-5.636244999999999, -0.527945], [0.3637550000000009, -0.527945], [0.363755, 7.472055], [-5.636245, 7.472055]], [[15.523475, -7.99117], [15.523475, 0.00883], [0.523475, 0.008830000000001776], [0.523475, -7.991169999999999], [15.523475, -7.99117]], [[31.509245, -0.9140950000000018], [15.509245, -0.9140949999999998], [15.509245, -6.914095], [31.509245, -6.914095000000001], [31.509245, -0.9140950000000018]], [[-15.129435, -6.995969999999999], [0.870565, -6.995969999999999], [0.870565, -0.9959699999999991], [-15.129435, -0.9959699999999991], [-15.129435, -6.995969999999999]], [[4.0588, -13.65767], [12.0588, -13.65767], [12.0588, -7.6576699999999995], [4.0588, -7.6576699999999995], [4.0588, -13.65767]], [[15.916515, -21.810305], [15.916515, -13.810305], [0.916515, -13.810304999999998], [0.916515, -21.810305], [15.916515, -21.810305]], [[39.574175, 3.9894999999999974], [31.574175, 3.9894999999999983], [31.574175, -11.0105], [39.574175, -11.010500000000004], [39.574175, 3.9894999999999974]], [[-5.782135000000001, 23.449195], [-5.782135, 7.449195], [0.217865, 7.449195], [0.21786499999999911, 23.449195], [-5.782135000000001, 23.449195]], [[15.739285, -29.993135], [15.739285, -21.993135], [0.739285, -21.993135], [0.739285, -29.993135], [15.739285, -29.993135]], [[-5.6061250000000005, 6.027745], [-21.606125, 6.027744999999999], [-21.606125, 0.027744999999998222], [-5.606124999999999, 0.027745], [-5.6061250000000005, 6.027745]], [[-21.8287, 6.448014999999998], [-29.8287, 6.448014999999997], [-29.8287, 0.44801499999999733], [-21.8287, 0.4480149999999982], [-21.8287, 6.448014999999998]], [[0.8331750000000003, -14.8223], [-7.166825, -14.822299999999998], [-7.166825, -20.8223], [0.8331749999999996, -20.8223], [0.8331750000000003, -14.8223]], [[31.722015, -14.835410000000001], [15.722015, -14.83541], [15.722015, -20.83541], [31.722015, -20.83541], [31.722015, -14.835410000000001]], [[-10.374990000000002, 31.273565], [-10.374990000000002, 23.273565], [4.625009999999998, 23.273565], [4.625009999999998, 31.273565], [-10.374990000000002, 31.273565]], [[11.32492, 6.41573], [11.32492, 14.41573], [5.3249200000000005, 14.41573], [5.32492, 6.41573], [11.32492, 6.41573]]], "node_id": [0, 1, 2, 3, 4, 5, 6, 7, 8, 9, 10, 11, 12, 13, 14, 15]}