{"corners": [[[0.20623, 0.234205], [16.20623, 0.234205], [16.20623, 6.234205], [0.20623, 6.234205], [0.20623, 0.234205]], [[-5.60632, 7.444675], [-5.606319999999999, -0.5553250000000001], [0.39368000000000086, -0.5553250000000001], [0.39368, 7.444675], [-5.60632, 7.444675]], [[0.47381, 7.3363], [0.473810000000001, 23.3363], [-5.526189999999999, 23.3363], [-5.52619, 7.3363], [0.47381, 7.3363]], [[4.6359, -8.73511], [4.635900000000001, -0.7351099999999999], [-10.3641, -0.7351099999999982], [-10.3641, -8.735109999999999], [4.6359, -8.73511]], [[-10.798415, 23.437695], [5.201585, 23.437695], [5.201585, 29.437695], [-10.798415, 29.437695], [-10.798415, 23.437695]], [[-6.642125, 29.292445], [1.357875, 29.292445], [1.357875, 44.292445], [-6.642125, 44.292445], [-6.642125, 29.292445]], [[22.4113, -4.654505], [22.4113, 11.345495], [16.4113, 11.345495], [16.4113, -4.654505], [22.4113, -4.654505]], [[37.275495, -0.6746200000000009], [37.275495, 7.325379999999999], [22.275495, 7.325380000000001], [22.275495, -0.67462], [37.275495, -0.6746200000000009]], [[4.97929, 44.101775], [4.979290000000001, 52.101775], [-10.02071, 52.101775], [-10.02071, 44.101775], [4.97929, 44.101775]], [[-5.772559999999999, 60.292065], [-5.77256, 52.292065], [0.22744, 52.292065], [0.22744000000000178, 60.292065], [-5.772559999999999, 60.292065]], [[-21.748095, 40.793185], [-21.748095, 32.793185], [-6.748095, 32.793185], [-6.748095, 40.793185], [-21.748095, 40.793185]], [[15.1474, 11.190875], [23.1474, 11.190875], [23.1474, 17.190875], [15.1474, 17.190875], [15.1474, 11.190875]], [[-18.34785, 40.626865], [-10.34785, 40.626865], [-10.34785, 46.626865], [-18.34785, 46.626865], [-18.34785, 40.626865]], [[37.49877, -4.132480000000001], [45.49877, -4.132480000000001], [45.49877, 10.86752], [37.49877, 10.86752], [37.49877, -4.132480000000001]], [[11.237125, 6.34299], [11.237125000000002, 22.34299], [5.237125000000001, 22.34299], [5.237125, 6.34299], [11.237125, 6.34299]], [[-11.792845, 7.04217], [-11.792845, -0.95783], [-5.792844999999999, -0.95783], [-5.792845, 7.04217], [-11.792845, 7.04217]]], "node_id": [0, 1, 2, 3, 4, 5, 6, 7, 8, 9, 10, 11, 12, 13, 14, 15]}