{"corners": [[[0.0, 0.0], [16.0, 0.0], [16.0, 6.0], [0.0, 6.0], [0.0, 0.0]], [[0.5, -4.592273826833915e-16], [1.3964200000000004, -8.34518], [15.5, -8.0], [15.5, 4.592273826833915e-16], [0.5, -4.592273826833915e-16]], [[5.0, -8.0], [5.000000000000001, -16.0], [11.0, -16.0], [11.0, -8.0], [5.0, -8.0]], [[11.0, -24.0], [10.57677, -15.34955], [5.000000000000001, -16.0], [5.0, -24.0], [11.0, -24.0]], [[11.0, -16.0], [11.088669999999999, -24.63873], [25.33027, -23.839330000000004], [26.0, -16.000000000000004], [11.0, -16.0]], [[-10.0, -15.999999999999996], [-10.221730000000003, -24.006019999999996], [4.999999999999998, -24.0], [5.0, -16.0], [-10.0, -15.999999999999996]]], "node_id": [0, 1, 2, 3, 4, 5]}