{"corners": [[[0.0, 0.0], [7.71579, 0.6964], [8.0, 15.0], [0.0, 15.0], [0.0, 0.0]], [[8.0, 11.5], [7.18334, 2.67403], [22.54043, 3.701660000000001], [23.0, 11.500000000000002], [8.0, 11.5]], [[0.9999999999999996, 23.0], [1.40563, 14.06376], [7.24038, 14.5049], [7.0, 23.0], [0.9999999999999996, 23.0]], [[7.0, -8.0], [6.548640000000001, 0.19447], [0.4825600000000009, 0.24139], [1.0, -8.0], [7.0, -8.0]], [[11.5, 23.0], [11.51701, 30.1206], [-3.5, 31.0], [-3.5, 23.0], [11.5, 23.0]], [[11.5, 24.0], [27.50222, 24.57611], [27.79377, 29.02794], [11.5, 30.0], [11.5, 24.0]]], "node_id": [0, 1, 2, 3, 4, 5]}