{"corners": [[[0.0, 0.0], [8.0, 0.0], [8.0, 15.0], [0.0, 15.0], [0.0, 0.0]], [[7.999999999999999, 15.5], [8.36132, -0.10026000000000002], [13.7725, -1.07572], [14.0, 15.5], [7.999999999999999, 15.5]], [[0.0, 15.0], [8.3239, 14.10136], [8.79534, 21.80724], [0.0, 21.0], [0.0, 15.0]], [[3.673819061467132e-16, 21.0], [-8.73216, 21.63029], [-8.843350000000001, 15.45967], [-3.673819061467132e-16, 15.0], [3.673819061467132e-16, 21.0]], [[-2.4492127076447545e-16, 3.5], [-0.007119999999999755, 11.11158], [-5.599809999999999, 11.06172], [-6.0, 3.5000000000000004], [-2.4492127076447545e-16, 3.5]], [[7.0, -8.0], [7.545280000000001, 0.43252], [1.0000000000000009, 0.0], [1.0, -8.0], [7.0, -8.0]]], "node_id": [0, 1, 2, 3, 4, 5]}