{"corners": [[[0.0, 0.0], [16.8471, -0.53245], [16.0, 6.0], [0.0, 6.0], [0.0, 0.0]], [[15.5, -8.0], [15.98864, -0.11423], [1.17377, 0.4155200000000018], [0.5, -7.999999999999999], [15.5, -8.0]], [[16.0, -4.5], [24.32282, -3.69455], [24.0, 10.5], [16.0, 10.5], [16.0, -4.5]], [[0.4999999999999998, -7.999999999999999], [0.2604400000000002, -0.6062999999999991], [-14.76443, -0.013349999999997336], [-14.5, -7.999999999999998], [0.4999999999999998, -7.999999999999999]], [[4.0, -14.0], [12.0, -14.0], [12.0, -8.0], [4.0, -8.0], [4.0, -14.0]], [[0.4999999999999991, 14.0], [0.7305299999999997, 6.27375], [15.50362, 6.1553], [15.5, 14.000000000000002], [0.4999999999999991, 14.0]]], "node_id": [0, 1, 2, 3, 4, 5]}