{"corners": [[[0.0, 0.0], [7.88172, 0.06083], [8.0, 6.0], [0.0, 6.0], [0.0, 0.0]], [[-16.0, 0.0], [-0.9288, 0.0631], [0.66386, 5.30167], [-16.0, 6.0], [-16.0, 0.0]], [[7.999999999999999, 11.0], [7.99133, -5.55705], [14.17776, -4.1184899999999995], [14.0, 11.0], [7.999999999999999, 11.0]], [[14.0, 11.0], [14.507060000000001, -4.32535], [19.43404, -5.83577], [20.0, 11.0], [14.0, 11.0]], [[14.0, 19.0], [14.0, 11.0], [20.0, 11.0], [20.0, 19.0], [14.0, 19.0]], [[-32.0, 0.0], [-15.15412, -0.37753], [-15.56338, 5.22291], [-32.0, 6.0], [-32.0, 0.0]], [[-11.0, 14.0], [-10.4917, 6.38597], [-4.999999999999999, 6.0], [-5.0, 14.0], [-11.0, 14.0]], [[20.0, -21.0], [20.08784, -5.7981300000000005], [14.0, -5.0], [14.0, -21.0], [20.0, -21.0]], [[9.5, 27.0], [9.5, 19.0], [24.5, 19.0], [24.5, 27.0], [9.5, 27.0]], [[-5.0, -8.0], [-5.2616499999999995, 0.91567], [-10.3137, 0.80306], [-11.0, -8.0], [-5.0, -8.0]], [[-12.0, -14.0], [-3.43573, -14.59693], [-4.0, -8.0], [-12.0, -8.0], [-12.0, -14.0]], [[-12.0, -8.0], [-20.0, -7.999999999999999], [-20.0, -14.0], [-12.0, -14.0], [-12.0, -8.0]], [[9.5, 35.0], [8.64535, 26.21696], [24.46106, 26.49247], [24.5, 35.0], [9.5, 35.0]], [[8.000000000000002, 21.0], [0.5211800000000018, 21.04299], [0.0, 6.000000000000002], [8.0, 6.0], [8.000000000000002, 21.0]], [[-12.0, -20.0], [-4.45369, -20.10722], [-4.82153, -14.31897], [-12.0, -14.0], [-12.0, -20.0]], [[8.0, -9.0], [7.398099999999999, -16.43278], [13.011339999999999, -16.96439], [14.0, -9.000000000000002], [8.0, -9.0]]], "node_id": [0, 1, 2, 3, 4, 5, 6, 7, 8, 9, 10, 11, 12, 13, 14, 15]}