{"corners": [[[0.175795, 0.36022], [8.175795, 0.36022], [8.175795, 6.36022], [0.175795, 6.36022], [0.175795, 0.36022]], [[-15.64509, 0.0178], [0.35491, 0.0178], [0.35491, 6.0178], [-15.64509, 6.0178], [-15.64509, 0.0178]], [[8.265775, 11.415965], [8.265775, -4.584035], [14.265775, -4.584035], [14.265775, 11.415965], [8.265775, 11.415965]], [[14.07542, 11.442855], [14.075420000000001, -4.557145], [20.07542, -4.557145], [20.07542, 11.442855], [14.07542, 11.442855]], [[14.24783, 19.11074], [14.24783, 11.11074], [20.24783, 11.11074], [20.24783, 19.11074], [14.24783, 19.11074]], [[-31.70556, 0.47038], [-15.70556, 0.47038], [-15.70556, 6.4703800000000005], [-31.70556, 6.4703800000000005], [-31.70556, 0.47038]], [[-10.647695, 14.44729], [-10.647695, 6.44729], [-4.647694999999999, 6.44729], [-4.647695, 14.44729], [-10.647695, 14.44729]], [[20.27161, -20.81609], [20.27161, -4.81609], [14.27161, -4.81609], [14.27161, -20.81609], [20.27161, -20.81609]], [[9.89542, 27.330005], [9.89542, 19.330005], [24.89542, 19.330005], [24.89542, 27.330005], [9.89542, 27.330005]], [[-4.606245, -7.618345], [-4.6062449999999995, 0.381655], [-10.606245, 0.381655], [-10.606245, -7.618345], [-4.606245, -7.618345]], [[-11.57349, -13.920195], [-3.57349, -13.920195], [-3.57349, -7.920195], [-11.57349, -7.920195], [-11.57349, -13.920195]], [[-11.622925, -7.65351], [-19.622925, -7.653509999999999], [-19.622925, -13.65351], [-11.622925, -13.65351], [-11.622925, -7.65351]], [[9.88975, 35.27196], [9.88975, 27.27196], [24.88975, 27.27196], [24.88975, 35.27196], [9.88975, 35.27196]], [[8.050465000000003, 21.074505], [0.05046500000000178, 21.074505], [0.050465, 6.074505000000002], [8.050465, 6.074505], [8.050465000000003, 21.074505]], [[-11.69291, -19.74562], [-3.69291, -19.74562], [-3.69291, -13.74562], [-11.69291, -13.74562], [-11.69291, -19.74562]], [[8.446065, -8.601945], [8.446064999999999, -16.601945], [14.446064999999999, -16.601945], [14.446065, -8.601945000000002], [8.446065, -8.601945]]], "node_id": [0, 1, 2, 3, 4, 5, 6, 7, 8, 9, 10, 11, 12, 13, 14, 15]}