{"corners": [[[0.30495, 0.47669], [16.30495, 0.47669], [16.30495, 6.47669], [0.30495, 6.47669], [0.30495, 0.47669]], [[-5.941340000000001, 11.178805], [-5.94134, -4.821195], [0.05866, -4.821195], [0.05865999999999911, 11.178805], [-5.941340000000001, 11.178805]], [[4.4808, 6.10949], [12.4808, 6.10949], [12.4808, 21.10949], [4.4808, 21.10949], [4.4808, 6.10949]], [[-21.57913, 0.10706], [-5.57913, 0.10706], [-5.57913, 6.10706], [-21.57913, 6.10706], [-21.57913, 0.10706]], [[-5.6214, -4.76755], [-5.6213999999999995, -20.76755], [0.3786000000000009, -20.76755], [0.3786, -4.76755], [-5.6214, -4.76755]], [[11.012205, -15.53434], [11.012205000000002, 0.46566], [5.012205000000001, 0.46566], [5.012205, -15.53434], [11.012205, -15.53434]]], "node_id": [0, 1, 2, 3, 4, 5]}