{"corners": [[[0.204015, 0.36098], [8.204015, 0.36098], [8.204015, 15.36098], [0.204015, 15.36098], [0.204015, 0.36098]], [[0.189675, 15.068365], [8.189675, 15.068365], [8.189675, 21.068365], [0.189675, 21.068365], [0.189675, 15.068365]], [[-15.67072, 15.432275], [0.32928, 15.432275], [0.32928, 21.432275], [-15.67072, 21.432275], [-15.67072, 15.432275]], [[0.473595, -5.624705], [8.473595, -5.624705], [8.473595, 0.375295], [0.473595, 0.375295], [0.473595, -5.624705]], [[16.440495, 21.15924], [8.440495, 21.15924], [8.440495, 15.15924], [16.440495, 15.15924], [16.440495, 21.15924]], [[14.47142, -6.730555], [14.47142, 1.269445], [8.47142, 1.269445], [8.47142, -6.730555], [14.47142, -6.730555]]], "node_id": [0, 1, 2, 3, 4, 5]}