{"corners": [[[0.29155, 0.20272], [8.29155, 0.20272], [8.29155, 15.20272], [0.29155, 15.20272], [0.29155, 0.20272]], [[0.1279299999999995, -0.28476999999999997], [0.1279300000000005, 15.71523], [-5.87207, 15.71523], [-5.872070000000001, -0.28476999999999963], [0.1279299999999995, -0.28476999999999997]], [[0.366205, 15.3389], [8.366205, 15.3389], [8.366205, 21.3389], [0.366205, 21.3389], [0.366205, 15.3389]], [[0.1697899999999991, -8.4347], [0.1697899999999996, -0.4347], [-5.83021, -0.4347], [-5.830210000000001, -8.4347], [0.1697899999999991, -8.4347]], [[0.00635, 21.460645], [8.00635, 21.460645], [8.00635, 27.460645], [0.00635, 27.460645], [0.00635, 21.460645]]], "node_id": [0, 1, 2, 3, 4]}