{"corners": [[[0.0, 0.0], [15.22527, -0.54856], [16.0, 6.0], [0.0, 6.0], [0.0, 0.0]], [[22.0, -5.0], [22.24871, 10.90496], [16.0, 11.0], [16.0, -5.0], [22.0, -5.0]], [[16.000000000000004, 27.0], [15.63716, 10.75536], [21.44517, 11.65894], [22.000000000000004, 27.0], [16.000000000000004, 27.0]], [[3.673819061467132e-16, 6.0], [-15.73027, 6.682100000000002], [-16.0, 1.7763568394002505e-15], [-3.673819061467132e-16, 0.0], [3.673819061467132e-16, 6.0]], [[27.000000000000004, 33.0], [10.287780000000003, 33.27662], [10.217280000000004, 26.8149], [27.000000000000004, 27.0], [27.000000000000004, 33.0]], [[38.0, 5.999999999999998], [21.30677, 6.91871], [22.0, 0.0], [38.0, -1.7763568394002505e-15], [38.0, 5.999999999999998]], [[23.0, -5.000000000000001], [14.19514, -4.2747399999999995], [14.999999999999998, -20.0], [22.999999999999996, -20.0], [23.0, -5.000000000000001]], [[27.000000000000004, 22.0], [27.0, 6.0], [33.0, 6.0], [33.0, 22.0], [27.000000000000004, 22.0]], [[-15.5, 2.2658605677502996e-15], [-15.404010000000001, -7.378519999999997], [-1.1986200000000018, -8.200190000000001], [-0.5, -4.895037283500492e-16], [-15.5, 2.2658605677502996e-15]], [[3.552713678800501e-15, 16.000000000000004], [15.401390000000003, 16.51116], [16.167110000000005, 22.84177], [5.022241303387354e-15, 22.000000000000004], [3.552713678800501e-15, 16.000000000000004]], [[22.000000000000004, 33.0], [22.616350000000004, 40.89202], [16.000000000000004, 41.0], [16.000000000000004, 33.0], [22.000000000000004, 33.0]], [[11.0, 6.0], [11.65044, 13.24269], [5.000000000000001, 14.0], [5.0, 6.0], [11.0, 6.0]], [[9.0, -8.5], [8.110969999999998, -16.27479], [14.130789999999998, -16.90916], [15.0, -8.500000000000002], [9.0, -8.5]], [[-31.5, -6.999999999999994], [-14.91706, -7.940139999999998], [-15.5, -0.9999999999999973], [-31.5, -0.9999999999999938], [-31.5, -6.999999999999994]], [[12.0, -4.898425415289509e-16], [4.8611, 0.3909500000000005], [4.0, -6.0], [12.0, -6.000000000000001], [12.0, -4.898425415289509e-16]], [[22.000000000000004, 34.0], [29.255170000000003, 34.64251], [30.084170000000004, 40.4583], [22.000000000000004, 40.0], [22.000000000000004, 34.0]]], "node_id": [0, 1, 2, 3, 4, 5, 6, 7, 8, 9, 10, 11, 12, 13, 14, 15]}