{"corners": [[[0.0, 0.0], [15.4029, -0.51344], [16.0, 6.0], [0.0, 6.0], [0.0, 0.0]], [[22.0, -5.0], [22.0, 11.0], [16.0, 11.0], [16.0, -5.0], [22.0, -5.0]], [[12.0, 12.0], [4.46748, 11.754690000000002], [3.20122, 6.9217200000000005], [12.0, 6.0], [12.0, 12.0]], [[22.0, -13.0], [22.4112, -4.30047], [16.0, -5.0], [16.0, -13.0], [22.0, -13.0]], [[-8.0, 0.0], [0.0, 0.0], [0.0, 6.0], [-8.0, 6.0], [-8.0, 0.0]], [[16.000000000000004, 27.0], [16.0, 11.0], [22.0, 11.0], [22.000000000000004, 27.0], [16.000000000000004, 27.0]]], "node_id": [0, 1, 2, 3, 4, 5]}