{"corners": [[[0.06837, 0.26408], [16.06837, 0.26408], [16.06837, 6.26408], [0.06837, 6.26408], [0.06837, 0.26408]], [[11.34266, 6.329], [11.342660000000002, 22.329], [5.342660000000001, 22.329], [5.34266, 6.329], [11.34266, 6.329]], [[5.149355000000001, 10.334695], [5.149355000000002, 18.334695], [-0.8506449999999982, 18.334695], [-0.8506449999999991, 10.334695], [5.149355000000001, 10.334695]], [[17.413355, 10.257845], [17.413355, 18.257845], [11.413355, 18.257845], [11.413355, 10.257845], [17.413355, 10.257845]], [[23.08441, 6.49391], [23.08441, 22.49391], [17.08441, 22.49391], [17.08441, 6.49391], [23.08441, 6.49391]], [[29.33616, 6.48236], [29.33616, 22.48236], [23.33616, 22.48236], [23.33616, 6.48236], [29.33616, 6.48236]]], "node_id": [0, 1, 2, 3, 4, 5]}