{"corners": [[[0.300125, 0.08313], [8.300125, 0.08313], [8.300125, 6.08313], [0.300125, 6.08313], [0.300125, 0.08313]], [[0.16488000000000091, 10.92692], [-7.835119999999999, 10.926920000000003], [-7.83512, -4.073079999999998], [0.16487999999999908, -4.07308], [0.16488000000000091, 10.92692]], [[-7.7706700000000035, -19.203695], [0.22932999999999645, -19.203695000000003], [0.22933, -4.2036950000000015], [-7.77067, -4.203695], [-7.7706700000000035, -19.203695]], [[6.493799999999998, -15.869660000000003], [6.4938, -7.869660000000003], [0.4938, -7.869660000000001], [0.49379999999999735, -15.86966], [6.493799999999998, -15.869660000000003]], [[3.792220000000001, 10.517395], [3.7922200000000013, 18.517395], [-11.20778, 18.517395], [-11.20778, 10.517395000000002], [3.792220000000001, 10.517395]], [[-7.885419999999999, -4.2106], [-15.88542, -4.210599999999998], [-15.885420000000003, -19.210599999999996], [-7.885420000000005, -19.2106], [-7.885419999999999, -4.2106]]], "node_id": [0, 1, 2, 3, 4, 5]}