{"corners": [[[0.0, 0.0], [7.56417, 0.48026], [7.61895, 5.76583], [0.0, 6.0], [0.0, 0.0]], [[9.18454765366783e-16, 10.5], [-7.814769999999999, 11.475190000000001], [-8.47863, -4.331129999999998], [-9.18454765366783e-16, -4.5], [9.18454765366783e-16, 10.5]], [[-8.000000000000004, -19.5], [-3.552713678800501e-15, -19.500000000000004], [0.0, -4.500000000000002], [-8.0, -4.5], [-8.000000000000004, -19.5]], [[5.999999999999997, -16.000000000000004], [6.0, -8.000000000000004], [0.0, -8.000000000000002], [-2.6645352591003757e-15, -16.0], [5.999999999999997, -16.000000000000004]], [[3.500000000000001, 10.5], [3.5000000000000013, 18.5], [-11.5, 18.5], [-11.5, 10.500000000000002], [3.500000000000001, 10.5]], [[-7.999999999999999, -4.5], [-16.30198, -5.077109999999998], [-15.863020000000004, -19.255249999999997], [-8.000000000000005, -19.5], [-7.999999999999999, -4.5]]], "node_id": [0, 1, 2, 3, 4, 5]}