{"corners": [[[0.46978, 0.00099], [8.46978, 0.00099], [8.46978, 15.00099], [0.46978, 15.00099], [0.46978, 0.00099]], [[7.075319999999999, -15.990115], [7.07532, 0.009885], [1.07532, 0.009885], [1.0753199999999992, -15.990115], [7.075319999999999, -15.990115]], [[-14.948635, 11.820405], [-14.948635, 3.820405], [0.051365, 3.820405000000001], [0.051365, 11.820405000000001], [-14.948635, 11.820405]], [[-11.138655, -11.447915], [-3.138655, -11.447915], [-3.138655, 3.552085], [-11.138655, 3.552085], [-11.138655, -11.447915]], [[-14.895710000000001, 15.253555], [-22.89571, 15.253554999999999], [-22.89571, 0.2535549999999982], [-14.89571, 0.253555], [-14.895710000000001, 15.253555]], [[-11.176655, -17.29438], [-3.1766550000000002, -17.29438], [-3.1766550000000002, -11.29438], [-11.176655, -11.29438], [-11.176655, -17.29438]]], "node_id": [0, 1, 2, 3, 4, 5]}