{"corners": [[[0.0, 0.0], [8.0, 0.0], [8.0, 15.0], [0.0, 15.0], [0.0, 0.0]], [[6.999999999999999, -16.0], [6.30128, -0.96045], [0.20545000000000002, 0.28162], [0.9999999999999991, -16.0], [6.999999999999999, -16.0]], [[-15.0, 11.5], [-15.3115, 3.3724], [-0.77703, 3.486740000000001], [0.0, 11.500000000000002], [-15.0, 11.5]], [[-11.5, -11.5], [-2.5614, -11.90115], [-3.5, 3.5], [-11.5, 3.5], [-11.5, -11.5]], [[-15.000000000000002, 15.0], [-22.8115, 14.455909999999998], [-23.0, -1.7763568394002505e-15], [-15.0, 0.0], [-15.000000000000002, 15.0]], [[-11.5, -17.5], [-3.5, -17.5], [-3.5, -11.5], [-11.5, -11.5], [-11.5, -17.5]]], "node_id": [0, 1, 2, 3, 4, 5]}