{"corners": [[[0.062675, 0.052245], [16.062675, 0.052245], [16.062675, 6.052245], [0.062675, 6.052245], [0.062675, 0.052245]], [[11.155475, -7.82098], [11.155475, 0.17902], [5.155475000000001, 0.17902], [5.155475, -7.82098], [11.155475, -7.82098]], [[5.358935, -7.639544999999999], [5.358934999999998, -15.639545], [11.358934999999999, -15.639545], [11.358935, -7.639545], [5.358935, -7.639544999999999]], [[11.481795, 6.218075], [11.481795000000002, 22.218075], [5.481795000000001, 22.218075], [5.481795, 6.218075], [11.481795, 6.218075]], [[-15.97946, 0.142315], [0.02054, 0.142315], [0.02054, 6.142315], [-15.97946, 6.142315], [-15.97946, 0.142315]], [[-4.565725, 6.12781], [-4.565724999999999, 22.12781], [-10.565725, 22.12781], [-10.565725, 6.12781], [-4.565725, 6.12781]]], "node_id": [0, 1, 2, 3, 4, 5]}