{"corners": [[[0.111435, 0.167895], [8.111435, 0.167895], [8.111435, 15.167895], [0.111435, 15.167895], [0.111435, 0.167895]], [[16.1506, 10.74192], [8.1506, 10.741920000000002], [8.1506, 4.741920000000001], [16.1506, 4.74192], [16.1506, 10.74192]], [[-15.5871, 4.838105], [0.4129, 4.838105], [0.4129, 10.838105], [-15.5871, 10.838105], [-15.5871, 4.838105]], [[-15.300505, 4.607264999999999], [-15.300505, -3.392735000000001], [-0.300505, -3.392735], [-0.300505, 4.607265], [-15.300505, 4.607264999999999]], [[-15.42095, -3.4500550000000008], [-15.42095, 4.549944999999999], [-30.42095, 4.549945000000001], [-30.42095, -3.450055], [-15.42095, -3.4500550000000008]], [[-38.261665, -6.842845], [-30.261665, -6.842845], [-30.261665, 8.157155], [-38.261665, 8.157155], [-38.261665, -6.842845]]], "node_id": [0, 1, 2, 3, 4, 5]}