{"corners": [[[0.0, 0.0], [8.0388, 0.90495], [8.0, 15.0], [0.0, 15.0], [0.0, 0.0]], [[24.0, 10.499999999999998], [8.45864, 10.31219], [7.21943, 4.88729], [24.0, 4.499999999999998], [24.0, 10.499999999999998]], [[-16.0, 4.5], [0.41483, 3.92941], [0.0, 10.5], [-16.0, 10.5], [-16.0, 4.5]], [[-4.0, 15.0], [12.98582, 14.16914], [12.0, 21.0], [-4.0, 21.0], [-4.0, 15.0]], [[23.5, -3.500000000000001], [23.5, 4.499999999999999], [8.5, 4.500000000000001], [8.5, -3.5], [23.5, -3.500000000000001]], [[-16.0, -0.5], [-15.652809999999999, 15.48209], [-22.0, 15.5], [-22.0, -0.4999999999999996], [-16.0, -0.5]]], "node_id": [0, 1, 2, 3, 4, 5]}