{"corners": [[[0.0, 0.0], [7.29341, 0.55852], [8.0, 6.0], [0.0, 6.0], [0.0, 0.0]], [[23.0, -1.0000000000000009], [22.00596, 6.691469999999999], [8.0, 7.000000000000001], [8.0, -1.0], [23.0, -1.0000000000000009]], [[19.5, 22.0], [11.5, 22.0], [11.499999999999998, 7.000000000000002], [19.499999999999996, 7.0], [19.5, 22.0]], [[18.5, 22.0], [17.8112, 29.72688], [12.83102, 30.7478], [12.5, 22.0], [18.5, 22.0]], [[19.5, 45.0], [11.91452, 44.68995], [11.499999999999998, 30.0], [19.499999999999996, 30.0], [19.5, 45.0]], [[19.5, 41.5], [19.49395, 32.99566], [25.5, 33.5], [25.5, 41.5], [19.5, 41.5]]], "node_id": [0, 1, 2, 3, 4, 5]}