{"corners": [[[0.0, 0.0], [8.92751, 0.92135], [8.0, 15.0], [0.0, 15.0], [0.0, 0.0]], [[0.0, 15.0], [8.2967, 15.1451], [8.749929999999999, 29.81795], [0.0, 30.0], [0.0, 15.0]], [[6.999999999999999, -16.0], [7.0, 0.0], [1.0, 0.0], [0.9999999999999991, -16.0], [6.999999999999999, -16.0]], [[15.000000000000002, -0.5000000000000009], [6.590210000000002, 0.47920000000000007], [7.03717, -16.1083], [15.0, -15.5], [15.000000000000002, -0.5000000000000009]], [[1.0000000000000004, -5.0], [-15.7012, -4.457989999999998], [-14.3811, -11.411959999999999], [0.9999999999999997, -11.0], [1.0000000000000004, -5.0]], [[15.0, -11.0], [22.37643, -11.954600000000001], [23.0, -5.000000000000002], [15.000000000000002, -5.0], [15.0, -11.0]]], "node_id": [0, 1, 2, 3, 4, 5]}