{"corners": [[[0.0, 0.0], [7.94677, 0.68182], [8.0, 15.0], [0.0, 15.0], [0.0, 0.0]], [[-2.4492127076447545e-16, 3.5], [0.004790000000000245, 10.70612], [-14.46535, 12.076270000000001], [-15.0, 3.500000000000001], [-2.4492127076447545e-16, 3.5]], [[8.881784197001252e-16, 11.5], [0.6173500000000013, 20.08536], [-15.0, 19.5], [-15.0, 11.500000000000002], [8.881784197001252e-16, 11.5]], [[0.0, 15.0], [8.0, 15.0], [8.0, 30.0], [0.0, 30.0], [0.0, 15.0]], [[-23.0, 4.500000000000001], [-15.0, 4.500000000000001], [-15.0, 10.5], [-23.0, 10.5], [-23.0, 4.500000000000001]], [[-39.0, 4.500000000000001], [-23.96807, 5.114940000000001], [-23.25757, 9.59848], [-39.0, 10.5], [-39.0, 4.500000000000001]]], "node_id": [0, 1, 2, 3, 4, 5]}