{"corners": [[[0.0, 0.0], [8.0, 0.0], [8.0, 15.0], [0.0, 15.0], [0.0, 0.0]], [[8.0, 11.5], [7.13433, 3.2132899999999998], [14.0, 3.5], [14.0, 11.5], [8.0, 11.5]], [[0.0, 15.0], [8.0, 15.0], [8.0, 30.0], [0.0, 30.0], [0.0, 15.0]], [[14.0, 11.5], [13.74327, 2.84252], [20.73438, 3.99016], [20.0, 11.5], [14.0, 11.5]], [[-3.500000000000001, 38.0], [-3.9015000000000004, 29.36463], [11.5, 30.0], [11.5, 38.0], [-3.500000000000001, 38.0]], [[8.0, -4.898425415289509e-16], [0.3689, -0.2531499999999995], [-1.7763568394002505e-15, -14.999999999999998], [7.999999999999998, -15.0], [8.0, -4.898425415289509e-16]]], "node_id": [0, 1, 2, 3, 4, 5]}