{"corners": [[[0.0, 0.0], [16.0, 0.0], [16.0, 6.0], [0.0, 6.0], [0.0, 0.0]], [[11.0, -8.0], [11.39797, -0.29878], [4.737380000000001, -0.92187], [5.0, -8.0], [11.0, -8.0]], [[-8.0, -4.5], [0.49218, -5.00241], [0.0, 10.5], [-8.0, 10.5], [-8.0, -4.5]], [[26.0, -8.0], [26.68603, -0.93983], [11.0, 1.7763568394002505e-15], [11.0, -7.999999999999999], [26.0, -8.0]], [[11.0, -7.999999999999997], [10.999999999999998, -15.999999999999996], [26.0, -16.0], [26.0, -8.0], [11.0, -7.999999999999997]], [[5.0, -7.999999999999999], [4.743439999999997, -24.759619999999998], [10.999999999999996, -24.0], [11.0, -8.0], [5.0, -7.999999999999999]]], "node_id": [0, 1, 2, 3, 4, 5]}