{"corners": [[[0.0, 0.0], [8.0, 0.0], [8.0, 6.0], [0.0, 6.0], [0.0, 0.0]], [[-2.4492127076447545e-16, -1.0], [0.8833300000000002, 6.5456900000000005], [-15.0, 7.000000000000002], [-15.0, -0.9999999999999991], [-2.4492127076447545e-16, -1.0]], [[-30.0, 7.0000000000000036], [-30.15228, -0.26014999999999644], [-14.220960000000002, -1.48769], [-15.0, 7.000000000000001], [-30.0, 7.0000000000000036]], [[0.0, -6.0], [8.50147, -6.56055], [8.72758, -0.63931], [0.0, 0.0], [0.0, -6.0]], [[-14.999999999999996, 15.000000000000002], [-14.270939999999998, 6.890330000000001], [-0.7989599999999982, 6.281259999999998], [3.552713678800501e-15, 14.999999999999998], [-14.999999999999996, 15.000000000000002]], [[4.287477491093927e-15, 15.0], [2.8179498665070746e-15, 7.0], [6.000000000000003, 6.999999999999998], [6.000000000000004, 14.999999999999998], [4.287477491093927e-15, 15.0]]], "node_id": [0, 1, 2, 3, 4, 5]}