{"corners": [[[0.3659, 0.38019], [8.3659, 0.38019], [8.3659, 6.38019], [0.3659, 6.38019], [0.3659, 0.38019]], [[14.36873, -0.635985], [14.36873, 7.364015], [8.36873, 7.364015], [8.36873, -0.6359849999999997], [14.36873, -0.635985]], [[14.009375, 0.05121], [22.009375, 0.05121], [22.009375, 6.05121], [14.009375, 6.05121], [14.009375, 0.05121]], [[15.0231, -0.8352800000000002], [7.0231, -0.8352799999999992], [7.0231, -6.835279999999999], [15.0231, -6.83528], [15.0231, -0.8352800000000002]], [[30.16284, 10.732385], [22.16284, 10.732385000000003], [22.16284, -4.267614999999998], [30.162839999999996, -4.267615], [30.16284, 10.732385]], [[23.067855000000005, 26.78016], [23.067855, 10.78016], [29.067855, 10.78016], [29.067855000000005, 26.78016], [23.067855000000005, 26.78016]]], "node_id": [0, 1, 2, 3, 4, 5]}