{"corners": [[[0.0, 0.0], [7.04366, -0.54943], [7.11801, 5.50414], [0.0, 6.0], [0.0, 0.0]], [[14.0, -1.0], [13.20485, 6.09239], [7.65888, 6.65136], [8.0, -0.9999999999999997], [14.0, -1.0]], [[14.0, 0.0], [21.56156, -0.90868], [22.0, 6.0], [14.0, 6.0], [14.0, 0.0]], [[15.0, -1.0000000000000002], [7.0, -0.9999999999999992], [7.0, -6.999999999999999], [15.0, -7.0], [15.0, -1.0000000000000002]], [[30.0, 10.5], [21.19192, 10.825100000000003], [21.18821, -5.170199999999999], [29.999999999999996, -4.5], [30.0, 10.5]], [[23.000000000000004, 26.5], [22.91687, 9.75929], [29.0, 10.5], [29.000000000000004, 26.5], [23.000000000000004, 26.5]]], "node_id": [0, 1, 2, 3, 4, 5]}