{"corners": [[[0.0, 0.0], [16.96437, 0.56912], [16.0, 6.0], [0.0, 6.0], [0.0, 0.0]], [[-16.0, 0.0], [-0.04343, 0.6597], [0.0, 6.0], [-16.0, 6.0], [-16.0, 0.0]], [[22.0, -1.0], [22.12911, 7.27878], [16.0, 7.0], [16.0, -0.9999999999999997], [22.0, -1.0]], [[22.0, 11.0], [21.360769999999995, -4.87522], [28.454809999999995, -5.2643699999999995], [28.0, 10.999999999999998], [22.0, 11.0]], [[21.999999999999996, -4.999999999999999], [21.720269999999996, -13.40763], [27.999999999999993, -13.0], [27.999999999999996, -5.0], [21.999999999999996, -4.999999999999999]], [[-22.0, 7.0], [-22.0, -1.0], [-16.0, -1.0], [-16.0, 7.0], [-22.0, 7.0]]], "node_id": [0, 1, 2, 3, 4, 5]}