{"corners": [[[0.146935, 0.266955], [8.146935, 0.266955], [8.146935, 6.266955], [0.146935, 6.266955], [0.146935, 0.266955]], [[8.41403, 12.46881], [0.41403, 12.468810000000001], [0.41403, 6.468810000000001], [8.414029999999999, 6.46881], [8.41403, 12.46881]], [[8.18907, 0.4031449999999995], [0.18907, 0.4031450000000005], [0.18907, -5.596855], [8.18907, -5.596855000000001], [8.18907, 0.4031449999999995]], [[-7.632395000000002, 1.6851700000000018], [0.36760499999999824, 1.6851699999999998], [0.3676050000000018, 16.68517], [-7.632394999999998, 16.68517], [-7.632395000000002, 1.6851700000000018]], [[-7.825205, -5.763429999999998], [0.174795, -5.76343], [0.17479500000000178, 0.23657], [-7.825204999999999, 0.23657000000000178], [-7.825205, -5.763429999999998]]], "node_id": [0, 1, 2, 3, 4]}