{"corners": [[[0.0, 0.0], [16.0, 0.0], [16.0, 6.0], [0.0, 6.0], [0.0, 0.0]], [[-15.0, 6.999999999999999], [-15.0, -1.0000000000000009], [0.0, -1.0], [0.0, 7.0], [-15.0, 6.999999999999999]], [[16.0, -9.796850830579018e-16], [-0.49284, -0.579779999999999], [0.0, -5.999999999999999], [16.0, -6.000000000000001], [16.0, -9.796850830579018e-16]], [[15.5, 5.999999999999999], [15.5, 14.0], [0.5, 14.0], [0.5, 6.0], [15.5, 5.999999999999999]], [[-3.500000000000001, 13.0], [-11.35434, 12.077619999999998], [-11.49726, 6.0089999999999995], [-3.5, 7.0], [-3.500000000000001, 13.0]], [[31.5, 12.999999999999998], [16.38325, 12.90914], [15.17369, 7.90383], [31.5, 6.999999999999998], [31.5, 12.999999999999998]]], "node_id": [0, 1, 2, 3, 4, 5]}