{"corners": [[[0.0, 0.0], [8.25429, -0.07831], [8.77297, 5.71504], [0.0, 6.0], [0.0, 0.0]], [[-4.898425415289509e-16, -5.0], [-0.4484299999999995, 10.63921], [-6.0, 11.0], [-6.000000000000001, -5.0], [-4.898425415289509e-16, -5.0]], [[16.0, 5.999999999999999], [8.0, 6.0], [8.0, 0.0], [16.0, -8.881784197001252e-16], [16.0, 5.999999999999999]], [[-11.0, 11.0], [5.0, 11.0], [5.0, 17.0], [-11.0, 17.0], [-11.0, 11.0]], [[16.0, 6.999999999999999], [16.574389999999998, -0.8727600000000009], [21.33854, -1.6759900000000028], [22.0, 6.999999999999998], [16.0, 6.999999999999999]], [[16.0, 12.0], [7.29593, 12.456000000000001], [7.57698, 6.244840000000001], [16.0, 6.0], [16.0, 12.0]]], "node_id": [0, 1, 2, 3, 4, 5]}