{"corners": [[[0.0, 0.0], [7.78386, 0.25421], [7.97389, 15.01586], [0.0, 15.0], [0.0, 0.0]], [[8.0, 11.5], [8.0, 3.5], [14.0, 3.5], [14.0, 11.5], [8.0, 11.5]], [[6.999999999999999, -16.0], [6.52741, -0.55573], [0.95474, 0.31963], [0.9999999999999991, -16.0], [6.999999999999999, -16.0]], [[7.0, -11.0], [23.0, -11.0], [23.0, -5.0], [7.0, -5.0], [7.0, -11.0]], [[12.0, -16.0], [-4.95193, -15.987629999999998], [-4.0, -22.0], [12.0, -22.0], [12.0, -16.0]], [[12.000000000000002, -11.0], [11.999999999999998, -27.0], [18.0, -27.0], [18.0, -11.000000000000002], [12.000000000000002, -11.0]]], "node_id": [0, 1, 2, 3, 4, 5]}