{"corners": [[[0.0165, 0.19212], [8.0165, 0.19212], [8.0165, 15.19212], [0.0165, 15.19212], [0.0165, 0.19212]], [[0.22010500000000036, 10.74698], [-7.779895, 10.746980000000002], [-7.779895, 4.746980000000001], [0.22010499999999963, 4.74698], [0.22010500000000036, 10.74698]], [[1.339985, 0.09865999999999982], [1.3399850000000009, -15.90134], [7.339985, -15.90134], [7.339985, 0.09866000000000018], [1.339985, 0.09865999999999982]], [[8.02268, 11.578205], [8.02268, 3.578205], [14.02268, 3.578205], [14.02268, 11.578205], [8.02268, 11.578205]], [[8.22653, 19.700055], [8.22653, 11.700055], [14.22653, 11.700055], [14.22653, 19.700055], [8.22653, 19.700055]], [[-6.793150000000001, 4.978285000000001], [-6.7931500000000025, -3.021714999999998], [-0.7931500000000027, -3.021715], [-0.7931500000000009, 4.9782850000000005], [-6.793150000000001, 4.978285000000001]]], "node_id": [0, 1, 2, 3, 4, 5]}