{"corners": [[[0.0, 0.0], [8.0, 0.0], [8.0, 15.0], [0.0, 15.0], [0.0, 0.0]], [[3.673819061467132e-16, 10.5], [-8.84449, 9.513290000000001], [-8.0, 4.500000000000001], [-3.673819061467132e-16, 4.5], [3.673819061467132e-16, 10.5]], [[1.0, -1.836909530733566e-16], [0.03504000000000085, -16.03394], [6.621120000000001, -16.05009], [7.0, 1.836909530733566e-16], [1.0, -1.836909530733566e-16]], [[8.0, 11.5], [8.41865, 4.0703700000000005], [14.0, 3.5], [14.0, 11.5], [8.0, 11.5]], [[8.0, 19.5], [8.0, 11.5], [14.0, 11.5], [14.0, 19.5], [8.0, 19.5]], [[-7.000000000000001, 4.500000000000002], [-7.824670000000003, -3.364259999999998], [-1.2572700000000028, -4.37336], [-1.0000000000000009, 4.500000000000001], [-7.000000000000001, 4.500000000000002]]], "node_id": [0, 1, 2, 3, 4, 5]}