{"corners": [[[0.0, 0.0], [7.79863, 0.29517], [8.49508, 15.8831], [0.0, 15.0], [0.0, 0.0]], [[7.999999999999999, 15.5], [8.24859, -0.65434], [14.81391, -0.13401999999999997], [14.0, 15.5], [7.999999999999999, 15.5]], [[-4.898425415289509e-16, -0.5], [-0.5961899999999996, 15.45218], [-5.78848, 15.963799999999999], [-6.000000000000001, -0.4999999999999996], [-4.898425415289509e-16, -0.5]], [[20.0, -0.5], [20.0, 15.5], [14.0, 15.5], [14.0, -0.4999999999999996], [20.0, -0.5]], [[21.0, -0.5000000000000003], [13.0, -0.49999999999999933], [12.999999999999998, -15.499999999999998], [20.999999999999996, -15.5], [21.0, -0.5000000000000003]], [[14.999999999999998, 30.5], [7.898489999999998, 30.26517], [7.0, 15.499999999999998], [15.0, 15.5], [14.999999999999998, 30.5]]], "node_id": [0, 1, 2, 3, 4, 5]}