{"corners": [[[0.28008, 0.39168], [8.28008, 0.39168], [8.28008, 15.39168], [0.28008, 15.39168], [0.28008, 0.39168]], [[8.341724999999999, 15.846695], [8.341725, -0.15330500000000002], [14.341725, -0.15330500000000002], [14.341725, 15.846695], [8.341724999999999, 15.846695]], [[0.1620199999999995, -0.187855], [0.1620200000000005, 15.812145], [-5.83798, 15.812145], [-5.837980000000001, -0.1878549999999996], [0.1620199999999995, -0.187855]], [[20.211415, -0.04652499999999998], [20.211415, 15.953475], [14.211415, 15.953475], [14.211415, -0.046524999999999594], [20.211415, -0.04652499999999998]], [[21.341495, -0.12657500000000033], [13.341495, -0.12657499999999933], [13.341494999999998, -15.126574999999999], [21.341494999999995, -15.126575], [21.341495, -0.12657500000000033]], [[15.000599999999999, 30.834834999999998], [7.000599999999999, 30.834834999999998], [7.0006, 15.834834999999998], [15.0006, 15.834835], [15.000599999999999, 30.834834999999998]]], "node_id": [0, 1, 2, 3, 4, 5]}