{"corners": [[[0.0, 0.0], [16.36677, 0.30672], [15.41887, 5.71798], [0.0, 6.0], [0.0, 0.0]], [[12.0, -4.898425415289509e-16], [3.0552200000000003, 0.5053300000000004], [3.9999999999999982, -14.999999999999998], [11.999999999999998, -15.0], [12.0, -4.898425415289509e-16]], [[-11.000000000000002, -3.4999999999999973], [-11.000000000000004, -11.499999999999996], [3.9999999999999964, -11.5], [3.9999999999999982, -3.5], [-11.000000000000002, -3.4999999999999973]], [[-6.5, 4.500000000000002], [-6.500000000000002, -3.4999999999999982], [-0.5000000000000018, -3.5], [-0.5, 4.500000000000001], [-6.5, 4.500000000000002]], [[3.9999999999999947, -30.0], [12.628199999999994, -29.271470000000004], [11.680739999999998, -14.548570000000002], [3.9999999999999982, -15.0], [3.9999999999999947, -30.0]]], "node_id": [0, 1, 2, 3, 4]}