{"corners": [[[0.0, 0.0], [8.83289, -0.12927], [8.0, 15.0], [0.0, 15.0], [0.0, 0.0]], [[23.0, 3.499999999999999], [23.66532, 11.19814], [8.0, 11.5], [8.0, 3.5], [23.0, 3.499999999999999]], [[29.0, -0.5000000000000009], [28.00703, 16.27689], [23.0, 15.5], [23.0, -0.5000000000000006], [29.0, -0.5000000000000009]], [[22.0, -15.5], [29.4146, -14.99425], [30.0, -0.5], [22.0, -0.5], [22.0, -15.5]], [[46.0, -5.000000000000002], [30.18946, -4.8906], [30.0, -11.0], [46.0, -11.000000000000002], [46.0, -5.000000000000002]], [[23.0, -15.5], [22.12837, -32.05279], [29.0, -31.5], [29.0, -15.5], [23.0, -15.5]]], "node_id": [0, 1, 2, 3, 4, 5]}