{"corners": [[[0.21791, 0.25823], [8.21791, 0.25823], [8.21791, 15.25823], [0.21791, 15.25823], [0.21791, 0.25823]], [[0.02434, -14.718465], [8.02434, -14.718465], [8.02434, 0.281535], [0.02434, 0.281535], [0.02434, -14.718465]], [[0.16182, 15.464745], [8.16182, 15.464745], [8.16182, 30.464745], [0.16182, 30.464745], [0.16182, 15.464745]], [[16.14979, 15.094135], [8.14979, 15.094135000000001], [8.149789999999998, 0.09413500000000177], [16.14979, 0.094135], [16.14979, 15.094135]], [[0.09911000000000036, 10.61662], [-15.90089, 10.616620000000001], [-15.90089, 4.616620000000002], [0.09910999999999964, 4.61662], [0.09911000000000036, 10.61662]], [[16.201134999999997, 0.02109499999999951], [8.201134999999999, 0.02109500000000049], [8.201134999999997, -14.978904999999997], [16.201134999999997, -14.978905], [16.201134999999997, 0.02109499999999951]]], "node_id": [0, 1, 2, 3, 4, 5]}