{"corners": [[[0.01739, 0.155615], [8.01739, 0.155615], [8.01739, 15.155615], [0.01739, 15.155615], [0.01739, 0.155615]], [[8.265845, 0.338625], [16.265845, 0.338625], [16.265845, 15.338625], [8.265845, 15.338625], [8.265845, 0.338625]], [[0.323505, -14.612785], [8.323505, -14.612785], [8.323505, 0.387215], [0.323505, 0.387215], [0.323505, -14.612785]], [[8.237715000000001, 30.167235], [0.23771500000000179, 30.167235], [0.237715, 15.167235000000002], [8.237715, 15.167235], [8.237715000000001, 30.167235]], [[16.367105, 11.759925], [16.367105, 3.759925], [22.367105, 3.759925], [22.367105, 11.759925], [16.367105, 11.759925]], [[9.41881, 23.440995], [9.41881, 15.440995000000001], [15.41881, 15.440995000000001], [15.41881, 23.440995], [9.41881, 23.440995]]], "node_id": [0, 1, 2, 3, 4, 5]}