{"corners": [[[0.0, 0.0], [15.09222, -0.51889], [16.0, 6.0], [0.0, 6.0], [0.0, 0.0]], [[31.0, -1.0000000000000009], [31.0, 6.999999999999999], [16.0, 7.000000000000001], [16.0, -1.0], [31.0, -1.0000000000000009]], [[-4.898425415289509e-16, -5.0], [4.898425415289509e-16, 11.0], [-6.0, 11.0], [-6.000000000000001, -5.0], [-4.898425415289509e-16, -5.0]], [[5.0, -1.836909530733566e-16], [5.722530000000001, -7.71498], [11.0, -8.0], [11.0, 1.836909530733566e-16], [5.0, -1.836909530733566e-16]], [[27.5, 22.0], [19.16656, 21.95579], [19.09918, 6.240410000000002], [27.499999999999996, 7.0], [27.5, 22.0]], [[27.5, 11.5], [35.30509, 11.220979999999999], [35.5, 17.5], [27.5, 17.5], [27.5, 11.5]]], "node_id": [0, 1, 2, 3, 4, 5]}