{"corners": [[[0.0, 0.0], [8.37405, -0.07207], [8.0, 6.0], [0.0, 6.0], [0.0, 0.0]], [[14.0, -5.0], [14.938490000000002, 11.70644], [8.0, 11.0], [8.0, -5.0], [14.0, -5.0]], [[0.9999999999999996, 14.0], [1.53728, 6.38838], [7.0, 6.0], [7.0, 14.0], [0.9999999999999996, 14.0]], [[-2.4492127076447545e-16, -1.0], [0.21034000000000025, 6.41881], [-5.999999999999999, 7.0], [-6.0, -0.9999999999999997], [-2.4492127076447545e-16, -1.0]], [[7.999999999999998, 29.0], [0.7578399999999982, 29.8329], [0.0, 13.999999999999998], [8.0, 14.0], [7.999999999999998, 29.0]], [[14.0, 7.0], [13.999999999999998, -1.0], [20.0, -1.0000000000000018], [20.0, 6.999999999999999], [14.0, 7.0]]], "node_id": [0, 1, 2, 3, 4, 5]}