{"corners": [[[0.0, 0.0], [7.46665, 0.52805], [8.0, 15.0], [0.0, 15.0], [0.0, 0.0]], [[24.0, 10.499999999999998], [8.30058, 10.19349], [8.0, 4.5], [24.0, 4.499999999999998], [24.0, 10.499999999999998]], [[1.0, -1.836909530733566e-16], [1.0000000000000004, -8.0], [7.000000000000001, -8.0], [7.0, 1.836909530733566e-16], [1.0, -1.836909530733566e-16]], [[7.0, -7.0], [23.0, -7.0], [23.0, -1.0], [7.0, -1.0], [7.0, -7.0]], [[11.5, 15.0], [11.5, 23.0], [-3.5, 23.0], [-3.5, 15.000000000000002], [11.5, 15.0]], [[0.0, -23.0], [8.47853, -23.81643], [8.0, -8.0], [0.0, -8.0], [0.0, -23.0]]], "node_id": [0, 1, 2, 3, 4, 5]}