{"corners": [[[0.0, 0.0], [7.26811, -0.27377], [8.0, 15.0], [0.0, 15.0], [0.0, 0.0]], [[8.0, 4.5], [15.50537, 4.40103], [16.0, 10.5], [8.0, 10.5], [8.0, 4.5]], [[-8.0, 0.0], [0.0, 0.0], [0.0, 15.0], [-8.0, 15.0], [-8.0, 0.0]], [[6.999999999999999, -16.0], [7.93965, 0.95304], [0.14919000000000004, -0.62373], [0.9999999999999991, -16.0], [6.999999999999999, -16.0]], [[1.0000000000000009, -0.5], [-7.893079999999999, -0.190219999999999], [-6.113810000000001, -16.05437], [0.999999999999999, -15.5], [1.0000000000000009, -0.5]], [[-1.0, 15.0], [-0.45106999999999897, 30.17314], [-7.967929999999999, 31.93819], [-7.0, 15.0], [-1.0, 15.0]]], "node_id": [0, 1, 2, 3, 4, 5]}