{"corners": [[[0.0, 0.0], [16.92174, -0.56735], [16.0, 6.0], [0.0, 6.0], [0.0, 0.0]], [[0.5, -4.592273826833915e-16], [1.3789000000000005, -7.55115], [15.79774, -7.18437], [15.5, 4.592273826833915e-16], [0.5, -4.592273826833915e-16]], [[-16.0, 0.0], [-0.36337, 0.37737], [0.0, 6.0], [-16.0, 6.0], [-16.0, 0.0]], [[12.0, -7.999999999999999], [4.0, -8.0], [4.000000000000001, -14.0], [12.0, -14.0], [12.0, -7.999999999999999]], [[28.0, -7.999999999999998], [12.0, -8.0], [12.0, -14.0], [28.0, -13.999999999999998], [28.0, -7.999999999999998]], [[-5.5, -1.3322676295501878e-15], [-4.943729999999999, -7.1567500000000015], [1.4658200000000008, -8.751910000000002], [0.5, -9.648857234034747e-16], [-5.5, -1.3322676295501878e-15]]], "node_id": [0, 1, 2, 3, 4, 5]}