{"corners": [[[0.0, 0.0], [16.0, 0.0], [16.0, 6.0], [0.0, 6.0], [0.0, 0.0]], [[0.0, -6.0], [16.0, -6.0], [16.0, 0.0], [0.0, 0.0], [0.0, -6.0]], [[9.18454765366783e-16, 4.5], [-7.999999999999999, 4.500000000000001], [-8.0, -10.499999999999998], [-9.18454765366783e-16, -10.5], [9.18454765366783e-16, 4.5]], [[-8.0, 8.881784197001252e-16], [-23.79577, -0.6006999999999971], [-23.21697, -5.782069999999997], [-8.0, -5.999999999999999], [-8.0, 8.881784197001252e-16]], [[16.0, 11.0], [16.23985, -5.18826], [22.0, -5.0], [22.0, 11.0], [16.0, 11.0]]], "node_id": [0, 1, 2, 3, 4]}