{"corners": [[[0.0, 0.0], [7.60803, -0.09552], [7.21112, 5.83278], [0.0, 6.0], [0.0, 0.0]], [[-8.0, 0.0], [0.58333, -0.98682], [0.0, 6.0], [-8.0, 6.0], [-8.0, 0.0]], [[-14.0, 7.0], [-14.0, -1.0], [-7.999999999999999, -1.0], [-8.0, 7.0], [-14.0, 7.0]], [[0.0, -6.0], [8.0, -6.0], [8.0, 0.0], [0.0, 0.0], [0.0, -6.0]], [[-7.000000000000001, 22.0], [-7.0, 6.0], [-1.0, 6.0], [-1.0000000000000009, 22.0], [-7.000000000000001, 22.0]], [[7.0, 17.0], [-1.0, 17.0], [-0.9999999999999991, 11.0], [7.000000000000001, 11.0], [7.0, 17.0]]], "node_id": [0, 1, 2, 3, 4, 5]}