{"corners": [[[0.16482, 0.435795], [16.16482, 0.435795], [16.16482, 6.435795], [0.16482, 6.435795], [0.16482, 0.435795]], [[5.487244999999999, 22.214655], [5.487245, 6.214655], [11.487245, 6.214655], [11.487245, 22.214655], [5.487244999999999, 22.214655]], [[-10.859075, 11.08225], [5.140925, 11.08225], [5.140925, 17.08225], [-10.859075, 17.08225], [-10.859075, 11.08225]], [[5.427549999999998, 38.2287], [5.427549999999999, 22.2287], [11.42755, 22.2287], [11.427549999999998, 38.2287], [5.427549999999998, 38.2287]], [[0.13078499999999912, -4.550865], [0.1307850000000001, 11.449135], [-5.869215, 11.449135], [-5.8692150000000005, -4.550865], [0.13078499999999912, -4.550865]], [[-26.95846, 11.20425], [-10.95846, 11.20425], [-10.95846, 17.20425], [-26.95846, 17.20425], [-26.95846, 11.20425]]], "node_id": [0, 1, 2, 3, 4, 5]}