{"corners": [[[0.0, 0.0], [8.0, 0.0], [8.0, 6.0], [0.0, 6.0], [0.0, 0.0]], [[-8.0, 0.0], [0.74302, 0.79069], [-0.52965, 6.01412], [-8.0, 6.0], [-8.0, 0.0]], [[8.0, 0.0], [23.88115, 0.1872], [23.42503, 6.1349], [8.0, 6.0], [8.0, 0.0]], [[20.0, 12.0], [11.463470000000001, 11.521760000000002], [11.77626, 6.668270000000001], [20.0, 6.0], [20.0, 12.0]], [[0.0, -6.0], [7.65057, -6.05743], [8.0, 0.0], [0.0, 0.0], [0.0, -6.0]], [[-1.0, 6.0], [-1.835609999999999, 21.7047], [-7.109189999999999, 21.15275], [-7.0, 6.0], [-1.0, 6.0]]], "node_id": [0, 1, 2, 3, 4, 5]}