{"corners": [[[0.0, 0.0], [7.91657, 0.48798], [7.5978, 5.84051], [0.0, 6.0], [0.0, 0.0]], [[24.0, 5.999999999999998], [8.0, 6.0], [8.0, 0.0], [24.0, -1.7763568394002505e-15], [24.0, 5.999999999999998]], [[7.0, 6.0], [6.993290000000001, 21.69925], [1.0000000000000009, 22.0], [1.0, 6.0], [7.0, 6.0]], [[1.0, -1.836909530733566e-16], [1.7426600000000008, -16.85889], [7.289620000000001, -15.08077], [7.0, 1.836909530733566e-16], [1.0, -1.836909530733566e-16]], [[15.000000000000004, 21.5], [6.667670000000004, 21.29361], [6.464350000000001, 7.047510000000002], [15.000000000000002, 6.5], [15.000000000000004, 21.5]], [[15.0, -4.999999999999999], [7.46596, -4.11463], [6.013790000000001, -11.63202], [15.0, -11.0], [15.0, -4.999999999999999]]], "node_id": [0, 1, 2, 3, 4, 5]}