{"corners": [[[0.0, 0.0], [7.59444, -0.01724], [7.63198, 5.02602], [0.0, 6.0], [0.0, 0.0]], [[14.0, -5.0], [14.000000000000002, 11.0], [8.0, 11.0], [8.0, -5.0], [14.0, -5.0]], [[3.5000000000000018, 19.0], [3.5673400000000006, 10.12645], [18.5, 10.999999999999996], [18.5, 18.999999999999996], [3.5000000000000018, 19.0]], [[18.5, 11.999999999999996], [34.5, 11.999999999999993], [34.5, 17.999999999999993], [18.5, 17.999999999999996], [18.5, 11.999999999999996]], [[19.0, 11.999999999999996], [18.50905, 4.911349999999996], [34.9846, 3.001279999999993], [34.0, 11.999999999999993], [19.0, 11.999999999999996]]], "node_id": [0, 1, 2, 3, 4]}