{"corners": [[[0.0, 0.0], [8.28644, 0.21559], [8.0, 6.0], [0.0, 6.0], [0.0, 0.0]], [[0.9999999999999996, 14.0], [0.21936999999999995, 5.2969], [7.0, 6.0], [7.0, 14.0], [0.9999999999999996, 14.0]], [[23.0, -1.0000000000000009], [23.10341, 7.8515299999999995], [7.93321, 7.822260000000001], [8.0, -1.0], [23.0, -1.0000000000000009]], [[31.0, 10.499999999999998], [23.91596, 10.45152], [22.81113, -3.6403], [30.999999999999996, -4.500000000000002], [31.0, 10.499999999999998]], [[3.673819061467132e-16, 6.0], [-7.34658, 5.511800000000001], [-8.0, 8.881784197001252e-16], [-3.673819061467132e-16, 0.0], [3.673819061467132e-16, 6.0]], [[-8.0, -4.999999999999999], [-8.088249999999999, 10.09269], [-13.46554, 11.14332], [-14.0, -4.999999999999999], [-8.0, -4.999999999999999]]], "node_id": [0, 1, 2, 3, 4, 5]}