{"corners": [[[0.0, 0.0], [7.53786, 0.30065], [8.0, 6.0], [0.0, 6.0], [0.0, 0.0]], [[1.0, -1.836909530733566e-16], [0.27104000000000084, -16.47647], [6.172670000000001, -16.35275], [7.0, 1.836909530733566e-16], [1.0, -1.836909530733566e-16]], [[0.0, 6.0], [8.0, 6.0], [8.0, 21.0], [0.0, 21.0], [0.0, 6.0]], [[0.0, 21.0], [8.094, 21.49737], [7.7325099999999996, 35.35179], [0.0, 36.0], [0.0, 21.0]], [[7.000000000000001, -4.0], [7.607780000000002, -11.40226], [13.000000000000002, -12.0], [13.0, -3.9999999999999996], [7.000000000000001, -4.0]], [[8.0, 0.0], [15.25674, 0.66648], [16.0386, 5.51968], [8.0, 6.0], [8.0, 0.0]]], "node_id": [0, 1, 2, 3, 4, 5]}