{"corners": [[[0.2666, 0.21595], [8.2666, 0.21595], [8.2666, 15.21595], [0.2666, 15.21595], [0.2666, 0.21595]], [[23.47324, 3.5570299999999992], [23.47324, 11.55703], [8.47324, 11.55703], [8.47324, 3.55703], [23.47324, 3.5570299999999992]], [[-3.08416, 0.0009049999999995407], [-3.08416, -7.999095], [11.91584, -7.999095], [11.91584, 0.0009050000000004593], [-3.08416, 0.0009049999999995407]], [[18.78629, 11.70023], [18.78629, 19.70023], [12.78629, 19.70023], [12.78629, 11.70023], [18.78629, 11.70023]], [[26.78436, -7.63844], [26.78436, 0.36156], [11.78436, 0.36156000000000177], [11.78436, -7.638439999999999], [26.78436, -7.63844]], [[0.14174499999999976, 3.700395], [0.14174500000000026, 11.700395], [-5.858254999999999, 11.700395], [-5.858255, 3.7003950000000003], [0.14174499999999976, 3.700395]]], "node_id": [0, 1, 2, 3, 4, 5]}