{"corners": [[[0.0, 0.0], [7.65599, -0.93615], [8.0, 6.0], [0.0, 6.0], [0.0, 0.0]], [[8.0, -4.5], [16.0, -4.5], [16.0, 10.5], [8.0, 10.5], [8.0, -4.5]], [[16.0, 11.0], [15.84806, -4.71661], [22.0, -5.0], [22.0, 11.0], [16.0, 11.0]], [[27.0, 17.0], [11.0, 16.999999999999996], [11.0, 10.999999999999998], [27.0, 11.0], [27.0, 17.0]], [[16.0, -5.0], [15.023, -20.77968], [22.18247, -20.31707], [22.0, -5.0], [16.0, -5.0]], [[27.0, 23.0], [10.09974, 22.521819999999998], [11.0, 17.0], [27.0, 17.0], [27.0, 23.0]]], "node_id": [0, 1, 2, 3, 4, 5]}