{"corners": [[[0.0, 0.0], [16.0, 0.0], [16.0, 6.0], [0.0, 6.0], [0.0, 0.0]], [[16.0, 12.0], [0.0, 12.000000000000002], [0.0, 6.000000000000002], [16.0, 6.0], [16.0, 12.0]], [[0.0, -6.0], [16.67821, -5.27996], [15.83417, 0.99134], [0.0, 0.0], [0.0, -6.0]], [[0.5000000000000018, 20.000000000000004], [-0.1797599999999997, 11.860100000000003], [15.80304, 12.70905], [15.500000000000002, 20.0], [0.5000000000000018, 20.000000000000004]], [[-5.999999999999998, 17.000000000000004], [-6.000000000000001, 1.0000000000000036], [-8.881784197001252e-16, 1.0000000000000036], [1.7763568394002505e-15, 17.000000000000004], [-5.999999999999998, 17.000000000000004]], [[16.0, 0.0], [32.72464, -0.83559], [32.85727, 5.83232], [16.0, 6.0], [16.0, 0.0]]], "node_id": [0, 1, 2, 3, 4, 5]}