{"corners": [[[0.0, 0.0], [7.64952, -0.87713], [8.20038, 15.68562], [0.0, 15.0], [0.0, 0.0]], [[11.5, 15.0], [11.5, 23.0], [-3.5, 23.0], [-3.5, 15.000000000000002], [11.5, 15.0]], [[27.5, 22.0], [12.03216, 22.788250000000005], [11.27149, 16.95659], [27.5, 16.0], [27.5, 22.0]], [[27.5, 15.999999999999998], [11.40835, 15.44136], [10.97839, 9.30517], [27.5, 9.999999999999998], [27.5, 15.999999999999998]], [[16.500000000000004, 38.0], [17.00848, 21.21021], [23.05528, 22.6835], [22.500000000000004, 38.0], [16.500000000000004, 38.0]], [[27.0, 2.0], [27.07628, 9.21437], [12.0, 10.000000000000002], [12.0, 2.000000000000001], [27.0, 2.0]]], "node_id": [0, 1, 2, 3, 4, 5]}