{"corners": [[[0.0, 0.0], [16.84254, 0.4108], [15.15719, 6.39288], [0.0, 6.0], [0.0, 0.0]], [[11.0, 6.0], [10.99349, 13.95423], [5.000000000000001, 14.0], [5.0, 6.0], [11.0, 6.0]], [[16.0, 7.0], [16.0, -1.0], [22.0, -1.0], [22.0, 7.0], [16.0, 7.0]], [[-8.0, 0.0], [-0.48911, 0.73393], [-0.52523, 6.54879], [-8.0, 6.0], [-8.0, 0.0]], [[22.0, 4.440892098500626e-16], [30.0, 4.440892098500626e-16], [30.0, 6.0], [22.0, 6.0], [22.0, 4.440892098500626e-16]], [[29.0, -16.0], [29.0, 0.0], [23.0, 0.0], [23.0, -16.0], [29.0, -16.0]]], "node_id": [0, 1, 2, 3, 4, 5]}