{"corners": [[[0.18837, 0.40469], [8.18837, 0.40469], [8.18837, 15.40469], [0.18837, 15.40469], [0.18837, 0.40469]], [[1.23315, 0.48619999999999985], [1.2331500000000004, -7.5138], [7.233150000000001, -7.5138], [7.23315, 0.4862000000000002], [1.23315, 0.48619999999999985]], [[1.00288, -7.515065], [1.0028800000000004, 0.484935], [-13.99712, 0.4849350000000018], [-13.99712, -7.515064999999999], [1.00288, -7.515065]], [[7.44125, 0.42905500000000046], [7.441250000000001, -7.570945], [22.44125, -7.570944999999998], [22.44125, 0.4290550000000014], [7.44125, 0.42905500000000046]], [[8.030845, 11.860645], [8.030845, 3.860645], [14.030845, 3.860645], [14.030845, 11.860645], [8.030845, 11.860645]], [[1.276324999999999, 31.390195], [1.276325, 15.390195], [7.276325, 15.390195], [7.276324999999999, 31.390195], [1.276324999999999, 31.390195]]], "node_id": [0, 1, 2, 3, 4, 5]}