{"corners": [[[0.0, 0.0], [16.0, 0.0], [16.0, 6.0], [0.0, 6.0], [0.0, 0.0]], [[-2.4492127076447545e-16, -1.0], [-0.9291899999999997, 6.84094], [-15.0, 7.000000000000002], [-15.0, -0.9999999999999991], [-2.4492127076447545e-16, -1.0]], [[-4.499999999999999, 7.0], [-4.663049999999998, 22.51291], [-10.499999999999998, 23.0], [-10.5, 7.0], [-4.499999999999999, 7.0]], [[-4.499999999999998, 12.0], [3.5000000000000018, 12.0], [3.5000000000000018, 18.0], [-4.499999999999998, 18.0], [-4.499999999999998, 12.0]], [[-4.499999999999998, 23.0], [-5.424259999999998, 38.39079], [-10.957769999999996, 38.2149], [-10.499999999999998, 23.0], [-4.499999999999998, 23.0]], [[4.0, -15.0], [12.83418, -15.03253], [11.43685, -0.67573], [4.0, 0.0], [4.0, -15.0]]], "node_id": [0, 1, 2, 3, 4, 5]}