{"corners": [[[0.426095, 0.17504], [16.426095, 0.17504], [16.426095, 6.17504], [0.426095, 6.17504], [0.426095, 0.17504]], [[0.06576500000000036, 6.485025], [-15.934235, 6.485025000000002], [-15.934235, 0.48502500000000176], [0.06576499999999964, 0.485025], [0.06576500000000036, 6.485025]], [[-10.822924999999996, 22.335005], [-10.822925, 6.335005], [-4.822924999999999, 6.335005], [-4.822924999999996, 22.335005], [-10.822924999999996, 22.335005]], [[-25.504635, 18.381980000000002], [-25.504635, 10.381980000000004], [-10.504635000000002, 10.38198], [-10.504635, 18.38198], [-25.504635, 18.381980000000002]], [[12.23133, 12.351695], [4.23133, 12.351695000000001], [4.23133, 6.351695000000001], [12.23133, 6.351695], [12.23133, 12.351695]], [[15.85563, -7.989375], [15.85563, 0.010625], [0.85563, 0.010625000000001777], [0.85563, -7.989374999999999], [15.85563, -7.989375]]], "node_id": [0, 1, 2, 3, 4, 5]}