{"corners": [[[0.0, 0.0], [8.0, 0.0], [8.0, 15.0], [0.0, 15.0], [0.0, 0.0]], [[-6.000000000000001, 15.5], [-5.43402, -0.58278], [0.0, -0.5], [-8.881784197001252e-16, 15.5], [-6.000000000000001, 15.5]], [[-6.0, 3.5], [-5.5584299999999995, 12.38209], [-21.0, 11.500000000000002], [-21.0, 3.500000000000001], [-6.0, 3.5]], [[7.999999999999999, 15.5], [7.3252500000000005, -1.2399499999999999], [13.41633, 0.15015999999999996], [14.0, 15.5], [7.999999999999999, 15.5]], [[7.0, 15.0], [6.974160000000001, 23.44331], [1.3465600000000009, 23.05078], [1.0, 15.0], [7.0, 15.0]], [[4.499999999999999, -8.5], [4.05193, 0.24563999999999997], [-11.23143, -1.2973199999999983], [-10.5, -8.499999999999998], [4.499999999999999, -8.5]]], "node_id": [0, 1, 2, 3, 4, 5]}