{"corners": [[[0.0, 0.0], [7.88885, 0.21462], [7.55454, 14.79944], [0.0, 15.0], [0.0, 0.0]], [[8.000000000000002, 30.0], [1.7763568394002505e-15, 30.0], [0.0, 15.000000000000002], [8.0, 15.0], [8.000000000000002, 30.0]], [[1.7763568394002505e-15, 30.0], [7.6457000000000015, 30.025579999999998], [7.075700000000006, 45.78838], [5.450175900867382e-15, 45.0], [1.7763568394002505e-15, 30.0]], [[-8.0, 19.5], [0.0, 19.499999999999996], [1.7763568394002505e-15, 25.5], [-7.999999999999998, 25.5], [-8.0, 19.5]], [[7.0, -8.0], [7.000000000000001, 0.0], [1.0000000000000009, 0.0], [1.0, -8.0], [7.0, -8.0]]], "node_id": [0, 1, 2, 3, 4]}