{"corners": [[[0.294015, 0.094285], [8.294015, 0.094285], [8.294015, 15.094285], [0.294015, 15.094285], [0.294015, 0.094285]], [[7.109775, 15.187825], [7.109775000000001, 31.187825], [1.1097750000000008, 31.187825], [1.109775, 15.187825], [7.109775, 15.187825]], [[12.284025, 0.418849999999999], [-3.715975, 0.418850000000001], [-3.715975, -5.581149999999999], [12.284025, -5.581150000000001], [12.284025, 0.418849999999999]], [[23.45855, 26.045835], [7.45855, 26.045835000000004], [7.45855, 20.045835], [23.45855, 20.045835], [23.45855, 26.045835]], [[-3.8611999999999997, 0.3731000000000009], [-19.8612, 0.3731000000000028], [-19.8612, -5.626899999999997], [-3.8612, -5.626899999999999], [-3.8611999999999997, 0.3731000000000009]], [[18.088595, -6.969805000000001], [18.088595, 1.030194999999999], [12.088595, 1.030194999999999], [12.088595, -6.969805000000001], [18.088595, -6.969805000000001]]], "node_id": [0, 1, 2, 3, 4, 5]}