{"corners": [[[0.0, 0.0], [7.88595, 0.85506], [7.72296, 5.80127], [0.0, 6.0], [0.0, 0.0]], [[-4.898425415289509e-16, -5.0], [0.8906900000000004, 11.849920000000001], [-6.24774, 11.73109], [-6.000000000000001, -5.0], [-4.898425415289509e-16, -5.0]], [[-21.0, 7.000000000000003], [-20.62652, -1.4498399999999974], [-6.821640000000002, -1.6137100000000009], [-6.0, 7.0], [-21.0, 7.000000000000003]], [[-10.500000000000004, -9.0], [-10.263500000000002, -1.7326000000000001], [-16.5, -0.9999999999999982], [-16.500000000000004, -8.999999999999998], [-10.500000000000004, -9.0]], [[-9.5, 13.0], [-18.25368, 12.336590000000001], [-17.5, 7.000000000000001], [-9.5, 7.0], [-9.5, 13.0]], [[8.0, -4.898425415289509e-16], [0.0, 4.898425415289509e-16], [0.0, -6.0], [7.999999999999999, -6.000000000000001], [8.0, -4.898425415289509e-16]]], "node_id": [0, 1, 2, 3, 4, 5]}