{"corners": [[[0.0, 0.0], [16.0, 0.0], [16.0, 6.0], [0.0, 6.0], [0.0, 0.0]], [[-2.4492127076447545e-16, -1.0], [0.6245900000000002, 6.6891], [-15.0, 7.000000000000002], [-15.0, -0.9999999999999991], [-2.4492127076447545e-16, -1.0]], [[-15.0, -0.9999999999999982], [-14.729020000000002, -9.599499999999999], [-0.5258300000000018, -9.876570000000001], [0.0, -1.0000000000000009], [-15.0, -0.9999999999999982]], [[-11.5, 7.0], [-2.66584, 7.00706], [-3.5, 22.0], [-11.5, 22.0], [-11.5, 7.0]], [[24.0, 10.5], [16.4919, 9.879500000000002], [15.999999999999998, -4.499999999999998], [23.999999999999996, -4.5], [24.0, 10.5]]], "node_id": [0, 1, 2, 3, 4]}