{"corners": [[[0.0, 0.0], [7.18265, 0.44718], [8.0, 6.0], [0.0, 6.0], [0.0, 0.0]], [[12.0, -9.796850830579018e-16], [-3.65126, 0.462550000000001], [-4.56724, -5.335619999999999], [12.0, -6.000000000000001], [12.0, -9.796850830579018e-16]], [[24.0, 5.999999999999998], [8.0, 6.0], [8.0, 0.0], [24.0, -1.7763568394002505e-15], [24.0, 5.999999999999998]], [[12.0, 6.0], [20.25787, 5.080129999999999], [20.0, 11.999999999999998], [12.000000000000002, 12.0], [12.0, 6.0]], [[12.0, -6.000000000000001], [28.95259, -5.262980000000004], [27.15823, -0.06772000000000444], [12.000000000000002, -8.881784197001252e-16], [12.0, -6.000000000000001]], [[11.999999999999998, -12.0], [27.65799, -11.458150000000003], [27.44295, -6.290790000000004], [12.0, -6.0], [11.999999999999998, -12.0]]], "node_id": [0, 1, 2, 3, 4, 5]}