{"corners": [[[0.0, 0.0], [15.31008, 0.18801], [16.72788, 6.26807], [0.0, 6.0], [0.0, 0.0]], [[-6.0, 7.0], [-6.422119999999999, -0.30139000000000005], [8.881784197001252e-16, -1.0], [0.0, 7.0], [-6.0, 7.0]], [[16.0, 7.0], [15.49804, -1.35432], [31.16488, -1.442569999999999], [31.0, 7.000000000000001], [16.0, 7.0]], [[39.0, 6.000000000000002], [31.37366, 6.2958300000000005], [31.0, 8.881784197001252e-16], [39.0, 1.7763568394002505e-15], [39.0, 6.000000000000002]], [[47.0, 10.500000000000004], [39.006, 10.830510000000002], [38.67547, -4.532169999999998], [47.0, -4.4999999999999964], [47.0, 10.500000000000004]], [[47.0, 16.500000000000004], [38.48226, 15.842930000000003], [39.23752, 9.668370000000003], [47.0, 10.500000000000004], [47.0, 16.500000000000004]]], "node_id": [0, 1, 2, 3, 4, 5]}