{"corners": [[[0.0, 0.0], [16.0, 0.0], [16.0, 6.0], [0.0, 6.0], [0.0, 0.0]], [[4.0, 6.0], [12.98433, 5.08311], [12.0, 21.0], [4.0, 21.0], [4.0, 6.0]], [[12.0, 27.0], [4.0, 27.0], [4.0, 21.0], [12.0, 21.0], [12.0, 27.0]], [[-4.000000000000002, 16.5], [3.5294999999999983, 16.215459999999997], [4.125560000000002, 31.99479], [-3.9999999999999982, 31.5], [-4.000000000000002, 16.5]], [[-12.0, 21.0], [-3.54435, 20.842969999999998], [-3.9999999999999982, 27.0], [-11.999999999999998, 27.0], [-12.0, 21.0]], [[18.0, 9.5], [18.79059, 16.86501], [12.37937, 17.4411], [12.0, 9.5], [18.0, 9.5]]], "node_id": [0, 1, 2, 3, 4, 5]}