{"corners": [[[0.0, 0.0], [16.25073, 0.55282], [16.0, 6.0], [0.0, 6.0], [0.0, 0.0]], [[-16.0, 0.0], [-0.46016, 0.69548], [0.41218, 6.82479], [-16.0, 6.0], [-16.0, 0.0]], [[0.4999999999999991, 14.0], [1.3678999999999997, 5.44795], [16.43367, 5.55484], [15.5, 14.000000000000002], [0.4999999999999991, 14.0]], [[-3.9999999999999982, 21.0], [-12.280189999999997, 20.39377], [-12.0, 6.000000000000002], [-4.0, 6.0], [-3.9999999999999982, 21.0]], [[-4.0, -4.898425415289509e-16], [-12.0, 4.898425415289509e-16], [-12.0, -6.0], [-4.000000000000001, -6.000000000000001], [-4.0, -4.898425415289509e-16]], [[-0.5000000000000009, -14.0], [-0.31927000000000044, -6.50912], [-15.59141, -5.076659999999999], [-15.5, -13.999999999999998], [-0.5000000000000009, -14.0]]], "node_id": [0, 1, 2, 3, 4, 5]}