{"corners": [[[0.0, 0.0], [8.48738, 0.43109], [8.0, 6.0], [0.0, 6.0], [0.0, 0.0]], [[7.0, -8.0], [7.000000000000001, 0.0], [1.0000000000000009, 0.0], [1.0, -8.0], [7.0, -8.0]], [[7.999999999999999, 11.0], [8.0, -5.0], [14.0, -5.0], [14.0, 11.0], [7.999999999999999, 11.0]], [[8.0, 19.0], [8.0, 11.0], [14.0, 11.0], [14.0, 19.0], [8.0, 19.0]], [[14.0, 12.0], [21.23862, 11.22469], [22.0, 18.0], [14.0, 18.0], [14.0, 12.0]], [[-4.999999999999999, 8.881784197001252e-16], [-5.672980000000001, -7.790989999999999], [0.9999999999999991, -8.0], [1.0000000000000009, -2.139672987400143e-16], [-4.999999999999999, 8.881784197001252e-16]]], "node_id": [0, 1, 2, 3, 4, 5]}