{"corners": [[[0.0, 0.0], [8.05924, 0.91742], [7.84061, 14.59864], [0.0, 15.0], [0.0, 0.0]], [[-2.4492127076447545e-16, 3.5], [-0.5850899999999998, 10.64022], [-6.9166799999999995, 10.57132], [-6.0, 3.5000000000000004], [-2.4492127076447545e-16, 3.5]], [[23.0, 3.499999999999999], [22.5916, 10.69849], [7.4962800000000005, 11.98345], [8.0, 3.5], [23.0, 3.499999999999999]], [[-14.0, 0.0], [-6.6098, 0.9851], [-6.16996, 14.95667], [-14.0, 15.0], [-14.0, 0.0]], [[-14.0, 3.5], [-14.0, 11.5], [-20.0, 11.5], [-20.0, 3.5000000000000004], [-14.0, 3.5]], [[-5.999999999999998, 19.5], [-6.26133, 11.32916], [0.87137, 11.345949999999998], [1.7763568394002505e-15, 19.5], [-5.999999999999998, 19.5]]], "node_id": [0, 1, 2, 3, 4, 5]}