{"corners": [[[0.28214, 0.210805], [8.28214, 0.210805], [8.28214, 15.210805], [0.28214, 15.210805], [0.28214, 0.210805]], [[0.45313999999999977, 3.728065], [0.4531400000000002, 11.728065], [-5.546859999999999, 11.728065], [-5.54686, 3.7280650000000004], [0.45313999999999977, 3.728065]], [[23.131815, 3.603724999999999], [23.131815, 11.603725], [8.131815, 11.603725], [8.131815, 3.603725], [23.131815, 3.603724999999999]], [[-13.964945, 0.02083], [-5.964945, 0.02083], [-5.964945, 15.02083], [-13.964945, 15.02083], [-13.964945, 0.02083]], [[-13.98217, 3.99618], [-13.98217, 11.99618], [-19.98217, 11.99618], [-19.98217, 3.9961800000000003], [-13.98217, 3.99618]], [[-5.852099999999998, 19.54962], [-5.8521, 11.54962], [0.1479, 11.549619999999997], [0.14790000000000178, 19.54962], [-5.852099999999998, 19.54962]]], "node_id": [0, 1, 2, 3, 4, 5]}