{"corners": [[[0.0, 0.0], [8.0, 0.0], [8.0, 15.0], [0.0, 15.0], [0.0, 0.0]], [[14.0, 3.5], [14.0, 11.5], [8.0, 11.5], [8.0, 3.5000000000000004], [14.0, 3.5]], [[-15.0, 11.5], [-15.0, 3.5], [0.0, 3.500000000000001], [0.0, 11.500000000000002], [-15.0, 11.5]], [[8.0, -4.898425415289509e-16], [0.99228, -0.5189399999999995], [-0.3962100000000018, -15.612159999999998], [7.999999999999998, -15.0], [8.0, -4.898425415289509e-16]], [[24.0, -4.500000000000003], [8.0, -4.500000000000001], [8.0, -10.5], [24.0, -10.500000000000004], [24.0, -4.500000000000003]], [[14.0, -4.5], [14.0, 3.5], [8.0, 3.5], [8.0, -4.5], [14.0, -4.5]]], "node_id": [0, 1, 2, 3, 4, 5]}