{"corners": [[[0.01645, 0.01062], [16.01645, 0.01062], [16.01645, 6.01062], [0.01645, 6.01062], [0.01645, 0.01062]], [[4.36591, 6.4867799999999995], [12.36591, 6.4867799999999995], [12.36591, 12.48678], [4.36591, 12.48678], [4.36591, 6.4867799999999995]], [[20.306355, 12.143475], [12.306355, 12.143475000000002], [12.306355, 6.1434750000000005], [20.306355, 6.143475], [20.306355, 12.143475]], [[-7.941765, -4.103655], [0.058235, -4.103655], [0.058235, 10.896345], [-7.941765, 10.896345], [-7.941765, -4.103655]], [[-13.77431, 11.02922], [-13.774309999999998, -4.97078], [-7.774309999999999, -4.97078], [-7.77431, 11.02922], [-13.77431, 11.02922]], [[23.774805, 12.094085], [23.774805, 20.094085], [8.774805, 20.094085], [8.774805, 12.094085000000002], [23.774805, 12.094085]]], "node_id": [0, 1, 2, 3, 4, 5]}