{"corners": [[[0.0, 0.0], [7.98628, 0.08226], [8.0, 15.0], [0.0, 15.0], [0.0, 0.0]], [[7.0, 15.0], [7.107550000000001, 31.75876], [1.0000000000000009, 31.0], [1.0, 15.0], [7.0, 15.0]], [[-2.4492127076447545e-16, 3.5], [0.25401000000000024, 10.77279], [-5.464929999999999, 12.21747], [-6.0, 3.5000000000000004], [-2.4492127076447545e-16, 3.5]], [[8.881784197001252e-16, 31.0], [8.0, 31.0], [8.0, 37.0], [8.881784197001252e-16, 37.0], [8.881784197001252e-16, 31.0]], [[7.000000000000001, 37.0], [6.106200000000002, 45.4535], [0.6254600000000018, 45.80451], [1.0000000000000009, 37.0], [7.000000000000001, 37.0]], [[16.0, 15.0], [8.0, 15.000000000000002], [7.999999999999998, 1.7763568394002505e-15], [15.999999999999998, 0.0], [16.0, 15.0]]], "node_id": [0, 1, 2, 3, 4, 5]}