{"corners": [[[0.01362, 0.138435], [8.01362, 0.138435], [8.01362, 6.138435], [0.01362, 6.138435], [0.01362, 0.138435]], [[8.1792, 0.38245], [16.1792, 0.38245], [16.1792, 6.38245], [8.1792, 6.38245], [8.1792, 0.38245]], [[0.48859999999999976, -0.507115], [0.4886000000000002, 7.492885], [-5.511399999999999, 7.492885], [-5.5114, -0.5071149999999996], [0.48859999999999976, -0.507115]], [[-10.310855, -0.6084999999999985], [-10.310855000000002, -8.608499999999998], [4.689144999999998, -8.608500000000001], [4.689145, -0.6085000000000012], [-10.310855, -0.6084999999999985]], [[8.12243, -5.95719], [16.12243, -5.95719], [16.12243, 0.04281], [8.12243, 0.04281], [8.12243, -5.95719]], [[-10.22183, -1.5464149999999983], [-26.22183, -1.546414999999996], [-26.22183, -7.546414999999996], [-10.22183, -7.546414999999998], [-10.22183, -1.5464149999999983]]], "node_id": [0, 1, 2, 3, 4, 5]}