{"corners": [[[0.485795, 0.16124], [8.485795, 0.16124], [8.485795, 6.16124], [0.485795, 6.16124], [0.485795, 0.16124]], [[8.190145, -4.485495], [16.190145, -4.485495], [16.190145, 10.514505], [8.190145, 10.514505], [8.190145, -4.485495]], [[0.30398999999999976, -0.53905], [0.3039900000000002, 7.46095], [-5.696009999999999, 7.46095], [-5.69601, -0.5390499999999996], [0.30398999999999976, -0.53905]], [[-10.450695, -0.7945699999999984], [-10.450695000000001, -8.794569999999998], [4.549304999999999, -8.794570000000002], [4.549305, -0.7945700000000011], [-10.450695, -0.7945699999999984]], [[15.38624, 10.95911], [15.386240000000003, 26.95911], [9.38624, 26.95911], [9.38624, 10.95911], [15.38624, 10.95911]], [[-10.25947, -1.8052199999999983], [-26.25947, -1.8052199999999963], [-26.25947, -7.805219999999997], [-10.25947, -7.8052199999999985], [-10.25947, -1.8052199999999983]]], "node_id": [0, 1, 2, 3, 4, 5]}