{"corners": [[[0.0, 0.0], [15.6135, 0.47461], [16.0, 6.0], [0.0, 6.0], [0.0, 0.0]], [[0.5, -4.592273826833915e-16], [1.4224500000000004, -7.77261], [15.5, -8.0], [15.5, 4.592273826833915e-16], [0.5, -4.592273826833915e-16]], [[31.0, -1.0000000000000009], [31.0, 6.999999999999999], [16.0, 7.000000000000001], [16.0, -1.0], [31.0, -1.0000000000000009]], [[11.0, -24.0], [11.316780000000001, -7.27452], [5.79189, -7.53649], [5.0, -24.0], [11.0, -24.0]], [[11.0, 6.0], [11.0, 14.0], [5.000000000000001, 14.0], [5.0, 6.0], [11.0, 6.0]], [[12.0, -24.0], [4.14171, -24.04563], [3.1769599999999985, -39.99232], [11.999999999999998, -39.0], [12.0, -24.0]]], "node_id": [0, 1, 2, 3, 4, 5]}