{"corners": [[[0.0, 0.0], [8.47193, 0.86802], [7.37412, 15.06197], [0.0, 15.0], [0.0, 0.0]], [[7.999999999999999, 15.5], [8.34102, -0.7895300000000001], [14.63184, -1.11846], [14.0, 15.5], [7.999999999999999, 15.5]], [[22.0, 15.0], [13.71544, 14.063849999999999], [13.713540000000002, 0.9090299999999982], [22.000000000000004, 0.0], [22.0, 15.0]], [[-8.0, 0.0], [0.67401, 0.33696], [0.0, 15.0], [-8.0, 15.0], [-8.0, 0.0]], [[8.000000000000002, 30.0], [-0.06854999999999822, 29.8646], [0.0, 15.000000000000002], [8.0, 15.0], [8.000000000000002, 30.0]], [[16.0, 25.5], [8.0, 25.5], [8.0, 19.5], [16.0, 19.5], [16.0, 25.5]]], "node_id": [0, 1, 2, 3, 4, 5]}