{"corners": [[[0.0, 0.0], [15.56314, -0.88667], [16.72491, 6.30812], [0.0, 6.0], [0.0, 0.0]], [[-6.0, 7.0], [-6.450389999999999, -1.58822], [0.6634400000000009, -1.06075], [0.0, 7.0], [-6.0, 7.0]], [[-6.000000000000001, 23.0], [-6.0, 7.0], [0.0, 7.0], [-8.881784197001252e-16, 23.0], [-6.000000000000001, 23.0]], [[-12.0, 23.0], [-11.999999999999998, 7.0], [-5.999999999999999, 7.0], [-6.0, 23.0], [-12.0, 23.0]], [[22.0, -1.0], [21.63005, 7.58894], [16.0, 7.0], [16.0, -0.9999999999999997], [22.0, -1.0]]], "node_id": [0, 1, 2, 3, 4]}