{"corners": [[[0.0, 0.0], [8.85347, 0.71528], [8.9134, 15.29878], [0.0, 15.0], [0.0, 0.0]], [[-2.4492127076447545e-16, 3.5], [0.025000000000000248, 10.51806], [-5.221349999999999, 11.8949], [-6.0, 3.5000000000000004], [-2.4492127076447545e-16, 3.5]], [[14.0, 3.5], [13.90266, 11.55408], [8.109, 11.95089], [8.0, 3.5000000000000004], [14.0, 3.5]], [[20.0, 3.5], [20.01921, 11.2234], [14.0, 11.5], [14.0, 3.5000000000000004], [20.0, 3.5]], [[13.0, 11.5], [21.46521, 11.41502], [20.36583, 18.40597], [13.0, 17.5], [13.0, 11.5]], [[-6.000000000000001, -0.5], [-6.67543, 15.85476], [-11.45717, 15.0947], [-12.0, -0.4999999999999996], [-6.000000000000001, -0.5]]], "node_id": [0, 1, 2, 3, 4, 5]}