{"corners": [[[0.363595, 0.20323], [16.363595, 0.20323], [16.363595, 6.20323], [0.363595, 6.20323], [0.363595, 0.20323]], [[22.34843, -4.99719], [22.34843, 11.00281], [16.34843, 11.00281], [16.34843, -4.99719], [22.34843, -4.99719]], [[26.83291, -12.844785], [26.83291, -4.844785], [11.83291, -4.844784999999998], [11.83291, -12.844784999999998], [26.83291, -12.844785]], [[11.408695, -15.743775], [11.408695000000002, 0.256225], [5.408695000000001, 0.256225], [5.408695, -15.743775], [11.408695, -15.743775]], [[26.51053, -4.724075], [26.51053, -12.724075], [32.51053, -12.724075000000003], [32.51053, -4.724075000000001], [26.51053, -4.724075]], [[25.691319999999997, -27.75242], [33.69132, -27.752420000000004], [33.69132, -12.752420000000003], [25.69132, -12.75242], [25.691319999999997, -27.75242]]], "node_id": [0, 1, 2, 3, 4, 5]}