{"corners": [[[0.05286, 0.158125], [8.05286, 0.158125], [8.05286, 15.158125], [0.05286, 15.158125], [0.05286, 0.158125]], [[1.100459999999999, 31.042875], [1.10046, 15.042875], [7.10046, 15.042875], [7.100459999999999, 31.042875], [1.100459999999999, 31.042875]], [[0.36147499999999977, 3.826745], [0.3614750000000002, 11.826745], [-14.638525, 11.826745000000003], [-14.638525, 3.8267450000000007], [0.36147499999999977, 3.826745]], [[12.40158, 0.377174999999999], [-3.59842, 0.377175000000001], [-3.59842, -5.622824999999999], [12.40158, -5.622825000000001], [12.40158, 0.377174999999999]], [[0.06373499999999822, -11.778145], [8.063734999999998, -11.778145000000002], [8.063735, -5.778145000000002], [0.0637349999999997, -5.778145], [0.06373499999999822, -11.778145]], [[18.351755, -6.640370000000001], [18.351755, 1.3596299999999992], [12.351755, 1.3596299999999992], [12.351755, -6.640370000000001], [18.351755, -6.640370000000001]]], "node_id": [0, 1, 2, 3, 4, 5]}