{"corners": [[[0.0, 0.0], [16.90435, -0.96714], [16.71621, 5.70558], [0.0, 6.0], [0.0, 0.0]], [[-6.0, 7.0], [-6.810689999999999, -0.79128], [8.881784197001252e-16, -1.0], [0.0, 7.0], [-6.0, 7.0]], [[-6.000000000000001, 23.0], [-6.00603, 7.63], [0.87432, 6.02804], [-8.881784197001252e-16, 23.0], [-6.000000000000001, 23.0]], [[-6.0, 6.0], [-22.0, 5.999999999999998], [-22.0, -1.7763568394002505e-15], [-5.999999999999999, 0.0], [-6.0, 6.0]], [[16.0, 11.0], [16.0, -5.0], [22.0, -5.0], [22.0, 11.0], [16.0, 11.0]], [[0.0, 6.0], [16.97486, 6.24992], [16.0, 12.0], [0.0, 12.0], [0.0, 6.0]]], "node_id": [0, 1, 2, 3, 4, 5]}