{"corners": [[[0.2621, 0.132245], [8.2621, 0.132245], [8.2621, 15.132245], [0.2621, 15.132245], [0.2621, 0.132245]], [[7.184629999999999, -15.53388], [7.18463, 0.46612], [1.18463, 0.46612], [1.1846299999999992, -15.53388], [7.184629999999999, -15.53388]], [[-13.87325, -3.8780349999999975], [-13.873250000000002, -11.878034999999997], [1.1267499999999981, -11.878035], [1.12675, -3.878035], [-13.87325, -3.8780349999999975]], [[7.410015, -10.754965], [15.410015, -10.754965], [15.410015, -4.754965], [7.410015, -4.754965], [7.410015, -10.754965]], [[-5.87971, 11.810135], [-5.879709999999999, 3.810135], [0.12029000000000088, 3.810135], [0.12029, 11.810135], [-5.87971, 11.810135]], [[-13.755575000000002, -11.704899999999999], [-13.755575000000004, -19.7049], [1.2444249999999966, -19.7049], [1.2444249999999983, -11.704900000000002], [-13.755575000000002, -11.704899999999999]]], "node_id": [0, 1, 2, 3, 4, 5]}