{"corners": [[[0.0, 0.0], [7.7019400000000005, -0.22754], [7.20303, 15.99922], [0.0, 15.0], [0.0, 0.0]], [[6.999999999999999, -16.0], [7.0, 0.0], [1.0, 0.0], [0.9999999999999991, -16.0], [6.999999999999999, -16.0]], [[-14.0, -3.9999999999999973], [-13.359950000000001, -12.019859999999996], [0.9999999999999982, -12.0], [1.0, -4.0], [-14.0, -3.9999999999999973]], [[7.0, -11.0], [15.0, -11.0], [15.0, -5.0], [7.0, -5.0], [7.0, -11.0]], [[-6.0, 11.5], [-6.513699999999999, 3.86581], [0.5741600000000009, 2.6728], [0.0, 11.5], [-6.0, 11.5]], [[-14.000000000000002, -11.999999999999998], [-14.000000000000004, -20.0], [0.9999999999999964, -20.0], [0.9999999999999982, -12.000000000000002], [-14.000000000000002, -11.999999999999998]]], "node_id": [0, 1, 2, 3, 4, 5]}