{"corners": [[[0.0, 0.0], [15.15271, -0.93552], [16.05732, 5.42594], [0.0, 6.0], [0.0, 0.0]], [[0.0, 6.0], [16.0, 6.0], [16.0, 12.0], [0.0, 12.0], [0.0, 6.0]], [[-16.0, 0.0], [0.17944, 0.16456], [-0.19884, 5.7416], [-16.0, 6.0], [-16.0, 0.0]], [[-8.0, 6.0], [0.36375, 6.47374], [0.0, 12.0], [-8.0, 12.0], [-8.0, 6.0]], [[11.0, 12.0], [10.777480000000002, 27.62507], [5.037370000000001, 28.7327], [5.0, 12.0], [11.0, 12.0]], [[16.0, 7.0], [15.56183, -0.22075999999999996], [31.52567, -1.7992999999999992], [31.0, 7.000000000000001], [16.0, 7.0]]], "node_id": [0, 1, 2, 3, 4, 5]}