{"corners": [[[0.0, 0.0], [7.46031, 0.36848], [8.0, 15.0], [0.0, 15.0], [0.0, 0.0]], [[7.0, -8.0], [6.812960000000001, -0.43227], [0.7997000000000009, -0.88453], [1.0, -8.0], [7.0, -8.0]], [[-4.0, -14.0], [12.5373, -14.11086], [12.07759, -7.54835], [-4.0, -8.0], [-4.0, -14.0]], [[1.0, -14.0], [0.4272100000000004, -22.7775], [6.993360000000001, -21.8242], [7.0, -14.0], [1.0, -14.0]], [[-20.0, -14.0], [-4.94426, -13.35902], [-4.0, -8.0], [-20.0, -8.0], [-20.0, -14.0]], [[11.5, -30.0], [11.5, -22.0], [-3.5, -22.0], [-3.5, -30.0], [11.5, -30.0]]], "node_id": [0, 1, 2, 3, 4, 5]}