{"corners": [[[0.0, 0.0], [8.0, 0.0], [8.0, 6.0], [0.0, 6.0], [0.0, 0.0]], [[8.0, -4.898425415289509e-16], [-0.97777, -0.5963499999999996], [0.70035, -5.26195], [7.999999999999999, -6.000000000000001], [8.0, -4.898425415289509e-16]], [[12.0, 12.0], [-3.71913, 12.269890000000002], [-3.74275, 6.7375500000000015], [12.0, 6.0], [12.0, 12.0]], [[3.673819061467132e-16, 4.440892098500626e-16], [-15.42214, 0.4521600000000024], [-16.1195, -6.417829999999999], [-3.673819061467132e-16, -6.0], [3.673819061467132e-16, 4.440892098500626e-16]], [[-12.0, 2.4034593759658662e-15], [-4.0, 4.440892098500626e-16], [-3.9999999999999982, 6.000000000000001], [-11.999999999999998, 6.000000000000003], [-12.0, 2.4034593759658662e-15]], [[8.0, 0.0], [16.0, 0.0], [16.0, 6.0], [8.0, 6.0], [8.0, 0.0]]], "node_id": [0, 1, 2, 3, 4, 5]}