{"corners": [[[0.0, 0.0], [8.0, 0.0], [8.0, 15.0], [0.0, 15.0], [0.0, 0.0]], [[24.0, 10.499999999999998], [7.24568, 11.3588], [8.0, 4.5], [24.0, 4.499999999999998], [24.0, 10.499999999999998]], [[-6.0, 11.5], [-5.0281899999999995, 4.02734], [8.881784197001252e-16, 3.5], [0.0, 11.5], [-6.0, 11.5]], [[0.0, 11.5], [-0.680679999999999, 27.92474], [-6.475719999999999, 27.22196], [-6.0, 11.5], [0.0, 11.5]], [[0.0, 15.0], [8.9473, 15.61576], [8.0, 30.0], [0.0, 30.0], [0.0, 15.0]], [[13.000000000000002, 18.5], [13.0, 10.5], [19.0, 10.499999999999998], [19.0, 18.5], [13.000000000000002, 18.5]]], "node_id": [0, 1, 2, 3, 4, 5]}