{"corners": [[[0.0, 0.0], [7.04263, 0.48412], [8.0, 15.0], [0.0, 15.0], [0.0, 0.0]], [[24.0, 10.499999999999998], [8.0, 10.5], [8.0, 4.5], [24.0, 4.499999999999998], [24.0, 10.499999999999998]], [[12.0, 10.500000000000002], [20.75755, 10.4919], [20.032380000000003, 24.8618], [12.000000000000004, 25.5], [12.0, 10.500000000000002]], [[19.0, -3.500000000000001], [18.8519, 5.494529999999999], [13.0, 4.499999999999999], [13.0, -3.5000000000000004], [19.0, -3.500000000000001]], [[20.0, 15.0], [36.81845, 15.452939999999996], [36.837, 20.405009999999997], [20.0, 21.0], [20.0, 15.0]], [[35.0, 3.4999999999999973], [19.56048, 3.1787899999999993], [18.88551, -1.576810000000001], [35.0, -2.5000000000000027], [35.0, 3.4999999999999973]]], "node_id": [0, 1, 2, 3, 4, 5]}