{"corners": [[[0.0, 0.0], [8.75872, 0.1282], [8.0, 15.0], [0.0, 15.0], [0.0, 0.0]], [[3.673819061467132e-16, 10.5], [-7.90985, 9.991300000000003], [-8.0, 4.500000000000001], [-3.673819061467132e-16, 4.5], [3.673819061467132e-16, 10.5]], [[-6.9999999999999964, 26.5], [-7.396929999999999, 11.2107], [-0.9999999999999991, 10.5], [-0.9999999999999964, 26.5], [-6.9999999999999964, 26.5]], [[23.0, 3.499999999999999], [22.12056, 10.57316], [8.0, 11.5], [8.0, 3.5], [23.0, 3.499999999999999]], [[11.5, 11.5], [19.5, 11.5], [19.5, 26.5], [11.5, 26.5], [11.5, 11.5]], [[5.5, 23.0], [5.094240000000001, 15.8374], [12.35345, 14.94082], [11.5, 23.0], [5.5, 23.0]]], "node_id": [0, 1, 2, 3, 4, 5]}