{"corners": [[[0.22117, 0.461365], [8.22117, 0.461365], [8.22117, 6.461365], [0.22117, 6.461365], [0.22117, 0.461365]], [[8.257715, 7.247065], [8.257715, -0.752935], [14.257715, -0.752935], [14.257715, 7.247065], [8.257715, 7.247065]], [[29.054685, -0.5529050000000004], [29.054685, 7.447095], [14.054685, 7.447095000000002], [14.054685, -0.5529049999999995], [29.054685, -0.5529050000000004]], [[14.10781, 7.305985], [14.107810000000002, 23.305985], [8.10781, 23.305985], [8.10781, 7.305985], [14.10781, 7.305985]], [[44.447485, -0.8204850000000014], [44.447485, 7.1795149999999985], [29.447485, 7.179515], [29.447485, -0.8204850000000005], [44.447485, -0.8204850000000014]], [[22.40337, 18.057185], [14.40337, 18.057185], [14.40337, 12.057185], [22.40337, 12.057185], [22.40337, 18.057185]]], "node_id": [0, 1, 2, 3, 4, 5]}