{"corners": [[[0.0, 0.0], [8.32761, -0.44426], [8.0, 6.0], [0.0, 6.0], [0.0, 0.0]], [[-15.0, 6.999999999999999], [-15.0, -1.0000000000000009], [0.0, -1.0], [0.0, 7.0], [-15.0, 6.999999999999999]], [[-11.5, 7.0], [-3.5, 7.0], [-3.5, 22.0], [-11.5, 22.0], [-11.5, 7.0]], [[-23.0, -4.500000000000001], [-14.24143, -4.794840000000001], [-15.0, 10.5], [-23.0, 10.5], [-23.0, -4.500000000000001]], [[-11.5, 22.0], [-4.25937, 21.09133], [-3.60122, 37.83246], [-11.5, 37.0], [-11.5, 22.0]], [[6.999999999999999, -16.0], [6.94952, -0.03006], [1.0, 0.0], [0.9999999999999991, -16.0], [6.999999999999999, -16.0]]], "node_id": [0, 1, 2, 3, 4, 5]}