{"corners": [[[0.0, 0.0], [8.0, 0.0], [8.0, 6.0], [0.0, 6.0], [0.0, 0.0]], [[0.0, -6.0], [7.96621, -5.73928], [8.0, 0.0], [0.0, 0.0], [0.0, -6.0]], [[-6.000000000000001, 11.0], [-5.80382, -4.18541], [0.88499, -4.8134], [-8.881784197001252e-16, 11.0], [-6.000000000000001, 11.0]], [[0.9999999999999982, 17.0], [-6.224720000000001, 16.16386], [-7.000000000000001, 11.0], [0.999999999999999, 11.0], [0.9999999999999982, 17.0]], [[-23.0, 11.0], [-7.43001, 10.77884], [-7.0, 17.0], [-23.0, 17.0], [-23.0, 11.0]], [[0.0, -12.0], [8.66966, -11.51308], [8.66198, -5.21214], [0.0, -6.0], [0.0, -12.0]]], "node_id": [0, 1, 2, 3, 4, 5]}