{"corners": [[[0.0, 0.0], [8.0, 0.0], [8.0, 15.0], [0.0, 15.0], [0.0, 0.0]], [[8.0, 21.0], [-0.6575, 21.54507], [0.0, 15.0], [7.999999999999999, 15.0], [8.0, 21.0]], [[0.0, 21.0], [7.8415, 20.046059999999997], [8.419180000000004, 35.8957], [3.673819061467132e-15, 36.0], [0.0, 21.0]], [[-3.9999999999999964, 36.0], [12.375340000000003, 35.13804999999999], [12.288770000000003, 42.57679], [-3.999999999999995, 42.0], [-3.9999999999999964, 36.0]], [[3.673819061467132e-16, 21.0], [-8.79637, 20.20615], [-8.0, 15.0], [-3.673819061467132e-16, 15.0], [3.673819061467132e-16, 21.0]], [[-8.0, 10.0], [-7.263839999999999, 26.26257], [-14.0, 26.0], [-14.0, 10.0], [-8.0, 10.0]]], "node_id": [0, 1, 2, 3, 4, 5]}