{"corners": [[[0.0, 0.0], [15.48866, -0.90668], [15.0229, 6.48699], [0.0, 6.0], [0.0, 0.0]], [[16.0, 11.0], [16.0, -5.0], [22.0, -5.0], [22.0, 11.0], [16.0, 11.0]], [[16.0, 19.0], [15.97284, 10.90419], [22.0, 11.0], [22.0, 19.0], [16.0, 19.0]], [[0.5, -4.592273826833915e-16], [-0.061599999999999544, -7.50009], [15.5, -8.0], [15.5, 4.592273826833915e-16], [0.5, -4.592273826833915e-16]], [[16.0, 27.0], [16.37722, 19.47138], [22.98731, 19.42706], [22.0, 27.0], [16.0, 27.0]], [[-6.000000000000001, 11.0], [-6.0, -5.0], [0.0, -5.0], [-8.881784197001252e-16, 11.0], [-6.000000000000001, 11.0]]], "node_id": [0, 1, 2, 3, 4, 5]}