{"corners": [[[0.0, 0.0], [8.0, 0.0], [8.0, 15.0], [0.0, 15.0], [0.0, 0.0]], [[12.0, -9.796850830579018e-16], [-4.0, 9.796850830579018e-16], [-4.0, -5.999999999999999], [12.0, -6.000000000000001], [12.0, -9.796850830579018e-16]], [[-4.0, 15.0], [12.5253, 15.16067], [11.94546, 20.17553], [-4.0, 21.0], [-4.0, 15.0]], [[12.0, 26.0], [11.297470000000002, 9.07321], [18.90951, 10.39085], [18.0, 26.0], [12.0, 26.0]], [[11.5, -14.0], [11.64792, -5.72018], [-3.5, -5.999999999999998], [-3.5, -13.999999999999998], [11.5, -14.0]], [[-9.5, -5.999999999999999], [-8.642830000000002, -14.99361], [-3.042930000000002, -13.27931], [-3.5, -6.0], [-9.5, -5.999999999999999]]], "node_id": [0, 1, 2, 3, 4, 5]}