{"corners": [[[0.0, 0.0], [7.38528, -0.98567], [8.06543, 15.97296], [0.0, 15.0], [0.0, 0.0]], [[8.0, 21.0], [0.0, 21.0], [0.0, 15.0], [7.999999999999999, 15.0], [8.0, 21.0]], [[-8.0, 4.5], [-0.97991, 4.56094], [0.51792, 9.66198], [-8.0, 10.5], [-8.0, 4.5]], [[8.0, 27.0], [-0.9002, 27.80904], [-0.29175, 20.30974], [7.999999999999999, 21.0], [8.0, 27.0]], [[1.0, -1.836909530733566e-16], [1.0000000000000004, -8.0], [7.000000000000001, -8.0], [7.0, 1.836909530733566e-16], [1.0, -1.836909530733566e-16]], [[-5.999999999999998, 32.0], [-6.000000000000001, 16.0], [-8.881784197001252e-16, 16.0], [1.7763568394002505e-15, 32.0], [-5.999999999999998, 32.0]]], "node_id": [0, 1, 2, 3, 4, 5]}