{"corners": [[[0.0, 0.0], [8.0, 0.0], [8.0, 15.0], [0.0, 15.0], [0.0, 0.0]], [[8.0, -4.898425415289509e-16], [0.0, 4.898425415289509e-16], [-1.7763568394002505e-15, -14.999999999999998], [7.999999999999998, -15.0], [8.0, -4.898425415289509e-16]], [[-2.4492127076447545e-16, 3.5], [-0.5443099999999997, 12.01103], [-15.0, 11.500000000000002], [-15.0, 3.500000000000001], [-2.4492127076447545e-16, 3.5]], [[-3.5, 3.5], [-10.9892, 4.099920000000001], [-11.961590000000001, -11.487629999999998], [-3.5000000000000018, -11.5], [-3.5, 3.5]], [[0.9999999999999982, -15.0], [0.9999999999999953, -31.0], [6.999999999999996, -31.0], [6.999999999999998, -15.000000000000002], [0.9999999999999982, -15.0]], [[23.0, 3.499999999999999], [23.0, 11.5], [8.0, 11.5], [8.0, 3.5], [23.0, 3.499999999999999]]], "node_id": [0, 1, 2, 3, 4, 5]}