{"corners": [[[0.0, 0.0], [7.24923, 0.05754], [7.43588, 5.14792], [0.0, 6.0], [0.0, 0.0]], [[3.673819061467132e-16, 6.0], [-8.0, 6.000000000000001], [-8.0, 8.881784197001252e-16], [-3.673819061467132e-16, 0.0], [3.673819061467132e-16, 6.0]], [[2.220446049250313e-15, 21.0], [-8.864379999999999, 21.26872], [-8.22149, 6.179310000000002], [3.835365185167472e-16, 6.0], [2.220446049250313e-15, 21.0]], [[-8.0, 16.5], [-24.0, 16.500000000000004], [-24.0, 10.500000000000002], [-8.0, 10.5], [-8.0, 16.5]], [[-20.0, 16.5], [-11.69098, 16.383059999999997], [-11.015899999999997, 30.61116], [-19.999999999999996, 31.5], [-20.0, 16.5]], [[-32.0, 6.0000000000000036], [-24.60658, 5.243830000000002], [-23.999999999999996, 21.0], [-31.999999999999996, 21.000000000000004], [-32.0, 6.0000000000000036]]], "node_id": [0, 1, 2, 3, 4, 5]}