{"corners": [[[0.20827, 0.124455], [16.20827, 0.124455], [16.20827, 6.124455], [0.20827, 6.124455], [0.20827, 0.124455]], [[-7.891395, 0.35411], [0.108605, 0.35411], [0.108605, 6.35411], [-7.891395, 6.35411], [-7.891395, 0.35411]], [[-7.608165, -14.61641], [0.391835, -14.61641], [0.391835, 0.38359], [-7.608165, 0.38359], [-7.608165, -14.61641]], [[-22.926035, 7.193779999999999], [-22.926035, -0.8062200000000008], [-7.926035, -0.8062199999999999], [-7.926035, 7.19378], [-22.926035, 7.193779999999999]], [[-22.98846, -0.7718500000000005], [-22.98846, -8.77185], [-7.98846, -8.77185], [-7.98846, -0.7718499999999996], [-22.98846, -0.7718500000000005]], [[-23.373305, 7.224115], [-7.373305, 7.224115], [-7.373305, 13.224115], [-23.373305, 13.224115], [-23.373305, 7.224115]]], "node_id": [0, 1, 2, 3, 4, 5]}