{"corners": [[[0.0, 0.0], [8.0, 0.0], [8.0, 15.0], [0.0, 15.0], [0.0, 0.0]], [[16.0, 15.0], [8.0, 15.000000000000002], [7.999999999999998, 1.7763568394002505e-15], [15.999999999999998, 0.0], [16.0, 15.0]], [[21.999999999999996, -0.5], [21.873319999999996, 15.47057], [15.842099999999997, 14.84665], [15.999999999999996, -0.4999999999999996], [21.999999999999996, -0.5]], [[14.999999999999996, -6.5], [23.171779999999995, -7.36715], [23.186039999999995, -0.19952999999999999], [14.999999999999996, -0.5], [14.999999999999996, -6.5]], [[0.9999999999999991, 31.0], [1.0, 15.0], [7.0, 15.0], [6.999999999999999, 31.0], [0.9999999999999991, 31.0]], [[37.0, 3.499999999999999], [37.0, 11.5], [22.0, 11.5], [22.0, 3.5], [37.0, 3.499999999999999]]], "node_id": [0, 1, 2, 3, 4, 5]}