{"corners": [[[0.0, 0.0], [16.0, 0.0], [16.0, 6.0], [0.0, 6.0], [0.0, 0.0]], [[11.0, 6.0], [10.231740000000002, 21.08007], [5.174640000000001, 22.13485], [5.0, 6.0], [11.0, 6.0]], [[-8.0, -4.5], [0.0, -4.5], [0.0, 10.5], [-8.0, 10.5], [-8.0, -4.5]], [[-7.0, -4.5], [-6.3141799999999995, -21.24387], [-0.6904799999999991, -19.75052], [-1.0, -4.5], [-7.0, -4.5]], [[11.0, 18.0], [10.999999999999998, 10.0], [17.0, 9.999999999999998], [17.0, 18.0], [11.0, 18.0]], [[5.000000000000001, 17.0], [-2.999999999999999, 17.0], [-2.999999999999999, 11.0], [5.0, 11.0], [5.000000000000001, 17.0]]], "node_id": [0, 1, 2, 3, 4, 5]}