{"corners": [[[0.3333, 0.09403], [8.3333, 0.09403], [8.3333, 15.09403], [0.3333, 15.09403], [0.3333, 0.09403]], [[11.767395, 15.04192], [11.767395, 23.04192], [-3.232605, 23.04192], [-3.232605, 15.041920000000001], [11.767395, 15.04192]], [[11.94421, 11.57422], [19.944209999999998, 11.57422], [19.944209999999998, 26.57422], [11.94421, 26.57422], [11.94421, 11.57422]], [[12.125585, 0.340634999999999], [-3.874415, 0.340635000000001], [-3.874415, -5.659364999999999], [12.125585, -5.659365000000001], [12.125585, 0.340634999999999]], [[12.718695, 11.821385], [12.718695000000002, -4.178615], [18.718695, -4.178615], [18.718695, 11.821385], [12.718695, 11.821385]], [[18.508525, -20.15689], [18.508525, -4.15689], [12.508525, -4.15689], [12.508525, -20.15689], [18.508525, -20.15689]]], "node_id": [0, 1, 2, 3, 4, 5]}