{"corners": [[[0.0, 0.0], [8.95105, 0.35895], [7.31326, 15.89951], [0.0, 15.0], [0.0, 0.0]], [[11.5, 15.0], [11.5, 23.0], [-3.5, 23.0], [-3.5, 15.000000000000002], [11.5, 15.0]], [[11.5, 11.5], [19.00233, 11.86254], [19.5, 26.5], [11.5, 26.5], [11.5, 11.5]], [[12.0, -9.796850830579018e-16], [-3.26246, 0.480610000000001], [-4.0, -5.999999999999999], [12.0, -6.000000000000001], [12.0, -9.796850830579018e-16]], [[12.5, 11.5], [12.500000000000002, -4.5], [18.5, -4.5], [18.5, 11.5], [12.5, 11.5]], [[18.5, -20.5], [18.04572, -4.585], [13.47753, -5.24778], [12.5, -20.5], [18.5, -20.5]]], "node_id": [0, 1, 2, 3, 4, 5]}