{"corners": [[[0.0, 0.0], [8.0, 0.0], [8.0, 15.0], [0.0, 15.0], [0.0, 0.0]], [[16.0, 10.5], [8.45241, 9.676290000000002], [8.0, 4.500000000000001], [16.0, 4.5], [16.0, 10.5]], [[32.0, 10.499999999999998], [16.0, 10.5], [16.0, 4.5], [32.0, 4.499999999999998], [32.0, 10.499999999999998]], [[-8.0, 4.5], [0.0, 4.5], [0.0, 10.5], [-8.0, 10.5], [-8.0, 4.5]], [[40.0, 14.999999999999996], [32.82311, 15.974539999999998], [31.38073, 0.5612699999999983], [40.0, -3.552713678800501e-15], [40.0, 14.999999999999996]], [[-1.0000000000000009, -11.5], [-1.2909899999999999, 5.02884], [-6.82355, 5.03465], [-7.000000000000001, -11.5], [-1.0000000000000009, -11.5]]], "node_id": [0, 1, 2, 3, 4, 5]}