{"corners": [[[0.0, 0.0], [8.0, 0.0], [8.0, 6.0], [0.0, 6.0], [0.0, 0.0]], [[-2.4492127076447545e-16, -1.0], [-0.7724799999999998, 6.5344], [-15.0, 7.000000000000002], [-15.0, -0.9999999999999991], [-2.4492127076447545e-16, -1.0]], [[0.9999999999999996, 14.0], [1.74722, 5.89677], [7.7422, 5.99729], [7.0, 14.0], [0.9999999999999996, 14.0]], [[-3.4999999999999973, 22.0], [-10.964569999999997, 21.99225], [-11.5, 7.000000000000002], [-3.499999999999999, 7.0], [-3.4999999999999973, 22.0]], [[-11.499999999999996, 22.0], [-3.935159999999996, 22.823129999999995], [-3.063299999999993, 37.41176], [-11.499999999999993, 37.0], [-11.499999999999996, 22.0]], [[-10.5, -0.999999999999999], [-10.905990000000001, -9.715379999999998], [-3.961660000000002, -8.51811], [-4.5, -1.0], [-10.5, -0.999999999999999]]], "node_id": [0, 1, 2, 3, 4, 5]}