{"corners": [[[0.0, 0.0], [16.78949, 0.29687], [16.78492, 5.81077], [0.0, 6.0], [0.0, 0.0]], [[-16.0, 0.0], [0.56474, -0.30521], [0.0, 6.0], [-16.0, 6.0], [-16.0, 0.0]], [[0.0, -9.796850830579018e-16], [-16.0, 9.796850830579018e-16], [-16.0, -5.999999999999999], [-7.347638122934264e-16, -6.000000000000001], [0.0, -9.796850830579018e-16]], [[32.0, 5.999999999999998], [16.0, 6.0], [16.0, 0.0], [32.0, -1.7763568394002505e-15], [32.0, 5.999999999999998]], [[-0.5, 5.999999999999999], [0.3876600000000005, 13.6219], [-15.5, 14.0], [-15.5, 6.0], [-0.5, 5.999999999999999]], [[5.0, -1.836909530733566e-16], [5.000000000000001, -16.0], [11.0, -16.0], [11.0, 1.836909530733566e-16], [5.0, -1.836909530733566e-16]]], "node_id": [0, 1, 2, 3, 4, 5]}