{"corners": [[[0.0, 0.0], [15.14127, 0.7805], [15.61927, 5.77134], [0.0, 6.0], [0.0, 0.0]], [[16.0, 7.0], [16.0, -1.0], [22.0, -1.0], [22.0, 7.0], [16.0, 7.0]], [[11.0, 6.0], [11.40637, 14.89032], [5.000000000000001, 14.0], [5.0, 6.0], [11.0, 6.0]], [[5.0, 13.0], [-10.69725, 13.627590000000001], [-10.12267, 7.625880000000002], [4.999999999999999, 7.0], [5.0, 13.0]], [[-4.440892098500626e-16, -0.9999999999999991], [0.025080000000000047, 6.942580000000001], [-6.0, 7.000000000000001], [-6.0, -0.9999999999999988], [-4.440892098500626e-16, -0.9999999999999991]], [[22.0, 11.0], [22.95401, -5.21385], [28.0, -5.0], [28.0, 11.0], [22.0, 11.0]]], "node_id": [0, 1, 2, 3, 4, 5]}