{"corners": [[[0.0, 0.0], [16.0, 0.0], [16.0, 6.0], [0.0, 6.0], [0.0, 0.0]], [[-6.000000000000001, 11.0], [-6.0, -5.0], [0.0, -5.0], [-8.881784197001252e-16, 11.0], [-6.000000000000001, 11.0]], [[5.0, -4.999999999999999], [-11.62014, -4.322160000000001], [-11.17108, -10.91707], [5.000000000000001, -11.0], [5.0, -4.999999999999999]], [[5.0, -1.836909530733566e-16], [4.9504600000000005, -7.64708], [11.0, -8.0], [11.0, 1.836909530733566e-16], [5.0, -1.836909530733566e-16]], [[32.0, 5.999999999999998], [15.99054, 6.04618], [16.56624, 0.74926], [32.0, -1.7763568394002505e-15], [32.0, 5.999999999999998]], [[-7.000000000000001, 11.0], [0.9999999999999991, 11.0], [0.9999999999999991, 17.0], [-7.000000000000001, 17.0], [-7.000000000000001, 11.0]]], "node_id": [0, 1, 2, 3, 4, 5]}