{"corners": [[[0.0, 0.0], [8.0, 0.0], [8.0, 15.0], [0.0, 15.0], [0.0, 0.0]], [[8.000000000000002, 30.0], [0.7399700000000018, 30.16043], [0.0, 15.000000000000002], [8.0, 15.0], [8.000000000000002, 30.0]], [[8.000000000000004, 45.0], [3.552713678800501e-15, 45.0], [1.7763568394002505e-15, 30.0], [8.000000000000002, 30.0], [8.000000000000004, 45.0]], [[8.0, 26.5], [7.798149999999998, 19.12386], [23.0, 18.499999999999996], [23.0, 26.499999999999996], [8.0, 26.5]], [[-8.000000000000002, 15.000000000000002], [-1.7763568394002505e-15, 15.0], [1.7763568394002505e-15, 30.0], [-7.999999999999998, 30.0], [-8.000000000000002, 15.000000000000002]], [[-8.000000000000004, 9.0], [0.8274899999999964, 8.371649999999999], [-1.7763568394002505e-15, 14.999999999999998], [-8.000000000000002, 15.0], [-8.000000000000004, 9.0]]], "node_id": [0, 1, 2, 3, 4, 5]}