{"corners": [[[0.0, 0.0], [16.0, 0.0], [16.0, 6.0], [0.0, 6.0], [0.0, 0.0]], [[4.0, -15.0], [12.0, -15.0], [12.0, 0.0], [4.0, 0.0], [4.0, -15.0]], [[12.0, -15.0], [20.0, -15.0], [20.0, 0.0], [12.0, 0.0], [12.0, -15.0]], [[28.0, -8.881784197001252e-16], [20.52916, 0.2389300000000001], [19.38712, -15.78829], [27.999999999999996, -15.0], [28.0, -8.881784197001252e-16]], [[16.0, 0.0], [24.0, 0.0], [24.0, 6.0], [16.0, 6.0], [16.0, 0.0]]], "node_id": [0, 1, 2, 3, 4]}