{"corners": [[[0.0, 0.0], [8.30466, -0.51044], [7.4379, 15.77626], [0.0, 15.0], [0.0, 0.0]], [[0.9999999999999991, 31.0], [1.0394, 14.80839], [7.3648, 14.26994], [6.999999999999999, 31.0], [0.9999999999999991, 31.0]], [[8.0, -4.898425415289509e-16], [0.6308, -0.8317699999999996], [-0.6494100000000018, -14.982319999999998], [7.999999999999998, -15.0], [8.0, -4.898425415289509e-16]], [[8.0, 0.0], [15.45509, 0.64204], [15.10176, 15.45448], [8.0, 15.0], [8.0, 0.0]], [[7.0, 27.0], [6.062290000000001, 19.00057], [21.4204, 18.35238], [22.0, 27.0], [7.0, 27.0]], [[-2.4492127076447545e-16, 3.5], [0.30280000000000024, 11.17133], [-15.0, 11.500000000000002], [-15.0, 3.500000000000001], [-2.4492127076447545e-16, 3.5]]], "node_id": [0, 1, 2, 3, 4, 5]}