{"corners": [[[0.28911, 0.133685], [16.28911, 0.133685], [16.28911, 6.133685], [0.28911, 6.133685], [0.28911, 0.133685]], [[-5.825360000000001, 11.056135], [-5.82536, -4.943865], [0.17464, -4.943865], [0.1746399999999991, 11.056135], [-5.825360000000001, 11.056135]], [[4.43565, 6.22499], [12.43565, 6.22499], [12.43565, 12.22499], [4.43565, 12.22499], [4.43565, 6.22499]], [[-10.722175, -10.80121], [5.277825, -10.80121], [5.277825, -4.80121], [-10.722175, -4.80121], [-10.722175, -10.80121]], [[-25.92842, -3.744270000000001], [-25.92842, -11.74427], [-10.92842, -11.74427], [-10.92842, -3.74427], [-25.92842, -3.744270000000001]], [[-25.717165, -15.987725], [-25.717165, 0.012275], [-31.717165, 0.012275], [-31.717165, -15.987725], [-25.717165, -15.987725]]], "node_id": [0, 1, 2, 3, 4, 5]}