{"corners": [[[0.0, 0.0], [15.54164, -0.88371], [15.49467, 5.89776], [0.0, 6.0], [0.0, 0.0]], [[15.5, 5.999999999999999], [14.5781, 14.05266], [-0.32348, 14.45266], [0.5, 6.0], [15.5, 5.999999999999999]], [[15.5, 14.0], [15.5, 22.0], [0.5, 22.0], [0.5, 14.000000000000002], [15.5, 14.0]], [[11.0, 22.0], [11.0, 30.0], [5.000000000000001, 30.0], [5.0, 22.0], [11.0, 22.0]], [[11.0, -16.0], [11.000000000000002, 0.0], [5.000000000000001, 0.0], [5.0, -16.0], [11.0, -16.0]], [[-14.5, 22.000000000000004], [-15.029650000000002, 13.076280000000004], [0.4999999999999982, 14.0], [0.5, 22.0], [-14.5, 22.000000000000004]]], "node_id": [0, 1, 2, 3, 4, 5]}