{"corners": [[[0.29542, 0.30983], [8.29542, 0.30983], [8.29542, 6.30983], [0.29542, 6.30983], [0.29542, 0.30983]], [[0.1257150000000009, 10.993155], [-7.8742849999999995, 10.993155000000002], [-7.874285, -4.006844999999998], [0.12571499999999908, -4.006845], [0.1257150000000009, 10.993155]], [[-6.767105000000001, -4.285904999999999], [-6.7671050000000035, -20.285905], [-0.7671050000000036, -20.285905], [-0.7671050000000009, -4.285905], [-6.767105000000001, -4.285904999999999]], [[-7.727275, 6.495840000000001], [-23.727275, 6.495840000000003], [-23.727275, 0.49584000000000267], [-7.727275, 0.4958400000000009], [-7.727275, 6.495840000000001]], [[-18.84716, 0.026125000000002327], [-18.84716, -7.973874999999997], [-12.847160000000002, -7.973874999999999], [-12.84716, 0.026125000000001224], [-18.84716, 0.026125000000002327]], [[-23.706905, -13.572189999999996], [-7.706905, -13.572189999999999], [-7.706905, -7.57219], [-23.706905, -7.572189999999996], [-23.706905, -13.572189999999996]]], "node_id": [0, 1, 2, 3, 4, 5]}