{"corners": [[[0.0, 0.0], [8.0, 0.0], [8.0, 15.0], [0.0, 15.0], [0.0, 0.0]], [[16.0, 10.5], [7.9052, 10.711290000000002], [8.0, 4.500000000000001], [16.0, 4.5], [16.0, 10.5]], [[16.0, 4.5], [24.14164, 3.5570299999999984], [24.0, 10.499999999999998], [16.0, 10.5], [16.0, 4.5]], [[24.0, 11.499999999999998], [23.28165, 3.7913699999999984], [29.03486, 3.7245199999999965], [30.0, 11.499999999999996], [24.0, 11.499999999999998]], [[7.999999999999998, -1.4999999999999982], [16.629659999999998, -1.5476700000000003], [16.0, 4.5], [8.0, 4.500000000000002], [7.999999999999998, -1.4999999999999982]], [[46.0, 10.499999999999996], [30.0, 10.499999999999998], [30.0, 4.499999999999998], [46.0, 4.4999999999999964], [46.0, 10.499999999999996]]], "node_id": [0, 1, 2, 3, 4, 5]}