{"corners": [[[0.0, 0.0], [8.0, 0.0], [8.0, 6.0], [0.0, 6.0], [0.0, 0.0]], [[-8.0, -4.5], [0.0, -4.5], [0.0, 10.5], [-8.0, 10.5], [-8.0, -4.5]], [[8.0, -4.5], [15.81011, -5.15018], [15.25183, 9.55651], [8.0, 10.5], [8.0, -4.5]], [[9.0, 26.5], [9.174880000000002, 11.00165], [15.0, 10.5], [15.0, 26.5], [9.0, 26.5]], [[15.0, -12.5], [14.09477, -5.01156], [9.0, -4.5], [9.0, -12.5], [15.0, -12.5]], [[15.0, 26.5], [15.669080000000001, 11.02042], [21.0, 10.5], [21.0, 26.5], [15.0, 26.5]]], "node_id": [0, 1, 2, 3, 4, 5]}