{"corners": [[[0.0, 0.0], [8.948409999999999, 0.90361], [8.0, 6.0], [0.0, 6.0], [0.0, 0.0]], [[-2.4492127076447545e-16, -1.0], [2.4492127076447545e-16, 7.0], [-15.0, 7.000000000000002], [-15.0, -0.9999999999999991], [-2.4492127076447545e-16, -1.0]], [[0.9999999999999991, 22.0], [1.84192, 5.65827], [7.03825, 6.11683], [6.999999999999999, 22.0], [0.9999999999999991, 22.0]], [[0.9999999999999993, 10.0], [0.3998499999999998, 18.61909], [-14.0, 18.0], [-14.0, 10.000000000000002], [0.9999999999999993, 10.0]], [[8.0, -4.898425415289509e-16], [0.0, 4.898425415289509e-16], [0.0, -6.0], [7.999999999999999, -6.000000000000001], [8.0, -4.898425415289509e-16]], [[-11.5, -16.0], [-3.38346, -16.55822], [-3.5, -1.0], [-11.5, -1.0], [-11.5, -16.0]]], "node_id": [0, 1, 2, 3, 4, 5]}