{"corners": [[[0.33708, 0.498315], [8.33708, 0.498315], [8.33708, 15.498315], [0.33708, 15.498315], [0.33708, 0.498315]], [[0.37042, -14.783675], [8.37042, -14.783675], [8.37042, 0.216325], [0.37042, 0.216325], [0.37042, -14.783675]], [[-7.927745, 4.814815], [0.072255, 4.814815], [0.072255, 10.814815], [-7.927745, 10.814815], [-7.927745, 4.814815]], [[8.216225, -3.39444], [8.216225, -11.39444], [14.216225, -11.39444], [14.216225, -3.3944399999999995], [8.216225, -3.39444]], [[14.38488, 3.850185], [14.38488, 11.850185], [8.38488, 11.850185], [8.38488, 3.8501850000000006], [14.38488, 3.850185]], [[0.4249700000000004, -4.036525], [-15.57503, -4.036524999999998], [-15.57503, -10.036524999999997], [0.4249699999999996, -10.036525], [0.4249700000000004, -4.036525]]], "node_id": [0, 1, 2, 3, 4, 5]}