{"corners": [[[0.0, 0.0], [8.0, 0.0], [8.0, 6.0], [0.0, 6.0], [0.0, 0.0]], [[6.999999999999999, -16.0], [7.0, 0.0], [1.0, 0.0], [0.9999999999999991, -16.0], [6.999999999999999, -16.0]], [[13.0, -16.0], [13.963930000000001, -0.27808], [7.000000000000001, 0.0], [7.0, -16.0], [13.0, -16.0]], [[13.0, -24.0], [13.68253, -16.33693], [6.596440000000001, -15.01137], [7.0, -24.0], [13.0, -24.0]], [[13.0, -23.0], [28.50436, -22.71554], [28.43656, -17.21428], [13.0, -17.0], [13.0, -23.0]], [[21.0, -5.000000000000001], [13.22396, -4.2256599999999995], [13.0, -11.0], [21.0, -11.0], [21.0, -5.000000000000001]]], "node_id": [0, 1, 2, 3, 4, 5]}