{"corners": [[[0.0, 0.0], [8.92146, -0.80471], [8.0, 15.0], [0.0, 15.0], [0.0, 0.0]], [[-6.0, 11.5], [-6.585659999999999, 3.53832], [8.881784197001252e-16, 3.5], [0.0, 11.5], [-6.0, 11.5]], [[12.0, 21.0], [-3.87484, 21.500180000000004], [-3.33215, 14.594970000000002], [12.0, 15.0], [12.0, 21.0]], [[-12.0, 15.5], [-11.560139999999999, -0.58949], [-6.585919999999999, -0.9274100000000001], [-6.0, 15.5], [-12.0, 15.5]], [[11.5, 21.0], [11.70896, 28.0312], [-3.61195, 29.92465], [-3.5, 21.0], [11.5, 21.0]], [[-5.0, -0.4999999999999995], [-13.0, -0.5000000000000004], [-13.0, -6.5], [-4.999999999999999, -6.499999999999999], [-5.0, -0.4999999999999995]]], "node_id": [0, 1, 2, 3, 4, 5]}