{"corners": [[[0.0, 0.0], [8.57218, 0.23579], [8.0, 15.0], [0.0, 15.0], [0.0, 0.0]], [[-2.4492127076447545e-16, 3.5], [0.053510000000000245, 12.22508], [-14.94176, 12.430970000000002], [-15.0, 3.500000000000001], [-2.4492127076447545e-16, 3.5]], [[12.0, 21.0], [-3.70894, 20.004110000000004], [-4.0, 15.000000000000002], [12.0, 15.0], [12.0, 21.0]], [[12.0, 22.0], [12.166969999999997, 13.23848], [26.77988, 13.378359999999997], [27.0, 21.999999999999996], [12.0, 22.0]], [[0.0, 21.0], [8.0, 20.999999999999996], [8.000000000000004, 36.0], [3.673819061467132e-15, 36.0], [0.0, 21.0]], [[1.0000000000000067, 52.0], [1.7383400000000038, 36.22343], [6.810070000000003, 36.01096], [7.000000000000007, 52.0], [1.0000000000000067, 52.0]]], "node_id": [0, 1, 2, 3, 4, 5]}