{"corners": [[[0.0, 0.0], [16.97577, -0.38238], [16.8621, 5.08906], [0.0, 6.0], [0.0, 0.0]], [[4.0, 6.0], [12.18194, 5.12037], [12.0, 21.0], [4.0, 21.0], [4.0, 6.0]], [[15.5, 21.0], [15.5, 29.0], [0.5, 29.0], [0.5, 21.0], [15.5, 21.0]], [[0.0, -6.0], [16.0, -6.0], [16.0, 0.0], [0.0, 0.0], [0.0, -6.0]], [[0.5000000000000009, 32.5], [-7.0008099999999995, 32.1798], [-7.500000000000001, 17.5], [0.49999999999999906, 17.5], [0.5000000000000009, 32.5]], [[-6.000000000000001, 5.0], [-6.91732, -11.61515], [0.0, -11.0], [-8.881784197001252e-16, 5.0], [-6.000000000000001, 5.0]]], "node_id": [0, 1, 2, 3, 4, 5]}