{"corners": [[[0.385825, 0.312405], [8.385825, 0.312405], [8.385825, 15.312405], [0.385825, 15.312405], [0.385825, 0.312405]], [[1.07569, 0.2321199999999998], [1.075690000000001, -15.76788], [7.075690000000001, -15.76788], [7.07569, 0.2321200000000002], [1.07569, 0.2321199999999998]], [[12.435815, 21.450355], [-3.564185, 21.450355000000002], [-3.564185, 15.450355000000002], [12.435815, 15.450355], [12.435815, 21.450355]], [[22.0097, -11.727215], [22.0097, -3.727215], [7.0097, -3.7272149999999984], [7.0097, -11.727214999999998], [22.0097, -11.727215]], [[11.871580000000003, 12.46583], [11.87158, -3.53417], [17.87158, -3.53417], [17.871580000000005, 12.465829999999999], [11.871580000000003, 12.46583]], [[38.16517, -4.918355000000002], [22.16517, -4.918355], [22.16517, -10.918355], [38.16517, -10.918355000000002], [38.16517, -4.918355000000002]]], "node_id": [0, 1, 2, 3, 4, 5]}