{"corners": [[[0.0, 0.0], [7.7748, 0.3728], [7.78895, 6.17462], [0.0, 6.0], [0.0, 0.0]], [[0.0, -6.0], [8.69384, -5.93966], [7.18646, -0.75115], [0.0, 0.0], [0.0, -6.0]], [[1.0, -6.0], [1.0000000000000004, -14.0], [7.000000000000001, -14.0], [7.0, -6.0], [1.0, -6.0]], [[9.18454765366783e-16, 4.5], [-7.004779999999999, 3.589570000000001], [-8.0, -10.499999999999998], [-9.18454765366783e-16, -10.5], [9.18454765366783e-16, 4.5]], [[2.6645352591003757e-15, 19.5], [-7.192639999999997, 19.45533], [-7.806749999999999, 3.7426700000000017], [8.276257283668098e-16, 4.5], [2.6645352591003757e-15, 19.5]], [[-16.0, 9.000000000000002], [-8.49415, 9.429], [-7.999999999999998, 15.0], [-15.999999999999998, 15.000000000000002], [-16.0, 9.000000000000002]]], "node_id": [0, 1, 2, 3, 4, 5]}