{"corners": [[[0.20802, 0.162995], [8.20802, 0.162995], [8.20802, 6.1629950000000004], [0.20802, 6.1629950000000004], [0.20802, 0.162995]], [[-5.891295, 7.38317], [-5.8912949999999995, -0.61683], [0.10870500000000088, -0.61683], [0.108705, 7.38317], [-5.891295, 7.38317]], [[1.21434, 0.40207499999999985], [1.2143400000000009, -15.597925], [7.214340000000001, -15.597925], [7.21434, 0.4020750000000002], [1.21434, 0.40207499999999985]], [[23.34252, -0.5223250000000008], [23.34252, 7.477674999999999], [8.34252, 7.4776750000000005], [8.34252, -0.5223249999999999], [23.34252, -0.5223250000000008]], [[-14.58347, -10.94358], [1.41653, -10.94358], [1.41653, -4.94358], [-14.58347, -4.94358], [-14.58347, -10.94358]], [[4.604095, 7.1396049999999995], [4.604095000000001, 15.139605], [-10.395905, 15.139605], [-10.395905, 7.139605], [4.604095, 7.1396049999999995]]], "node_id": [0, 1, 2, 3, 4, 5]}