{"corners": [[[0.0, 0.0], [8.0, 0.0], [8.0, 15.0], [0.0, 15.0], [0.0, 0.0]], [[0.0, 15.0], [8.0, 15.0], [8.0, 30.0], [0.0, 30.0], [0.0, 15.0]], [[9.18454765366783e-16, 15.0], [-8.67747, 14.320140000000002], [-7.36048, -0.18490999999999821], [-9.18454765366783e-16, 0.0], [9.18454765366783e-16, 15.0]], [[-8.881784197001252e-16, -4.898425415289509e-16], [-8.0, 4.898425415289509e-16], [-8.0, -6.0], [-1.6229422319935516e-15, -6.000000000000001], [-8.881784197001252e-16, -4.898425415289509e-16]], [[-23.0, 11.500000000000004], [-22.90292, 3.2839600000000035], [-8.137230000000002, 3.76087], [-8.0, 11.5], [-23.0, 11.500000000000004]], [[-12.000000000000004, -11.999999999999998], [3.9999999999999964, -12.000000000000002], [3.9999999999999964, -6.000000000000002], [-12.000000000000002, -5.999999999999998], [-12.000000000000004, -11.999999999999998]]], "node_id": [0, 1, 2, 3, 4, 5]}