{"corners": [[[0.098735, 0.48987], [8.098735, 0.48987], [8.098735, 15.48987], [0.098735, 15.48987], [0.098735, 0.48987]], [[0.080635, 15.080035], [8.080635, 15.080035], [8.080635, 30.080035], [0.080635, 30.080035], [0.080635, 15.080035]], [[0.40988000000000097, 15.20377], [-7.590119999999999, 15.203770000000002], [-7.59012, 0.20377000000000178], [0.4098799999999991, 0.20377], [0.40988000000000097, 15.20377]], [[0.0921899999999991, 0.2742699999999995], [-7.90781, 0.2742700000000005], [-7.90781, -5.72573], [0.09218999999999837, -5.72573], [0.0921899999999991, 0.2742699999999995]], [[-22.80401, 11.715695000000004], [-22.80401, 3.7156950000000037], [-7.804010000000002, 3.715695], [-7.80401, 11.715695], [-22.80401, 11.715695000000004]], [[-11.684785000000003, -11.960924999999998], [4.315214999999997, -11.960925000000001], [4.315214999999997, -5.960925000000001], [-11.684785000000002, -5.960924999999998], [-11.684785000000003, -11.960924999999998]]], "node_id": [0, 1, 2, 3, 4, 5]}