{"corners": [[[0.0, 0.0], [7.06031, -0.6123], [8.78919, 6.711], [0.0, 6.0], [0.0, 0.0]], [[12.0, 12.0], [-4.05195, 12.303730000000002], [-3.48026, 5.239790000000002], [12.0, 6.0], [12.0, 12.0]], [[-19.0, 13.000000000000004], [-19.94438, 4.467900000000004], [-4.000000000000002, 5.0], [-4.0, 13.0], [-19.0, 13.000000000000004]], [[-25.0, 13.000000000000004], [-25.0, 5.0000000000000036], [-19.0, 5.000000000000002], [-19.0, 13.000000000000002], [-25.0, 13.000000000000004]], [[0.0, -6.0], [8.23745, -5.22337], [8.0, 0.0], [0.0, 0.0], [0.0, -6.0]]], "node_id": [0, 1, 2, 3, 4]}