{"corners": [[[0.395315, 0.29174], [8.395315, 0.29174], [8.395315, 6.29174], [0.395315, 6.29174], [0.395315, 0.29174]], [[16.334985, 6.440649999999999], [8.334985, 6.44065], [8.334985, 0.44065], [16.334985, 0.4406499999999991], [16.334985, 6.440649999999999]], [[15.380615, -7.965735], [15.380615, 0.034265], [9.380615, 0.034265], [9.380615, -7.965735], [15.380615, -7.965735]], [[16.161189999999998, -4.137370000000001], [24.16119, -4.137370000000002], [24.16119, 10.862629999999996], [16.161190000000005, 10.86263], [16.161189999999998, -4.137370000000001]], [[7.37503, 6.232295], [7.375030000000001, 14.232295], [1.3750300000000009, 14.232295], [1.37503, 6.232295], [7.37503, 6.232295]], [[16.0248, -7.976375], [8.0248, -7.976374999999999], [8.024799999999999, -22.976375], [16.0248, -22.976375], [16.0248, -7.976375]]], "node_id": [0, 1, 2, 3, 4, 5]}