{"corners": [[[0.0, 0.0], [15.08305, -0.42182], [16.0, 6.0], [0.0, 6.0], [0.0, 0.0]], [[16.0, 11.0], [16.0, -5.0], [22.0, -5.0], [22.0, 11.0], [16.0, 11.0]], [[12.0, 12.0], [3.57225, 11.982140000000001], [4.8299900000000004, 6.805040000000001], [12.0, 6.0], [12.0, 12.0]], [[11.0, 12.0], [11.55916, 20.97411], [5.000000000000001, 20.0], [5.0, 12.0], [11.0, 12.0]], [[22.0, 11.0], [22.0, 19.0], [16.0, 19.0], [16.0, 11.0], [22.0, 11.0]], [[38.0, 6.000000000000002], [21.46073, 6.11815], [22.97962, 0.17737], [38.0, 1.7763568394002505e-15], [38.0, 6.000000000000002]]], "node_id": [0, 1, 2, 3, 4, 5]}