{"corners": [[[0.0, 0.0], [8.70065, 0.46287], [8.24744, 6.06185], [0.0, 6.0], [0.0, 0.0]], [[8.0, -4.5], [16.0, -4.5], [16.0, 10.5], [8.0, 10.5], [8.0, -4.5]], [[15.0, -20.5], [15.204190000000002, -4.08222], [9.47481, -4.52443], [9.0, -20.5], [15.0, -20.5]], [[-6.000000000000001, 11.0], [-5.56574, -4.88004], [0.82487, -5.48084], [-8.881784197001252e-16, 11.0], [-6.000000000000001, 11.0]], [[-6.0, -1.0], [-6.7676099999999995, 7.47626], [-12.0, 7.0], [-12.0, -0.9999999999999997], [-6.0, -1.0]], [[1.0, -1.836909530733566e-16], [0.16411000000000087, -15.86085], [7.000000000000001, -16.0], [7.0, 1.836909530733566e-16], [1.0, -1.836909530733566e-16]]], "node_id": [0, 1, 2, 3, 4, 5]}