{"corners": [[[0.0, 0.0], [7.47242, -0.72437], [8.0, 15.0], [0.0, 15.0], [0.0, 0.0]], [[-16.0, 4.5], [0.0, 4.5], [0.0, 10.5], [-16.0, 10.5], [-16.0, 4.5]], [[-22.0, 11.5], [-21.8315, 2.81997], [-15.05349, 3.16941], [-16.0, 11.5], [-22.0, 11.5]], [[-15.0, 17.5], [-22.90172, 18.0736], [-22.07811, 11.72128], [-15.0, 11.5], [-15.0, 17.5]], [[-0.5000000000000009, -3.5], [-0.5000000000000004, 4.5], [-15.5, 4.500000000000002], [-15.5, -3.499999999999999], [-0.5000000000000009, -3.5]], [[1.0, -1.836909530733566e-16], [1.0000000000000004, -8.0], [7.000000000000001, -8.0], [7.0, 1.836909530733566e-16], [1.0, -1.836909530733566e-16]]], "node_id": [0, 1, 2, 3, 4, 5]}