{"corners": [[[0.0, 0.0], [8.8684, -0.81329], [7.42654, 15.51864], [0.0, 15.0], [0.0, 0.0]], [[8.0, 4.5], [16.0, 4.5], [16.0, 10.5], [8.0, 10.5], [8.0, 4.5]], [[11.5, -8.0], [11.88603, -0.80392], [-3.35911, 0.4521000000000018], [-3.5, -7.999999999999999], [11.5, -8.0]], [[-16.0, 4.5], [0.0, 4.5], [0.0, 10.5], [-16.0, 10.5], [-16.0, 4.5]], [[-4.0, 15.0], [11.45003, 15.32434], [12.60621, 21.51747], [-4.0, 21.0], [-4.0, 15.0]]], "node_id": [0, 1, 2, 3, 4]}