{"corners": [[[0.26977, 0.04825], [16.26977, 0.04825], [16.26977, 6.04825], [0.26977, 6.04825], [0.26977, 0.04825]], [[32.118215, 6.055304999999998], [16.118215, 6.055305], [16.118215, 0.055305], [32.118215, 0.055304999999998224], [32.118215, 6.055304999999998]], [[0.2257549999999995, -4.92895], [0.2257550000000005, 11.07105], [-5.774245, 11.07105], [-5.7742450000000005, -4.92895], [0.2257549999999995, -4.92895]], [[5.406685, -4.836470000000001], [-10.593315, -4.836469999999999], [-10.593315, -10.83647], [5.4066849999999995, -10.83647], [5.406685, -4.836470000000001]], [[16.256265, 12.4831], [0.256265, 12.483100000000002], [0.256265, 6.483100000000002], [16.256265, 6.4831], [16.256265, 12.4831]], [[-18.86799, -15.001924999999996], [-10.86799, -15.001924999999998], [-10.867989999999997, -0.0019249999999982337], [-18.867989999999995, -0.0019249999999964573], [-18.86799, -15.001924999999996]]], "node_id": [0, 1, 2, 3, 4, 5]}