{"corners": [[[0.0, 0.0], [7.3449, -0.53171], [8.0, 15.0], [0.0, 15.0], [0.0, 0.0]], [[0.9999999999999996, 23.0], [0.64804, 15.29358], [7.84879, 15.53892], [7.0, 23.0], [0.9999999999999996, 23.0]], [[-3.5, -4.592273826833915e-16], [-4.35415, -7.46709], [11.13807, -7.05364], [11.5, 4.592273826833915e-16], [-3.5, -4.592273826833915e-16]], [[-9.5, 3.999999999999999], [-9.310619999999998, -12.85273], [-3.499999999999999, -12.0], [-3.5, 3.9999999999999996], [-9.5, 3.999999999999999]], [[23.0, 22.0], [7.07444, 21.720329999999997], [7.0, 15.999999999999998], [23.0, 16.0], [23.0, 22.0]]], "node_id": [0, 1, 2, 3, 4]}