{"corners": [[[0.0, 0.0], [16.0, 0.0], [16.0, 6.0], [0.0, 6.0], [0.0, 0.0]], [[4.0, 6.0], [11.23645, 6.88037], [11.94922, 21.88639], [4.0, 21.0], [4.0, 6.0]], [[0.0, 21.0], [16.41623, 21.70365], [16.0, 27.0], [0.0, 27.0], [0.0, 21.0]], [[15.5, -8.0], [15.5, 0.0], [0.5, 1.7763568394002505e-15], [0.5, -7.999999999999999], [15.5, -8.0]], [[-8.0, 0.0], [-0.9728, -0.16123], [0.0, 6.0], [-8.0, 6.0], [-8.0, 0.0]], [[-4.0, 10.5], [4.46993, 10.5213], [3.70777, 15.99888], [-4.0, 16.5], [-4.0, 10.5]]], "node_id": [0, 1, 2, 3, 4, 5]}