{"corners": [[[0.0, 0.0], [8.81054, -0.94653], [8.0, 6.0], [0.0, 6.0], [0.0, 0.0]], [[-8.0, 0.0], [0.94796, 0.50691], [-0.23739, 6.05655], [-8.0, 6.0], [-8.0, 0.0]], [[-8.0, -1.0], [-8.03966, 6.36823], [-23.0, 7.000000000000002], [-23.0, -0.9999999999999991], [-8.0, -1.0]], [[-19.5, -7.0], [-11.73662, -6.38052], [-12.23501, -0.21136999999999995], [-19.5, -1.0], [-19.5, -7.0]], [[-12.5, -15.0], [-12.5, -7.0], [-18.5, -7.0], [-18.5, -15.0], [-12.5, -15.0]]], "node_id": [0, 1, 2, 3, 4]}