{"corners": [[[0.0, 0.0], [16.15814, 0.59589], [15.26628, 5.99767], [0.0, 6.0], [0.0, 0.0]], [[0.5, -4.592273826833915e-16], [0.6435700000000004, -8.83889], [16.49352, -7.1340900000000005], [15.5, 4.592273826833915e-16], [0.5, -4.592273826833915e-16]], [[0.5, -8.0], [0.8977700000000004, -0.84057], [-6.024039999999999, 0.92196], [-5.5, -8.0], [0.5, -8.0]], [[4.999999999999999, -16.0], [4.18844, -7.11142], [-10.0, -7.999999999999998], [-10.0, -15.999999999999998], [4.999999999999999, -16.0]], [[0.0, 6.0], [16.0, 6.0], [16.0, 12.0], [0.0, 12.0], [0.0, 6.0]], [[24.0, 10.5], [15.13706, 9.784120000000001], [15.406889999999999, -4.004059999999998], [23.999999999999996, -4.5], [24.0, 10.5]]], "node_id": [0, 1, 2, 3, 4, 5]}