{"corners": [[[0.0, 0.0], [7.20381, 0.19108], [8.0, 6.0], [0.0, 6.0], [0.0, 0.0]], [[8.0, 0.0], [16.0, 0.0], [16.0, 6.0], [8.0, 6.0], [8.0, 0.0]], [[-16.0, 0.0], [0.0, 0.0], [0.0, 6.0], [-16.0, 6.0], [-16.0, 0.0]], [[8.0, -4.898425415289509e-16], [-0.61274, -0.3192399999999995], [0.0, -6.0], [7.999999999999999, -6.000000000000001], [8.0, -4.898425415289509e-16]], [[-32.0, 0.0], [-16.0, 0.0], [-16.0, 6.0], [-32.0, 6.0], [-32.0, 0.0]], [[-11.0, -1.836909530733566e-16], [-10.107429999999999, -15.20822], [-5.2421299999999995, -15.9279], [-5.0, 1.836909530733566e-16], [-11.0, -1.836909530733566e-16]]], "node_id": [0, 1, 2, 3, 4, 5]}