{"corners": [[[0.0, 0.0], [7.08343, -0.21373], [8.0, 15.0], [0.0, 15.0], [0.0, 0.0]], [[12.0, -9.796850830579018e-16], [-4.08301, 0.545920000000001], [-3.85188, -5.969199999999999], [12.0, -6.000000000000001], [12.0, -9.796850830579018e-16]], [[8.000000000000002, 30.0], [0.2665600000000018, 29.58424], [0.0, 15.000000000000002], [8.0, 15.0], [8.000000000000002, 30.0]], [[-8.0, 4.5], [0.0, 4.5], [0.0, 10.5], [-8.0, 10.5], [-8.0, 4.5]], [[-8.0, 3.5], [-8.77766, 10.72224], [-13.58825, 10.84027], [-14.0, 3.5000000000000004], [-8.0, 3.5]]], "node_id": [0, 1, 2, 3, 4]}