{"corners": [[[0.0, 0.0], [7.5326, 0.31141], [8.66926, 14.10022], [0.0, 15.0], [0.0, 0.0]], [[0.9999999999999996, 23.0], [1.0, 15.0], [7.0, 15.0], [7.0, 23.0], [0.9999999999999996, 23.0]], [[23.0, 3.499999999999999], [23.0, 11.5], [8.0, 11.5], [8.0, 3.5], [23.0, 3.499999999999999]], [[7.0, -8.0], [7.000000000000001, 0.0], [1.0000000000000009, 0.0], [1.0, -8.0], [7.0, -8.0]], [[3.673819061467132e-16, 10.5], [-8.85897, 10.661710000000001], [-8.55502, 3.596950000000001], [-3.673819061467132e-16, 4.5], [3.673819061467132e-16, 10.5]], [[0.0, -23.0], [8.45879, -22.06906], [8.0, -8.0], [0.0, -8.0], [0.0, -23.0]]], "node_id": [0, 1, 2, 3, 4, 5]}