{"corners": [[[0.0, 0.0], [8.0, 0.0], [8.0, 6.0], [0.0, 6.0], [0.0, 0.0]], [[16.0, 10.5], [7.80688, 10.042800000000002], [7.999999999999998, -4.499999999999998], [15.999999999999998, -4.5], [16.0, 10.5]], [[15.0, 10.5], [15.000000000000002, 26.5], [9.0, 26.5], [9.0, 10.5], [15.0, 10.5]], [[-4.898425415289509e-16, -5.0], [4.898425415289509e-16, 11.0], [-6.0, 11.0], [-6.000000000000001, -5.0], [-4.898425415289509e-16, -5.0]], [[32.0, 5.999999999999998], [16.96685, 6.11586], [16.0, 0.0], [32.0, -1.7763568394002505e-15], [32.0, 5.999999999999998]], [[30.0, 14.5], [29.38992, 23.44103], [15.51792, 21.64821], [15.0, 14.500000000000002], [30.0, 14.5]]], "node_id": [0, 1, 2, 3, 4, 5]}