{"corners": [[[0.081955, 0.20172], [8.081955, 0.20172], [8.081955, 6.20172], [0.081955, 6.20172], [0.081955, 0.20172]], [[16.1357, 10.50785], [8.1357, 10.507850000000001], [8.135699999999998, -4.492149999999998], [16.1357, -4.49215], [16.1357, 10.50785]], [[15.43571, 10.991715], [15.435710000000002, 26.991715], [9.43571, 26.991715], [9.43571, 10.991715], [15.43571, 10.991715]], [[0.2789649999999995, -4.60242], [0.2789650000000005, 11.39758], [-5.721035, 11.39758], [-5.7210350000000005, -4.60242], [0.2789649999999995, -4.60242]], [[32.09748, 6.4852599999999985], [16.09748, 6.48526], [16.09748, 0.48526], [32.09748, 0.48525999999999825], [32.09748, 6.4852599999999985]], [[30.37948, 14.537055], [30.37948, 22.537055], [15.37948, 22.537055], [15.37948, 14.537055000000002], [30.37948, 14.537055]]], "node_id": [0, 1, 2, 3, 4, 5]}