{"corners": [[[0.0, 0.0], [7.07417, 0.65178], [7.46156, 6.79656], [0.0, 6.0], [0.0, 0.0]], [[8.0, -4.5], [15.81767, -4.84367], [16.0, 10.5], [8.0, 10.5], [8.0, -4.5]], [[1.0, -1.836909530733566e-16], [1.0000000000000009, -16.0], [7.000000000000001, -16.0], [7.0, 1.836909530733566e-16], [1.0, -1.836909530733566e-16]], [[15.0, -12.5], [14.22514, -4.61084], [9.0, -4.5], [9.0, -12.5], [15.0, -12.5]], [[15.0, -4.5], [15.906099999999999, -13.45867], [30.25861, -12.625070000000003], [30.0, -4.500000000000003], [15.0, -4.5]], [[-16.0, 0.0], [0.0, 0.0], [0.0, 6.0], [-16.0, 6.0], [-16.0, 0.0]]], "node_id": [0, 1, 2, 3, 4, 5]}