{"corners": [[[0.0, 0.0], [16.0, 0.0], [16.0, 6.0], [0.0, 6.0], [0.0, 0.0]], [[11.0, -8.0], [10.50174, 0.0781], [4.414890000000001, 0.5123], [5.0, -8.0], [11.0, -8.0]], [[11.0, -24.0], [11.000000000000002, -8.0], [5.000000000000001, -8.0], [5.0, -24.0], [11.0, -24.0]], [[3.673819061467132e-16, 6.0], [-7.28782, 6.5764700000000005], [-7.11807, -0.5093899999999991], [-3.673819061467132e-16, 0.0], [3.673819061467132e-16, 6.0]], [[15.5, -32.0], [15.03357, -23.48071], [0.38838, -24.32294], [0.5, -32.0], [15.5, -32.0]], [[4.0, 12.0], [-12.0, 12.000000000000002], [-12.0, 6.000000000000002], [3.999999999999999, 6.0], [4.0, 12.0]]], "node_id": [0, 1, 2, 3, 4, 5]}