{"corners": [[[0.018665, 0.40941], [16.018665, 0.40941], [16.018665, 6.40941], [0.018665, 6.40941], [0.018665, 0.40941]], [[11.125435, -7.730475], [11.125435, 0.269525], [5.125435000000001, 0.269525], [5.125435, -7.730475], [11.125435, -7.730475]], [[11.10372, -23.621925], [11.103720000000001, -7.621925], [5.103720000000001, -7.621925], [5.10372, -23.621925], [11.10372, -23.621925]], [[0.4762300000000004, 6.0128], [-7.52377, 6.012800000000001], [-7.52377, 0.012800000000000889], [0.4762299999999996, 0.0128], [0.4762300000000004, 6.0128]], [[15.928045000000001, -31.60588], [15.928045000000001, -23.60588], [0.928045, -23.60588], [0.928045, -31.60588], [15.928045000000001, -31.60588]], [[4.47048, 12.122655], [-11.52952, 12.122655000000002], [-11.52952, 6.122655000000002], [4.470479999999999, 6.122655], [4.47048, 12.122655]]], "node_id": [0, 1, 2, 3, 4, 5]}