{"corners": [[[0.426985, 0.48388], [16.426985, 0.48388], [16.426985, 6.48388], [0.426985, 6.48388], [0.426985, 0.48388]], [[4.149165, -5.71971], [12.149165, -5.71971], [12.149165, 0.28029], [4.149165, 0.28029], [4.149165, -5.71971]], [[31.12498, -0.6768950000000009], [31.12498, 7.323104999999999], [16.12498, 7.323105000000001], [16.12498, -0.676895], [31.12498, -0.6768950000000009]], [[31.019435, 7.107854999999999], [31.019435, -0.8921450000000009], [37.019435, -0.8921450000000026], [37.019435, 7.107854999999998], [31.019435, 7.107854999999999]], [[11.247455, -13.835785], [11.247455, -5.835785], [5.247455000000001, -5.835785], [5.247455, -13.835785], [11.247455, -13.835785]], [[4.285575, -28.83861], [12.285575, -28.83861], [12.285575, -13.83861], [4.285575, -13.83861], [4.285575, -28.83861]]], "node_id": [0, 1, 2, 3, 4, 5]}