{"corners": [[[0.0, 0.0], [16.93551, -0.40334], [16.0, 6.0], [0.0, 6.0], [0.0, 0.0]], [[4.0, -6.0], [12.80783, -5.13406], [11.57036, -0.02055], [4.0, 0.0], [4.0, -6.0]], [[31.0, -1.0000000000000009], [30.98982, 6.656859999999999], [16.0, 7.000000000000001], [16.0, -1.0], [31.0, -1.0000000000000009]], [[31.0, 6.999999999999999], [31.95729, -1.3909800000000008], [37.7928, -1.4844200000000027], [37.0, 6.999999999999998], [31.0, 6.999999999999999]], [[11.0, -14.0], [10.5809, -6.32594], [5.000000000000001, -6.0], [5.0, -14.0], [11.0, -14.0]], [[4.0, -29.0], [12.75839, -28.238129999999998], [11.13673, -13.405850000000001], [4.0, -14.0], [4.0, -29.0]]], "node_id": [0, 1, 2, 3, 4, 5]}