{"corners": [[[0.0, 0.0], [8.06637, -0.25523], [7.42377, 14.41557], [0.0, 15.0], [0.0, 0.0]], [[9.18454765366783e-16, 15.0], [-7.454939999999999, 15.062560000000001], [-7.84859, 0.5796000000000018], [-9.18454765366783e-16, 0.0], [9.18454765366783e-16, 15.0]], [[2.6645352591003757e-15, 30.0], [-7.999999999999997, 30.0], [-7.999999999999999, 15.000000000000002], [8.276257283668098e-16, 15.0], [2.6645352591003757e-15, 30.0]], [[3.5000000000000027, 30.0], [4.299170000000003, 37.23925], [-11.499999999999996, 38.0], [-11.499999999999996, 30.0], [3.5000000000000027, 30.0]], [[-17.499999999999996, 38.0], [-17.499999999999996, 30.0], [-11.499999999999998, 30.0], [-11.499999999999996, 38.0], [-17.499999999999996, 38.0]], [[-4.0, -6.0], [12.53744, -5.62249], [11.50303, 0.75302], [-4.0, 0.0], [-4.0, -6.0]]], "node_id": [0, 1, 2, 3, 4, 5]}