{"corners": [[[0.26519, 0.19622], [16.26519, 0.19622], [16.26519, 6.19622], [0.26519, 6.19622], [0.26519, 0.19622]], [[22.215895, -4.989935], [22.215895, 11.010065], [16.215895, 11.010065], [16.215895, -4.989935], [22.215895, -4.989935]], [[26.83755, -12.740115], [26.83755, -4.740115], [11.83755, -4.7401149999999985], [11.83755, -12.740114999999998], [26.83755, -12.740115]], [[32.778325, -16.99127], [32.778325, -0.99127], [26.778325, -0.99127], [26.778325, -16.99127], [32.778325, -16.99127]], [[22.032335, 0.27669], [30.032335, 0.27669], [30.032335, 6.27669], [22.032335, 6.27669], [22.032335, 0.27669]], [[21.970535, -22.57886], [37.970535, -22.57886], [37.970535, -16.57886], [21.970535, -16.57886], [21.970535, -22.57886]]], "node_id": [0, 1, 2, 3, 4, 5]}