{"corners": [[[0.0, 0.0], [16.0, 0.0], [16.0, 6.0], [0.0, 6.0], [0.0, 0.0]], [[16.0, 12.0], [-0.17627, 12.936020000000001], [0.0, 6.000000000000002], [16.0, 6.0], [16.0, 12.0]], [[-2.4492127076447545e-16, 5.000000000000002], [2.4492127076447545e-16, 13.000000000000002], [-5.999999999999999, 13.000000000000002], [-6.0, 5.000000000000002], [-2.4492127076447545e-16, 5.000000000000002]], [[-22.0, 6.000000000000002], [-5.2056000000000004, 5.045720000000002], [-6.0, 12.000000000000002], [-22.0, 12.000000000000002], [-22.0, 6.000000000000002]], [[-11.0, -1.9999999999999982], [-11.59674, 5.141580000000002], [-17.5949, 6.0848900000000015], [-17.0, -1.9999999999999978], [-11.0, -1.9999999999999982]]], "node_id": [0, 1, 2, 3, 4]}