{"corners": [[[0.0, 0.0], [8.46918, -0.26548], [7.92415, 5.70955], [0.0, 6.0], [0.0, 0.0]], [[8.0, 0.0], [15.98384, -0.79893], [16.66302, 5.46765], [8.0, 6.0], [8.0, 0.0]], [[-2.4492127076447545e-16, -1.0], [2.4492127076447545e-16, 7.0], [-5.999999999999999, 7.0], [-6.0, -0.9999999999999997], [-2.4492127076447545e-16, -1.0]], [[5.0, 13.0], [-10.87395, 13.409680000000002], [-10.54834, 7.3811300000000015], [4.999999999999999, 7.0], [5.0, 13.0]], [[-22.0, 0.0], [-6.0, 0.0], [-6.0, 6.0], [-22.0, 6.0], [-22.0, 0.0]], [[20.0, 5.999999999999999], [20.00277, 13.94074], [5.0, 14.0], [5.0, 6.0], [20.0, 5.999999999999999]]], "node_id": [0, 1, 2, 3, 4, 5]}