{"corners": [[[0.182945, 0.03891], [16.182945, 0.03891], [16.182945, 6.03891], [0.182945, 6.03891], [0.182945, 0.03891]], [[0.40596000000000093, 10.952535], [-7.594039999999999, 10.952535000000001], [-7.59404, -4.047464999999998], [0.40595999999999904, -4.047465], [0.40596000000000093, 10.952535]], [[0.177715, 6.09472], [16.177715, 6.09472], [16.177715, 12.09472], [0.177715, 12.09472], [0.177715, 6.09472]], [[16.377765, 11.1984], [16.377765, -4.8016], [22.377765, -4.8016], [22.377765, 11.1984], [16.377765, 11.1984]], [[28.0169, -4.97594], [28.0169, 11.02406], [22.0169, 11.02406], [22.0169, -4.97594], [28.0169, -4.97594]], [[11.349365, 12.313755], [11.349365, 20.313755], [5.349365000000001, 20.313755], [5.349365, 12.313755], [11.349365, 12.313755]]], "node_id": [0, 1, 2, 3, 4, 5]}