{"corners": [[[0.0, 0.0], [16.22035, 0.1521], [16.0, 6.0], [0.0, 6.0], [0.0, 0.0]], [[9.18454765366783e-16, 10.5], [-7.1898599999999995, 10.210860000000002], [-8.0, -4.499999999999998], [-9.18454765366783e-16, -4.5], [9.18454765366783e-16, 10.5]], [[0.0, 6.0], [16.0, 6.0], [16.0, 12.0], [0.0, 12.0], [0.0, 6.0]], [[16.0, 11.0], [16.51107, -5.20641], [21.06759, -5.90376], [22.0, 11.0], [16.0, 11.0]], [[28.0, -5.0], [27.84408, 10.86076], [22.69569, 10.34584], [22.0, -5.0], [28.0, -5.0]], [[11.0, 12.0], [10.82069, 19.26383], [4.532870000000001, 19.24861], [5.0, 12.0], [11.0, 12.0]]], "node_id": [0, 1, 2, 3, 4, 5]}