{"corners": [[[0.0, 0.0], [8.0, 0.0], [8.0, 15.0], [0.0, 15.0], [0.0, 0.0]], [[3.673819061467132e-16, 10.5], [-15.80067, 11.162260000000002], [-16.0, 4.500000000000002], [-3.673819061467132e-16, 4.5], [3.673819061467132e-16, 10.5]], [[24.0, 10.499999999999998], [7.03174, 10.72859], [7.963, 5.18403], [24.0, 4.499999999999998], [24.0, 10.499999999999998]], [[-5.000000000000001, -11.5], [-4.64196, 4.2539], [-11.0, 4.5], [-11.0, -11.5], [-5.000000000000001, -11.5]], [[24.0, 16.5], [8.79493, 15.869100000000003], [8.0, 10.500000000000002], [24.0, 10.5], [24.0, 16.5]], [[7.0, -8.0], [7.000000000000001, 0.0], [1.0000000000000009, 0.0], [1.0, -8.0], [7.0, -8.0]]], "node_id": [0, 1, 2, 3, 4, 5]}