{"corners": [[[0.0, 0.0], [15.25005, 0.14171], [15.37921, 6.96314], [0.0, 6.0], [0.0, 0.0]], [[12.000000000000002, 21.0], [3.898410000000002, 20.02753], [4.0, 6.000000000000002], [12.0, 6.0], [12.000000000000002, 21.0]], [[20.0, 21.0], [12.0, 21.0], [11.999999999999998, 6.000000000000002], [19.999999999999996, 6.0], [20.0, 21.0]], [[12.0, -4.898425415289509e-16], [4.11298, -0.2183499999999995], [4.0, -6.0], [12.0, -6.000000000000001], [12.0, -4.898425415289509e-16]], [[19.999999999999996, 6.0], [27.999999999999996, 5.999999999999998], [28.0, 21.0], [20.0, 21.0], [19.999999999999996, 6.0]], [[16.499999999999996, 6.000000000000001], [15.511189999999996, -2.7962599999999993], [31.499999999999993, -2.0000000000000027], [31.499999999999996, 5.999999999999998], [16.499999999999996, 6.000000000000001]]], "node_id": [0, 1, 2, 3, 4, 5]}