{"corners": [[[0.424485, 0.22342], [8.424485, 0.22342], [8.424485, 6.22342], [0.424485, 6.22342], [0.424485, 0.22342]], [[-15.85762, 0.115035], [0.14238, 0.115035], [0.14238, 6.115035], [-15.85762, 6.115035], [-15.85762, 0.115035]], [[8.343855, -4.179875], [16.343855, -4.179875], [16.343855, 10.820125], [8.343855, 10.820125], [8.343855, -4.179875]], [[4.872379999999999, 18.910675], [4.87238, 10.910675], [19.87238, 10.910675], [19.87238, 18.910675], [4.872379999999999, 18.910675]], [[-15.933035, -0.955965], [-15.933035, 7.044035], [-30.933035, 7.044035000000002], [-30.933035, -0.9559649999999991], [-15.933035, -0.955965]], [[32.10859, 6.0320649999999985], [16.10859, 6.032065], [16.10859, 0.032065], [32.10859, 0.03206499999999823], [32.10859, 6.0320649999999985]]], "node_id": [0, 1, 2, 3, 4, 5]}