{"corners": [[[0.0, 0.0], [16.0, 0.0], [16.0, 6.0], [0.0, 6.0], [0.0, 0.0]], [[11.0, -8.0], [11.00648, -0.43941], [5.000000000000001, 0.0], [5.0, -8.0], [11.0, -8.0]], [[0.5, -7.999999999999998], [0.6101499999999985, -15.372429999999998], [15.499999999999998, -16.0], [15.5, -8.000000000000002], [0.5, -7.999999999999998]], [[15.5, 5.999999999999999], [14.96334, 14.45691], [0.01928000000000002, 13.36209], [0.5, 6.0], [15.5, 5.999999999999999]], [[0.5000000000000003, 13.0], [-14.935459999999999, 13.69339], [-15.5, 7.000000000000002], [0.4999999999999996, 7.0], [0.5000000000000003, 13.0]]], "node_id": [0, 1, 2, 3, 4]}