{"corners": [[[0.0, 0.0], [7.88167, 0.46903], [7.6532, 5.28604], [0.0, 6.0], [0.0, 0.0]], [[0.0, -6.0], [7.1687899999999996, -6.83231], [8.0, 0.0], [0.0, 0.0], [0.0, -6.0]], [[23.0, -7.000000000000001], [23.21036, 1.3621299999999992], [7.87283, 0.2116700000000009], [8.0, -7.0], [23.0, -7.000000000000001]], [[12.500000000000004, 17.0], [11.86791, 0.46840000000000004], [18.5, 1.0], [18.500000000000004, 17.0], [12.500000000000004, 17.0]], [[38.0, -7.000000000000002], [37.73201, 1.0621799999999981], [23.0, 1.0], [23.0, -7.000000000000001], [38.0, -7.000000000000002]], [[8.0, -6.000000000000001], [0.902, -5.92194], [-1.7763568394002505e-15, -21.0], [7.999999999999998, -21.0], [8.0, -6.000000000000001]]], "node_id": [0, 1, 2, 3, 4, 5]}