{"corners": [[[0.0, 0.0], [8.0, 0.0], [8.0, 15.0], [0.0, 15.0], [0.0, 0.0]], [[-4.0, 15.0], [12.0, 15.0], [12.0, 21.0], [-4.0, 21.0], [-4.0, 15.0]], [[-3.9999999999999996, 21.0], [-20.27547, 21.847460000000005], [-20.0, 15.000000000000002], [-4.0, 15.0], [-3.9999999999999996, 21.0]], [[20.0, 25.5], [12.93336, 26.08028], [11.999999999999998, 10.500000000000002], [19.999999999999996, 10.5], [20.0, 25.5]], [[-20.0, 14.0], [-20.0, 22.0], [-35.0, 22.0], [-35.0, 14.000000000000002], [-20.0, 14.0]], [[-16.000000000000004, 1.7763568394002505e-15], [-8.000000000000004, -1.8301332671555315e-16], [-8.0, 15.0], [-16.0, 15.000000000000002], [-16.000000000000004, 1.7763568394002505e-15]]], "node_id": [0, 1, 2, 3, 4, 5]}