{"corners": [[[0.04759, 0.42811], [16.04759, 0.42811], [16.04759, 6.42811], [0.04759, 6.42811], [0.04759, 0.42811]], [[22.195245, -4.6303], [22.195245, 11.3697], [16.195245, 11.3697], [16.195245, -4.6303], [22.195245, -4.6303]], [[16.026375, 0.21090999999999901], [0.026375, 0.21091000000000096], [0.026375, -5.789089999999999], [16.026375, -5.789090000000001], [16.026375, 0.21090999999999901]], [[-5.52305, 1.4191400000000018], [-5.523050000000001, -6.580859999999999], [0.4769499999999991, -6.58086], [0.4769500000000009, 1.4191400000000007], [-5.52305, 1.4191400000000018]], [[22.4491, -20.597455], [22.4491, -4.597455], [16.4491, -4.597455], [16.4491, -20.597455], [22.4491, -20.597455]], [[-13.54293, -5.512779999999997], [-5.54293, -5.5127799999999985], [-5.542929999999998, 0.48722000000000176], [-13.542929999999998, 0.48722000000000354], [-13.54293, -5.512779999999997]]], "node_id": [0, 1, 2, 3, 4, 5]}