{"corners": [[[0.0, 0.0], [16.0, 0.0], [16.0, 6.0], [0.0, 6.0], [0.0, 0.0]], [[-16.0, 0.0], [0.92346, 0.12374], [0.0, 6.0], [-16.0, 6.0], [-16.0, 0.0]], [[0.0, -6.0], [16.0, -6.0], [16.0, 0.0], [0.0, 0.0], [0.0, -6.0]], [[16.0, 0.0], [23.02327, -0.4249], [24.0, 6.0], [16.0, 6.0], [16.0, 0.0]], [[-8.0, -6.0], [0.5147, -5.8618], [0.84855, 0.4803], [-8.0, 0.0], [-8.0, -6.0]], [[-15.999999999999998, 10.5], [-23.13229, 10.766290000000001], [-24.94673, -3.7897999999999983], [-16.0, -4.5], [-15.999999999999998, 10.5]]], "node_id": [0, 1, 2, 3, 4, 5]}