{"corners": [[[0.0, 0.0], [15.46575, 0.84743], [15.41032, 6.31259], [0.0, 6.0], [0.0, 0.0]], [[22.0, -1.0], [22.70645, 6.57516], [16.0, 7.0], [16.0, -0.9999999999999997], [22.0, -1.0]], [[12.0, -4.898425415289509e-16], [3.55843, 0.8001100000000004], [4.662639999999998, -14.024559999999997], [11.999999999999998, -15.0], [12.0, -4.898425415289509e-16]], [[16.0, 12.0], [0.59505, 12.135860000000001], [0.0, 6.000000000000002], [16.0, 6.0], [16.0, 12.0]], [[-16.0, 6.000000000000005], [-0.29621, 6.686530000000002], [0.0, 12.000000000000002], [-15.999999999999998, 12.000000000000005], [-16.0, 6.000000000000005]], [[15.999999999999998, -15.000000000000002], [-0.2517900000000018, -14.03489], [-1.7763568394002505e-15, -21.0], [15.999999999999998, -21.0], [15.999999999999998, -15.000000000000002]]], "node_id": [0, 1, 2, 3, 4, 5]}