{"corners": [[[0.0, 0.0], [15.43181, -0.3309], [16.0, 6.0], [0.0, 6.0], [0.0, 0.0]], [[0.0, 6.0], [15.54014, 5.58644], [15.78956, 12.40075], [0.0, 12.0], [0.0, 6.0]], [[5.0, 20.0], [5.9411000000000005, 12.46167], [11.73423, 12.7458], [11.0, 20.0], [5.0, 20.0]], [[-2.4492127076447545e-16, 5.0], [0.29942000000000024, 13.55341], [-15.0, 13.000000000000002], [-15.0, 5.000000000000001], [-2.4492127076447545e-16, 5.0]], [[16.0, 13.0], [16.0, 5.0], [31.0, 5.000000000000001], [31.0, 13.000000000000002], [16.0, 13.0]], [[26.5, 13.0], [27.04159, 29.28279], [20.52073, 28.69135], [20.5, 13.0], [26.5, 13.0]]], "node_id": [0, 1, 2, 3, 4, 5]}