{"corners": [[[0.0, 0.0], [8.35734, 0.75209], [8.58181, 6.37421], [0.0, 6.0], [0.0, 0.0]], [[8.0, 12.0], [-0.29881, 11.074040000000002], [0.0, 6.000000000000001], [7.999999999999999, 6.0], [8.0, 12.0]], [[8.0, 13.0], [8.985549999999998, 4.04224], [23.41278, 4.806099999999996], [23.0, 12.999999999999996], [8.0, 13.0]], [[-4.898425415289509e-16, 1.0], [-0.5233499999999995, 17.02734], [-6.17129, 17.89996], [-6.000000000000001, 1.0000000000000004], [-4.898425415289509e-16, 1.0]], [[18.499999999999993, -11.000000000000002], [17.846419999999995, 5.447969999999998], [11.665519999999999, 5.380200000000002], [12.499999999999993, -11.0], [18.499999999999993, -11.000000000000002]], [[19.499999999999993, -11.000000000000002], [11.538399999999992, -11.313019999999998], [12.196049999999987, -26.24077], [19.499999999999986, -26.0], [19.499999999999993, -11.000000000000002]]], "node_id": [0, 1, 2, 3, 4, 5]}