{"corners": [[[0.056105, 0.491115], [16.056105, 0.491115], [16.056105, 6.491115], [0.056105, 6.491115], [0.056105, 0.491115]], [[5.013789999999999, 22.17321], [5.01379, 6.17321], [11.01379, 6.17321], [11.01379, 22.17321], [5.013789999999999, 22.17321]], [[-10.912125, 11.33325], [5.087875, 11.33325], [5.087875, 17.33325], [-10.912125, 17.33325], [-10.912125, 11.33325]], [[32.35266, 6.490324999999999], [16.35266, 6.490325], [16.35266, 0.490325], [32.35266, 0.49032499999999823], [32.35266, 6.490324999999999]], [[32.3754, 7.225274999999998], [32.3754, -0.7747250000000018], [38.3754, -0.7747250000000035], [38.3754, 7.225274999999997], [32.3754, 7.225274999999998]], [[31.89713, 6.2911899999999985], [31.89713, 14.291189999999999], [16.89713, 14.29119], [16.89713, 6.291189999999999], [31.89713, 6.2911899999999985]]], "node_id": [0, 1, 2, 3, 4, 5]}