{"corners": [[[0.0, 0.0], [16.0, 0.0], [16.0, 6.0], [0.0, 6.0], [0.0, 0.0]], [[4.999999999999999, 22.0], [5.0, 6.0], [11.0, 6.0], [11.0, 22.0], [4.999999999999999, 22.0]], [[-11.0, 11.0], [4.05516, 10.69285], [4.3515, 17.33301], [-11.0, 17.0], [-11.0, 11.0]], [[32.0, 5.999999999999998], [15.13846, 5.37039], [15.58429, 0.35251], [32.0, -1.7763568394002505e-15], [32.0, 5.999999999999998]], [[32.0, 6.999999999999998], [32.0, -1.0000000000000018], [38.0, -1.0000000000000036], [38.0, 6.999999999999997], [32.0, 6.999999999999998]], [[31.5, 5.999999999999998], [31.34724, 13.709929999999998], [16.06061, 13.93936], [16.5, 5.999999999999999], [31.5, 5.999999999999998]]], "node_id": [0, 1, 2, 3, 4, 5]}