{"corners": [[[0.0, 0.0], [7.59738, -0.64544], [8.21004, 5.23421], [0.0, 6.0], [0.0, 0.0]], [[6.999999999999999, -16.0], [7.8360199999999995, -0.9923], [1.0, 0.0], [0.9999999999999991, -16.0], [6.999999999999999, -16.0]], [[-15.0, -11.0], [1.10736, -11.78575], [0.7339800000000001, -5.8674800000000005], [-15.0, -5.0], [-15.0, -11.0]], [[-6.000000000000001, 11.0], [-6.60675, -5.93497], [0.56864, -4.48022], [-8.881784197001252e-16, 11.0], [-6.000000000000001, 11.0]], [[16.0, 10.5], [8.60112, 11.399730000000002], [7.999999999999998, -4.499999999999998], [15.999999999999998, -4.5], [16.0, 10.5]], [[15.0, 10.5], [15.0, 18.5], [9.0, 18.5], [9.0, 10.5], [15.0, 10.5]]], "node_id": [0, 1, 2, 3, 4, 5]}