{"corners": [[[0.0, 0.0], [16.0, 0.0], [16.0, 6.0], [0.0, 6.0], [0.0, 0.0]], [[16.0, 7.0], [15.25856, -1.5040200000000001], [30.72242, -0.5864999999999991], [31.0, 7.000000000000001], [16.0, 7.0]], [[0.4999999999999991, 14.0], [0.7027599999999996, 5.03414], [15.5, 6.000000000000001], [15.5, 14.000000000000002], [0.4999999999999991, 14.0]], [[-16.0, 0.0], [0.04893, -0.33054], [0.0, 6.0], [-16.0, 6.0], [-16.0, 0.0]], [[27.5, 13.000000000000002], [18.85931, 13.24628], [19.5, 7.000000000000001], [27.5, 7.000000000000002], [27.5, 13.000000000000002]], [[3.999999999999999, 14.0], [12.43174, 13.44085], [12.0088, 28.63308], [3.999999999999999, 29.0], [3.999999999999999, 14.0]]], "node_id": [0, 1, 2, 3, 4, 5]}