{"corners": [[[0.0, 0.0], [15.39464, -0.55075], [16.62562, 6.7277000000000005], [0.0, 6.0], [0.0, 0.0]], [[-2.4492127076447545e-16, -1.0], [-0.5918199999999998, 7.33656], [-5.539999999999999, 6.79973], [-6.0, -0.9999999999999997], [-2.4492127076447545e-16, -1.0]], [[-10.499999999999998, 15.000000000000002], [-10.79365, 6.620720000000002], [4.5, 6.999999999999998], [4.500000000000002, 14.999999999999998], [-10.499999999999998, 15.000000000000002]], [[11.0, -16.0], [11.000000000000002, 0.0], [5.000000000000001, 0.0], [5.0, -16.0], [11.0, -16.0]], [[-6.0, 6.0], [-21.00385, 5.638800000000002], [-22.0, 1.7763568394002505e-15], [-6.000000000000001, 0.0], [-6.0, 6.0]], [[17.0, -16.0], [17.27305, 0.72452], [11.0, 0.0], [11.0, -16.0], [17.0, -16.0]]], "node_id": [0, 1, 2, 3, 4, 5]}