{"corners": [[[0.0, 0.0], [15.02848, 0.72401], [16.0, 6.0], [0.0, 6.0], [0.0, 0.0]], [[16.0, 12.0], [0.76616, 12.856580000000001], [0.0, 6.000000000000002], [16.0, 6.0], [16.0, 12.0]], [[-5.999999999999998, 17.000000000000004], [-6.000000000000001, 1.0000000000000036], [-8.881784197001252e-16, 1.0000000000000036], [1.7763568394002505e-15, 17.000000000000004], [-5.999999999999998, 17.000000000000004]], [[5.0000000000000036, 28.0], [5.804500000000001, 11.23274], [11.0, 12.0], [11.000000000000004, 28.0], [5.0000000000000036, 28.0]], [[4.0000000000000036, 28.0], [12.000000000000004, 27.999999999999996], [12.000000000000007, 43.0], [4.000000000000007, 43.0], [4.0000000000000036, 28.0]], [[16.0, -9.796850830579018e-16], [0.58414, 0.545510000000001], [0.0, -5.999999999999999], [16.0, -6.000000000000001], [16.0, -9.796850830579018e-16]]], "node_id": [0, 1, 2, 3, 4, 5]}