{"corners": [[[0.0, 0.0], [8.9247, 0.38254], [8.0, 6.0], [0.0, 6.0], [0.0, 0.0]], [[0.0, -15.0], [8.0, -15.0], [8.0, 0.0], [0.0, 0.0], [0.0, -15.0]], [[8.0, 0.0], [24.39884, 0.25042], [24.0, 6.0], [8.0, 6.0], [8.0, 0.0]], [[30.0, -5.0], [30.26324, 11.29151], [24.0, 11.0], [24.0, -5.0], [30.0, -5.0]], [[24.0, 12.0], [8.0, 12.000000000000002], [8.0, 6.000000000000002], [24.0, 6.0], [24.0, 12.0]], [[30.0, 0.0], [46.0, 0.0], [46.0, 6.0], [30.0, 6.0], [30.0, 0.0]]], "node_id": [0, 1, 2, 3, 4, 5]}