{"corners": [[[0.22201, 0.114175], [8.22201, 0.114175], [8.22201, 6.114175], [0.22201, 6.114175], [0.22201, 0.114175]], [[1.414139999999999, 22.26082], [1.41414, 6.26082], [7.41414, 6.26082], [7.414139999999999, 22.26082], [1.414139999999999, 22.26082]], [[0.1468149999999995, -4.84657], [0.1468150000000005, 11.15343], [-5.853185, 11.15343], [-5.853185000000001, -4.84657], [0.1468149999999995, -4.84657]], [[1.2421649999999995, -4.569470000000001], [-6.757835, -4.56947], [-6.757835000000002, -19.56947], [1.2421649999999977, -19.56947], [1.2421649999999995, -4.569470000000001]], [[1.4065449999999995, -8.1961], [1.406544999999998, -16.1961], [16.406544999999998, -16.196100000000005], [16.406545, -8.196100000000003], [1.4065449999999995, -8.1961]], [[1.1930199999999982, 38.483115], [1.1930199999999993, 22.483115], [7.193019999999999, 22.483115], [7.193019999999998, 38.483115], [1.1930199999999982, 38.483115]]], "node_id": [0, 1, 2, 3, 4, 5]}