{"corners": [[[0.43906, 0.332835], [8.43906, 0.332835], [8.43906, 15.332835], [0.43906, 15.332835], [0.43906, 0.332835]], [[0.11797, 15.21367], [8.11797, 15.21367], [8.11797, 30.21367], [0.11797, 30.21367], [0.11797, 15.21367]], [[0.12014000000000091, 15.2954], [-7.879859999999999, 15.295400000000003], [-7.87986, 0.2954000000000018], [0.12013999999999908, 0.2954], [0.12014000000000091, 15.2954]], [[-7.561965000000003, -5.835689999999999], [0.43803499999999645, -5.8356900000000005], [0.43803499999999823, 0.16430999999999912], [-7.561965000000002, 0.1643100000000009], [-7.561965000000003, -5.835689999999999]], [[8.312510000000001, 45.425215], [0.3125100000000018, 45.425215], [0.31251, 30.425215], [8.31251, 30.425215], [8.312510000000001, 45.425215]], [[8.080200000000001, 45.69237], [8.0802, 29.69237], [14.0802, 29.69237], [14.080200000000001, 45.69237], [8.080200000000001, 45.69237]]], "node_id": [0, 1, 2, 3, 4, 5]}