{"corners": [[[0.0, 0.0], [8.14757, 0.35331], [7.78753, 15.01122], [0.0, 15.0], [0.0, 0.0]], [[11.5, -8.0], [10.79001, 0.3818], [-3.5, 1.7763568394002505e-15], [-3.5, -7.999999999999999], [11.5, -8.0]], [[-3.500000000000001, 23.0], [-3.8721500000000004, 14.75532], [11.97076, 14.87368], [11.5, 23.0], [-3.500000000000001, 23.0]], [[19.5, -1.0000000000000009], [11.5, -0.9999999999999999], [11.5, -7.0], [19.5, -7.000000000000001], [19.5, -1.0000000000000009]], [[34.5, -8.000000000000002], [35.1186, -0.3998300000000018], [19.5, 0.0], [19.5, -8.0], [34.5, -8.000000000000002]]], "node_id": [0, 1, 2, 3, 4]}