{"corners": [[[0.47106, 0.16176], [16.47106, 0.16176], [16.47106, 6.16176], [0.47106, 6.16176], [0.47106, 0.16176]], [[16.24032, 7.06523], [16.24032, -0.93477], [31.24032, -0.9347699999999991], [31.24032, 7.065230000000001], [16.24032, 7.06523]], [[37.0957, -4.572869999999999], [37.0957, 11.42713], [31.0957, 11.42713], [31.0957, -4.572869999999999], [37.0957, -4.572869999999999]], [[37.019865, 11.40974], [37.019865, -4.59026], [43.019865, -4.59026], [43.019865, 11.409739999999998], [37.019865, 11.40974]], [[27.844475, -0.9235599999999987], [19.844475, -0.9235599999999997], [19.844475, -6.92356], [27.844475, -6.923559999999998], [27.844475, -0.9235599999999987]], [[44.49572, 17.47622], [36.49572, 17.47622], [36.49572, 11.47622], [44.49572, 11.47622], [44.49572, 17.47622]]], "node_id": [0, 1, 2, 3, 4, 5]}