{"corners": [[[0.0, 0.0], [16.0, 0.0], [16.0, 6.0], [0.0, 6.0], [0.0, 0.0]], [[15.5, -8.0], [15.18153, -0.96476], [-0.48102, -0.3379499999999982], [0.5, -7.999999999999999], [15.5, -8.0]], [[-4.898425415289509e-16, -5.0], [-0.4987899999999995, 10.82002], [-6.0, 11.0], [-6.000000000000001, -5.0], [-4.898425415289509e-16, -5.0]], [[4.999999999999999, 22.0], [4.60477, 5.19686], [11.67423, 6.85461], [11.0, 22.0], [4.999999999999999, 22.0]], [[-22.0, 0.0], [-6.0, 0.0], [-6.0, 6.0], [-22.0, 6.0], [-22.0, 0.0]], [[17.0, 6.0], [16.05813, 22.584600000000002], [11.0, 22.0], [11.0, 6.0], [17.0, 6.0]]], "node_id": [0, 1, 2, 3, 4, 5]}