{"corners": [[[0.007565, 0.170385], [16.007565, 0.170385], [16.007565, 6.170385], [0.007565, 6.170385], [0.007565, 0.170385]], [[15.50881, -7.995255], [15.50881, 0.004745], [0.50881, 0.0047450000000017764], [0.50881, -7.995254999999999], [15.50881, -7.995255]], [[0.1655099999999995, -4.613835], [0.1655100000000005, 11.386165], [-5.83449, 11.386165], [-5.834490000000001, -4.613835], [0.1655099999999995, -4.613835]], [[5.125299999999999, 22.205005], [5.1253, 6.205005], [11.1253, 6.205005], [11.1253, 22.205005], [5.125299999999999, 22.205005]], [[-21.72606, 0.307315], [-5.72606, 0.307315], [-5.72606, 6.307315], [-21.72606, 6.307315], [-21.72606, 0.307315]], [[17.418, 6.2081], [17.418, 22.2081], [11.418, 22.2081], [11.418, 6.2081], [17.418, 6.2081]]], "node_id": [0, 1, 2, 3, 4, 5]}