{"corners": [[[0.013345, 0.007635], [16.013345, 0.007635], [16.013345, 6.007635], [0.013345, 6.007635], [0.013345, 0.007635]], [[5.087444999999999, 22.1984], [5.087445, 6.1984], [11.087445, 6.1984], [11.087445, 22.1984], [5.087444999999999, 22.1984]], [[-0.8171100000000009, 22.25758], [-0.8171099999999999, 6.25758], [5.18289, 6.25758], [5.182889999999999, 22.25758], [-0.8171100000000009, 22.25758]], [[12.287114999999996, 37.198605], [4.2871149999999965, 37.198605], [4.287114999999998, 22.198605], [12.287114999999998, 22.198605], [12.287114999999996, 37.198605]], [[24.020815, 10.76946], [16.020815, 10.769460000000002], [16.020815, -4.230539999999999], [24.020814999999995, -4.23054], [24.020815, 10.76946]], [[11.00722, -7.824725], [11.00722, 0.175275], [5.007220000000001, 0.175275], [5.00722, -7.824725], [11.00722, -7.824725]], [[15.992765, -15.576105], [15.992765, -7.576105], [0.992765, -7.576104999999998], [0.992765, -15.576104999999998], [15.992765, -15.576105]]], "node_id": [0, 1, 2, 3, 4, 5, 6]}