{"corners": [[[0.0, 0.0], [8.73328, -0.24126], [8.0, 6.0], [0.0, 6.0], [0.0, 0.0]], [[-3.500000000000001, 14.0], [-3.5000000000000004, 6.0], [11.5, 6.000000000000001], [11.5, 14.000000000000002], [-3.500000000000001, 14.0]], [[8.0, 0.0], [24.0, 0.0], [24.0, 6.0], [8.0, 6.0], [8.0, 0.0]], [[8.0, -4.898425415289509e-16], [0.0, 4.898425415289509e-16], [0.0, -6.0], [7.999999999999999, -6.000000000000001], [8.0, -4.898425415289509e-16]], [[23.5, -8.0], [23.5, 0.0], [8.5, 1.7763568394002505e-15], [8.5, -7.999999999999999], [23.5, -8.0]], [[-8.0, 0.0], [-0.60699, -0.01199], [0.0, 6.0], [-8.0, 6.0], [-8.0, 0.0]], [[39.5, -1.0000000000000018], [24.32767, -1.5118199999999997], [22.52152, -6.84759], [39.5, -7.000000000000002], [39.5, -1.0000000000000018]]], "node_id": [0, 1, 2, 3, 4, 5, 6]}