{"corners": [[[0.13671, 0.212585], [8.13671, 0.212585], [8.13671, 6.212585], [0.13671, 6.212585], [0.13671, 0.212585]], [[0.28339, -5.723795], [8.28339, -5.723795], [8.28339, 0.276205], [0.28339, 0.276205], [0.28339, -5.723795]], [[8.308415, -5.689285000000001], [0.308415, -5.689285], [0.3084149999999982, -20.689285], [8.308414999999998, -20.689285], [8.308415, -5.689285000000001]], [[7.087049999999998, -28.678345], [7.087049999999999, -20.678345], [1.0870499999999992, -20.678345], [1.0870499999999983, -28.678345], [7.087049999999998, -28.678345]], [[1.4734749999999985, -21.541835], [-6.526525000000002, -21.541835], [-6.526525000000002, -27.541835], [1.4734749999999979, -27.541835], [1.4734749999999985, -21.541835]], [[-5.534759999999999, -5.8700849999999996], [-5.534760000000001, -21.870085], [0.4652399999999991, -21.870085], [0.46524000000000176, -5.870085000000001], [-5.534759999999999, -5.8700849999999996]], [[-5.9720650000000015, -27.697015], [-5.972065000000004, -43.697015], [0.02793499999999556, -43.697015], [0.027934999999998225, -27.697015], [-5.9720650000000015, -27.697015]]], "node_id": [0, 1, 2, 3, 4, 5, 6]}