{"corners": [[[0.069815, 0.28336], [8.069815, 0.28336], [8.069815, 6.28336], [0.069815, 6.28336], [0.069815, 0.28336]], [[23.23839, -0.732115000000001], [23.23839, 7.267884999999999], [8.23839, 7.267885000000001], [8.23839, -0.7321150000000001], [23.23839, -0.732115000000001]], [[8.107535, 0.3476449999999995], [0.107535, 0.3476450000000005], [0.10753499999999823, -14.652354999999998], [8.107534999999999, -14.652355], [8.107535, 0.3476449999999995]], [[23.09442, 7.149754999999999], [23.09442, -0.8502450000000009], [38.09442, -0.8502450000000045], [38.09442, 7.149754999999996], [23.09442, 7.149754999999999]], [[22.61981, 7.1334349999999995], [38.61981, 7.133434999999996], [38.61981, 13.133434999999997], [22.61981, 13.133435], [22.61981, 7.1334349999999995]]], "node_id": [0, 1, 2, 3, 4]}