{"corners": [[[0.0, 0.0], [7.61701, -0.11951], [7.61455, 15.388349999999999], [0.0, 15.0], [0.0, 0.0]], [[-3.500000000000001, 23.0], [-3.5000000000000004, 15.0], [11.5, 15.0], [11.5, 23.0], [-3.500000000000001, 23.0]], [[11.5, 27.0], [11.086470000000002, 11.1804], [16.74005, 11.18568], [17.5, 27.0], [11.5, 27.0]], [[11.5, 43.0], [11.279820000000003, 27.59783], [17.75012, 27.28419], [17.5, 43.0], [11.5, 43.0]], [[-2.4492127076447545e-16, 3.5], [-0.5144499999999997, 12.34542], [-5.999999999999999, 11.5], [-6.0, 3.5000000000000004], [-2.4492127076447545e-16, 3.5]], [[11.5, 11.0], [11.5, 3.0], [17.5, 3.0], [17.5, 11.0], [11.5, 11.0]], [[17.5, -0.5], [24.99667, -0.45962000000000003], [24.82958, 14.75266], [17.5, 14.5], [17.5, -0.5]]], "node_id": [0, 1, 2, 3, 4, 5, 6]}