{"corners": [[[0.0, 0.0], [16.0, 0.0], [16.0, 6.0], [0.0, 6.0], [0.0, 0.0]], [[-2.4492127076447545e-16, -1.0], [-0.6706799999999998, 6.40407], [-6.140039999999999, 7.1762], [-6.0, -0.9999999999999997], [-2.4492127076447545e-16, -1.0]], [[-5.9999999999999964, 23.0], [-5.779359999999999, 6.38728], [8.881784197001252e-16, 7.0], [3.552713678800501e-15, 23.0], [-5.9999999999999964, 23.0]], [[16.0, -4.5], [23.904420000000002, -4.92112], [24.0, 10.5], [16.0, 10.5], [16.0, -4.5]], [[-7.0, -7.0], [0.79996, -6.13892], [0.72665, -0.28979], [-7.0, -1.0], [-7.0, -7.0]], [[4.0, -15.0], [11.90971, -15.4753], [11.51965, -0.61911], [4.0, 0.0], [4.0, -15.0]], [[12.0, -10.5], [28.0, -10.5], [28.0, -4.5], [12.0, -4.5], [12.0, -10.5]]], "node_id": [0, 1, 2, 3, 4, 5, 6]}