{"corners": [[[0.0, 0.0], [15.39575, -0.26046], [16.0, 6.0], [0.0, 6.0], [0.0, 0.0]], [[-8.0, -4.5], [-0.13868, -4.64433], [0.0, 10.5], [-8.0, 10.5], [-8.0, -4.5]], [[12.0, -4.898425415289509e-16], [4.45455, 0.7429900000000005], [3.9999999999999982, -14.999999999999998], [11.999999999999998, -15.0], [12.0, -4.898425415289509e-16]], [[-8.0, -1.0], [-7.999999999999999, 7.0], [-14.0, 7.0], [-14.0, -0.9999999999999997], [-8.0, -1.0]], [[3.9999999999999947, -30.0], [11.334199999999996, -29.173770000000005], [11.999999999999998, -15.000000000000002], [3.9999999999999982, -15.0], [3.9999999999999947, -30.0]], [[-8.0, 7.0], [-7.3788599999999995, 14.46104], [-14.0, 15.0], [-14.0, 7.0], [-8.0, 7.0]], [[3.999999999999991, -45.0], [11.999999999999991, -45.0], [11.999999999999995, -30.0], [3.9999999999999947, -30.0], [3.999999999999991, -45.0]]], "node_id": [0, 1, 2, 3, 4, 5, 6]}