{"corners": [[[0.0, 0.0], [8.0, 0.0], [8.0, 6.0], [0.0, 6.0], [0.0, 0.0]], [[23.0, -1.0000000000000009], [23.0, 6.999999999999999], [8.0, 7.000000000000001], [8.0, -1.0], [23.0, -1.0000000000000009]], [[12.500000000000002, 15.0], [12.46148, 7.85238], [18.21832, 6.0134599999999985], [18.5, 14.999999999999998], [12.500000000000002, 15.0]], [[8.0, 12.0], [0.76519, 11.539640000000002], [0.0, 6.000000000000001], [7.999999999999999, 6.0], [8.0, 12.0]], [[12.500000000000004, 23.0], [12.089760000000002, 15.52365], [18.5, 14.999999999999998], [18.500000000000004, 23.0], [12.500000000000004, 23.0]], [[23.0, -8.881784197001252e-16], [31.0, -8.881784197001252e-16], [31.0, 5.999999999999999], [23.0, 5.999999999999999], [23.0, -8.881784197001252e-16]], [[12.0, 18.0], [-4.0, 18.000000000000004], [-4.0, 12.000000000000002], [12.0, 12.0], [12.0, 18.0]]], "node_id": [0, 1, 2, 3, 4, 5, 6]}