{"corners": [[[0.0, 0.0], [7.13574, 0.34865], [8.0, 15.0], [0.0, 15.0], [0.0, 0.0]], [[7.0, 15.0], [7.723190000000001, 31.64865], [0.3025900000000009, 30.39632], [1.0, 15.0], [7.0, 15.0]], [[8.0, 11.5], [8.71974, 2.90961], [23.0, 3.500000000000001], [23.0, 11.500000000000002], [8.0, 11.5]], [[23.0, 4.500000000000001], [30.89943, 3.911010000000001], [31.0, 10.5], [23.0, 10.5], [23.0, 4.500000000000001]], [[19.5, 26.5], [12.16828, 25.76862], [11.543500000000002, 11.95967], [19.500000000000004, 11.5], [19.5, 26.5]]], "node_id": [0, 1, 2, 3, 4]}