{"corners": [[[0.06335, 0.31357], [8.06335, 0.31357], [8.06335, 15.31357], [0.06335, 15.31357], [0.06335, 0.31357]], [[-3.52221, -5.708065], [12.47779, -5.708065], [12.47779, 0.291935], [-3.52221, 0.291935], [-3.52221, -5.708065]], [[12.364585, 1.364095], [12.364585, -6.635905], [27.364585, -6.635904999999999], [27.364585, 1.364095000000001], [12.364585, 1.364095]], [[-3.5529949999999997, 0.254545], [-19.552995, 0.25454500000000196], [-19.552995, -5.745454999999998], [-3.552995, -5.745455], [-3.5529949999999997, 0.254545]], [[0.16178500000000037, 10.879965], [-7.838215, 10.879965000000002], [-7.838215, 4.879965000000001], [0.16178499999999965, 4.879965], [0.16178500000000037, 10.879965]]], "node_id": [0, 1, 2, 3, 4]}