{"corners": [[[0.0, 0.0], [16.97025, -0.47828], [15.93772, 5.34846], [0.0, 6.0], [0.0, 0.0]], [[16.0, 11.0], [16.20091, -5.53486], [22.0, -5.0], [22.0, 11.0], [16.0, 11.0]], [[-6.0, 7.0], [-5.999999999999999, -1.0], [8.881784197001252e-16, -1.0], [0.0, 7.0], [-6.0, 7.0]], [[15.5, 5.999999999999999], [16.44126, 14.35082], [0.5, 14.0], [0.5, 6.0], [15.5, 5.999999999999999]], [[28.0, -5.0], [27.49068, 10.50826], [21.18241, 11.58736], [22.0, -5.0], [28.0, -5.0]], [[12.000000000000002, 29.0], [3.085970000000002, 29.21695], [4.0, 14.000000000000002], [12.0, 14.0], [12.000000000000002, 29.0]], [[11.0, -16.0], [10.221620000000001, 0.30962], [4.266120000000001, 0.97388], [5.0, -16.0], [11.0, -16.0]]], "node_id": [0, 1, 2, 3, 4, 5, 6]}