{"corners": [[[0.0, 0.0], [16.0, 0.0], [16.0, 6.0], [0.0, 6.0], [0.0, 0.0]], [[22.0, -5.0], [22.0, 11.0], [16.0, 11.0], [16.0, -5.0], [22.0, -5.0]], [[26.5, -13.0], [26.5, -5.0], [11.5, -4.999999999999998], [11.5, -12.999999999999998], [26.5, -13.0]], [[41.5, -13.0], [41.64228, -5.88167], [26.5, -4.999999999999998], [26.5, -12.999999999999998], [41.5, -13.0]], [[11.500000000000002, 19.0], [12.31796, 10.93814], [26.5, 10.999999999999996], [26.5, 18.999999999999996], [11.500000000000002, 19.0]], [[41.5, -12.0], [57.94283, -12.78921], [56.52646, -6.48687], [41.5, -6.0], [41.5, -12.0]], [[15.0, -28.0], [23.93272, -28.34959], [23.0, -13.0], [15.0, -13.0], [15.0, -28.0]]], "node_id": [0, 1, 2, 3, 4, 5, 6]}