{"corners": [[[0.0, 0.0], [7.95751, -0.3094], [8.0, 15.0], [0.0, 15.0], [0.0, 0.0]], [[24.0, 10.499999999999998], [8.33782, 10.84533], [8.0, 4.5], [24.0, 4.499999999999998], [24.0, 10.499999999999998]], [[-3.5, -4.592273826833915e-16], [-2.59636, -7.48758], [11.5, -8.0], [11.5, 4.592273826833915e-16], [-3.5, -4.592273826833915e-16]], [[-18.5, -1.7763568394002505e-15], [-18.5, -8.000000000000002], [-3.5, -8.0], [-3.5, -8.579020740334675e-16], [-18.5, -1.7763568394002505e-15]], [[-2.4492127076447545e-16, 3.5], [0.7428600000000002, 11.74527], [-5.042549999999999, 10.65188], [-6.0, 3.5000000000000004], [-2.4492127076447545e-16, 3.5]], [[-26.5, -7.000000000000002], [-18.5, -7.000000000000002], [-18.5, -1.0000000000000018], [-26.5, -1.0000000000000018], [-26.5, -7.000000000000002]], [[40.0, 10.499999999999996], [23.69154, 11.307489999999998], [24.0, 4.499999999999998], [40.0, 4.4999999999999964], [40.0, 10.499999999999996]]], "node_id": [0, 1, 2, 3, 4, 5, 6]}