{"corners": [[[0.0, 0.0], [8.21711, 0.11188], [8.0, 6.0], [0.0, 6.0], [0.0, 0.0]], [[23.0, -1.0000000000000009], [23.0, 6.999999999999999], [8.0, 7.000000000000001], [8.0, -1.0], [23.0, -1.0000000000000009]], [[-15.0, 6.999999999999999], [-14.33604, -1.9267000000000007], [0.10062, -0.59258], [0.0, 7.0], [-15.0, 6.999999999999999]], [[11.5, 6.999999999999999], [19.5, 6.999999999999999], [19.5, 13.0], [11.5, 13.0], [11.5, 6.999999999999999]], [[-4.5, 7.0], [12.12362, 6.73289], [11.5, 13.0], [-4.5, 13.0], [-4.5, 7.0]], [[23.5, -1.0000000000000013], [8.27472, -0.9719499999999993], [7.5, -7.0], [23.5, -7.000000000000002], [23.5, -1.0000000000000013]], [[19.5, -7.000000000000001], [11.5, -7.0], [11.5, -13.0], [19.5, -13.0], [19.5, -7.000000000000001]]], "node_id": [0, 1, 2, 3, 4, 5, 6]}