{"corners": [[[0.0, 0.0], [8.0, 0.0], [8.0, 15.0], [0.0, 15.0], [0.0, 0.0]], [[1.0, -1.836909530733566e-16], [0.7290200000000004, -8.91634], [7.000000000000001, -8.0], [7.0, 1.836909530733566e-16], [1.0, -1.836909530733566e-16]], [[0.0, 15.0], [7.93927, 14.28013], [8.0, 30.0], [0.0, 30.0], [0.0, 15.0]], [[15.0, -0.9999999999999987], [6.00054, -0.15515999999999963], [6.819700000000001, -6.66663], [15.0, -6.999999999999998], [15.0, -0.9999999999999987]], [[15.0, -11.499999999999998], [23.0, -11.499999999999998], [23.0, 3.5000000000000018], [15.0, 3.5000000000000018], [15.0, -11.499999999999998]], [[14.0, 18.5], [14.0, 26.5], [8.0, 26.5], [8.0, 18.5], [14.0, 18.5]], [[-3.500000000000001, 38.0], [-3.5000000000000004, 30.0], [11.5, 30.0], [11.5, 38.0], [-3.500000000000001, 38.0]]], "node_id": [0, 1, 2, 3, 4, 5, 6]}