{"corners": [[[0.0, 0.0], [16.0, 0.0], [16.0, 6.0], [0.0, 6.0], [0.0, 0.0]], [[0.5, -4.592273826833915e-16], [1.0496400000000006, -8.67211], [15.5, -8.0], [15.5, 4.592273826833915e-16], [0.5, -4.592273826833915e-16]], [[32.0, 5.999999999999998], [15.87065, 5.17397], [15.22169, 0.79345], [32.0, -1.7763568394002505e-15], [32.0, 5.999999999999998]], [[4.0, -23.0], [11.58663, -23.48484], [11.22725, -7.60856], [4.0, -8.0], [4.0, -23.0]], [[32.0, 11.999999999999998], [16.75105, 12.10586], [15.20371, 6.22612], [32.0, 5.999999999999998], [32.0, 11.999999999999998]], [[12.0, -23.0], [4.0436, -22.49869], [3.88677, -29.85039], [12.0, -29.0], [12.0, -23.0]], [[4.0, -12.5], [-12.0, -12.499999999999998], [-12.0, -18.5], [3.999999999999999, -18.5], [4.0, -12.5]]], "node_id": [0, 1, 2, 3, 4, 5, 6]}