{"corners": [[[0.0, 0.0], [16.0, 0.0], [16.0, 6.0], [0.0, 6.0], [0.0, 0.0]], [[16.0, -4.5], [24.0, -4.5], [24.0, 10.5], [16.0, 10.5], [16.0, -4.5]], [[-8.0, 0.0], [0.56841, 0.81044], [0.0, 6.0], [-8.0, 6.0], [-8.0, 0.0]], [[-7.000000000000001, 22.0], [-7.86449, 6.63078], [-1.0, 6.0], [-1.0000000000000009, 22.0], [-7.000000000000001, 22.0]], [[-1.0000000000000004, 22.0], [-1.9077999999999995, 5.73863], [5.0, 6.0], [5.0, 22.0], [-1.0000000000000004, 22.0]], [[-11.5, -4.592273826833915e-16], [-11.23448, -7.67057], [3.5, -8.0], [3.5, 4.592273826833915e-16], [-11.5, -4.592273826833915e-16]], [[-7.000000000000001, 21.5], [-15.29159, 20.78749], [-15.0, 6.499999999999998], [-6.999999999999999, 6.5], [-7.000000000000001, 21.5]]], "node_id": [0, 1, 2, 3, 4, 5, 6]}