{"corners": [[[0.437495, 0.01304], [8.437495, 0.01304], [8.437495, 15.01304], [0.437495, 15.01304], [0.437495, 0.01304]], [[8.2089, 0.1573799999999995], [0.2089, 0.1573800000000005], [0.2089, -5.84262], [8.2089, -5.842620000000001], [8.2089, 0.1573799999999995]], [[-3.52301, 15.485935], [12.47699, 15.485935], [12.47699, 21.485935], [-3.52301, 21.485935], [-3.52301, 15.485935]], [[12.171195, 27.413875], [-3.828805, 27.413875000000004], [-3.828805, 21.413875], [12.171195, 21.413875], [12.171195, 27.413875]], [[8.13325, 4.648135], [24.13325, 4.648135], [24.13325, 10.648135], [8.13325, 10.648135], [8.13325, 4.648135]], [[8.215129999999998, -5.6545000000000005], [0.2151299999999991, -5.6545], [0.21512999999999732, -20.6545], [8.215129999999997, -20.6545], [8.215129999999998, -5.6545000000000005]], [[20.14793, 21.14175], [12.14793, 21.14175], [12.14793, 15.14175], [20.14793, 15.14175], [20.14793, 21.14175]]], "node_id": [0, 1, 2, 3, 4, 5, 6]}