{"corners": [[[0.0, 0.0], [8.47354, -0.02853], [8.0, 15.0], [0.0, 15.0], [0.0, 0.0]], [[-3.500000000000001, 23.0], [-3.5000000000000004, 15.0], [11.5, 15.0], [11.5, 23.0], [-3.500000000000001, 23.0]], [[-4.000000000000001, 23.0], [12.0, 23.0], [12.0, 29.0], [-4.000000000000001, 29.0], [-4.000000000000001, 23.0]], [[-4.000000000000001, 29.0], [-11.55241, 29.77234], [-12.0, 23.0], [-4.000000000000002, 23.0], [-4.000000000000001, 29.0]], [[8.0, 4.5], [24.0, 4.5], [24.0, 10.5], [8.0, 10.5], [8.0, 4.5]], [[-2.4492127076447545e-16, 3.5], [2.4492127076447545e-16, 11.5], [-5.999999999999999, 11.5], [-6.0, 3.5000000000000004], [-2.4492127076447545e-16, 3.5]], [[-18.0, 30.0], [-18.46166, 21.91394], [-12.381600000000002, 21.44303], [-12.0, 30.0], [-18.0, 30.0]]], "node_id": [0, 1, 2, 3, 4, 5, 6]}