{"corners": [[[0.0, 0.0], [7.44253, -0.88791], [8.0, 15.0], [0.0, 15.0], [0.0, 0.0]], [[9.18454765366783e-16, 15.0], [-7.999999999999999, 15.000000000000002], [-8.0, 1.7763568394002505e-15], [-9.18454765366783e-16, 0.0], [9.18454765366783e-16, 15.0]], [[16.0, 15.0], [8.38872, 15.087740000000002], [7.999999999999998, 1.7763568394002505e-15], [15.999999999999998, 0.0], [16.0, 15.0]], [[15.999999999999998, 4.5], [32.12294, 3.6535899999999963], [31.56925, 10.955199999999996], [16.0, 10.5], [15.999999999999998, 4.5]], [[15.999999999999998, -4.898425415289509e-16], [7.999999999999998, 4.898425415289509e-16], [7.9999999999999964, -14.999999999999998], [15.999999999999996, -15.0], [15.999999999999998, -4.898425415289509e-16]], [[-7.999999999999999, 15.000000000000002], [0.6107900000000009, 14.96657], [0.5656600000000027, 20.94496], [-7.999999999999997, 21.0], [-7.999999999999999, 15.000000000000002]], [[4.440892098500626e-15, 27.0], [-7.999999999999996, 27.000000000000004], [-7.999999999999997, 21.000000000000004], [2.236600661620347e-15, 21.0], [4.440892098500626e-15, 27.0]]], "node_id": [0, 1, 2, 3, 4, 5, 6]}