{"corners": [[[0.441695, 0.191225], [8.441695, 0.191225], [8.441695, 15.191225], [0.441695, 15.191225], [0.441695, 0.191225]], [[0.10411000000000091, 15.33596], [-7.895889999999999, 15.335960000000002], [-7.89589, 0.33596000000000176], [0.10410999999999908, 0.33596], [0.10411000000000091, 15.33596]], [[16.402925, 15.34718], [8.402925, 15.347180000000002], [8.402924999999998, 0.34718000000000176], [16.402925, 0.34718], [16.402925, 15.34718]], [[16.271935, 4.873225], [32.271935, 4.873224999999996], [32.271935, 10.873224999999996], [16.271935, 10.873225], [16.271935, 4.873225]], [[16.456964999999997, 0.2086749999999995], [8.456964999999999, 0.2086750000000005], [8.456964999999997, -14.791324999999999], [16.456964999999997, -14.791325], [16.456964999999997, 0.2086749999999995]], [[-7.764414999999999, 15.213865000000002], [0.23558500000000088, 15.213865], [0.23558500000000265, 21.213865], [-7.764414999999997, 21.213865], [-7.764414999999999, 15.213865000000002]], [[0.37301000000000445, 27.061665], [-7.626989999999996, 27.061665000000005], [-7.6269899999999975, 21.061665000000005], [0.37301000000000223, 21.061665], [0.37301000000000445, 27.061665]]], "node_id": [0, 1, 2, 3, 4, 5, 6]}