{"corners": [[[0.0, 0.0], [8.0, 0.0], [8.0, 15.0], [0.0, 15.0], [0.0, 0.0]], [[0.0, -15.0], [8.92501, -15.94408], [8.05627, -0.36701], [0.0, 0.0], [0.0, -15.0]], [[23.0, 3.499999999999999], [23.0, 11.5], [8.0, 11.5], [8.0, 3.5], [23.0, 3.499999999999999]], [[8.0, -3.5], [8.0, -11.5], [23.0, -11.5], [23.0, -3.499999999999999], [8.0, -3.5]], [[12.500000000000002, 19.5], [11.524000000000001, 11.46802], [18.5, 11.499999999999998], [18.5, 19.5], [12.500000000000002, 19.5]], [[7.0, -23.0], [7.182740000000001, -14.86324], [0.25413000000000086, -15.35097], [1.0, -23.0], [7.0, -23.0]], [[3.673819061467132e-16, -4.5], [-15.40989, -5.175889999999998], [-16.19696, -10.987699999999998], [-3.673819061467132e-16, -10.5], [3.673819061467132e-16, -4.5]]], "node_id": [0, 1, 2, 3, 4, 5, 6]}