{"corners": [[[0.0, 0.0], [7.40339, -0.22334], [8.0, 6.0], [0.0, 6.0], [0.0, 0.0]], [[8.0, -4.5], [15.76795, -5.38079], [15.67957, 11.085139999999999], [8.0, 10.5], [8.0, -4.5]], [[8.000000000000002, 21.0], [0.022900000000001777, 20.40498], [0.28355, 6.894120000000002], [8.0, 6.0], [8.000000000000002, 21.0]], [[-2.4492127076447545e-16, -1.0], [-0.17119999999999974, 7.71137], [-5.125439999999999, 7.74908], [-6.0, -0.9999999999999997], [-2.4492127076447545e-16, -1.0]], [[-11.0, -7.0], [5.0, -7.0], [5.0, -1.0], [-11.0, -1.0], [-11.0, -7.0]], [[-14.0, 0.0], [-6.0, 0.0], [-6.0, 6.0], [-14.0, 6.0], [-14.0, 0.0]], [[8.0, 10.5], [15.67959, 10.45802], [16.0, 16.5], [8.0, 16.5], [8.0, 10.5]]], "node_id": [0, 1, 2, 3, 4, 5, 6]}