{"corners": [[[0.26387, 0.14179], [16.26387, 0.14179], [16.26387, 6.14179], [0.26387, 6.14179], [0.26387, 0.14179]], [[-5.813475000000001, 11.1377], [-5.813475, -4.8623], [0.186525, -4.8623], [0.1865249999999991, 11.1377], [-5.813475000000001, 11.1377]], [[-5.512610000000002, 19.38431], [-5.5126100000000005, 11.38431], [0.4873899999999991, 11.38431], [0.4873899999999982, 19.38431], [-5.512610000000002, 19.38431]], [[0.23224999999999912, -20.88943], [0.2322500000000001, -4.88943], [-5.76775, -4.88943], [-5.767750000000001, -20.88943], [0.23224999999999912, -20.88943]], [[0.041739999999999604, -15.850185], [8.04174, -15.850185], [8.04174, -9.850185], [0.041739999999999604, -9.850185], [0.041739999999999604, -15.850185]], [[8.03509, -3.700425000000001], [0.03509, -3.700425], [0.03509, -9.700425], [8.035089999999999, -9.700425], [8.03509, -3.700425000000001]], [[0.18772499999999823, 19.000135], [0.1877249999999992, 35.000135], [-5.8122750000000005, 35.000135], [-5.812275000000001, 19.000135], [0.18772499999999823, 19.000135]]], "node_id": [0, 1, 2, 3, 4, 5, 6]}