{"corners": [[[0.0, 0.0], [7.04223, -0.94531], [8.0, 6.0], [0.0, 6.0], [0.0, 0.0]], [[7.0, 6.0], [7.000000000000001, 22.0], [1.0000000000000009, 22.0], [1.0, 6.0], [7.0, 6.0]], [[24.0, 5.999999999999998], [8.86144, 5.80783], [8.0, 0.0], [24.0, -1.7763568394002505e-15], [24.0, 5.999999999999998]], [[7.000000000000001, 6.5], [15.27528, 5.85455], [15.90441, 22.25934], [7.000000000000001, 21.5], [7.000000000000001, 6.5]], [[13.0, -3.3710556048005547e-16], [13.329869999999998, -8.85393], [18.55072, -7.442430000000002], [19.0, -1.439251278920195e-15], [13.0, -3.3710556048005547e-16]], [[3.673819061467132e-16, 6.0], [-8.21605, 5.5856900000000005], [-7.64373, -0.2117799999999991], [-3.673819061467132e-16, 0.0], [3.673819061467132e-16, 6.0]], [[-16.0, 2.6645352591003757e-15], [-8.0, 7.051650929845721e-16], [-7.999999999999998, 6.000000000000001], [-15.999999999999998, 6.000000000000003], [-16.0, 2.6645352591003757e-15]]], "node_id": [0, 1, 2, 3, 4, 5, 6]}