{"corners": [[[0.0, 0.0], [7.78606, -0.03045], [8.0, 15.0], [0.0, 15.0], [0.0, 0.0]], [[0.9999999999999991, 31.0], [0.33535000000000004, 15.64569], [6.48016, 14.6138], [6.999999999999999, 31.0], [0.9999999999999991, 31.0]], [[8.0, 11.5], [7.9455, 3.88063], [14.0, 3.5], [14.0, 11.5], [8.0, 11.5]], [[-8.0, 4.5], [0.07081, 4.93625], [0.0, 10.5], [-8.0, 10.5], [-8.0, 4.5]], [[0.9999999999999982, 47.0], [0.36384999999999923, 30.50246], [6.999999999999999, 31.0], [6.999999999999998, 47.0], [0.9999999999999982, 47.0]], [[14.0, -12.5], [14.642510000000001, 3.38027], [8.0, 3.5], [8.0, -12.5], [14.0, -12.5]], [[-14.0, 15.5], [-14.936159999999997, 0.048960000000000004], [-7.999999999999999, -0.5], [-8.0, 15.5], [-14.0, 15.5]]], "node_id": [0, 1, 2, 3, 4, 5, 6]}