{"corners": [[[0.0, 0.0], [8.0, 0.0], [8.0, 15.0], [0.0, 15.0], [0.0, 0.0]], [[-8.0, 4.5], [0.17418, 4.83817], [-0.07349, 10.76361], [-8.0, 10.5], [-8.0, 4.5]], [[0.0, -6.0], [7.95965, -6.71429], [8.44235, -0.73988], [0.0, 0.0], [0.0, -6.0]], [[9.18454765366783e-16, 4.5], [-8.8591, 5.149770000000001], [-8.0, -10.499999999999998], [-9.18454765366783e-16, -10.5], [9.18454765366783e-16, 4.5]], [[8.0, -10.5], [15.51301, -9.67069], [16.03016, 5.22147], [8.0, 4.5], [8.0, -10.5]]], "node_id": [0, 1, 2, 3, 4]}