{"corners": [[[0.0, 0.0], [8.03504, 0.33016], [8.0, 6.0], [0.0, 6.0], [0.0, 0.0]], [[14.0, -5.0], [14.188370000000003, 10.04448], [8.0, 11.0], [8.0, -5.0], [14.0, -5.0]], [[9.18454765366783e-16, 10.5], [-7.999999999999999, 10.500000000000002], [-8.0, -4.499999999999998], [-9.18454765366783e-16, -4.5], [9.18454765366783e-16, 10.5]], [[14.0, 0.0], [22.0, 0.0], [22.0, 6.0], [14.0, 6.0], [14.0, 0.0]], [[7.0, 11.0], [15.44606, 10.60357], [14.61335, 25.115380000000002], [7.0, 26.0], [7.0, 11.0]], [[21.0, 6.0], [21.13594, 22.46871], [15.0, 22.0], [15.0, 6.0], [21.0, 6.0]], [[21.0, -16.0], [20.91697, 0.06726], [15.3467, -0.58985], [15.0, -16.0], [21.0, -16.0]]], "node_id": [0, 1, 2, 3, 4, 5, 6]}