{"corners": [[[0.0, 0.0], [16.0, 0.0], [16.0, 6.0], [0.0, 6.0], [0.0, 0.0]], [[22.0, -5.0], [22.0, 11.0], [16.0, 11.0], [16.0, -5.0], [22.0, -5.0]], [[0.0, -6.0], [16.56419, -6.26965], [15.27318, -0.70105], [0.0, 0.0], [0.0, -6.0]], [[30.0, 10.5], [22.0, 10.500000000000002], [22.0, -4.499999999999998], [29.999999999999996, -4.5], [30.0, 10.5]], [[-15.0, 0.9999999999999991], [-15.34042, -6.149040000000001], [0.0, -7.0], [0.0, 1.0], [-15.0, 0.9999999999999991]]], "node_id": [0, 1, 2, 3, 4]}