{"corners": [[[0.0, 0.0], [16.0, 0.0], [16.0, 6.0], [0.0, 6.0], [0.0, 0.0]], [[-2.4492127076447545e-16, -1.0], [0.3163600000000002, 7.18868], [-5.999999999999999, 7.0], [-6.0, -0.9999999999999997], [-2.4492127076447545e-16, -1.0]], [[16.0, -4.5], [24.0, -4.5], [24.0, 10.5], [16.0, 10.5], [16.0, -4.5]], [[27.5, -12.5], [27.25965, -5.36598], [12.5, -4.499999999999998], [12.5, -12.499999999999998], [27.5, -12.5]], [[0.0, 7.0], [0.473980000000001, 23.43506], [-5.999999999999999, 23.0], [-6.0, 7.0], [0.0, 7.0]], [[12.5, -5.5], [-3.5, -5.499999999999998], [-3.5, -11.499999999999998], [12.5, -11.5], [12.5, -5.5]], [[27.5, -4.5], [28.00975, -12.47712], [32.64527, -11.898360000000002], [33.5, -4.500000000000001], [27.5, -4.5]]], "node_id": [0, 1, 2, 3, 4, 5, 6]}