{"corners": [[[0.0, 0.0], [8.74343, 0.84738], [8.0, 6.0], [0.0, 6.0], [0.0, 0.0]], [[11.5, 5.999999999999999], [12.322, 13.52418], [-3.65558, 14.65535], [-3.5, 6.0], [11.5, 5.999999999999999]], [[1.0, -1.836909530733566e-16], [1.0000000000000004, -8.0], [7.000000000000001, -8.0], [7.0, 1.836909530733566e-16], [1.0, -1.836909530733566e-16]], [[8.0, -7.999999999999999], [0.0, -8.0], [1.7763568394002505e-15, -23.0], [8.000000000000002, -23.0], [8.0, -7.999999999999999]], [[3.673819061467132e-16, 6.0], [-8.0, 6.000000000000001], [-8.0, 8.881784197001252e-16], [-3.673819061467132e-16, 0.0], [3.673819061467132e-16, 6.0]], [[-14.0, -8.881784197001252e-16], [-13.97059, -7.75037], [1.0, -8.0], [1.0, 3.027634566665771e-17], [-14.0, -8.881784197001252e-16]], [[-3.4999999999999996, 13.0], [-10.96266, 12.314180000000002], [-10.58618, 6.869270000000001], [-3.5000000000000004, 7.0], [-3.4999999999999996, 13.0]]], "node_id": [0, 1, 2, 3, 4, 5, 6]}