{"corners": [[[0.0, 0.0], [16.0, 0.0], [16.0, 6.0], [0.0, 6.0], [0.0, 0.0]], [[16.0, -4.5], [24.14548, -4.40992], [24.0, 10.5], [16.0, 10.5], [16.0, -4.5]], [[24.0, -4.5], [32.2445, -3.66724], [31.22086, 10.06962], [24.0, 10.5], [24.0, -4.5]], [[-2.4492127076447545e-16, -1.0], [2.4492127076447545e-16, 7.0], [-5.999999999999999, 7.0], [-6.0, -0.9999999999999997], [-2.4492127076447545e-16, -1.0]], [[12.0, -4.898425415289509e-16], [4.30684, 0.5617500000000004], [3.9999999999999982, -14.999999999999998], [11.999999999999998, -15.0], [12.0, -4.898425415289509e-16]], [[-2.000000000000001, -3.499999999999999], [-2.000000000000002, -11.5], [3.9999999999999973, -11.5], [3.999999999999999, -3.5], [-2.000000000000001, -3.499999999999999]], [[23.0, 10.5], [23.0, 26.5], [17.0, 26.5], [17.0, 10.5], [23.0, 10.5]]], "node_id": [0, 1, 2, 3, 4, 5, 6]}