{"corners": [[[0.429255, 0.313875], [8.429255, 0.313875], [8.429255, 6.313875], [0.429255, 6.313875], [0.429255, 0.313875]], [[8.12866, 0.08981999999999951], [0.12866, 0.08982000000000048], [0.12866, -5.91018], [8.12866, -5.910180000000001], [8.12866, 0.08981999999999951]], [[8.24751, 0.405125], [24.24751, 0.405125], [24.24751, 6.405125], [8.24751, 6.405125], [8.24751, 0.405125]], [[8.462055, 6.043915], [24.462055, 6.043915], [24.462055, 12.043915], [8.462055, 12.043915], [8.462055, 6.043915]], [[30.17423, 5.467605], [30.17423, 13.467605], [24.17423, 13.467605], [24.17423, 5.467605], [30.17423, 5.467605]]], "node_id": [0, 1, 2, 3, 4]}