{"corners": [[[0.0, 0.0], [16.64023, 0.25359], [15.39691, 5.22712], [0.0, 6.0], [0.0, 0.0]], [[16.0, -9.796850830579018e-16], [0.0, 9.796850830579018e-16], [0.0, -5.999999999999999], [16.0, -6.000000000000001], [16.0, -9.796850830579018e-16]], [[16.0, 0.0], [24.75497, 0.4812], [24.884900000000002, 5.12759], [16.0, 6.0], [16.0, 0.0]], [[-8.0, -4.5], [0.26878, -4.8889], [-0.58642, 11.08324], [-8.0, 10.5], [-8.0, -4.5]], [[5.0, 14.0], [5.000000000000001, 6.0], [11.0, 6.0], [11.0, 14.0], [5.0, 14.0]], [[3.5, 10.5], [2.5710200000000003, 18.53843], [-11.5, 18.5], [-11.5, 10.500000000000002], [3.5, 10.5]], [[-11.5, 17.5], [-27.52328, 18.105190000000004], [-27.5, 11.500000000000002], [-11.5, 11.5], [-11.5, 17.5]]], "node_id": [0, 1, 2, 3, 4, 5, 6]}