{"corners": [[[0.0, 0.0], [16.99896, -0.9403], [16.56898, 5.59016], [0.0, 6.0], [0.0, 0.0]], [[4.999999999999999, 22.0], [4.73817, 5.90948], [10.30352, 5.83585], [11.0, 22.0], [4.999999999999999, 22.0]], [[5.0, 10.0], [5.000000000000001, 18.0], [-10.0, 18.0], [-10.0, 10.000000000000002], [5.0, 10.0]], [[16.0, 0.0], [23.90631, 0.76984], [23.37169, 5.34234], [16.0, 6.0], [16.0, 0.0]], [[3.673819061467132e-16, 6.0], [-8.310130000000001, 6.677150000000001], [-8.80543, 0.4773500000000009], [-3.673819061467132e-16, 0.0], [3.673819061467132e-16, 6.0]], [[-26.0, 11.0], [-10.55428, 11.81489], [-9.14068, 16.40696], [-26.0, 17.0], [-26.0, 11.0]], [[4.0, -15.0], [12.0, -15.0], [12.0, 0.0], [4.0, 0.0], [4.0, -15.0]]], "node_id": [0, 1, 2, 3, 4, 5, 6]}