{"corners": [[[0.48206, 0.32164], [8.48206, 0.32164], [8.48206, 15.32164], [0.48206, 15.32164], [0.48206, 0.32164]], [[0.36165, 15.01544], [8.361650000000001, 15.01544], [8.361650000000001, 21.01544], [0.36165, 21.01544], [0.36165, 15.01544]], [[-3.3589, 0.08751999999999954], [-3.3588999999999993, -7.91248], [11.6411, -7.91248], [11.6411, 0.08752000000000046], [-3.3589, 0.08751999999999954]], [[-7.74596, 15.47535], [0.25404, 15.47535], [0.25404, 21.47535], [-7.74596, 21.47535], [-7.74596, 15.47535]], [[1.4597749999999996, 29.362945], [1.459775, 21.362945], [7.459775, 21.362945], [7.459775, 29.362945], [1.4597749999999996, 29.362945]], [[-7.82968, 0.478825], [0.17032, 0.478825], [0.17032, 15.478825], [-7.82968, 15.478825], [-7.82968, 0.478825]], [[8.284519999999999, 26.313385], [8.28452, 10.313385], [14.28452, 10.313385], [14.28452, 26.313385], [8.284519999999999, 26.313385]]], "node_id": [0, 1, 2, 3, 4, 5, 6]}