{"corners": [[[0.0, 0.0], [7.27255, 0.23013], [8.0, 6.0], [0.0, 6.0], [0.0, 0.0]], [[11.5, -8.0], [11.98076, -0.08053], [-3.7757, -0.07184999999999822], [-3.5, -7.999999999999999], [11.5, -8.0]], [[8.0, -8.0], [-0.43169, -7.7274199999999995], [0.023449999999998222, -23.513], [7.999999999999998, -23.0], [8.0, -8.0]], [[-4.0000000000000036, -29.0], [11.712319999999997, -29.245280000000005], [11.999999999999996, -23.000000000000004], [-4.000000000000002, -23.0], [-4.0000000000000036, -29.0]], [[7.9999999999999964, -29.000000000000004], [-3.552713678800501e-15, -29.0], [-8.881784197001252e-15, -44.0], [7.999999999999991, -44.0], [7.9999999999999964, -29.000000000000004]], [[-16.000000000000007, -39.49999999999999], [-7.105427357601002e-15, -39.5], [-3.552713678800501e-15, -33.5], [-16.000000000000004, -33.49999999999999], [-16.000000000000007, -39.49999999999999]], [[22.999999999999993, -40.50000000000001], [22.667899999999996, -31.881000000000007], [7.999999999999995, -32.5], [7.999999999999993, -40.5], [22.999999999999993, -40.50000000000001]]], "node_id": [0, 1, 2, 3, 4, 5, 6]}