{"corners": [[[0.0, 0.0], [16.0, 0.0], [16.0, 6.0], [0.0, 6.0], [0.0, 0.0]], [[16.0, 7.0], [16.36378, -0.92514], [31.58573, -0.7779399999999991], [31.0, 7.000000000000001], [16.0, 7.0]], [[9.18454765366783e-16, 10.5], [-7.999999999999999, 10.500000000000002], [-8.0, -4.499999999999998], [-9.18454765366783e-16, -4.5], [9.18454765366783e-16, 10.5]], [[-8.0, 6.000000000000001], [-23.08465, 5.305410000000003], [-24.49282, -0.5518599999999974], [-8.0, 8.881784197001252e-16], [-8.0, 6.000000000000001]], [[4.999999999999999, 22.0], [5.35451, 5.96614], [11.83762, 5.66593], [11.0, 22.0], [4.999999999999999, 22.0]], [[27.0, 17.0], [11.69979, 17.630729999999996], [11.0, 10.999999999999998], [27.0, 11.0], [27.0, 17.0]], [[-13.0, 6.000000000000002], [-12.05908, 14.214610000000002], [-19.0, 14.000000000000002], [-19.0, 6.000000000000002], [-13.0, 6.000000000000002]]], "node_id": [0, 1, 2, 3, 4, 5, 6]}