{"corners": [[[0.083965, 0.03996], [8.083965, 0.03996], [8.083965, 6.03996], [0.083965, 6.03996], [0.083965, 0.03996]], [[8.313775, 12.27158], [0.313775, 12.271580000000002], [0.313775, 6.271580000000001], [8.313775, 6.27158], [8.313775, 12.27158]], [[8.04218, -4.333115], [16.04218, -4.333115], [16.04218, 10.666885], [8.04218, 10.666885], [8.04218, -4.333115]], [[-3.092484999999998, 20.465575], [-3.0924849999999995, 12.465575], [11.907515, 12.465574999999996], [11.907515000000002, 20.465574999999998], [-3.092484999999998, 20.465575]], [[-3.3480050000000006, 12.01784], [-3.348004999999998, 20.01784], [-9.348004999999999, 20.01784], [-9.348005, 12.017840000000001], [-3.3480050000000006, 12.01784]], [[11.606760000000001, 20.464039999999997], [11.60676, 12.464039999999997], [17.60676, 12.464039999999995], [17.60676, 20.464039999999997], [11.606760000000001, 20.464039999999997]], [[-9.350125000000002, 12.1047], [-9.350125, 20.1047], [-24.350125, 20.10470000000001], [-24.350125, 12.104700000000005], [-9.350125000000002, 12.1047]]], "node_id": [0, 1, 2, 3, 4, 5, 6]}