{"corners": [[[0.0, 0.0], [16.66834, -0.27357], [16.0, 6.0], [0.0, 6.0], [0.0, 0.0]], [[3.673819061467132e-16, 6.0], [-16.1948, 5.400380000000002], [-15.86064, 0.26230000000000175], [-3.673819061467132e-16, 0.0], [3.673819061467132e-16, 6.0]], [[16.0, 7.0], [16.0, -1.0], [31.0, -0.9999999999999991], [31.0, 7.000000000000001], [16.0, 7.0]], [[-11.0, 1.439251278920195e-15], [-10.851480000000002, -7.731769999999998], [-5.012360000000002, -8.84743], [-5.0, 3.3710556048005547e-16], [-11.0, 1.439251278920195e-15]], [[31.0, 11.0], [31.55391, -5.31667], [36.50796, -5.17767], [37.0, 11.0], [31.0, 11.0]]], "node_id": [0, 1, 2, 3, 4]}