{"corners": [[[0.0, 0.0], [7.22193, 0.2949], [7.40037, 14.95131], [0.0, 15.0], [0.0, 0.0]], [[8.0, 11.5], [8.6025, 2.69728], [23.64038, 3.877560000000001], [23.0, 11.500000000000002], [8.0, 11.5]], [[-6.000000000000001, 15.5], [-5.03443, -1.2907], [-0.82896, -0.78091], [-8.881784197001252e-16, 15.5], [-6.000000000000001, 15.5]], [[0.0, -6.0], [8.0, -6.0], [8.0, 0.0], [0.0, 0.0], [0.0, -6.0]], [[7.0, 15.0], [7.9999400000000005, 23.39242], [1.0000000000000009, 23.0], [1.0, 15.0], [7.0, 15.0]], [[7.000000000000001, 23.0], [7.066659999999999, 14.91965], [22.80231, 15.307989999999997], [22.0, 22.999999999999996], [7.000000000000001, 23.0]], [[8.0, -6.000000000000001], [-0.0853, -6.58143], [-0.61385, -12.42468], [7.999999999999999, -12.0], [8.0, -6.000000000000001]]], "node_id": [0, 1, 2, 3, 4, 5, 6]}