{"corners": [[[0.0, 0.0], [7.52951, 0.64675], [8.0, 15.0], [0.0, 15.0], [0.0, 0.0]], [[-8.0, 0.0], [0.0, 0.0], [0.0, 15.0], [-8.0, 15.0], [-8.0, 0.0]], [[0.0, -15.0], [8.59845, -14.90042], [7.8533100000000005, 0.04838], [0.0, 0.0], [0.0, -15.0]], [[8.0, -15.0], [0.0, -14.999999999999998], [0.0, -21.0], [7.999999999999999, -21.0], [8.0, -15.0]], [[-2.6645352591003757e-15, -27.0], [7.699379999999997, -27.431840000000005], [7.100209999999999, -21.38811], [-1.195007634513523e-15, -21.0], [-2.6645352591003757e-15, -27.0]], [[-7.0, -1.836909530733566e-16], [-7.002109999999999, -7.50029], [-0.20507999999999915, -7.10638], [-1.0, 1.836909530733566e-16], [-7.0, -1.836909530733566e-16]], [[24.0, 10.499999999999998], [7.41802, 10.07496], [8.53452, 4.5922], [24.0, 4.499999999999998], [24.0, 10.499999999999998]]], "node_id": [0, 1, 2, 3, 4, 5, 6]}