{"corners": [[[0.0, 0.0], [16.64747, -0.32776], [16.0, 6.0], [0.0, 6.0], [0.0, 0.0]], [[12.0, -4.898425415289509e-16], [3.95608, 0.6562600000000004], [3.10209, -6.37209], [12.0, -6.000000000000001], [12.0, -4.898425415289509e-16]], [[22.0, -1.0], [22.78972, 6.94855], [15.67667, 7.87669], [16.0, -0.9999999999999997], [22.0, -1.0]], [[38.0, 5.999999999999998], [21.9732, 6.74326], [22.53868, -0.08975], [38.0, -1.7763568394002505e-15], [38.0, 5.999999999999998]], [[33.0, 5.999999999999999], [33.91109, 21.1924], [26.70767, 22.08331], [27.0, 5.999999999999999], [33.0, 5.999999999999999]], [[9.18454765366783e-16, 10.5], [-7.804079999999999, 10.831510000000002], [-8.0, -4.499999999999998], [-9.18454765366783e-16, -4.5], [9.18454765366783e-16, 10.5]], [[26.0, -6.0], [33.23478, -5.820840000000001], [34.0, -1.7763568394002505e-15], [26.0, 0.0], [26.0, -6.0]]], "node_id": [0, 1, 2, 3, 4, 5, 6]}