{"corners": [[[0.0, 0.0], [8.83751, 0.25698], [7.21488, 5.14269], [0.0, 6.0], [0.0, 0.0]], [[1.0, -1.836909530733566e-16], [1.1605000000000005, -8.05297], [7.000000000000001, -8.0], [7.0, 1.836909530733566e-16], [1.0, -1.836909530733566e-16]], [[8.000000000000002, 21.0], [-0.16260999999999823, 21.00826], [0.87927, 5.789090000000002], [8.0, 6.0], [8.000000000000002, 21.0]], [[8.0, -7.999999999999999], [0.01738, -8.29075], [0.5942500000000017, -22.3061], [8.000000000000002, -23.0], [8.0, -7.999999999999999]], [[-2.4492127076447545e-16, 9.5], [2.4492127076447545e-16, 17.5], [-15.0, 17.5], [-15.0, 9.500000000000002], [-2.4492127076447545e-16, 9.5]], [[7.0, 4.440892098500626e-16], [6.399170000000001, -7.11159], [22.0, -7.999999999999998], [22.0, 1.3625439752168456e-15], [7.0, 4.440892098500626e-16]], [[-8.0, 0.0], [0.0, 0.0], [0.0, 6.0], [-8.0, 6.0], [-8.0, 0.0]]], "node_id": [0, 1, 2, 3, 4, 5, 6]}