{"corners": [[[0.0, 0.0], [15.0021, 0.37227], [16.65019, 5.04741], [0.0, 6.0], [0.0, 0.0]], [[-15.0, 6.999999999999999], [-15.37763, -0.1649300000000009], [-0.74507, -1.04669], [0.0, 7.0], [-15.0, 6.999999999999999]], [[-30.0, 6.999999999999998], [-30.22652, -1.0937600000000018], [-15.34139, -1.964520000000001], [-15.0, 6.999999999999999], [-30.0, 6.999999999999998]], [[-30.0, -5.000000000000002], [-30.0, 10.999999999999998], [-36.0, 10.999999999999998], [-36.0, -5.000000000000002], [-30.0, -5.000000000000002]], [[-19.5, -17.0], [-18.73026, -1.02536], [-25.5, -1.0], [-25.5, -17.0], [-19.5, -17.0]]], "node_id": [0, 1, 2, 3, 4]}