{"corners": [[[0.0, 0.0], [8.85267, -0.37448], [8.0, 15.0], [0.0, 15.0], [0.0, 0.0]], [[6.999999999999999, -16.0], [6.26849, 0.22412], [1.4003700000000001, 0.36749], [0.9999999999999991, -16.0], [6.999999999999999, -16.0]], [[0.9999999999999998, -12.0], [1.0000000000000002, -4.0], [-14.0, -3.9999999999999982], [-14.0, -11.999999999999998], [0.9999999999999998, -12.0]], [[-22.0, -11.0], [-13.93011, -11.39848], [-14.0, -5.0], [-22.0, -5.0], [-22.0, -11.0]], [[16.0, 10.5], [7.03673, 9.948640000000001], [8.37669, 5.260000000000001], [16.0, 4.5], [16.0, 10.5]], [[-10.5, -27.0], [-1.6134, -26.02882], [-2.5, -12.0], [-10.5, -12.0], [-10.5, -27.0]], [[12.0, 21.0], [-3.78026, 20.710960000000004], [-4.0, 15.000000000000002], [12.0, 15.0], [12.0, 21.0]]], "node_id": [0, 1, 2, 3, 4, 5, 6]}