{"corners": [[[0.0, 0.0], [7.1190999999999995, 0.73701], [8.67488, 14.84101], [0.0, 15.0], [0.0, 0.0]], [[-3.5, -4.592273826833915e-16], [-3.4999999999999996, -8.0], [11.5, -8.0], [11.5, 4.592273826833915e-16], [-3.5, -4.592273826833915e-16]], [[12.0, 21.0], [-4.0, 21.000000000000004], [-4.0, 15.000000000000002], [12.0, 15.0], [12.0, 21.0]], [[12.0, 22.0], [11.753209999999997, 14.79632], [18.0, 13.999999999999998], [18.0, 22.0], [12.0, 22.0]], [[-4.0, 14.0], [-3.9999999999999996, 22.0], [-19.0, 22.0], [-19.0, 14.000000000000002], [-4.0, 14.0]], [[-14.499999999999998, 30.0], [-13.72822, 22.4187], [-8.5, 22.0], [-8.499999999999998, 30.0], [-14.499999999999998, 30.0]], [[-8.5, -2.0], [-8.499999999999998, 14.0], [-14.5, 14.0], [-14.5, -1.9999999999999996], [-8.5, -2.0]]], "node_id": [0, 1, 2, 3, 4, 5, 6]}