{"corners": [[[0.0, 0.0], [7.74749, 0.25929], [8.0, 15.0], [0.0, 15.0], [0.0, 0.0]], [[8.0, 21.0], [0.0, 21.0], [0.0, 15.0], [7.999999999999999, 15.0], [8.0, 21.0]], [[-8.0, 0.0], [-0.10905, 0.61307], [0.0, 15.0], [-8.0, 15.0], [-8.0, 0.0]], [[7.999999999999998, 10.5], [16.707289999999997, 10.999379999999999], [16.85059, 25.36987], [8.000000000000002, 25.5], [7.999999999999998, 10.5]], [[24.0, 20.999999999999996], [16.19469, 20.13576], [15.999999999999998, 15.0], [23.999999999999996, 14.999999999999996], [24.0, 20.999999999999996]]], "node_id": [0, 1, 2, 3, 4]}