{"corners": [[[0.0, 0.0], [15.63052, -0.72498], [15.93305, 6.93766], [0.0, 6.0], [0.0, 0.0]], [[4.0, 6.0], [12.0, 6.0], [12.0, 21.0], [4.0, 21.0], [4.0, 6.0]], [[16.0, 27.0], [0.0, 27.000000000000004], [0.0, 21.0], [16.0, 21.0], [16.0, 27.0]], [[-6.0, 7.0], [-6.791039999999999, -0.25488999999999995], [0.9531200000000009, -1.36354], [0.0, 7.0], [-6.0, 7.0]], [[0.5000000000000018, 35.0], [-0.19776999999999967, 26.5278], [15.5, 26.999999999999996], [15.500000000000002, 35.0], [0.5000000000000018, 35.0]], [[-16.0, 21.000000000000004], [0.15556, 20.27142], [0.08569, 26.6347], [-15.999999999999998, 27.000000000000004], [-16.0, 21.000000000000004]], [[-15.999999999999996, 31.500000000000004], [-23.999999999999996, 31.500000000000007], [-24.0, 16.500000000000007], [-16.000000000000004, 16.500000000000004], [-15.999999999999996, 31.500000000000004]]], "node_id": [0, 1, 2, 3, 4, 5, 6]}