{"corners": [[[0.206095, 0.37862], [16.206095, 0.37862], [16.206095, 6.37862], [0.206095, 6.37862], [0.206095, 0.37862]], [[-5.565015, 7.156545], [-5.565014999999999, -0.8434550000000001], [0.4349850000000009, -0.8434550000000001], [0.434985, 7.156545], [-5.565015, 7.156545]], [[4.093655, 6.013105], [12.093655, 6.013105], [12.093655, 12.013105], [4.093655, 12.013105], [4.093655, 6.013105]], [[-5.6384, -0.56567], [-5.638399999999999, 7.43433], [-20.6384, 7.434330000000002], [-20.6384, -0.5656699999999991], [-5.6384, -0.56567]], [[-5.892225, 7.176754999999999], [-5.892224999999999, 15.176755], [-20.892225, 15.176755], [-20.892225, 7.176755], [-5.892225, 7.176754999999999]], [[12.16585, 0.1950899999999995], [4.16585, 0.1950900000000005], [4.165849999999998, -14.804909999999998], [12.165849999999999, -14.80491], [12.16585, 0.1950899999999995]], [[28.2844, -4.105235000000003], [12.2844, -4.105235000000001], [12.2844, -10.105235], [28.2844, -10.105235000000004], [28.2844, -4.105235000000003]]], "node_id": [0, 1, 2, 3, 4, 5, 6]}