{"corners": [[[0.0, 0.0], [7.58743, -0.1138], [8.18953, 14.32791], [0.0, 15.0], [0.0, 0.0]], [[7.0, -8.0], [7.000000000000001, 0.0], [1.0000000000000009, 0.0], [1.0, -8.0], [7.0, -8.0]], [[1.0, -7.999999999999999], [0.2797299999999986, -15.6821], [6.729049999999998, -16.54878], [7.0, -8.0], [1.0, -7.999999999999999]], [[-2.4492127076447545e-16, 3.5], [2.4492127076447545e-16, 11.5], [-15.0, 11.500000000000002], [-15.0, 3.500000000000001], [-2.4492127076447545e-16, 3.5]], [[-5.0, -7.999999999999999], [-5.864910000000002, -15.96227], [0.9999999999999982, -16.0], [1.0, -8.0], [-5.0, -7.999999999999999]], [[7.000000000000001, 0.0], [6.137319999999999, -7.92233], [22.97536, -8.108890000000004], [22.0, -2.755364296100349e-15], [7.000000000000001, 0.0]], [[11.5, 15.0], [11.03795, 23.16618], [-3.5, 23.0], [-3.5, 15.000000000000002], [11.5, 15.0]]], "node_id": [0, 1, 2, 3, 4, 5, 6]}