{"corners": [[[0.39616, 0.36484], [16.39616, 0.36484], [16.39616, 6.36484], [0.39616, 6.36484], [0.39616, 0.36484]], [[24.36557, 10.67461], [16.36557, 10.674610000000001], [16.365569999999998, -4.325389999999998], [24.365569999999998, -4.32539], [24.36557, 10.67461]], [[15.56656, 6.105734999999999], [15.56656, 14.105735], [0.56656, 14.105735], [0.56656, 6.105735], [15.56656, 6.105734999999999]], [[23.07136, 10.96329], [23.07136, 26.96329], [17.07136, 26.96329], [17.07136, 10.96329], [23.07136, 10.96329]], [[39.198975, 21.524955], [23.198975, 21.524955000000002], [23.198975, 15.524955000000002], [39.198975, 15.524955], [39.198975, 21.524955]]], "node_id": [0, 1, 2, 3, 4]}