{"corners": [[[0.0, 0.0], [16.45936, 0.46229], [16.0, 6.0], [0.0, 6.0], [0.0, 0.0]], [[24.0, 10.5], [15.88536, 9.922440000000002], [15.999999999999998, -4.499999999999998], [23.999999999999996, -4.5], [24.0, 10.5]], [[15.5, 5.999999999999999], [15.5, 14.0], [0.5, 14.0], [0.5, 6.0], [15.5, 5.999999999999999]], [[23.0, 10.5], [23.85316, 26.2959], [16.09981, 25.69434], [17.0, 10.5], [23.0, 10.5]], [[39.0, 21.5], [22.15784, 21.885860000000005], [23.0, 15.500000000000002], [39.0, 15.5], [39.0, 21.5]]], "node_id": [0, 1, 2, 3, 4]}