{"corners": [[[0.0, 0.0], [8.0, 0.0], [8.0, 15.0], [0.0, 15.0], [0.0, 0.0]], [[-2.4492127076447545e-16, 3.5], [2.4492127076447545e-16, 11.5], [-15.0, 11.500000000000002], [-15.0, 3.500000000000001], [-2.4492127076447545e-16, 3.5]], [[-10.5, 3.500000000000001], [-10.500000000000004, -12.5], [-4.500000000000003, -12.5], [-4.5, 3.5], [-10.5, 3.500000000000001]], [[-31.0, 4.500000000000001], [-15.0, 4.500000000000001], [-15.0, 10.5], [-31.0, 10.5], [-31.0, 4.500000000000001]], [[7.0, 15.0], [6.744600000000001, 30.74368], [1.0000000000000009, 31.0], [1.0, 15.0], [7.0, 15.0]], [[-11.500000000000007, -27.5], [-3.500000000000007, -27.500000000000004], [-3.5000000000000036, -12.500000000000002], [-11.500000000000004, -12.5], [-11.500000000000007, -27.5]], [[-15.0, 16.5], [-30.63372, 16.907940000000004], [-31.25474, 9.741980000000002], [-15.0, 10.5], [-15.0, 16.5]]], "node_id": [0, 1, 2, 3, 4, 5, 6]}