{"corners": [[[0.0, 0.0], [7.5788, 0.52441], [8.0, 6.0], [0.0, 6.0], [0.0, 0.0]], [[3.673819061467132e-16, 6.0], [-15.05382, 6.094020000000002], [-16.82751, -0.8888399999999982], [-3.673819061467132e-16, 0.0], [3.673819061467132e-16, 6.0]], [[-4.0, 3.9833587817117433e-16], [-11.32844, -0.04770999999999862], [-12.0, -5.999999999999999], [-4.000000000000001, -6.0], [-4.0, 3.9833587817117433e-16]], [[0.0, 6.0], [8.36563, 6.39418], [7.86926, 21.6596], [0.0, 21.0], [0.0, 6.0]], [[24.0, 5.999999999999998], [8.50281, 5.96973], [8.0, 0.0], [24.0, -1.7763568394002505e-15], [24.0, 5.999999999999998]]], "node_id": [0, 1, 2, 3, 4]}