{"corners": [[[0.0, 0.0], [8.31298, 0.97069], [8.0, 15.0], [0.0, 15.0], [0.0, 0.0]], [[8.0, 0.0], [16.07169, -0.73317], [16.35799, 14.34921], [8.0, 15.0], [8.0, 0.0]], [[16.0, 15.5], [15.77863, -0.008220000000000005], [22.0, -0.5], [22.0, 15.5], [16.0, 15.5]], [[9.18454765366783e-16, 15.0], [-7.999999999999999, 15.000000000000002], [-8.0, 1.7763568394002505e-15], [-9.18454765366783e-16, 0.0], [9.18454765366783e-16, 15.0]], [[-8.881784197001252e-16, -4.898425415289509e-16], [-8.20592, -0.9306999999999995], [-8.0, -6.0], [-1.6229422319935516e-15, -6.000000000000001], [-8.881784197001252e-16, -4.898425415289509e-16]], [[9.0, -1.836909530733566e-16], [9.45799, -7.93502], [15.47731, -7.93846], [15.0, 1.836909530733566e-16], [9.0, -1.836909530733566e-16]], [[-16.0, 2.6645352591003757e-15], [-8.64513, -0.1648499999999993], [-7.141049999999996, 14.66624], [-15.999999999999996, 15.000000000000004], [-16.0, 2.6645352591003757e-15]]], "node_id": [0, 1, 2, 3, 4, 5, 6]}