{"corners": [[[0.0, 0.0], [16.32464, 0.18543], [15.566, 6.65174], [0.0, 6.0], [0.0, 0.0]], [[16.0, 0.0], [23.53782, 0.96446], [24.0, 6.0], [16.0, 6.0], [16.0, 0.0]], [[27.5, 5.999999999999999], [26.81618, 14.41695], [12.5, 14.0], [12.5, 6.0], [27.5, 5.999999999999999]], [[-16.0, 0.0], [0.65798, -0.76888], [0.0, 6.0], [-16.0, 6.0], [-16.0, 0.0]], [[23.0, 14.0], [23.0, 22.0], [17.0, 22.0], [17.0, 14.0], [23.0, 14.0]], [[12.0, -4.898425415289509e-16], [3.1935599999999997, -0.1432599999999995], [3.0420299999999982, -14.309719999999999], [11.999999999999998, -15.0], [12.0, -4.898425415289509e-16]], [[-3.999999999999999, 12.0], [-12.55972, 12.429900000000002], [-11.73739, 6.802740000000001], [-4.0, 6.0], [-3.999999999999999, 12.0]]], "node_id": [0, 1, 2, 3, 4, 5, 6]}