{"corners": [[[0.0, 0.0], [16.32899, 0.5256], [16.45401, 6.87569], [0.0, 6.0], [0.0, 0.0]], [[4.0, 6.0], [11.73858, 6.5992], [12.0, 21.0], [4.0, 21.0], [4.0, 6.0]], [[12.0, -4.898425415289509e-16], [3.64763, -0.1470499999999995], [3.0630599999999983, -14.167819999999999], [11.999999999999998, -15.0], [12.0, -4.898425415289509e-16]], [[20.0, 21.0], [11.18007, 20.65837], [11.999999999999998, 6.000000000000002], [19.999999999999996, 6.0], [20.0, 21.0]], [[-3.552713678800501e-15, -21.0], [15.999999999999996, -21.000000000000004], [15.999999999999996, -15.000000000000004], [-2.0831860542136482e-15, -15.0], [-3.552713678800501e-15, -21.0]], [[18.0, -11.5], [18.0, -3.5], [12.0, -3.5], [12.0, -11.5], [18.0, -11.5]], [[4.0, 16.5], [-4.0, 16.5], [-4.0, 10.5], [3.999999999999999, 10.5], [4.0, 16.5]]], "node_id": [0, 1, 2, 3, 4, 5, 6]}