{"corners": [[[0.0, 0.0], [8.0, 0.0], [8.0, 15.0], [0.0, 15.0], [0.0, 0.0]], [[11.5, -8.0], [11.52348, 0.29875], [-3.4142, 0.7898300000000018], [-3.5, -7.999999999999999], [11.5, -8.0]], [[16.0, 10.5], [7.4895, 10.363160000000002], [8.0, 4.500000000000001], [16.0, 4.5], [16.0, 10.5]], [[16.0, 4.5], [31.22412, 4.131619999999996], [32.86761, 10.159979999999997], [16.0, 10.5], [16.0, 4.5]], [[8.0, -8.0], [0.0, -7.999999999999999], [-1.7763568394002505e-15, -23.0], [7.999999999999998, -23.0], [8.0, -8.0]], [[0.0, 15.0], [8.0, 15.0], [8.0, 21.0], [0.0, 21.0], [0.0, 15.0]], [[15.0, 10.5], [15.000000000000002, 26.5], [9.0, 26.5], [9.0, 10.5], [15.0, 10.5]]], "node_id": [0, 1, 2, 3, 4, 5, 6]}