{"corners": [[[0.0, 0.0], [8.0, 0.0], [8.0, 15.0], [0.0, 15.0], [0.0, 0.0]], [[0.0, 15.0], [8.5026, 14.25018], [8.0, 30.0], [0.0, 30.0], [0.0, 15.0]], [[-6.0, 11.5], [-5.999999999999999, 3.5], [8.881784197001252e-16, 3.5], [0.0, 11.5], [-6.0, 11.5]], [[0.0, -15.0], [8.43187, -14.6081], [8.87363, -0.79175], [0.0, 0.0], [0.0, -15.0]], [[8.0, 26.5], [7.69816, 19.14596], [23.32498, 18.91266], [23.0, 26.5], [8.0, 26.5]], [[-14.0, 0.0], [-5.40562, -0.12186], [-5.66952, 14.81751], [-14.0, 15.0], [-14.0, 0.0]], [[18.5, 10.5], [17.61375, 18.48251], [12.5, 18.5], [12.5, 10.5], [18.5, 10.5]]], "node_id": [0, 1, 2, 3, 4, 5, 6]}