{"corners": [[[0.0, 0.0], [8.0, 0.0], [8.0, 15.0], [0.0, 15.0], [0.0, 0.0]], [[1.0, -1.836909530733566e-16], [1.0000000000000004, -8.0], [7.000000000000001, -8.0], [7.0, 1.836909530733566e-16], [1.0, -1.836909530733566e-16]], [[1.0, -8.0], [1.8679100000000004, 0.05302], [-14.15295, -0.4965999999999982], [-14.0, -7.999999999999999], [1.0, -8.0]], [[-14.0, -0.9999999999999991], [-30.0, -0.9999999999999971], [-30.0, -6.999999999999997], [-14.0, -6.999999999999999], [-14.0, -0.9999999999999991]], [[-3.500000000000001, 23.0], [-4.124370000000001, 15.53445], [11.5, 15.0], [11.5, 23.0], [-3.500000000000001, 23.0]], [[-14.0, 5.000000000000001], [-30.90202, 4.727780000000003], [-30.0, -0.9999999999999973], [-14.0, -0.9999999999999991], [-14.0, 5.000000000000001]], [[-30.0, 3.5000000000000027], [-38.0, 3.5000000000000036], [-38.0, -11.499999999999996], [-30.000000000000004, -11.499999999999996], [-30.0, 3.5000000000000027]]], "node_id": [0, 1, 2, 3, 4, 5, 6]}