{"corners": [[[0.17537, 0.37766], [16.17537, 0.37766], [16.17537, 6.37766], [0.17537, 6.37766], [0.17537, 0.37766]], [[-7.69594, -4.074085], [0.30406, -4.074085], [0.30406, 10.925915], [-7.69594, 10.925915], [-7.69594, -4.074085]], [[-11.036115, 18.75878], [-11.036115, 10.75878], [3.963885, 10.75878], [3.963885, 18.75878], [-11.036115, 18.75878]], [[-0.5625899999999999, 18.941635], [-0.5625899999999995, 26.941635], [-6.562589999999999, 26.941635], [-6.56259, 18.941635], [-0.5625899999999999, 18.941635]], [[-11.022545, 17.613825], [-27.022545, 17.613824999999995], [-27.022545, 11.613824999999999], [-11.022545, 11.613825], [-11.022545, 17.613825]], [[-27.123215, 6.882019999999998], [-27.123215000000002, 22.88202], [-33.123215, 22.882019999999997], [-33.123215, 6.882019999999997], [-27.123215, 6.882019999999998]], [[-15.13813, 11.849475], [-23.13813, 11.849474999999998], [-23.13813, -3.150525000000002], [-15.138129999999999, -3.150525], [-15.13813, 11.849475]]], "node_id": [0, 1, 2, 3, 4, 5, 6]}