{"corners": [[[0.0, 0.0], [8.44791, 0.59362], [7.07916, 15.22677], [0.0, 15.0], [0.0, 0.0]], [[0.0, 15.0], [7.66745, 14.06556], [8.0, 30.0], [0.0, 30.0], [0.0, 15.0]], [[3.673819061467132e-16, 25.5], [-16.21593, 25.448430000000002], [-16.33159, 18.62911], [-3.673819061467132e-16, 19.5], [3.673819061467132e-16, 25.5]], [[-8.0, 4.5], [0.0, 4.5], [0.0, 10.5], [-8.0, 10.5], [-8.0, 4.5]], [[-8.0, 10.5], [-16.54504, 9.667730000000002], [-15.77181, 3.764560000000001], [-8.0, 4.5], [-8.0, 10.5]]], "node_id": [0, 1, 2, 3, 4]}