{"corners": [[[0.0, 0.0], [8.18534, 0.23038], [8.0, 15.0], [0.0, 15.0], [0.0, 0.0]], [[12.0, -9.796850830579018e-16], [-3.3902, 0.748680000000001], [-4.0, -5.999999999999999], [12.0, -6.000000000000001], [12.0, -9.796850830579018e-16]], [[-3.9999999999999996, 8.881784197001252e-16], [-19.2802, -0.8177099999999972], [-20.10951, -5.895309999999998], [-4.0, -5.999999999999999], [-3.9999999999999996, 8.881784197001252e-16]], [[20.0, -1.7763568394002505e-15], [12.0, -7.966717563423487e-16], [12.0, -6.000000000000001], [20.0, -6.000000000000002], [20.0, -1.7763568394002505e-15]], [[19.0, -22.0], [19.07782, -5.85859], [12.72179, -6.03323], [13.0, -22.0], [19.0, -22.0]], [[23.5, -1.745741680554691e-15], [23.35625, 8.996989999999998], [8.5, 8.0], [8.5, -8.272869151879081e-16], [23.5, -1.745741680554691e-15]], [[-16.0, 4.5], [-0.51389, 4.22349], [-0.22623, 9.85896], [-16.0, 10.5], [-16.0, 4.5]]], "node_id": [0, 1, 2, 3, 4, 5, 6]}