{"corners": [[[0.0, 0.0], [16.0, 0.0], [16.0, 6.0], [0.0, 6.0], [0.0, 0.0]], [[24.0, 10.5], [16.29715, 9.846870000000003], [15.999999999999998, -4.499999999999998], [23.999999999999996, -4.5], [24.0, 10.5]], [[12.500000000000002, 18.5], [12.5, 10.5], [27.5, 10.499999999999996], [27.5, 18.499999999999996], [12.500000000000002, 18.5]], [[32.0, 5.999999999999999], [24.0, 6.0], [24.0, 0.0], [32.0, -8.881784197001252e-16], [32.0, 5.999999999999999]], [[24.0, 33.5], [15.33916, 33.18195], [15.999999999999998, 18.5], [23.999999999999996, 18.5], [24.0, 33.5]], [[0.9999999999999982, 30.000000000000004], [1.937639999999997, 21.778370000000002], [15.197529999999997, 22.350459999999998], [15.999999999999998, 30.0], [0.9999999999999982, 30.000000000000004]], [[4.0, 6.0], [12.21033, 6.33086], [12.0, 12.0], [4.0, 12.0], [4.0, 6.0]]], "node_id": [0, 1, 2, 3, 4, 5, 6]}