{"corners": [[[0.0, 0.0], [8.0, 0.0], [8.0, 6.0], [0.0, 6.0], [0.0, 0.0]], [[0.9999999999999996, 14.0], [0.50517, 5.37166], [7.0, 6.0], [7.0, 14.0], [0.9999999999999996, 14.0]], [[8.0, -4.898425415289509e-16], [-0.34672, -0.7120899999999996], [0.05063, -5.74615], [7.999999999999999, -6.000000000000001], [8.0, -4.898425415289509e-16]], [[-4.0, 14.0], [11.379950000000001, 14.75301], [12.0, 20.0], [-4.0, 20.0], [-4.0, 14.0]], [[28.0, 20.0], [12.0, 20.000000000000004], [12.0, 14.000000000000002], [28.0, 14.0], [28.0, 20.0]], [[3.673819061467132e-16, 4.440892098500626e-16], [-16.46873, 0.5722200000000024], [-16.93693, -6.444069999999998], [-3.673819061467132e-16, -6.0], [3.673819061467132e-16, 4.440892098500626e-16]], [[28.0, 25.0], [27.527349999999995, 8.796], [34.30428, 9.96137], [34.0, 25.0], [28.0, 25.0]]], "node_id": [0, 1, 2, 3, 4, 5, 6]}