{"corners": [[[0.0, 0.0], [7.3757, -0.01926], [8.0, 15.0], [0.0, 15.0], [0.0, 0.0]], [[1.0, -1.836909530733566e-16], [0.9877000000000009, -15.39266], [7.329740000000001, -16.74016], [7.0, 1.836909530733566e-16], [1.0, -1.836909530733566e-16]], [[15.0, -0.4999999999999991], [6.7324, 0.11493999999999993], [7.000000000000002, -15.5], [15.000000000000002, -15.5], [15.0, -0.4999999999999991]], [[-14.0, -4.000000000000001], [-14.13484, -11.10504], [1.0, -12.0], [1.0, -4.0], [-14.0, -4.000000000000001]], [[8.000000000000002, -15.5], [8.979840000000001, -23.04093], [14.000000000000004, -23.5], [14.000000000000002, -15.5], [8.000000000000002, -15.5]], [[-2.4492127076447545e-16, 3.5], [-0.3923299999999998, 12.23716], [-5.108159999999999, 11.26973], [-6.0, 3.5000000000000004], [-2.4492127076447545e-16, 3.5]], [[7.0, 15.0], [6.436940000000001, 30.00772], [1.0000000000000009, 31.0], [1.0, 15.0], [7.0, 15.0]]], "node_id": [0, 1, 2, 3, 4, 5, 6]}