{"corners": [[[0.0, 0.0], [8.69372, -0.38885], [7.32695, 6.5401], [0.0, 6.0], [0.0, 0.0]], [[8.0, 0.0], [24.27788, -0.47853], [24.0, 6.0], [8.0, 6.0], [8.0, 0.0]], [[13.0, -1.836909530733566e-16], [13.82727, -7.34797], [19.41028, -8.77232], [19.0, 1.836909530733566e-16], [13.0, -1.836909530733566e-16]], [[3.673819061467132e-16, 6.0], [-7.84352, 5.4575700000000005], [-7.17767, 0.3792800000000009], [-3.673819061467132e-16, 0.0], [3.673819061467132e-16, 6.0]], [[39.0, -1.0000000000000009], [39.0, 6.999999999999999], [24.0, 7.000000000000001], [24.0, -1.0], [39.0, -1.0000000000000009]], [[7.0, -4.440892098500626e-16], [7.000000000000001, -8.0], [13.0, -8.0], [13.0, -7.670730370334944e-17], [7.0, -4.440892098500626e-16]], [[13.0, 22.0], [13.000000000000002, 6.0], [19.0, 6.0], [19.0, 22.0], [13.0, 22.0]]], "node_id": [0, 1, 2, 3, 4, 5, 6]}