{"corners": [[[0.0, 0.0], [7.57595, -0.56813], [8.39689, 6.61569], [0.0, 6.0], [0.0, 0.0]], [[0.0, 6.0], [7.32272, 6.50757], [8.0, 12.0], [0.0, 12.0], [0.0, 6.0]], [[9.18454765366783e-16, 16.5], [-7.320079999999999, 17.24248], [-7.16036, 2.111410000000002], [-9.18454765366783e-16, 1.5], [9.18454765366783e-16, 16.5]], [[2.6645352591003757e-15, 31.5], [-8.705609999999997, 31.10391], [-7.372219999999999, 16.70393], [8.276257283668098e-16, 16.5], [2.6645352591003757e-15, 31.5]], [[-7.999999999999999, 27.0], [-16.0, 27.0], [-16.0, 21.0], [-8.0, 21.0], [-7.999999999999999, 27.0]], [[-8.0, 21.0], [-16.0, 21.0], [-16.0, 15.0], [-8.0, 15.0], [-8.0, 21.0]], [[-3.5, -4.592273826833915e-16], [-3.5549599999999995, -8.7753], [11.5, -8.0], [11.5, 4.592273826833915e-16], [-3.5, -4.592273826833915e-16]]], "node_id": [0, 1, 2, 3, 4, 5, 6]}