{"corners": [[[0.0, 0.0], [8.87345, 0.69004], [8.0, 6.0], [0.0, 6.0], [0.0, 0.0]], [[-16.0, 0.0], [0.45091, 0.40986], [0.0, 6.0], [-16.0, 6.0], [-16.0, 0.0]], [[-11.0, 22.0], [-10.999999999999998, 6.0], [-4.999999999999999, 6.0], [-5.0, 22.0], [-11.0, 22.0]], [[-24.0, 0.0], [-16.06574, -0.66714], [-16.0, 6.0], [-24.0, 6.0], [-24.0, 0.0]], [[-24.0, 6.0], [-32.84523, 6.647770000000001], [-32.40288, 0.28350000000000086], [-24.0, 0.0], [-24.0, 6.0]], [[-17.0, -16.0], [-16.58046, -0.91119], [-23.0, 0.0], [-23.0, -16.0], [-17.0, -16.0]], [[8.0, -4.5], [16.79222, -4.26831], [16.0, 10.5], [8.0, 10.5], [8.0, -4.5]]], "node_id": [0, 1, 2, 3, 4, 5, 6]}