{"corners": [[[0.0, 0.0], [16.0, 0.0], [16.0, 6.0], [0.0, 6.0], [0.0, 0.0]], [[5.0, 14.0], [4.630380000000001, 5.53107], [11.0, 6.0], [11.0, 14.0], [5.0, 14.0]], [[12.0, 20.0], [4.74247, 19.77523], [4.94082, 14.6398], [12.0, 14.0], [12.0, 20.0]], [[3.9999999999999996, 20.0], [-11.6885, 19.755169999999996], [-12.82194, 13.253439999999998], [4.0, 14.0], [3.9999999999999996, 20.0]], [[4.999999999999999, 36.0], [4.16714, 20.93837], [10.66788, 19.11709], [11.0, 36.0], [4.999999999999999, 36.0]], [[11.0, -8.0], [11.67919, -0.85563], [5.000000000000001, 0.0], [5.0, -8.0], [11.0, -8.0]], [[-7.000000000000001, 36.0], [-7.28757, 20.75339], [-0.65949, 20.578969999999998], [-1.0000000000000009, 36.0], [-7.000000000000001, 36.0]]], "node_id": [0, 1, 2, 3, 4, 5, 6]}