{"corners": [[[0.0, 0.0], [16.5, -0.3308], [16.13582, 6.38889], [0.0, 6.0], [0.0, 0.0]], [[9.18454765366783e-16, 10.5], [-7.410069999999999, 10.399310000000002], [-8.10075, -4.4206699999999985], [-9.18454765366783e-16, -4.5], [9.18454765366783e-16, 10.5]], [[11.0, 6.0], [11.442690000000002, 21.28303], [5.000000000000001, 22.0], [5.0, 6.0], [11.0, 6.0]], [[27.0, 17.0], [11.83178, 17.404540000000004], [11.0, 11.000000000000002], [27.0, 11.0], [27.0, 17.0]], [[4.000000000000001, 16.5], [-11.66032, 16.407050000000005], [-12.0, 10.500000000000002], [4.0, 10.5], [4.000000000000001, 16.5]], [[24.0, 5.999999999999999], [15.07441, 6.73268], [15.29113, 0.38019], [24.0, -8.881784197001252e-16], [24.0, 5.999999999999999]], [[23.0, -8.0], [23.30942, -0.47395], [17.0, 0.0], [17.0, -8.0], [23.0, -8.0]]], "node_id": [0, 1, 2, 3, 4, 5, 6]}