{"corners": [[[0.0, 0.0], [8.71726, 0.1518], [8.45796, 14.39427], [0.0, 15.0], [0.0, 0.0]], [[0.9999999999999996, 23.0], [0.6310100000000001, 15.83717], [7.09757, 15.02749], [7.0, 23.0], [0.9999999999999996, 23.0]], [[-14.0, 23.0], [-14.79203, 15.94621], [1.27206, 14.19645], [1.0, 23.0], [-14.0, 23.0]], [[0.9999999999999991, 31.0], [0.7125899999999996, 22.70643], [7.35226, 23.23728], [6.999999999999999, 31.0], [0.9999999999999991, 31.0]], [[-14.0, 31.0], [-14.0, 23.0], [1.0, 23.0], [1.0, 31.0], [-14.0, 31.0]]], "node_id": [0, 1, 2, 3, 4]}