{"corners": [[[0.262245, 0.087475], [8.262245, 0.087475], [8.262245, 6.087475], [0.262245, 6.087475], [0.262245, 0.087475]], [[1.238944999999999, 22.28999], [1.238945, 6.28999], [7.238945, 6.28999], [7.238944999999999, 22.28999], [1.238944999999999, 22.28999]], [[-3.97301, -5.74381], [12.02699, -5.74381], [12.02699, 0.25619], [-3.97301, 0.25619], [-3.97301, -5.74381]], [[1.13616, -5.608105], [1.136160000000001, -21.608105], [7.136160000000001, -21.608105], [7.13616, -5.608105], [1.13616, -5.608105]], [[-6.62133, 6.72846], [1.37867, 6.72846], [1.37867, 21.72846], [-6.62133, 21.72846], [-6.62133, 6.72846]], [[-11.65186, -5.73981], [-3.65186, -5.73981], [-3.65186, 0.26019], [-11.65186, 0.26019], [-11.65186, -5.73981]], [[-10.804105, -5.586205], [-10.804105, -13.586205], [-4.804104999999999, -13.586205], [-4.804105, -5.586205], [-10.804105, -5.586205]]], "node_id": [0, 1, 2, 3, 4, 5, 6]}