{"corners": [[[0.0, 0.0], [8.77712, -0.73957], [8.0, 15.0], [0.0, 15.0], [0.0, 0.0]], [[-4.0, -6.0], [12.0, -6.0], [12.0, 0.0], [-4.0, 0.0], [-4.0, -6.0]], [[12.0, -6.0], [19.2472, -5.82659], [20.0, 0.0], [12.0, 0.0], [12.0, -6.0]], [[8.0, 0.0], [16.20315, -0.21393], [16.0, 15.0], [8.0, 15.0], [8.0, 0.0]], [[31.0, 3.499999999999999], [31.80968, 12.32986], [16.0, 11.5], [16.0, 3.5], [31.0, 3.499999999999999]], [[12.0, 21.0], [-3.4289, 20.975900000000003], [-4.0, 15.000000000000002], [12.0, 15.0], [12.0, 21.0]], [[26.5, -12.5], [27.48107, 3.38977], [19.82169, 3.29382], [20.5, -12.5], [26.5, -12.5]]], "node_id": [0, 1, 2, 3, 4, 5, 6]}