{"corners": [[[0.0, 0.0], [15.23255, -0.60504], [16.65663, 5.32994], [0.0, 6.0], [0.0, 0.0]], [[4.0, 6.0], [12.0, 6.0], [12.0, 21.0], [4.0, 21.0], [4.0, 6.0]], [[28.0, 16.5], [11.44573, 16.217640000000003], [12.0, 10.500000000000002], [28.0, 10.5], [28.0, 16.5]], [[-6.0, 7.0], [-5.654519999999999, -1.17246], [-0.3018199999999991, -1.7784900000000001], [0.0, 7.0], [-6.0, 7.0]], [[-6.000000000000001, 23.0], [-5.15715, 7.29112], [0.70745, 7.91182], [-8.881784197001252e-16, 23.0], [-6.000000000000001, 23.0]], [[43.0, 9.5], [43.26807, 16.65729], [28.0, 17.5], [28.0, 9.500000000000002], [43.0, 9.5]], [[32.5, 25.5], [32.59275, 18.10311], [39.12774, 18.07903], [38.5, 25.5], [32.5, 25.5]]], "node_id": [0, 1, 2, 3, 4, 5, 6]}