{"corners": [[[0.0, 0.0], [8.0, 0.0], [8.0, 6.0], [0.0, 6.0], [0.0, 0.0]], [[11.5, -8.0], [12.13914, -0.75148], [-4.4644200000000005, -0.27022999999999825], [-3.5, -7.999999999999999], [11.5, -8.0]], [[11.5, 0.0], [12.336869999999998, -7.51835], [25.71716, -7.151960000000003], [26.5, -2.755364296100349e-15], [11.5, 0.0]], [[-11.5, -11.5], [-4.26274, -10.76627], [-3.62254, 3.95526], [-11.5, 3.5], [-11.5, -11.5]], [[26.5, -7.000000000000003], [34.60464, -6.1061600000000045], [34.5, -1.0000000000000044], [26.5, -1.0000000000000027], [26.5, -7.000000000000003]], [[-3.4999999999999982, 18.5], [-11.816029999999998, 18.92277], [-11.5, 3.5000000000000018], [-3.5, 3.5], [-3.4999999999999982, 18.5]], [[15.0, -3.979970649922726e-16], [23.86709, 0.7611899999999977], [23.0, 5.999999999999998], [15.000000000000002, 6.0], [15.0, -3.979970649922726e-16]]], "node_id": [0, 1, 2, 3, 4, 5, 6]}