{"corners": [[[0.407405, 0.36625], [16.407405, 0.36625], [16.407405, 6.36625], [0.407405, 6.36625], [0.407405, 0.36625]], [[5.480924999999999, 22.298325], [5.480925, 6.298325], [11.480925, 6.298325], [11.480925, 22.298325], [5.480924999999999, 22.298325]], [[11.32518, 22.37781], [11.32518, 30.37781], [5.325180000000001, 30.37781], [5.32518, 22.37781], [11.32518, 22.37781]], [[5.396755, 22.364675], [5.396755000000001, 30.364675], [-9.603245, 30.364675], [-9.603245, 22.364675], [5.396755, 22.364675]], [[-24.980385, 30.120235000000005], [-24.980385, 22.120235000000005], [-9.980385000000002, 22.120235], [-9.980385, 30.120235], [-24.980385, 30.120235000000005]]], "node_id": [0, 1, 2, 3, 4]}