{"corners": [[[0.0, 0.0], [15.20863, 0.54144], [15.52755, 5.98448], [0.0, 6.0], [0.0, 0.0]], [[4.999999999999999, 22.0], [5.58703, 6.45869], [10.07846, 5.48094], [11.0, 22.0], [4.999999999999999, 22.0]], [[11.0, 22.0], [11.42492, 30.18117], [5.000000000000001, 30.0], [5.0, 22.0], [11.0, 22.0]], [[5.0, 22.0], [5.000000000000001, 30.0], [-10.0, 30.0], [-10.0, 22.0], [5.0, 22.0]], [[-25.0, 30.000000000000004], [-24.6725, 21.537110000000002], [-10.000000000000002, 22.0], [-10.0, 30.0], [-25.0, 30.000000000000004]]], "node_id": [0, 1, 2, 3, 4]}