{"corners": [[[0.0, 0.0], [7.37859, 0.96578], [8.0, 15.0], [0.0, 15.0], [0.0, 0.0]], [[-16.0, 4.5], [0.0, 4.5], [0.0, 10.5], [-16.0, 10.5], [-16.0, 4.5]], [[24.0, 10.499999999999998], [8.0, 10.5], [8.0, 4.5], [24.0, 4.499999999999998], [24.0, 10.499999999999998]], [[20.0, 4.499999999999998], [12.89114, 4.369829999999999], [12.0, -1.5000000000000009], [20.0, -1.5000000000000018], [20.0, 4.499999999999998]], [[-31.0, 11.5], [-31.0, 3.5], [-16.0, 3.500000000000001], [-16.0, 11.500000000000002], [-31.0, 11.5]], [[24.0, 4.499999999999998], [40.0, 4.499999999999995], [40.0, 10.499999999999995], [24.0, 10.499999999999998], [24.0, 4.499999999999998]], [[40.0, 16.499999999999993], [23.87982, 16.868290000000002], [23.550999999999995, 11.42081], [40.0, 10.499999999999993], [40.0, 16.499999999999993]]], "node_id": [0, 1, 2, 3, 4, 5, 6]}