{"corners": [[[0.0, 0.0], [16.44318, 0.44086], [16.0, 6.0], [0.0, 6.0], [0.0, 0.0]], [[0.5, -4.592273826833915e-16], [-0.043449999999999545, -8.92061], [15.5, -8.0], [15.5, 4.592273826833915e-16], [0.5, -4.592273826833915e-16]], [[0.49999999999999983, -1.0000000000000009], [-15.19793, -1.484150000000003], [-15.5, -7.000000000000003], [0.5000000000000006, -7.000000000000001], [0.49999999999999983, -1.0000000000000009]], [[-15.0, 6.999999999999999], [-15.83693, -0.6906500000000009], [0.0, -1.0], [0.0, 7.0], [-15.0, 6.999999999999999]], [[15.5, 4.440892098500626e-16], [15.00402, -7.63422], [29.89406, -7.731109999999998], [30.5, 1.3625439752168456e-15], [15.5, 4.440892098500626e-16]]], "node_id": [0, 1, 2, 3, 4]}