{"corners": [[[0.0, 0.0], [16.35514, -0.43317], [16.0, 6.0], [0.0, 6.0], [0.0, 0.0]], [[12.0, -4.898425415289509e-16], [4.23769, -0.6206999999999996], [3.92847, -5.83737], [12.0, -6.000000000000001], [12.0, -4.898425415289509e-16]], [[12.0, -6.0], [27.15329, -6.713790000000004], [28.0, -3.552713678800501e-15], [12.000000000000002, 0.0], [12.0, -6.0]], [[11.0, 6.0], [11.202100000000002, 21.16987], [4.639210000000001, 22.49846], [5.0, 6.0], [11.0, 6.0]], [[-2.4492127076447545e-16, -1.0], [0.4851800000000002, 6.26448], [-14.75664, 6.722600000000002], [-15.0, -0.9999999999999991], [-2.4492127076447545e-16, -1.0]], [[15.999999999999996, -21.0], [23.359819999999996, -21.948960000000003], [24.0, -6.000000000000002], [16.0, -6.0], [15.999999999999996, -21.0]], [[28.0, 0.999999999999996], [28.32388, -7.657640000000003], [34.0, -7.000000000000005], [34.0, 0.9999999999999949], [28.0, 0.999999999999996]]], "node_id": [0, 1, 2, 3, 4, 5, 6]}