{"corners": [[[0.0, 0.0], [16.89826, 0.17359], [15.03905, 5.07496], [0.0, 6.0], [0.0, 0.0]], [[11.0, -16.0], [11.197180000000001, 0.53191], [5.000000000000001, 0.0], [5.0, -16.0], [11.0, -16.0]], [[0.5, -15.999999999999998], [0.49999999999999856, -24.0], [15.499999999999998, -24.0], [15.5, -16.0], [0.5, -15.999999999999998]], [[11.0, 6.0], [10.56066, 14.13474], [4.614060000000001, 14.30109], [5.0, 6.0], [11.0, 6.0]], [[11.0, 14.0], [11.0, 22.0], [5.000000000000001, 22.0], [5.0, 14.0], [11.0, 14.0]], [[5.0, 6.0], [5.000000000000001, 14.0], [-0.9999999999999991, 14.0], [-1.0, 6.0], [5.0, 6.0]], [[5.000000000000001, -5.0], [-3.551999999999999, -4.091109999999999], [-2.213259999999999, -11.91205], [5.0, -11.0], [5.000000000000001, -5.0]]], "node_id": [0, 1, 2, 3, 4, 5, 6]}