{"corners": [[[0.0, 0.0], [8.0, 0.0], [8.0, 15.0], [0.0, 15.0], [0.0, 0.0]], [[24.0, 10.499999999999998], [8.36789, 10.11806], [8.89488, 4.1511700000000005], [24.0, 4.499999999999998], [24.0, 10.499999999999998]], [[11.5, 15.0], [12.01149, 22.97036], [-3.4616, 23.94289], [-3.5, 15.000000000000002], [11.5, 15.0]], [[17.5, 11.0], [17.92243, 27.15814], [10.6788, 27.62434], [11.5, 11.0], [17.5, 11.0]], [[6.5, 27.0], [23.03372, 26.88218], [23.41814, 33.80518], [6.5, 33.0], [6.5, 27.0]], [[23.5, 11.0], [22.5745, 26.57588], [17.5, 27.0], [17.5, 11.0], [23.5, 11.0]], [[18.5, 48.0], [10.5, 48.0], [10.499999999999998, 33.0], [18.499999999999996, 33.0], [18.5, 48.0]]], "node_id": [0, 1, 2, 3, 4, 5, 6]}