{"corners": [[[0.04996, 0.199445], [8.04996, 0.199445], [8.04996, 6.199445], [0.04996, 6.199445], [0.04996, 0.199445]], [[0.13977000000000092, 10.79331], [-7.860229999999999, 10.793310000000002], [-7.86023, -4.206689999999998], [0.1397699999999991, -4.20669], [0.13977000000000092, 10.79331]], [[8.21981, 0.29759], [16.21981, 0.29759], [16.21981, 6.29759], [8.21981, 6.29759], [8.21981, 0.29759]], [[8.233475, 0.4309599999999995], [0.233475, 0.4309600000000005], [0.233475, -5.56904], [8.233474999999999, -5.569040000000001], [8.233475, 0.4309599999999995]], [[22.079045, -0.972075], [22.079045, 7.027925], [16.079045, 7.027925], [16.079045, -0.9720749999999997], [22.079045, -0.972075]], [[-6.745120000000001, -4.300544999999999], [-6.745120000000004, -20.300545], [-0.7451200000000036, -20.300545], [-0.7451200000000009, -4.300545], [-6.745120000000001, -4.300544999999999]], [[9.152415, 0.37738999999999984], [9.152415000000001, -15.62261], [15.152415, -15.62261], [15.152415, 0.37739000000000017], [9.152415, 0.37738999999999984]]], "node_id": [0, 1, 2, 3, 4, 5, 6]}