{"corners": [[[0.0, 0.0], [8.0, 0.0], [8.0, 15.0], [0.0, 15.0], [0.0, 0.0]], [[8.0, -4.898425415289509e-16], [0.8099, 0.3338900000000005], [-0.2770300000000018, -15.847269999999998], [7.999999999999998, -15.0], [8.0, -4.898425415289509e-16]], [[8.0, -3.500000000000001], [7.026739999999998, -10.74684], [23.0, -11.500000000000004], [23.0, -3.5000000000000036], [8.0, -3.500000000000001]], [[11.999999999999998, -15.000000000000002], [-3.8636500000000016, -15.20042], [-4.000000000000002, -21.0], [11.999999999999998, -21.0], [11.999999999999998, -15.000000000000002]], [[7.999999999999998, -21.0], [-0.6877700000000018, -21.08814], [0.9323299999999982, -27.41901], [7.999999999999997, -27.0], [7.999999999999998, -21.0]], [[3.673819061467132e-16, 10.5], [-16.0, 10.500000000000002], [-16.0, 4.500000000000002], [-3.673819061467132e-16, 4.5], [3.673819061467132e-16, 10.5]], [[-16.0, -26.999999999999996], [0.0, -27.0], [0.0, -21.0], [-15.999999999999998, -20.999999999999996], [-16.0, -26.999999999999996]]], "node_id": [0, 1, 2, 3, 4, 5, 6]}