{"corners": [[[0.0, 0.0], [8.688649999999999, -0.93096], [8.38913, 14.29565], [0.0, 15.0], [0.0, 0.0]], [[1.0, -1.836909530733566e-16], [1.1092200000000005, -7.51822], [7.000000000000001, -8.0], [7.0, 1.836909530733566e-16], [1.0, -1.836909530733566e-16]], [[11.5, -16.0], [11.80061, -8.8303], [-4.20975, -7.237619999999998], [-3.5, -15.999999999999998], [11.5, -16.0]], [[1.0, -16.0], [0.9999999999999986, -24.0], [6.999999999999998, -24.0], [7.0, -16.0], [1.0, -16.0]], [[27.5, -9.000000000000002], [11.5, -9.0], [11.5, -15.0], [27.5, -15.000000000000002], [27.5, -9.000000000000002]], [[-2.4492127076447545e-16, 3.5], [0.5264900000000002, 11.87467], [-6.566989999999999, 11.64009], [-6.0, 3.5000000000000004], [-2.4492127076447545e-16, 3.5]], [[-4.0, 15.0], [12.45542, 15.93154], [11.05648, 21.79076], [-4.0, 21.0], [-4.0, 15.0]]], "node_id": [0, 1, 2, 3, 4, 5, 6]}