{"corners": [[[0.0, 0.0], [15.50133, 0.15915], [16.66607, 6.73415], [0.0, 6.0], [0.0, 0.0]], [[-6.0, 7.0], [-5.999999999999999, -1.0], [8.881784197001252e-16, -1.0], [0.0, 7.0], [-6.0, 7.0]], [[-6.0, -1.0000000000000002], [-6.720679999999999, -16.57324], [-0.46804999999999913, -16.14922], [0.0, -0.9999999999999999], [-6.0, -1.0000000000000002]], [[0.0, 6.0], [16.47296, 5.4739], [16.33895, 12.97247], [0.0, 12.0], [0.0, 6.0]], [[-22.0, 0.0], [-6.47576, 0.01386], [-6.04393, 5.70578], [-22.0, 6.0], [-22.0, 0.0]], [[-6.0, -17.0], [-5.999999999999999, -1.0], [-12.0, -1.0], [-12.0, -17.0], [-6.0, -17.0]], [[0.0, -6.0], [16.11494, -6.7350200000000005], [16.0, 0.0], [0.0, 0.0], [0.0, -6.0]]], "node_id": [0, 1, 2, 3, 4, 5, 6]}