{"corners": [[[0.0, 0.0], [7.89847, -0.15055], [8.53016, 15.44156], [0.0, 15.0], [0.0, 0.0]], [[8.0, 0.0], [16.8195, -0.80539], [16.0, 15.0], [8.0, 15.0], [8.0, 0.0]], [[8.0, -6.0], [16.97749, -5.0426], [16.85854, -0.21772], [8.0, 0.0], [8.0, -6.0]], [[8.0, -21.0], [16.0, -21.0], [16.0, -6.0], [8.0, -6.0], [8.0, -21.0]], [[-8.0, -16.5], [7.50887, -16.1969], [7.13576, -9.90686], [-8.0, -10.5], [-8.0, -16.5]], [[8.000000000000002, 30.0], [-0.9580099999999983, 29.27864], [0.69592, 14.766480000000001], [8.0, 15.0], [8.000000000000002, 30.0]], [[16.0, 30.0], [8.52941, 29.52348], [8.392459999999998, 14.631510000000002], [15.999999999999998, 15.0], [16.0, 30.0]]], "node_id": [0, 1, 2, 3, 4, 5, 6]}