{"corners": [[[0.047945, 0.37901], [8.047945, 0.37901], [8.047945, 15.37901], [0.047945, 15.37901], [0.047945, 0.37901]], [[11.98515, -7.72067], [11.98515, 0.27933], [-3.01485, 0.2793300000000018], [-3.01485, -7.720669999999999], [11.98515, -7.72067]], [[-3.1999149999999994, -0.5525449999999992], [-19.199915, -0.5525449999999972], [-19.199915, -6.552544999999998], [-3.1999150000000003, -6.552544999999999], [-3.1999149999999994, -0.5525449999999992]], [[0.052395, 15.28128], [8.052395, 15.28128], [8.052395, 30.28128], [0.052395, 30.28128], [0.052395, 15.28128]], [[1.39357, -7.988124999999998], [1.3935699999999986, -15.988124999999998], [7.393569999999999, -15.988125], [7.39357, -7.988124999999999], [1.39357, -7.988124999999998]], [[17.739435, -11.84112], [17.739435, 4.15888], [11.739435, 4.15888], [11.739435, -11.84112], [17.739435, -11.84112]], [[-19.470415, -7.777799999999997], [-19.470415, 0.22220000000000267], [-25.470415, 0.22220000000000267], [-25.470415, -7.777799999999997], [-19.470415, -7.777799999999997]]], "node_id": [0, 1, 2, 3, 4, 5, 6]}