{"corners": [[[0.0, 0.0], [16.0, 0.0], [16.0, 6.0], [0.0, 6.0], [0.0, 0.0]], [[16.0, 7.0], [16.27364, -1.73594], [22.0, -1.0], [22.0, 7.0], [16.0, 7.0]], [[27.0, -0.999999999999999], [11.46208, -0.8688200000000009], [11.0, -7.000000000000001], [27.0, -6.999999999999999], [27.0, -0.999999999999999]], [[4.0, 6.0], [11.45553, 5.20044], [12.72848, 20.1567], [4.0, 21.0], [4.0, 6.0]], [[33.0, -11.999999999999998], [33.90941, 3.9594400000000016], [26.999999999999996, 4.0], [27.0, -12.0], [33.0, -11.999999999999998]], [[38.0, -11.999999999999996], [22.0, -11.999999999999998], [22.0, -18.0], [38.0, -17.999999999999996], [38.0, -11.999999999999996]], [[41.0, 3.5000000000000027], [33.0, 3.5000000000000018], [33.0, -11.5], [41.0, -11.499999999999996], [41.0, 3.5000000000000027]]], "node_id": [0, 1, 2, 3, 4, 5, 6]}