{"corners": [[[0.0, 0.0], [8.94781, 0.28066], [8.0, 6.0], [0.0, 6.0], [0.0, 0.0]], [[12.0, -9.796850830579018e-16], [-4.4753, -0.618339999999999], [-4.67124, -5.351419999999999], [12.0, -6.000000000000001], [12.0, -9.796850830579018e-16]], [[1.0, -5.999999999999999], [0.9999999999999971, -22.0], [6.999999999999997, -22.0], [7.0, -6.0], [1.0, -5.999999999999999]], [[12.0, 12.0], [-4.0, 12.000000000000002], [-4.0, 6.000000000000002], [12.0, 6.0], [12.0, 12.0]], [[-3.999999999999999, 4.500000000000001], [-12.0, 4.500000000000002], [-12.0, -10.499999999999996], [-4.000000000000001, -10.5], [-3.999999999999999, 4.500000000000001]], [[8.0, 18.0], [0.0, 18.0], [0.0, 12.0], [7.999999999999999, 12.0], [8.0, 18.0]], [[1.0000000000000013, 26.0], [0.577, 18.88399], [6.77136, 18.02058], [7.000000000000002, 26.0], [1.0000000000000013, 26.0]]], "node_id": [0, 1, 2, 3, 4, 5, 6]}