{"corners": [[[0.0, 0.0], [8.0, 0.0], [8.0, 15.0], [0.0, 15.0], [0.0, 0.0]], [[8.0, 21.0], [0.0, 21.0], [0.0, 15.0], [7.999999999999999, 15.0], [8.0, 21.0]], [[-16.0, 15.000000000000004], [0.0, 15.0], [0.0, 21.0], [-15.999999999999998, 21.000000000000004], [-16.0, 15.000000000000004]], [[6.999999999999999, -16.0], [6.52231, -0.75445], [0.15654, -0.54302], [0.9999999999999991, -16.0], [6.999999999999999, -16.0]], [[-4.0, 15.0], [-12.94784, 14.035010000000003], [-12.697100000000006, -0.009099999999996448], [-4.000000000000005, 0.0], [-4.0, 15.0]]], "node_id": [0, 1, 2, 3, 4]}