{"corners": [[[0.0, 0.0], [16.13617, 0.04264], [16.0, 6.0], [0.0, 6.0], [0.0, 0.0]], [[31.0, -1.0000000000000009], [31.0, 6.999999999999999], [16.0, 7.000000000000001], [16.0, -1.0], [31.0, -1.0000000000000009]], [[27.5, 22.0], [19.1177, 22.7999], [19.5, 7.000000000000002], [27.499999999999996, 7.0], [27.5, 22.0]], [[31.0, -8.881784197001252e-16], [47.55762, 0.9091699999999991], [47.45703, 5.924019999999999], [31.0, 5.999999999999999], [31.0, -8.881784197001252e-16]], [[55.0, 10.499999999999998], [47.57839, 10.9277], [47.34846, -3.68586], [55.0, -4.500000000000002], [55.0, 10.499999999999998]], [[19.5, 22.0], [27.1435, 22.713519999999995], [27.500000000000004, 37.0], [19.500000000000004, 37.0], [19.5, 22.0]], [[31.0, -6.000000000000001], [46.16931, -6.399610000000001], [47.0, -8.881784197001252e-16], [31.0, -8.881784197001252e-16], [31.0, -6.000000000000001]]], "node_id": [0, 1, 2, 3, 4, 5, 6]}