{"corners": [[[0.432725, 0.15498], [16.432725, 0.15498], [16.432725, 6.15498], [0.432725, 6.15498], [0.432725, 0.15498]], [[0.14277, -5.526105], [16.14277, -5.526105], [16.14277, 0.473895], [0.14277, 0.473895], [0.14277, -5.526105]], [[11.49314, -21.50011], [11.493140000000002, -5.50011], [5.493140000000001, -5.50011], [5.49314, -21.50011], [11.49314, -21.50011]], [[15.931055, 6.466109999999999], [15.931055, 14.46611], [0.931055, 14.46611], [0.931055, 6.4661100000000005], [15.931055, 6.466109999999999]], [[16.450175, -10.470545], [24.450175, -10.470545], [24.450175, 4.529455], [16.450175, 4.529455], [16.450175, -10.470545]], [[23.984755, 13.33638], [15.984755, 13.336380000000002], [15.984755, 7.336380000000001], [23.984755, 7.33638], [23.984755, 13.33638]], [[0.9396999999999998, 6.1993], [0.9397000000000002, 14.1993], [-14.0603, 14.199300000000001], [-14.0603, 6.199300000000001], [0.9396999999999998, 6.1993]]], "node_id": [0, 1, 2, 3, 4, 5, 6]}