{"corners": [[[0.0, 0.0], [15.32834, -0.4367], [16.53131, 5.36933], [0.0, 6.0], [0.0, 0.0]], [[16.0, -4.5], [24.0, -4.5], [24.0, 10.5], [16.0, 10.5], [16.0, -4.5]], [[4.0, -15.0], [12.0, -15.0], [12.0, 0.0], [4.0, 0.0], [4.0, -15.0]], [[0.5, -15.0], [0.6274000000000004, -23.54384], [15.5, -23.0], [15.5, -14.999999999999998], [0.5, -15.0]], [[32.0, 5.999999999999999], [23.06849, 5.81655], [23.48964, -0.12463], [32.0, -8.881784197001252e-16], [32.0, 5.999999999999999]], [[5.0, 14.0], [5.000000000000001, 6.0], [11.0, 6.0], [11.0, 14.0], [5.0, 14.0]], [[-4.0, -15.0], [3.73344, -14.81167], [4.0, 0.0], [-4.0, 0.0], [-4.0, -15.0]]], "node_id": [0, 1, 2, 3, 4, 5, 6]}