{"corners": [[[0.0, 0.0], [16.45449, 0.20185], [15.8847, 6.8299199999999995], [0.0, 6.0], [0.0, 0.0]], [[16.0, 0.0], [31.75478, 0.10754], [31.0478, 5.84484], [16.0, 6.0], [16.0, 0.0]], [[40.0, 5.999999999999999], [31.63953, 5.55132], [32.0, 0.0], [40.0, -8.881784197001252e-16], [40.0, 5.999999999999999]], [[32.0, 12.0], [16.0, 12.000000000000002], [16.0, 6.000000000000002], [32.0, 6.0], [32.0, 12.0]], [[46.0, -5.000000000000001], [46.0, 11.0], [40.0, 11.0], [40.0, -5.000000000000001], [46.0, -5.000000000000001]]], "node_id": [0, 1, 2, 3, 4]}