{"corners": [[[0.0, 0.0], [15.18789, 0.15983], [15.52573, 5.16953], [0.0, 6.0], [0.0, 0.0]], [[-2.4492127076447545e-16, -1.0], [0.5866200000000003, 6.45258], [-15.0, 7.000000000000002], [-15.0, -0.9999999999999991], [-2.4492127076447545e-16, -1.0]], [[11.0, 6.0], [10.5242, 13.47861], [5.000000000000001, 14.0], [5.0, 6.0], [11.0, 6.0]], [[0.0, 14.0], [15.39472, 13.00802], [16.69993, 20.06982], [0.0, 20.0], [0.0, 14.0]], [[4.0, 20.0], [12.5693, 20.36143], [11.51176, 26.817520000000002], [4.0, 26.0], [4.0, 20.0]], [[-15.5, 7.0], [0.84217, 6.69627], [0.7525, 12.13741], [-15.5, 13.0], [-15.5, 7.0]], [[-15.5, -7.0], [1.47835, -7.26283], [1.05327, -0.20067000000000002], [-15.5, -1.0], [-15.5, -7.0]]], "node_id": [0, 1, 2, 3, 4, 5, 6]}