{"corners": [[[0.06546, 0.40397], [8.06546, 0.40397], [8.06546, 15.40397], [0.06546, 15.40397], [0.06546, 0.40397]], [[-5.848375000000001, 15.575675], [-5.848375, -0.424325], [0.151625, -0.424325], [0.15162499999999912, 15.575675], [-5.848375000000001, 15.575675]], [[8.495395, 4.632195], [24.495395, 4.632195], [24.495395, 10.632195], [8.495395, 10.632195], [8.495395, 4.632195]], [[0.002505, 15.234975], [8.002505, 15.234975], [8.002505, 21.234975], [0.002505, 21.234975], [0.002505, 15.234975]], [[14.33294, 14.417225], [14.33294, 22.417225], [8.33294, 22.417225], [8.33294, 14.417225], [14.33294, 14.417225]], [[-13.950175, 0.47123], [-5.950175, 0.47123], [-5.950175, 15.47123], [-13.950175, 15.47123], [-13.950175, 0.47123]], [[-13.632765, 3.65686], [-13.632765, 11.65686], [-19.632765, 11.65686], [-19.632765, 3.6568600000000004], [-13.632765, 3.65686]]], "node_id": [0, 1, 2, 3, 4, 5, 6]}