{"corners": [[[0.0, 0.0], [8.0, 0.0], [8.0, 6.0], [0.0, 6.0], [0.0, 0.0]], [[8.0, 0.0], [16.0, 0.0], [16.0, 6.0], [8.0, 6.0], [8.0, 0.0]], [[0.0, -15.0], [8.0, -15.0], [8.0, 0.0], [0.0, 0.0], [0.0, -15.0]], [[6.999999999999999, -31.0], [7.0, -15.0], [1.0, -15.0], [0.9999999999999991, -31.0], [6.999999999999999, -31.0]], [[-15.0, 6.999999999999999], [-15.0, -1.0000000000000009], [0.0, -1.0], [0.0, 7.0], [-15.0, 6.999999999999999]], [[8.0, -10.5], [15.55388, -10.61932], [16.0, -4.5], [8.0, -4.5], [8.0, -10.5]], [[1.0000000000000004, -20.0], [-6.81918, -20.50769], [-7.70923, -25.57281], [0.9999999999999997, -26.0], [1.0000000000000004, -20.0]]], "node_id": [0, 1, 2, 3, 4, 5, 6]}