{"corners": [[[0.0, 0.0], [8.51727, 0.43563], [8.48837, 6.26368], [0.0, 6.0], [0.0, 0.0]], [[8.0, -4.5], [16.0, -4.5], [16.0, 10.5], [8.0, 10.5], [8.0, -4.5]], [[16.0, 0.0], [31.11353, -0.31047], [31.29588, 6.54154], [16.0, 6.0], [16.0, 0.0]], [[40.0, 5.999999999999999], [32.0, 6.0], [32.0, 0.0], [40.0, -8.881784197001252e-16], [40.0, 5.999999999999999]], [[40.0, 11.0], [39.97669, -4.77589], [46.0, -5.0], [46.0, 10.999999999999998], [40.0, 11.0]], [[20.0, -15.0], [28.0, -15.0], [28.0, 0.0], [20.0, 0.0], [20.0, -15.0]], [[21.0, -15.0], [21.902, -31.77778], [27.0, -31.0], [27.0, -15.0], [21.0, -15.0]]], "node_id": [0, 1, 2, 3, 4, 5, 6]}