{"corners": [[[0.0, 0.0], [7.31586, -0.15633], [7.94928, 15.21787], [0.0, 15.0], [0.0, 0.0]], [[-16.0, 4.5], [-0.10487, 3.8138], [0.0, 10.5], [-16.0, 10.5], [-16.0, 4.5]], [[-12.0, 10.5], [-3.18029, 9.96303], [-4.0, 25.5], [-12.0, 25.5], [-12.0, 10.5]], [[-32.0, 4.5], [-16.99362, 4.29284], [-15.11525, 11.38551], [-32.0, 10.5], [-32.0, 4.5]], [[8.000000000000002, 30.0], [1.7763568394002505e-15, 30.0], [0.0, 15.000000000000002], [8.0, 15.0], [8.000000000000002, 30.0]], [[-40.0, 0.0], [-32.0, 0.0], [-32.0, 15.0], [-40.0, 15.0], [-40.0, 0.0]], [[-44.0, -6.0], [-28.0, -6.0], [-28.0, 0.0], [-44.0, 0.0], [-44.0, -6.0]]], "node_id": [0, 1, 2, 3, 4, 5, 6]}