{"corners": [[[0.0, 0.0], [8.18776, -0.20222], [7.6691, 14.0238], [0.0, 15.0], [0.0, 0.0]], [[7.0, -8.0], [7.000000000000001, 0.0], [1.0000000000000009, 0.0], [1.0, -8.0], [7.0, -8.0]], [[-2.4492127076447545e-16, 3.5], [0.6391200000000002, 10.97956], [-15.0, 11.500000000000002], [-15.0, 3.500000000000001], [-2.4492127076447545e-16, 3.5]], [[-23.0, 8.881784197001252e-16], [-14.39272, -0.39966999999999914], [-15.0, 15.0], [-23.0, 15.0], [-23.0, 8.881784197001252e-16]], [[16.0, 10.5], [7.02815, 10.059990000000003], [8.61306, 4.127500000000001], [16.0, 4.5], [16.0, 10.5]], [[-11.5, 11.5], [-4.06322, 10.50161], [-3.46684, 18.10173], [-11.5, 17.5], [-11.5, 11.5]], [[22.0, -0.5], [22.32051, 16.44922], [15.53927, 15.86813], [16.0, -0.4999999999999996], [22.0, -0.5]]], "node_id": [0, 1, 2, 3, 4, 5, 6]}