{"corners": [[[0.0, 0.0], [16.89405, 0.94207], [16.0, 6.0], [0.0, 6.0], [0.0, 0.0]], [[16.0, 7.0], [16.07617, -1.83644], [31.0, -0.9999999999999991], [31.0, 7.000000000000001], [16.0, 7.0]], [[31.0, 7.000000000000001], [30.40221, -0.5404099999999992], [46.0, -0.9999999999999982], [46.0, 7.000000000000002], [31.0, 7.000000000000001]], [[0.0, 6.0], [15.55826, 5.60388], [15.72769, 11.17216], [0.0, 12.0], [0.0, 6.0]], [[9.18454765366783e-16, 10.5], [-7.224929999999999, 11.139240000000001], [-7.77145, -5.013039999999998], [-9.18454765366783e-16, -4.5], [9.18454765366783e-16, 10.5]], [[-6.9999999999999964, 26.5], [-7.945099999999999, 11.09418], [-1.7638499999999993, 9.80485], [-0.9999999999999964, 26.5], [-6.9999999999999964, 26.5]], [[0.0, 12.0], [16.72826, 11.17108], [16.13592, 17.5284], [0.0, 18.0], [0.0, 12.0]]], "node_id": [0, 1, 2, 3, 4, 5, 6]}