{"corners": [[[0.0, 0.0], [8.0, 0.0], [8.0, 6.0], [0.0, 6.0], [0.0, 0.0]], [[24.0, 5.999999999999998], [8.0, 6.0], [8.0, 0.0], [24.0, -1.7763568394002505e-15], [24.0, 5.999999999999998]], [[24.0, 10.999999999999998], [23.999999999999996, -5.000000000000002], [29.999999999999996, -5.000000000000002], [30.0, 10.999999999999996], [24.0, 10.999999999999998]], [[34.5, 10.999999999999996], [35.41969, 19.249699999999997], [19.5, 19.0], [19.5, 11.000000000000002], [34.5, 10.999999999999996]], [[19.500000000000007, 27.000000000000004], [19.500000000000004, 19.000000000000004], [34.5, 18.999999999999996], [34.50000000000001, 26.999999999999996], [19.500000000000007, 27.000000000000004]], [[0.0, -15.0], [8.60086, -15.42977], [8.0, 0.0], [0.0, 0.0], [0.0, -15.0]], [[45.0, -1.000000000000008], [44.78941, 6.900409999999992], [30.0, 6.999999999999997], [30.0, -1.0000000000000033], [45.0, -1.000000000000008]]], "node_id": [0, 1, 2, 3, 4, 5, 6]}