{"corners": [[[0.0, 0.0], [8.03243, 0.92898], [8.0, 15.0], [0.0, 15.0], [0.0, 0.0]], [[16.0, 15.0], [7.84351, 14.528910000000002], [8.944349999999998, 0.9997400000000017], [15.999999999999998, 0.0], [16.0, 15.0]], [[8.999999999999998, 5.510728592200698e-16], [8.794369999999997, -7.162939999999999], [14.688899999999997, -8.921400000000002], [14.999999999999998, -5.510728592200698e-16], [8.999999999999998, 5.510728592200698e-16]], [[14.999999999999996, -7.0], [30.423749999999995, -6.286410000000004], [30.999999999999996, -1.0000000000000036], [14.999999999999998, -1.0], [14.999999999999996, -7.0]], [[14.999999999999995, -13.0], [31.257649999999995, -12.146120000000003], [30.80389999999999, -6.553510000000004], [14.999999999999996, -7.0], [14.999999999999995, -13.0]], [[12.0, 21.0], [-3.51933, 21.319690000000005], [-3.35793, 14.305320000000002], [12.0, 15.0], [12.0, 21.0]], [[18.99999999999999, -28.0], [27.29557999999999, -27.544710000000002], [26.999999999999993, -13.000000000000002], [18.999999999999993, -13.0], [18.99999999999999, -28.0]]], "node_id": [0, 1, 2, 3, 4, 5, 6]}