{"corners": [[[0.0, 0.0], [8.83999, -0.28334], [7.27082, 15.76475], [0.0, 15.0], [0.0, 0.0]], [[-2.4492127076447545e-16, 3.5], [0.7840500000000002, 10.66422], [-15.0, 11.500000000000002], [-15.0, 3.500000000000001], [-2.4492127076447545e-16, 3.5]], [[-10.499999999999996, 27.5], [-9.78535, 11.07132], [-4.499999999999999, 11.5], [-4.4999999999999964, 27.5], [-10.499999999999996, 27.5]], [[0.9999999999999991, 31.0], [0.56121, 15.64098], [6.92613, 15.26929], [6.999999999999999, 31.0], [0.9999999999999991, 31.0]], [[1.0, -1.836909530733566e-16], [0.3025700000000009, -15.68741], [7.000000000000001, -16.0], [7.0, 1.836909530733566e-16], [1.0, -1.836909530733566e-16]], [[-10.499999999999998, 22.5], [-26.59708, 22.225860000000004], [-26.5, 16.5], [-10.499999999999998, 16.5], [-10.499999999999998, 22.5]], [[23.0, 3.499999999999999], [23.0, 11.5], [8.0, 11.5], [8.0, 3.5], [23.0, 3.499999999999999]]], "node_id": [0, 1, 2, 3, 4, 5, 6]}