{"corners": [[[0.0, 0.0], [7.57746, -0.83899], [7.63353, 6.65639], [0.0, 6.0], [0.0, 0.0]], [[6.999999999999999, -16.0], [7.0, 0.0], [1.0, 0.0], [0.9999999999999991, -16.0], [6.999999999999999, -16.0]], [[6.999999999999998, -32.0], [6.647259999999999, -15.10192], [0.0347899999999991, -16.01195], [0.9999999999999982, -32.0], [6.999999999999998, -32.0]], [[15.000000000000002, -0.5000000000000009], [6.907870000000002, 0.08071000000000006], [7.66637, -14.67751], [15.0, -15.5], [15.000000000000002, -0.5000000000000009]], [[0.9999999999999989, -28.0], [0.5676299999999994, -19.81638], [-13.502470000000002, -20.07756], [-14.000000000000002, -28.0], [0.9999999999999989, -28.0]], [[15.000000000000002, 0.0], [14.635449999999999, -16.75785], [20.98843, -16.40089], [21.0, -1.1021457184401395e-15], [15.000000000000002, 0.0]], [[6.999999999999999, -27.0], [22.80681, -27.5885], [22.95024, -21.74188], [6.999999999999999, -21.0], [6.999999999999999, -27.0]]], "node_id": [0, 1, 2, 3, 4, 5, 6]}