{"corners": [[[0.0, 0.0], [8.0, 0.0], [8.0, 15.0], [0.0, 15.0], [0.0, 0.0]], [[0.0, 15.0], [8.72119, 15.00854], [8.78474, 21.21855], [0.0, 21.0], [0.0, 15.0]], [[8.0, 27.0], [0.0, 27.0], [0.0, 21.0], [7.999999999999999, 21.0], [8.0, 27.0]], [[8.0, -4.898425415289509e-16], [0.97298, -0.2547599999999995], [0.0, -6.0], [7.999999999999999, -6.000000000000001], [8.0, -4.898425415289509e-16]], [[-15.0, 22.0], [-15.42335, 13.16384], [-0.48093, 13.66984], [0.0, 22.0], [-15.0, 22.0]], [[-30.0, 22.0], [-30.05524, 13.37776], [-14.87863, 14.81216], [-15.0, 22.0], [-30.0, 22.0]], [[-4.5, 6.0], [-4.078589999999999, 13.52339], [-10.96173, 13.04194], [-10.5, 6.0], [-4.5, 6.0]]], "node_id": [0, 1, 2, 3, 4, 5, 6]}