{"corners": [[[0.063295, 0.181615], [8.063295, 0.181615], [8.063295, 15.181615], [0.063295, 15.181615], [0.063295, 0.181615]], [[1.4490049999999992, 31.067885], [1.449005, 15.067885], [7.449005, 15.067885], [7.449004999999999, 31.067885], [1.4490049999999992, 31.067885]], [[0.05381999999999911, 31.262525], [8.05382, 31.262525], [8.05382, 46.262525], [0.05381999999999911, 46.262525], [0.05381999999999911, 31.262525]], [[-3.3557900000000016, 54.403025], [-3.355790000000001, 46.403025], [11.644209999999998, 46.403025], [11.644209999999998, 54.403025], [-3.3557900000000016, 54.403025]], [[8.433364999999997, 60.272695], [0.43336499999999734, 60.272695], [0.4333649999999982, 54.272695], [8.433364999999998, 54.272695], [8.433364999999997, 60.272695]], [[-13.76057, 27.33956], [-13.76057, 19.33956], [1.23943, 19.33956], [1.23943, 27.33956], [-13.76057, 27.33956]], [[7.154839999999999, -15.827995], [7.15484, 0.172005], [1.15484, 0.172005], [1.1548399999999992, -15.827995], [7.154839999999999, -15.827995]]], "node_id": [0, 1, 2, 3, 4, 5, 6]}