{"corners": [[[0.0, 0.0], [7.39746, 0.62664], [7.75767, 6.06363], [0.0, 6.0], [0.0, 0.0]], [[9.18454765366783e-16, 10.5], [-8.843319999999999, 10.192210000000001], [-7.57905, -4.8915799999999985], [-9.18454765366783e-16, -4.5], [9.18454765366783e-16, 10.5]], [[-8.000000000000004, -19.5], [-0.34016000000000357, -19.833050000000004], [0.97421, -5.360190000000002], [-8.0, -4.5], [-8.000000000000004, -19.5]], [[-3.552713678800501e-15, -19.5], [-8.663040000000004, -19.815949999999997], [-8.601720000000006, -24.693389999999997], [-5.75700511568078e-15, -25.5], [-3.552713678800501e-15, -19.5]], [[-3.613266370133816e-15, -19.5], [7.9999999999999964, -19.500000000000004], [8.0, -4.500000000000002], [6.055269133331542e-17, -4.5], [-3.613266370133816e-15, -19.5]], [[8.0, 7.0], [8.0, -1.0], [23.0, -0.9999999999999991], [23.0, 7.000000000000001], [8.0, 7.0]], [[-11.500000000000005, -25.499999999999996], [-12.389600000000009, -33.76638], [2.8263599999999913, -32.67812], [3.4999999999999947, -25.500000000000004], [-11.500000000000005, -25.499999999999996]]], "node_id": [0, 1, 2, 3, 4, 5, 6]}