{"corners": [[[0.0, 0.0], [8.0, 0.0], [8.0, 6.0], [0.0, 6.0], [0.0, 0.0]], [[0.0, 6.0], [7.61296, 6.53215], [8.0, 12.0], [0.0, 12.0], [0.0, 6.0]], [[11.5, 12.0], [11.95999, 19.94216], [-3.5, 20.0], [-3.5, 12.000000000000002], [11.5, 12.0]], [[-3.5000000000000004, 12.0], [-3.83554, 19.58083], [-9.24267, 19.20685], [-9.5, 12.0], [-3.5000000000000004, 12.0]], [[14.0, -5.0], [13.671990000000001, 11.6304], [7.23567, 10.25949], [8.0, -5.0], [14.0, -5.0]], [[22.0, 10.5], [14.5272, 10.799210000000002], [13.999999999999998, -4.499999999999998], [21.999999999999996, -4.5], [22.0, 10.5]], [[11.5, 20.0], [11.063959999999998, 12.723230000000001], [17.5, 11.999999999999998], [17.5, 20.0], [11.5, 20.0]]], "node_id": [0, 1, 2, 3, 4, 5, 6]}