{"corners": [[[0.428225, 0.035875], [8.428225, 0.035875], [8.428225, 6.035875], [0.428225, 6.035875], [0.428225, 0.035875]], [[-5.92237, 7.240375], [-5.922369999999999, -0.759625], [0.07763000000000089, -0.759625], [0.07763, 7.240375], [-5.92237, 7.240375]], [[8.10766, -4.18931], [16.10766, -4.18931], [16.10766, 10.81069], [8.10766, 10.81069], [8.10766, -4.18931]], [[4.51942, -4.242490000000001], [4.519420000000001, -12.24249], [19.51942, -12.24249], [19.51942, -4.24249], [4.51942, -4.242490000000001]], [[0.346255, -8.96685], [0.3462550000000005, -0.96685], [-5.653744999999999, -0.96685], [-5.653745, -8.96685], [0.346255, -8.96685]]], "node_id": [0, 1, 2, 3, 4]}