{"corners": [[[0.0, 0.0], [8.0, 0.0], [8.0, 6.0], [0.0, 6.0], [0.0, 0.0]], [[16.0, 10.5], [8.0, 10.500000000000002], [7.999999999999998, -4.499999999999998], [15.999999999999998, -4.5], [16.0, 10.5]], [[8.0, 10.500000000000002], [16.0, 10.5], [16.0, 16.5], [8.000000000000002, 16.5], [8.0, 10.500000000000002]], [[3.9999999999999964, -10.499999999999998], [19.556359999999998, -10.946420000000002], [19.999999999999996, -4.500000000000002], [3.999999999999998, -4.499999999999998], [3.9999999999999964, -10.499999999999998]], [[-15.0, 6.999999999999999], [-14.54302, -0.19290000000000085], [0.0, -1.0], [0.0, 7.0], [-15.0, 6.999999999999999]], [[0.0, 6.0], [7.57414, 5.23137], [7.14535, 20.20515], [0.0, 21.0], [0.0, 6.0]], [[24.0, 16.499999999999996], [16.0, 16.5], [15.999999999999998, 10.5], [23.999999999999996, 10.499999999999996], [24.0, 16.499999999999996]]], "node_id": [0, 1, 2, 3, 4, 5, 6]}