{"corners": [[[0.0, 0.0], [15.89379, 0.52852], [15.99988, 5.87754], [0.0, 6.0], [0.0, 0.0]], [[16.0, 11.0], [16.0, -5.0], [22.0, -5.0], [22.0, 11.0], [16.0, 11.0]], [[15.0, 11.0], [23.36389, 10.61362], [23.5346, 25.66255], [15.0, 26.0], [15.0, 11.0]], [[-1.0, 15.5], [15.41966, 14.78065], [15.0, 21.5], [-1.0, 21.5], [-1.0, 15.5]], [[4.0, 15.5], [4.485660000000001, 7.74462], [10.0, 7.5], [10.0, 15.5], [4.0, 15.5]], [[26.5, -13.0], [26.5, -5.0], [11.5, -4.999999999999998], [11.5, -12.999999999999998], [26.5, -13.0]], [[31.0, 21.5], [22.9623, 20.70142], [23.63689, 14.84187], [31.0, 15.5], [31.0, 21.5]]], "node_id": [0, 1, 2, 3, 4, 5, 6]}