{"corners": [[[0.0, 0.0], [7.49666, 0.53368], [8.0, 15.0], [0.0, 15.0], [0.0, 0.0]], [[-2.4492127076447545e-16, 3.5], [2.4492127076447545e-16, 11.5], [-15.0, 11.500000000000002], [-15.0, 3.500000000000001], [-2.4492127076447545e-16, 3.5]], [[7.0, 15.0], [6.190430000000001, 31.67358], [1.087450000000001, 31.73904], [1.0, 15.0], [7.0, 15.0]], [[-14.999999999999996, 19.5], [-14.999999999999998, 11.5], [1.7763568394002505e-15, 11.499999999999996], [3.552713678800501e-15, 19.499999999999996], [-14.999999999999996, 19.5]], [[-30.0, 11.500000000000004], [-29.71627, 3.0631400000000033], [-15.759170000000001, 3.3218199999999998], [-15.0, 11.5], [-30.0, 11.500000000000004]], [[8.0, 11.5], [8.922930000000001, 4.39734], [14.0, 3.5], [14.0, 11.5], [8.0, 11.5]], [[7.000000000000002, 27.0], [6.21071, 18.03956], [13.0, 19.0], [13.000000000000002, 27.0], [7.000000000000002, 27.0]]], "node_id": [0, 1, 2, 3, 4, 5, 6]}