{"corners": [[[0.0, 0.0], [16.17702, -0.69512], [16.70093, 6.75534], [0.0, 6.0], [0.0, 0.0]], [[22.0, -5.0], [22.90774, 11.58218], [16.0, 11.0], [16.0, -5.0], [22.0, -5.0]], [[26.5, 11.0], [26.50661, 18.68918], [11.5, 19.0], [11.5, 11.000000000000002], [26.5, 11.0]], [[5.0, 14.0], [5.000000000000001, 6.0], [11.0, 6.0], [11.0, 14.0], [5.0, 14.0]], [[15.0, -20.0], [22.21565, -20.6607], [23.0, -5.0], [15.0, -5.0], [15.0, -20.0]], [[-3.0, 7.0], [5.0, 7.0], [5.0, 13.0], [-3.0, 13.0], [-3.0, 7.0]], [[22.0, 19.0], [21.13182, 27.12162], [16.0, 27.0], [16.0, 19.0], [22.0, 19.0]]], "node_id": [0, 1, 2, 3, 4, 5, 6]}