{"corners": [[[0.34751, 0.193695], [8.34751, 0.193695], [8.34751, 15.193695], [0.34751, 15.193695], [0.34751, 0.193695]], [[8.043435, 4.519815], [24.043435, 4.519815], [24.043435, 10.519815], [8.043435, 10.519815], [8.043435, 4.519815]], [[19.152214999999998, -11.25653], [19.152214999999998, 4.74347], [13.152215, 4.74347], [13.152215, -11.25653], [19.152214999999998, -11.25653]], [[0.2857749999999998, 3.610925], [0.2857750000000002, 11.610925], [-14.714225, 11.610925000000002], [-14.714225, 3.610925000000001], [0.2857749999999998, 3.610925]], [[8.66675, 18.770445], [8.66675, 10.770445], [23.66675, 10.770445], [23.66675, 18.770445], [8.66675, 18.770445]], [[32.0187, 10.65858], [24.0187, 10.658580000000002], [24.0187, 4.658580000000001], [32.0187, 4.65858], [32.0187, 10.65858]], [[25.094725, -11.11715], [25.094725, 4.88285], [19.094725, 4.88285], [19.094725, -11.11715], [25.094725, -11.11715]]], "node_id": [0, 1, 2, 3, 4, 5, 6]}