{"corners": [[[0.0, 0.0], [7.8802, 0.81955], [8.36922, 5.99263], [0.0, 6.0], [0.0, 0.0]], [[8.000000000000002, 21.0], [1.7763568394002505e-15, 21.0], [0.0, 6.000000000000002], [8.0, 6.0], [8.000000000000002, 21.0]], [[1.0, -1.836909530733566e-16], [1.760860000000001, -15.66125], [7.000000000000001, -16.0], [7.0, 1.836909530733566e-16], [1.0, -1.836909530733566e-16]], [[-5.0, 0.0], [-4.499519999999999, -16.92915], [1.0000000000000009, -16.0], [1.0, 3.673819061467132e-16], [-5.0, 0.0]], [[13.0, -12.0], [13.63166, -4.61343], [6.588600000000001, -4.9445], [7.0, -12.0], [13.0, -12.0]], [[-13.0, -11.0], [-5.08112, -11.48496], [-4.18797, -4.66591], [-13.0, -5.0], [-13.0, -11.0]], [[-9.5, -16.0], [-9.36926, -23.59415], [5.5, -24.0], [5.5, -15.999999999999998], [-9.5, -16.0]]], "node_id": [0, 1, 2, 3, 4, 5, 6]}