{"corners": [[[0.0, 0.0], [8.0, 0.0], [8.0, 15.0], [0.0, 15.0], [0.0, 0.0]], [[0.0, 15.0], [7.31905, 15.2949], [7.6416, 30.93391], [0.0, 30.0], [0.0, 15.0]], [[-3.500000000000001, 38.0], [-3.3561400000000003, 29.03197], [11.76666, 29.5116], [11.5, 38.0], [-3.500000000000001, 38.0]], [[-6.0, 11.5], [-5.447769999999999, 2.59634], [-0.9002899999999991, 2.51998], [0.0, 11.5], [-6.0, 11.5]], [[-6.000000000000001, 27.5], [-6.0, 11.5], [0.0, 11.5], [-8.881784197001252e-16, 27.5], [-6.000000000000001, 27.5]], [[14.0, 3.5], [14.32211, 10.62021], [8.0, 11.5], [8.0, 3.5000000000000004], [14.0, 3.5]], [[-6.0, 10.5], [-21.44052, 10.200659999999997], [-22.82538, 4.179119999999998], [-5.999999999999999, 4.5], [-6.0, 10.5]]], "node_id": [0, 1, 2, 3, 4, 5, 6]}