{"corners": [[[0.0, 0.0], [8.05038, 0.03658], [8.0, 6.0], [0.0, 6.0], [0.0, 0.0]], [[8.0, 7.0], [7.64015, -1.36456], [23.0, -0.9999999999999991], [23.0, 7.000000000000001], [8.0, 7.0]], [[1.0, -1.836909530733566e-16], [1.069260000000001, -16.76092], [6.500840000000001, -15.96782], [7.0, 1.836909530733566e-16], [1.0, -1.836909530733566e-16]], [[8.0, 12.0], [0.0, 12.000000000000002], [0.0, 6.000000000000001], [7.999999999999999, 6.0], [8.0, 12.0]], [[-3.4999999999999982, 20.0], [-4.4894799999999995, 11.66982], [11.5, 11.999999999999996], [11.500000000000002, 19.999999999999996], [-3.4999999999999982, 20.0]], [[23.0, 7.000000000000001], [23.69827, -0.28748999999999914], [38.12482, -1.6000499999999982], [38.0, 7.000000000000002], [23.0, 7.000000000000001]], [[18.5, 7.000000000000001], [17.80246, 15.88087], [13.20818, 15.80638], [12.5, 7.000000000000001], [18.5, 7.000000000000001]]], "node_id": [0, 1, 2, 3, 4, 5, 6]}