{"corners": [[[0.3984, 0.088745], [16.3984, 0.088745], [16.3984, 6.088745], [0.3984, 6.088745], [0.3984, 0.088745]], [[5.101165, 14.394285], [5.101165000000001, 6.394285], [11.101165, 6.394285], [11.101165, 14.394285], [5.101165, 14.394285]], [[16.11044, 20.43466], [0.11044, 20.434659999999997], [0.11044, 14.434659999999997], [16.11044, 14.43466], [16.11044, 20.43466]], [[4.42531, -5.96326], [12.42531, -5.96326], [12.42531, 0.03674], [4.42531, 0.03674], [4.42531, -5.96326]], [[12.176015, -5.81732], [20.176015, -5.81732], [20.176015, 0.18268], [12.176015, 0.18268], [12.176015, -5.81732]], [[16.4926, 21.41612], [16.4926, 13.41612], [31.4926, 13.41612], [31.4926, 21.41612], [16.4926, 21.41612]], [[4.320845, -11.52102], [12.320845, -11.52102], [12.320845, -5.52102], [4.320845, -5.52102], [4.320845, -11.52102]]], "node_id": [0, 1, 2, 3, 4, 5, 6]}