{"corners": [[[0.0, 0.0], [7.02436, -0.45167], [8.48252, 15.76884], [0.0, 15.0], [0.0, 0.0]], [[-2.4492127076447545e-16, 3.5], [0.9768200000000002, 12.40038], [-5.999999999999999, 11.5], [-6.0, 3.5000000000000004], [-2.4492127076447545e-16, 3.5]], [[-6.0, 10.5], [-21.08801, 11.188280000000002], [-22.56243, 4.053540000000002], [-6.000000000000001, 4.5], [-6.0, 10.5]], [[16.0, 15.0], [7.66736, 14.426410000000002], [7.999999999999998, 1.7763568394002505e-15], [15.999999999999998, 0.0], [16.0, 15.0]], [[-30.0, 3.552713678800501e-15], [-22.0, 1.5933435126846973e-15], [-21.999999999999996, 15.000000000000002], [-29.999999999999996, 15.000000000000004], [-30.0, 3.552713678800501e-15]], [[24.0, 15.0], [16.06034, 14.754640000000002], [15.999999999999998, 1.7763568394002505e-15], [23.999999999999996, 0.0], [24.0, 15.0]], [[8.0, 15.000000000000002], [15.13102, 14.3727], [16.000000000000004, 30.0], [8.000000000000004, 30.0], [8.0, 15.000000000000002]]], "node_id": [0, 1, 2, 3, 4, 5, 6]}