{"corners": [[[0.0, 0.0], [8.08438, 0.21122], [7.32011, 5.3469], [0.0, 6.0], [0.0, 0.0]], [[8.0, 0.0], [16.4097, -0.09597], [16.0, 6.0], [8.0, 6.0], [8.0, 0.0]], [[4.0, -6.0], [19.68254, -5.12454], [19.51832, -0.10282], [4.0, 0.0], [4.0, -6.0]], [[20.0, 5.0], [20.33052, -11.46582], [26.0, -11.0], [26.0, 5.0], [20.0, 5.0]], [[-4.898425415289509e-16, -5.0], [-0.027639999999999512, 10.17255], [-6.30787, 11.02961], [-6.000000000000001, -5.0], [-4.898425415289509e-16, -5.0]], [[19.5, 5.999999999999999], [19.57814, 13.1247], [4.5, 14.0], [4.5, 6.0], [19.5, 5.999999999999999]], [[34.0, 8.881784197001252e-16], [26.0, -9.150666335777657e-17], [26.0, -6.0], [34.0, -5.999999999999999], [34.0, 8.881784197001252e-16]]], "node_id": [0, 1, 2, 3, 4, 5, 6]}