{"corners": [[[0.42502, 0.46364], [16.42502, 0.46364], [16.42502, 6.46364], [0.42502, 6.46364], [0.42502, 0.46364]], [[4.49705, 6.469255], [12.49705, 6.469255], [12.49705, 12.469255], [4.49705, 12.469255], [4.49705, 6.469255]], [[12.47617, 6.00547], [28.47617, 6.00547], [28.47617, 12.00547], [12.47617, 12.00547], [12.47617, 6.00547]], [[43.054665, 5.3996949999999995], [43.054665, 13.399695], [28.054665, 13.399695], [28.054665, 5.399695], [43.054665, 5.3996949999999995]], [[-7.60801, -4.33904], [0.39199, -4.33904], [0.39199, 10.66096], [-7.60801, 10.66096], [-7.60801, -4.33904]], [[11.216385, 12.164575], [11.216385000000002, 28.164575], [5.216385000000001, 28.164575], [5.216385, 12.164575], [11.216385, 12.164575]], [[27.267925, 23.23548], [11.267925, 23.235480000000003], [11.267925, 17.23548], [27.267925, 17.23548], [27.267925, 23.23548]]], "node_id": [0, 1, 2, 3, 4, 5, 6]}