{"corners": [[[0.0, 0.0], [7.71661, -0.02525], [8.0, 15.0], [0.0, 15.0], [0.0, 0.0]], [[11.5, 15.0], [11.16395, 22.2201], [-4.3654399999999995, 23.46794], [-3.5, 15.000000000000002], [11.5, 15.0]], [[8.0, -4.898425415289509e-16], [0.36927, -0.00755999999999951], [-0.3338700000000018, -15.795139999999998], [7.999999999999998, -15.0], [8.0, -4.898425415289509e-16]], [[-1.4089749332535373e-15, -4.5], [-8.000000000000002, -4.499999999999999], [-8.000000000000002, -10.5], [-2.1437387455469636e-15, -10.5], [-1.4089749332535373e-15, -4.5]], [[-4.0000000000000036, -21.0], [11.069739999999996, -20.911350000000002], [11.999899999999997, -15.530710000000003], [-4.000000000000002, -15.0], [-4.0000000000000036, -21.0]], [[-3.4999999999999973, 31.0], [-2.9364699999999986, 22.7639], [11.08097, 23.510029999999997], [11.500000000000004, 30.999999999999996], [-3.4999999999999973, 31.0]], [[-10.000000000000002, -14.0], [-9.260480000000003, -22.17771], [-4.621840000000003, -22.3428], [-4.000000000000002, -14.000000000000002], [-10.000000000000002, -14.0]]], "node_id": [0, 1, 2, 3, 4, 5, 6]}