{"corners": [[[0.0, 0.0], [8.0, 0.0], [8.0, 6.0], [0.0, 6.0], [0.0, 0.0]], [[-8.0, -4.5], [-0.16411, -4.82304], [0.0, 10.5], [-8.0, 10.5], [-8.0, -4.5]], [[8.0, -4.5], [16.15478, -5.1596], [15.71613, 10.8989], [8.0, 10.5], [8.0, -4.5]], [[8.0, 10.5], [16.0, 10.5], [16.0, 25.5], [8.0, 25.5], [8.0, 10.5]], [[1.7763568394002505e-15, 25.5], [-7.999999999999998, 25.5], [-8.0, 10.500000000000002], [-6.055269133331542e-17, 10.5], [1.7763568394002505e-15, 25.5]], [[16.0, -4.5], [24.01234, -3.50256], [24.0, 10.5], [16.0, 10.5], [16.0, -4.5]], [[1.0, -1.836909530733566e-16], [1.0000000000000004, -8.0], [7.000000000000001, -8.0], [7.0, 1.836909530733566e-16], [1.0, -1.836909530733566e-16]]], "node_id": [0, 1, 2, 3, 4, 5, 6]}