{"corners": [[[0.23475, 0.49136], [8.23475, 0.49136], [8.23475, 15.49136], [0.23475, 15.49136], [0.23475, 0.49136]], [[7.37274, -7.97907], [7.372740000000001, 0.02093], [1.372740000000001, 0.02093], [1.37274, -7.97907], [7.37274, -7.97907]], [[23.32448, -0.5146450000000018], [7.32448, -0.5146449999999998], [7.32448, -6.514645], [23.32448, -6.514645000000002], [23.32448, -0.5146450000000018]], [[-3.83967, -13.692450000000001], [12.16033, -13.692450000000001], [12.16033, -7.69245], [-3.83967, -7.69245], [-3.83967, -13.692450000000001]], [[12.350255, -6.983795], [12.350254999999997, -22.983795], [18.350254999999997, -22.983795], [18.350255, -6.983795000000001], [12.350255, -6.983795]], [[19.292025, 14.01398], [11.292025, 14.013980000000002], [11.292024999999999, -0.9860199999999982], [19.292024999999995, -0.98602], [19.292025, 14.01398]], [[29.47965, -11.762405000000001], [29.47965, 4.237594999999998], [23.47965, 4.237594999999998], [23.47965, -11.762405000000001], [29.47965, -11.762405000000001]]], "node_id": [0, 1, 2, 3, 4, 5, 6]}