{"corners": [[[0.0, 0.0], [15.66312, 0.98142], [15.68805, 6.87548], [0.0, 6.0], [0.0, 0.0]], [[4.0, -15.0], [12.0, -15.0], [12.0, 0.0], [4.0, 0.0], [4.0, -15.0]], [[-6.0, 7.0], [-5.999999999999999, -1.0], [8.881784197001252e-16, -1.0], [0.0, 7.0], [-6.0, 7.0]], [[18.0, -11.5], [18.72464, -3.54839], [11.3626, -4.31607], [12.0, -11.5], [18.0, -11.5]], [[5.0, 14.0], [4.862780000000001, 5.70862], [11.0, 6.0], [11.0, 14.0], [5.0, 14.0]], [[4.0, -21.0], [12.33473, -21.50754], [12.25741, -15.15654], [4.0, -15.0], [4.0, -21.0]], [[24.0, -11.5], [24.0, -3.5], [18.0, -3.5], [18.0, -11.5], [24.0, -11.5]]], "node_id": [0, 1, 2, 3, 4, 5, 6]}