{"corners": [[[0.0, 0.0], [8.22227, -0.54777], [8.0, 15.0], [0.0, 15.0], [0.0, 0.0]], [[14.0, -0.5], [13.379420000000001, 16.26995], [7.90186, 15.92567], [8.0, -0.4999999999999996], [14.0, -0.5]], [[14.0, 4.5], [22.33965, 4.02434], [22.53773, 11.08242], [14.0, 10.5], [14.0, 4.5]], [[14.0, 10.5], [21.34102, 10.52969], [22.0, 25.5], [14.0, 25.5], [14.0, 10.5]], [[37.0, 3.499999999999999], [37.26301, 11.2936], [22.10454, 12.25379], [22.0, 3.5], [37.0, 3.499999999999999]], [[6.999999999999999, -16.0], [7.4235, 0.85386], [1.0921, 0.81906], [0.9999999999999991, -16.0], [6.999999999999999, -16.0]], [[26.5, 3.5], [26.60696, -5.40135], [32.39678, -5.343610000000002], [32.5, 3.499999999999999], [26.5, 3.5]]], "node_id": [0, 1, 2, 3, 4, 5, 6]}