{"corners": [[[0.0, 0.0], [8.0, 0.0], [8.0, 15.0], [0.0, 15.0], [0.0, 0.0]], [[-3.500000000000001, 23.0], [-2.6322100000000006, 14.45326], [11.67609, 15.76491], [11.5, 23.0], [-3.500000000000001, 23.0]], [[11.5, 23.0], [11.86583, 15.05934], [26.5, 15.0], [26.5, 23.0], [11.5, 23.0]], [[0.0, -6.0], [8.0, -6.0], [8.0, 0.0], [0.0, 0.0], [0.0, -6.0]], [[14.0, 3.5], [13.30125, 11.58564], [8.0, 11.5], [8.0, 3.5000000000000004], [14.0, 3.5]], [[-19.5, 16.0], [-4.48491, 15.93213], [-3.5, 22.0], [-19.5, 22.0], [-19.5, 16.0]], [[15.0, 0.0], [23.71837, 0.47284], [22.53468, 14.23989], [15.0, 15.0], [15.0, 0.0]]], "node_id": [0, 1, 2, 3, 4, 5, 6]}