{"corners": [[[0.0, 0.0], [8.0, 0.0], [8.0, 6.0], [0.0, 6.0], [0.0, 0.0]], [[23.0, -1.0000000000000009], [23.0, 6.999999999999999], [8.0, 7.000000000000001], [8.0, -1.0], [23.0, -1.0000000000000009]], [[8.0, -0.9999999999999991], [8.539499999999999, -9.5461], [22.62579, -8.448730000000003], [23.0, -1.0000000000000018], [8.0, -0.9999999999999991]], [[7.999999999999999, -1.9999999999999991], [-8.881784197001252e-16, -1.9999999999999982], [-8.881784197001252e-16, -7.999999999999998], [7.999999999999998, -7.999999999999999], [7.999999999999999, -1.9999999999999991]], [[-8.0, -4.5], [0.0, -4.5], [0.0, 10.5], [-8.0, 10.5], [-8.0, -4.5]]], "node_id": [0, 1, 2, 3, 4]}