{"corners": [[[0.06931, 0.11404], [8.06931, 0.11404], [8.06931, 15.11404], [0.06931, 15.11404], [0.06931, 0.11404]], [[14.18146, -0.28042500000000004], [14.181460000000001, 15.719575], [8.18146, 15.719575], [8.18146, -0.2804249999999996], [14.18146, -0.28042500000000004]], [[14.37811, 0.277725], [22.37811, 0.277725], [22.37811, 15.277725], [14.37811, 15.277725], [14.37811, 0.277725]], [[0.13856499999999974, 3.609805], [0.13856500000000024, 11.609805], [-14.861435, 11.609805000000001], [-14.861435, 3.609805000000001], [0.13856499999999974, 3.609805]], [[-14.923619999999998, 15.20393], [-22.92362, 15.203930000000001], [-22.92362, 0.20393000000000178], [-14.92362, 0.20393], [-14.923619999999998, 15.20393]], [[7.391415, 15.250045], [7.391415000000001, 31.250045], [1.391415000000001, 31.250045], [1.391415, 15.250045], [7.391415, 15.250045]], [[11.551895, 31.30271], [11.551895, 39.30271], [-3.448105, 39.30271], [-3.448105, 31.30271], [11.551895, 31.30271]]], "node_id": [0, 1, 2, 3, 4, 5, 6]}