{"corners": [[[0.11479, 0.368875], [8.11479, 0.368875], [8.11479, 15.368875], [0.11479, 15.368875], [0.11479, 0.368875]], [[0.340985, -5.97711], [8.340985, -5.97711], [8.340985, 0.02289], [0.340985, 0.02289], [0.340985, -5.97711]], [[0.17299000000000037, 0.343], [-7.82701, 0.343000000000001], [-7.82701, -5.656999999999999], [0.17298999999999964, -5.657], [0.17299000000000037, 0.343]], [[11.87613, 15.24468], [11.87613, 23.24468], [-3.12387, 23.24468], [-3.12387, 15.244680000000002], [11.87613, 15.24468]], [[1.004295, -5.719625], [1.0042950000000008, -21.719625], [7.004295000000001, -21.719625], [7.004295, -5.719625], [1.004295, -5.719625]], [[7.156500000000001, 23.396795], [7.156500000000002, 31.396795], [1.1565000000000019, 31.396795], [1.156500000000001, 23.396795], [7.156500000000001, 23.396795]], [[19.78973, 22.443055], [11.78973, 22.443055], [11.78973, 16.443055], [19.78973, 16.443055], [19.78973, 22.443055]]], "node_id": [0, 1, 2, 3, 4, 5, 6]}