{"corners": [[[0.0, 0.0], [8.0, 0.0], [8.0, 15.0], [0.0, 15.0], [0.0, 0.0]], [[0.0, -6.0], [8.47549, -5.63606], [7.09157, -0.30804], [0.0, 0.0], [0.0, -6.0]], [[3.673819061467132e-16, 0.0], [-8.25028, 0.18467000000000097], [-8.68333, -6.239589999999999], [-3.673819061467132e-16, -6.0], [3.673819061467132e-16, 0.0]], [[11.5, 15.0], [11.126, 23.58717], [-3.34108, 23.77222], [-3.5, 15.000000000000002], [11.5, 15.0]], [[1.0, -6.0], [1.0000000000000009, -22.0], [7.000000000000001, -22.0], [7.0, -6.0], [1.0, -6.0]], [[7.000000000000001, 23.0], [7.000000000000002, 31.0], [1.0000000000000018, 31.0], [1.0000000000000009, 23.0], [7.000000000000001, 23.0]], [[19.5, 22.0], [11.5, 22.0], [11.5, 16.0], [19.5, 16.0], [19.5, 22.0]]], "node_id": [0, 1, 2, 3, 4, 5, 6]}