{"corners": [[[0.0, 0.0], [15.47014, 0.47902], [16.07571, 5.04852], [0.0, 6.0], [0.0, 0.0]], [[16.0, 11.0], [15.13841, -4.33108], [21.01001, -5.96035], [22.0, 11.0], [16.0, 11.0]], [[3.673819061467132e-16, 6.0], [-8.0, 6.000000000000001], [-8.0, 8.881784197001252e-16], [-3.673819061467132e-16, 0.0], [3.673819061467132e-16, 6.0]], [[16.0, 12.0], [0.0, 12.000000000000002], [0.0, 6.000000000000002], [16.0, 6.0], [16.0, 12.0]], [[22.0, 0.0], [29.05195, 0.45806], [30.0, 6.0], [22.0, 6.0], [22.0, 0.0]], [[16.0, -9.796850830579018e-16], [0.80083, 0.00932000000000098], [0.0, -5.999999999999999], [16.0, -6.000000000000001], [16.0, -9.796850830579018e-16]], [[23.0, 14.0], [23.20913, 6.80251], [29.0, 6.0], [29.0, 14.0], [23.0, 14.0]]], "node_id": [0, 1, 2, 3, 4, 5, 6]}