{"corners": [[[0.055625, 0.41256], [16.055625, 0.41256], [16.055625, 6.41256], [0.055625, 6.41256], [0.055625, 0.41256]], [[0.04203500000000037, 6.2176], [-15.957965, 6.217600000000002], [-15.957965, 0.21760000000000176], [0.042034999999999635, 0.2176], [0.04203500000000037, 6.2176]], [[5.060379999999999, 22.371095], [5.06038, 6.371095], [11.06038, 6.371095], [11.06038, 22.371095], [5.060379999999999, 22.371095]], [[-4.621275, -7.580349999999999], [-4.621274999999999, 0.4196500000000009], [-10.621275, 0.4196500000000009], [-10.621275, -7.580349999999999], [-4.621275, -7.580349999999999]], [[1.45365, -7.7015899999999995], [1.4536500000000006, 0.2984100000000009], [-4.5463499999999994, 0.2984100000000009], [-4.54635, -7.7015899999999995], [1.45365, -7.7015899999999995]], [[12.089979999999999, 28.395395], [4.089979999999998, 28.395395], [4.089979999999999, 22.395395], [12.089979999999999, 22.395395], [12.089979999999999, 28.395395]], [[19.05359, 17.456325], [11.05359, 17.456325], [11.05359, 11.456325], [19.05359, 11.456325], [19.05359, 17.456325]]], "node_id": [0, 1, 2, 3, 4, 5, 6]}