{"corners": [[[0.381, 0.28419], [8.381, 0.28419], [8.381, 15.28419], [0.381, 15.28419], [0.381, 0.28419]], [[0.3097899999999998, 3.585255], [0.30979000000000023, 11.585255], [-14.69021, 11.585255000000002], [-14.69021, 3.585255000000001], [0.3097899999999998, 3.585255]], [[8.06394, 0.206465], [16.06394, 0.206465], [16.06394, 15.206465], [8.06394, 15.206465], [8.06394, 0.206465]], [[-22.851555, 4.928435000000001], [-14.851555, 4.928435000000001], [-14.851555, 10.928435], [-22.851555, 10.928435], [-22.851555, 4.928435000000001]], [[-14.575395, 4.570815], [-22.575395, 4.5708150000000005], [-22.575395, -1.429184999999999], [-14.575395, -1.429185], [-14.575395, 4.570815]], [[16.215675, 0.3999049999999995], [8.215675, 0.3999050000000005], [8.215675, -5.600095], [16.215675, -5.6000950000000005], [16.215675, 0.3999049999999995]], [[15.065085, 15.42742], [15.065085000000002, 31.42742], [9.065085, 31.42742], [9.065085, 15.42742], [15.065085, 15.42742]]], "node_id": [0, 1, 2, 3, 4, 5, 6]}