{"corners": [[[0.0, 0.0], [15.16855, 0.10611], [15.81787, 6.69147], [0.0, 6.0], [0.0, 0.0]], [[31.0, -1.0000000000000009], [31.16885, 6.406389999999999], [15.51, 7.117370000000001], [16.0, -1.0], [31.0, -1.0000000000000009]], [[15.5, 6.999999999999999], [31.50236, 6.074939999999999], [32.42317, 12.89972], [15.5, 13.0], [15.5, 6.999999999999999]], [[37.0, -1.0000000000000009], [37.87937, 6.588659999999999], [31.0, 6.999999999999999], [31.0, -1.0000000000000004], [37.0, -1.0000000000000009]], [[-6.000000000000001, 11.0], [-5.48013, -5.62671], [-0.12517, -5.29426], [-8.881784197001252e-16, 11.0], [-6.000000000000001, 11.0]], [[-6.0, -5.0], [-5.301009999999999, -13.52541], [-0.04611999999999911, -13.56998], [0.0, -5.0], [-6.0, -5.0]], [[5.0, -1.836909530733566e-16], [5.000000000000001, -8.0], [11.0, -8.0], [11.0, 1.836909530733566e-16], [5.0, -1.836909530733566e-16]]], "node_id": [0, 1, 2, 3, 4, 5, 6]}