{"corners": [[[0.0, 0.0], [8.37768, -0.35183], [8.0, 15.0], [0.0, 15.0], [0.0, 0.0]], [[12.0, -9.796850830579018e-16], [-3.48243, -0.762139999999999], [-3.38498, -6.275699999999999], [12.0, -6.000000000000001], [12.0, -9.796850830579018e-16]], [[8.0, -6.000000000000001], [0.0, -6.0], [0.0, -12.0], [7.999999999999999, -12.0], [8.0, -6.000000000000001]], [[0.0, 15.0], [8.92687, 14.73663], [8.0, 30.0], [0.0, 30.0], [0.0, 15.0]], [[11.999999999999998, -10.5], [20.0, -10.500000000000002], [20.0, 4.499999999999998], [12.000000000000002, 4.5], [11.999999999999998, -10.5]]], "node_id": [0, 1, 2, 3, 4]}