{"corners": [[[0.0, 0.0], [8.80902, -0.69734], [7.29367, 14.54201], [0.0, 15.0], [0.0, 0.0]], [[8.0, -4.898425415289509e-16], [-0.7812, -0.6077899999999996], [-0.97319, -6.77422], [7.999999999999999, -6.000000000000001], [8.0, -4.898425415289509e-16]], [[3.673819061467132e-16, 4.440892098500626e-16], [-8.0, 1.4237742929079644e-15], [-8.0, -5.999999999999998], [-3.673819061467132e-16, -6.0], [3.673819061467132e-16, 4.440892098500626e-16]], [[1.3322676295501878e-15, 6.0], [-7.415889999999998, 6.071390000000001], [-7.999999999999998, 8.881784197001252e-16], [5.975038172567615e-16, 0.0], [1.3322676295501878e-15, 6.0]], [[8.0, 21.0], [-0.7011, 20.73734], [-0.71283, 15.46088], [7.999999999999999, 15.0], [8.0, 21.0]], [[-7.999999999999999, 4.500000000000002], [-16.72116, 3.595740000000003], [-15.27926, -10.309969999999996], [-8.000000000000002, -10.499999999999998], [-7.999999999999999, 4.500000000000002]], [[9.18454765366783e-16, 25.5], [-7.404299999999999, 25.91608], [-7.06493, 9.611140000000002], [-9.18454765366783e-16, 10.5], [9.18454765366783e-16, 25.5]]], "node_id": [0, 1, 2, 3, 4, 5, 6]}