{"corners": [[[0.0, 0.0], [8.25749, 0.48696], [8.667, 14.75396], [0.0, 15.0], [0.0, 0.0]], [[11.5, 15.0], [11.86072, 23.35077], [-4.41419, 22.24826], [-3.5, 15.000000000000002], [11.5, 15.0]], [[8.0, -4.898425415289509e-16], [0.0, 4.898425415289509e-16], [0.0, -6.0], [7.999999999999999, -6.000000000000001], [8.0, -4.898425415289509e-16]], [[-8.0, 0.0], [-0.83746, 0.91326], [0.0, 15.0], [-8.0, 15.0], [-8.0, 0.0]], [[8.0, 0.9999999999999996], [7.224059999999998, -6.0322], [23.0, -7.0000000000000036], [23.0, 0.9999999999999968], [8.0, 0.9999999999999996]], [[6.999999999999998, -22.0], [6.671889999999999, -6.47575], [0.9999999999999991, -6.0], [0.9999999999999982, -22.0], [6.999999999999998, -22.0]], [[-14.0, -9.999999999999996], [-14.950850000000003, -18.393869999999996], [0.8634399999999982, -17.38235], [1.0, -10.0], [-14.0, -9.999999999999996]]], "node_id": [0, 1, 2, 3, 4, 5, 6]}