{"corners": [[[0.0, 0.0], [8.0, 0.0], [8.0, 15.0], [0.0, 15.0], [0.0, 0.0]], [[8.0, 4.5], [16.0, 4.5], [16.0, 10.5], [8.0, 10.5], [8.0, 4.5]], [[3.673819061467132e-16, 10.5], [-16.5055, 9.583280000000002], [-15.4707, 3.694100000000002], [-3.673819061467132e-16, 4.5], [3.673819061467132e-16, 10.5]], [[7.0, -8.0], [6.789520000000001, -0.57637], [1.284590000000001, -0.19006], [1.0, -8.0], [7.0, -8.0]], [[8.0, -8.0], [0.0, -7.999999999999999], [0.0, -14.0], [7.999999999999999, -14.0], [8.0, -8.0]], [[-15.499999999999998, 18.500000000000004], [-16.425910000000002, 10.472660000000003], [-1.12953, 9.56249], [-0.4999999999999982, 18.5], [-15.499999999999998, 18.500000000000004]], [[15.0, 10.5], [15.0, 18.5], [9.0, 18.5], [9.0, 10.5], [15.0, 10.5]]], "node_id": [0, 1, 2, 3, 4, 5, 6]}