{"corners": [[[0.38999, 0.46749], [16.38999, 0.46749], [16.38999, 6.46749], [0.38999, 6.46749], [0.38999, 0.46749]], [[-5.587840000000001, 11.250875], [-5.58784, -4.749125], [0.41216, -4.749125], [0.41215999999999914, 11.250875], [-5.587840000000001, 11.250875]], [[32.0969, 6.0590899999999985], [16.0969, 6.05909], [16.0969, 0.05909], [32.0969, 0.05908999999999822], [32.0969, 6.0590899999999985]], [[32.2123, 7.0274649999999985], [32.2123, -0.9725350000000018], [38.2123, -0.9725350000000036], [38.2123, 7.027464999999998], [32.2123, 7.0274649999999985]], [[42.62481, 7.494244999999995], [42.62481, 15.494244999999994], [27.62481, 15.494245], [27.62481, 7.494244999999999], [42.62481, 7.494244999999995]], [[5.436749999999999, 22.29111], [5.43675, 6.29111], [11.43675, 6.29111], [11.43675, 22.29111], [5.436749999999999, 22.29111]], [[32.18497500000001, 31.329089999999997], [32.184975, 15.329089999999997], [38.184975, 15.329089999999994], [38.18497500000001, 31.329089999999994], [32.18497500000001, 31.329089999999997]]], "node_id": [0, 1, 2, 3, 4, 5, 6]}