{"corners": [[[0.02348, 0.158415], [8.02348, 0.158415], [8.02348, 15.158415], [0.02348, 15.158415], [0.02348, 0.158415]], [[7.107175, 15.02818], [7.107175000000001, 23.02818], [1.107175000000001, 23.02818], [1.107175, 15.02818], [7.107175, 15.02818]], [[8.004885, 0.33743], [16.004885, 0.33743], [16.004885, 15.33743], [8.004885, 15.33743], [8.004885, 0.33743]], [[0.3265550000000004, 10.713445], [-15.673445, 10.713445000000002], [-15.673445, 4.713445000000002], [0.3265549999999996, 4.713445], [0.3265550000000004, 10.713445]], [[11.84553, -7.6471], [11.84553, 0.3529], [-3.15447, 0.35290000000000177], [-3.15447, -7.647099999999999], [11.84553, -7.6471]], [[11.706565, 0.318745], [11.706564999999998, -7.681255], [17.706565, -7.681255000000002], [17.706565, 0.3187449999999989], [11.706565, 0.318745]], [[7.251984999999999, -7.885934999999998], [7.251984999999997, -15.885934999999998], [22.251984999999998, -15.885935], [22.251985, -7.885935000000002], [7.251984999999999, -7.885934999999998]]], "node_id": [0, 1, 2, 3, 4, 5, 6]}