{"corners": [[[0.0, 0.0], [8.0, 0.0], [8.0, 6.0], [0.0, 6.0], [0.0, 0.0]], [[7.0, -8.0], [6.3087800000000005, -0.45124], [1.0000000000000009, 0.0], [1.0, -8.0], [7.0, -8.0]], [[7.0, -7.0], [15.11101, -7.73517], [15.24731, -1.98766], [7.0, -1.0], [7.0, -7.0]], [[24.0, 5.999999999999998], [8.0, 6.0], [8.0, 0.0], [24.0, -1.7763568394002505e-15], [24.0, 5.999999999999998]], [[0.0, -14.0], [8.83664, -14.8992], [8.0, -8.0], [0.0, -8.0], [0.0, -14.0]], [[-2.4492127076447545e-16, -15.0], [2.4492127076447545e-16, -7.0], [-5.999999999999999, -7.0], [-6.0, -15.0], [-2.4492127076447545e-16, -15.0]], [[1.0000000000000009, -1.0000000000000009], [-6.032729999999999, -1.23219], [-6.999999999999999, -7.0], [1.0000000000000002, -7.000000000000001], [1.0000000000000009, -1.0000000000000009]]], "node_id": [0, 1, 2, 3, 4, 5, 6]}