{"corners": [[[0.0, 0.0], [7.22323, -0.01019], [8.0, 6.0], [0.0, 6.0], [0.0, 0.0]], [[8.000000000000002, 21.0], [1.7763568394002505e-15, 21.0], [0.0, 6.000000000000002], [8.0, 6.0], [8.000000000000002, 21.0]], [[-8.0, 10.500000000000002], [0.55036, 11.07408], [0.7360700000000018, 16.61105], [-7.999999999999998, 16.5], [-8.0, 10.500000000000002]], [[-7.999999999999998, 16.5], [1.7763568394002505e-15, 16.499999999999996], [3.552713678800501e-15, 22.5], [-7.9999999999999964, 22.5], [-7.999999999999998, 16.5]], [[8.0, 0.0], [16.26192, 0.92149], [16.0, 6.0], [8.0, 6.0], [8.0, 0.0]], [[-16.0, 6.0000000000000036], [-8.52499, 6.952000000000002], [-7.9999999999999964, 21.0], [-15.999999999999996, 21.000000000000004], [-16.0, 6.0000000000000036]], [[8.0, -15.0], [15.76698, -14.92463], [16.0, 0.0], [8.0, 0.0], [8.0, -15.0]]], "node_id": [0, 1, 2, 3, 4, 5, 6]}