{"corners": [[[0.0, 0.0], [16.7157, -0.65934], [16.0, 6.0], [0.0, 6.0], [0.0, 0.0]], [[11.0, -8.0], [11.99991, -0.20298], [5.822520000000001, -0.78504], [5.0, -8.0], [11.0, -8.0]], [[9.18454765366783e-16, 10.5], [-7.331259999999999, 10.580110000000001], [-8.90498, -5.364109999999998], [-9.18454765366783e-16, -4.5], [9.18454765366783e-16, 10.5]], [[-8.881784197001252e-16, -4.500000000000001], [-8.37377, -4.81675], [-8.000000000000004, -19.5], [-2.725087950433691e-15, -19.5], [-8.881784197001252e-16, -4.500000000000001]], [[4.0, -14.0], [12.0, -14.0], [12.0, -8.0], [4.0, -8.0], [4.0, -14.0]], [[24.0, 5.999999999999999], [16.38185, 5.0148], [15.59133, 0.85176], [24.0, -8.881784197001252e-16], [24.0, 5.999999999999999]], [[-7.000000000000003, -19.5], [-7.858840000000004, -27.86735], [-1.9744700000000044, -27.65911], [-1.0000000000000027, -19.5], [-7.000000000000003, -19.5]]], "node_id": [0, 1, 2, 3, 4, 5, 6]}