{"corners": [[[0.05883, 0.096985], [8.05883, 0.096985], [8.05883, 15.096985], [0.05883, 15.096985], [0.05883, 0.096985]], [[8.246905, 0.4729449999999995], [0.246905, 0.4729450000000005], [0.246905, -5.527055], [8.246905, -5.527055000000001], [8.246905, 0.4729449999999995]], [[0.008245000000000368, 10.59047], [-7.991755, 10.590470000000002], [-7.991755, 4.590470000000001], [0.008244999999999633, 4.59047], [0.008245000000000368, 10.59047]], [[16.147265, 10.72247], [8.147265, 10.722470000000001], [8.147265, 4.722470000000001], [16.147265, 4.72247], [16.147265, 10.72247]], [[-0.8187700000000018, -11.022545], [-0.8187700000000009, 4.977455], [-6.818770000000001, 4.977455], [-6.8187700000000016, -11.022545], [-0.8187700000000018, -11.022545]], [[0.2767149999999973, -11.828805], [8.276714999999998, -11.828805000000001], [8.276715, -5.828805000000002], [0.27671499999999877, -5.828805], [0.2767149999999973, -11.828805]], [[-3.3711200000000026, -11.82446], [-3.371120000000004, -19.82446], [11.628879999999997, -19.824460000000002], [11.628879999999997, -11.824460000000004], [-3.3711200000000026, -11.82446]]], "node_id": [0, 1, 2, 3, 4, 5, 6]}