{"corners": [[[0.4209, 0.19552], [8.4209, 0.19552], [8.4209, 6.19552], [0.4209, 6.19552], [0.4209, 0.19552]], [[8.00123, 0.02046499999999951], [0.00123, 0.02046500000000049], [0.0012299999999982236, -14.979534999999998], [8.001229999999998, -14.979535], [8.00123, 0.02046499999999951]], [[8.468314999999999, -14.95635], [0.4683149999999982, -14.956349999999999], [0.46831499999999643, -29.95635], [8.468314999999997, -29.95635], [8.468314999999999, -14.95635]], [[8.48954, -3.332440000000001], [8.489539999999998, -11.33244], [14.489539999999998, -11.332440000000004], [14.48954, -3.332440000000002], [8.48954, -3.332440000000001]], [[23.166189999999997, -26.07321], [23.166189999999997, -18.07321], [8.166189999999997, -18.07321], [8.166189999999997, -26.07321], [23.166189999999997, -26.07321]], [[23.264619999999997, -18.04111], [23.264619999999997, -26.04111], [29.264619999999994, -26.04111], [29.264619999999997, -18.04111], [23.264619999999997, -18.04111]], [[37.241815, -19.376545], [29.241815, -19.376545], [29.241815, -25.376545], [37.241815, -25.376545], [37.241815, -19.376545]]], "node_id": [0, 1, 2, 3, 4, 5, 6]}