{"corners": [[[0.0, 0.0], [7.78207, -0.99509], [7.08186, 6.87327], [0.0, 6.0], [0.0, 0.0]], [[8.0, -4.898425415289509e-16], [0.0, 4.898425415289509e-16], [-1.7763568394002505e-15, -14.999999999999998], [7.999999999999998, -15.0], [8.0, -4.898425415289509e-16]], [[7.999999999999998, -15.0], [-1.7763568394002505e-15, -14.999999999999998], [-3.552713678800501e-15, -30.0], [7.9999999999999964, -30.0], [7.999999999999998, -15.0]], [[8.0, -3.500000000000001], [7.999999999999998, -11.5], [13.999999999999998, -11.500000000000004], [14.0, -3.5000000000000018], [8.0, -3.500000000000001]], [[22.999999999999996, -26.5], [23.050699999999996, -18.11137], [7.9999999999999964, -18.5], [7.9999999999999964, -26.5], [22.999999999999996, -26.5]], [[22.999999999999996, -18.5], [23.058479999999996, -25.66444], [28.967259999999992, -27.00618], [28.999999999999996, -18.5], [22.999999999999996, -18.5]], [[37.0, -19.5], [28.1897, -19.83915], [28.57754, -25.30509], [37.0, -25.5], [37.0, -19.5]]], "node_id": [0, 1, 2, 3, 4, 5, 6]}