{"corners": [[[0.0, 0.0], [8.0, 0.0], [8.0, 15.0], [0.0, 15.0], [0.0, 0.0]], [[12.0, -9.796850830579018e-16], [-3.64908, 0.318660000000001], [-4.0, -5.999999999999999], [12.0, -6.000000000000001], [12.0, -9.796850830579018e-16]], [[-4.000000000000002, -11.999999999999998], [12.021439999999998, -12.262640000000001], [11.999999999999998, -6.000000000000002], [-4.0, -5.999999999999998], [-4.000000000000002, -11.999999999999998]], [[7.0, 15.0], [7.9290400000000005, 31.87816], [1.7356600000000009, 30.91131], [1.0, 15.0], [7.0, 15.0]], [[0.9999999999999982, -12.0], [1.2980399999999954, -28.29863], [6.658439999999995, -28.42625], [6.999999999999998, -12.000000000000002], [0.9999999999999982, -12.0]], [[18.0, -11.0], [18.75234, 5.37309], [11.41446, 4.59528], [12.0, -11.0], [18.0, -11.0]], [[8.000000000000002, 37.0], [1.7763568394002505e-15, 37.0], [1.7763568394002505e-15, 31.0], [8.000000000000002, 31.0], [8.000000000000002, 37.0]]], "node_id": [0, 1, 2, 3, 4, 5, 6]}