{"corners": [[[0.0, 0.0], [16.0, 0.0], [16.0, 6.0], [0.0, 6.0], [0.0, 0.0]], [[-15.0, 6.999999999999999], [-15.06365, -0.04197000000000084], [-0.30155, -1.3345], [0.0, 7.0], [-15.0, 6.999999999999999]], [[-4.5, 7.0], [-4.965799999999999, 14.35616], [-10.21468, 15.74621], [-10.5, 7.0], [-4.5, 7.0]], [[-10.5, 7.0], [-10.5, 15.0], [-25.5, 15.000000000000002], [-25.5, 7.000000000000001], [-10.5, 7.0]], [[-15.0, -1.0000000000000009], [-14.02173, 7.677149999999999], [-30.0, 7.000000000000001], [-30.0, -1.0], [-15.0, -1.0000000000000009]], [[-26.0, 15.0], [-10.0, 15.0], [-10.0, 21.0], [-26.0, 21.0], [-26.0, 15.0]], [[-13.999999999999998, 36.0], [-21.52277, 36.694069999999996], [-22.40847, 20.4339], [-14.0, 21.0], [-13.999999999999998, 36.0]]], "node_id": [0, 1, 2, 3, 4, 5, 6]}