{"corners": [[[0.133785, 0.001085], [8.133785, 0.001085], [8.133785, 15.001085], [0.133785, 15.001085], [0.133785, 0.001085]], [[11.57031, 15.441985], [11.57031, 23.441985], [-3.42969, 23.441985], [-3.42969, 15.441985000000003], [11.57031, 15.441985]], [[8.438220000000003, 38.1355], [0.43822000000000355, 38.1355], [0.4382200000000018, 23.1355], [8.438220000000001, 23.1355], [8.438220000000003, 38.1355]], [[23.49945, 26.674365], [23.49945, 34.674365], [8.49945, 34.674365], [8.49945, 26.674365], [23.49945, 26.674365]], [[11.789484999999999, 34.504225], [19.789485, 34.504225], [19.789485, 49.504225], [11.789484999999999, 49.504225], [11.789484999999999, 34.504225]], [[19.832925, 64.50648], [11.832925, 64.50648], [11.832924999999998, 49.50648], [19.832924999999996, 49.50648], [19.832925, 64.50648]], [[-3.16283, 46.076555], [-3.1628299999999996, 38.076555], [11.83717, 38.076555], [11.83717, 46.076555], [-3.16283, 46.076555]]], "node_id": [0, 1, 2, 3, 4, 5, 6]}