{"corners": [[[0.0, 0.0], [7.61717, -0.55418], [8.0, 6.0], [0.0, 6.0], [0.0, 0.0]], [[0.0, -15.0], [8.09755, -14.03234], [8.0, 0.0], [0.0, 0.0], [0.0, -15.0]], [[-2.4492127076447545e-16, -11.5], [0.6919900000000002, -4.05656], [-5.125559999999999, -3.21177], [-6.0, -11.5], [-2.4492127076447545e-16, -11.5]], [[-15.0, 6.999999999999999], [-14.07849, -1.2199300000000008], [0.0, -1.0], [0.0, 7.0], [-15.0, 6.999999999999999]], [[-10.5, 15.0], [-11.46327, 6.63583], [-4.499999999999999, 7.0], [-4.5, 15.0], [-10.5, 15.0]], [[0.0, 6.0], [8.0, 6.0], [8.0, 21.0], [0.0, 21.0], [0.0, 6.0]], [[-15.0, -1.0000000000000009], [-15.0, 6.999999999999999], [-21.0, 6.999999999999999], [-21.0, -1.0000000000000004], [-15.0, -1.0000000000000009]]], "node_id": [0, 1, 2, 3, 4, 5, 6]}