{"corners": [[[0.01931, 0.413855], [16.01931, 0.413855], [16.01931, 6.413855], [0.01931, 6.413855], [0.01931, 0.413855]], [[0.11703500000000036, 6.429445], [-7.882965, 6.429445000000001], [-7.882965, 0.4294450000000009], [0.11703499999999964, 0.429445], [0.11703500000000036, 6.429445]], [[32.352615, 6.420824999999998], [16.352615, 6.420825], [16.352615, 0.420825], [32.352615, 0.42082499999999823], [32.352615, 6.420824999999998]], [[-6.984435000000001, 0.31086000000000147], [-6.984435000000003, -7.689139999999998], [-0.9844350000000026, -7.68914], [-0.9844350000000008, 0.31086000000000036], [-6.984435000000001, 0.31086000000000147]], [[-11.488859999999999, 14.170155000000003], [-11.48886, 6.170155000000004], [3.51114, 6.170155], [3.511140000000002, 14.170155], [-11.488859999999999, 14.170155000000003]], [[32.246489999999994, -4.230190000000002], [40.24649, -4.230190000000004], [40.24649, 10.769809999999996], [32.24649, 10.769809999999998], [32.246489999999994, -4.230190000000002]], [[-6.817600000000001, -0.8218549999999987], [-22.8176, -0.8218549999999967], [-22.8176, -6.821854999999997], [-6.817600000000002, -6.8218549999999984], [-6.817600000000001, -0.8218549999999987]]], "node_id": [0, 1, 2, 3, 4, 5, 6]}