{"corners": [[[0.0, 0.0], [16.0, 0.0], [16.0, 6.0], [0.0, 6.0], [0.0, 0.0]], [[3.673819061467132e-16, 6.0], [-15.96758, 5.446180000000002], [-16.0, 1.7763568394002505e-15], [-3.673819061467132e-16, 0.0], [3.673819061467132e-16, 6.0]], [[-5.0, 6.000000000000001], [-4.739609999999999, 13.84326], [-11.45998, 13.51342], [-11.0, 6.000000000000001], [-5.0, 6.000000000000001]], [[5.0, 14.0], [5.469710000000001, 6.54871], [11.0, 6.0], [11.0, 14.0], [5.0, 14.0]], [[4.0, 14.0], [12.0, 14.0], [12.0, 20.0], [4.0, 20.0], [4.0, 14.0]], [[27.0, 13.0], [27.0, 21.0], [12.0, 21.0], [12.0, 13.000000000000002], [27.0, 13.0]], [[5.0, -1.836909530733566e-16], [5.649860000000001, -15.82134], [11.0, -16.0], [11.0, 1.836909530733566e-16], [5.0, -1.836909530733566e-16]]], "node_id": [0, 1, 2, 3, 4, 5, 6]}