{"corners": [[[0.125995, 0.097165], [16.125995, 0.097165], [16.125995, 6.097165], [0.125995, 6.097165], [0.125995, 0.097165]], [[4.45643, 6.271255], [12.45643, 6.271255], [12.45643, 12.271255], [4.45643, 12.271255], [4.45643, 6.271255]], [[0.05251500000000037, 6.020705], [-7.947485, 6.020705000000001], [-7.947485, 0.02070500000000089], [0.05251499999999963, 0.020705], [0.05251500000000037, 6.020705]], [[4.492585, 12.47149], [-11.507415, 12.471490000000001], [-11.507415, 6.471490000000002], [4.492584999999999, 6.47149], [4.492585, 12.47149]], [[-17.97949, 17.26281], [-17.979490000000002, 1.2628100000000035], [-11.979490000000004, 1.2628100000000035], [-11.97949, 17.26281], [-17.97949, 17.26281]], [[-10.793390000000004, 1.3647750000000032], [-18.793390000000002, 1.364775000000004], [-18.793390000000006, -13.635224999999995], [-10.793390000000006, -13.635224999999997], [-10.793390000000004, 1.3647750000000032]], [[16.11033, -4.025585], [24.11033, -4.025585], [24.11033, 10.974415], [16.11033, 10.974415], [16.11033, -4.025585]]], "node_id": [0, 1, 2, 3, 4, 5, 6]}