{"corners": [[[0.0, 0.0], [16.15422, 0.80462], [16.0, 6.0], [0.0, 6.0], [0.0, 0.0]], [[4.0, 6.0], [11.1836, 5.21598], [12.77827, 12.5309], [4.0, 12.0], [4.0, 6.0]], [[3.673819061467132e-16, 6.0], [-8.91795, 6.051240000000001], [-8.0, 8.881784197001252e-16], [-3.673819061467132e-16, 0.0], [3.673819061467132e-16, 6.0]], [[4.0, 12.0], [-12.96002, 11.461790000000002], [-12.0, 6.000000000000002], [3.999999999999999, 6.0], [4.0, 12.0]], [[-18.0, 17.000000000000004], [-17.102340000000005, 1.7773900000000036], [-12.000000000000004, 1.0000000000000036], [-12.0, 17.000000000000004], [-18.0, 17.000000000000004]], [[-11.000000000000004, 1.000000000000003], [-19.802300000000002, 1.935060000000004], [-19.000000000000007, -13.999999999999995], [-11.000000000000005, -13.999999999999996], [-11.000000000000004, 1.000000000000003]], [[16.0, -4.5], [24.0, -4.5], [24.0, 10.5], [16.0, 10.5], [16.0, -4.5]]], "node_id": [0, 1, 2, 3, 4, 5, 6]}