{"corners": [[[0.0, 0.0], [16.0, 0.0], [16.0, 6.0], [0.0, 6.0], [0.0, 0.0]], [[12.0, -4.898425415289509e-16], [4.0, 4.898425415289509e-16], [3.9999999999999982, -14.999999999999998], [11.999999999999998, -15.0], [12.0, -4.898425415289509e-16]], [[16.0, 7.0], [15.82381, -1.67449], [22.2153, -0.19362000000000001], [22.0, 7.0], [16.0, 7.0]], [[3.999999999999998, -11.5], [3.9999999999999982, -3.5], [-11.000000000000002, -3.4999999999999982], [-11.000000000000002, -11.499999999999998], [3.999999999999998, -11.5]], [[-6.0, 7.0], [-5.152469999999999, -0.37388], [-0.07447999999999912, -1.42968], [0.0, 7.0], [-6.0, 7.0]], [[15.0, 7.0], [22.26663, 7.91426], [23.0, 22.0], [15.0, 22.0], [15.0, 7.0]], [[22.0, 4.440892098500626e-16], [37.12643, -0.5408399999999995], [38.0, 6.0], [22.0, 6.0], [22.0, 4.440892098500626e-16]]], "node_id": [0, 1, 2, 3, 4, 5, 6]}