{"corners": [[[0.0, 0.0], [8.57604, 0.54883], [8.0, 6.0], [0.0, 6.0], [0.0, 0.0]], [[0.0, -6.0], [8.03684, -5.2128], [8.0, 0.0], [0.0, 0.0], [0.0, -6.0]], [[8.0, -6.000000000000001], [0.0, -6.0], [-1.7763568394002505e-15, -21.0], [7.999999999999998, -21.0], [8.0, -6.000000000000001]], [[7.0, 6.0], [6.457820000000001, 13.82936], [1.0000000000000009, 14.0], [1.0, 6.0], [7.0, 6.0]], [[16.0, -10.5], [8.0, -10.499999999999998], [8.0, -16.5], [16.0, -16.5], [16.0, -10.5]], [[0.9999999999999998, 6.0], [0.09421000000000024, 14.1807], [-4.999999999999999, 14.0], [-5.0, 6.0], [0.9999999999999998, 6.0]], [[7.0, 7.0], [23.0, 7.0], [23.0, 13.0], [7.0, 13.0], [7.0, 7.0]], [[8.0, 1.0], [8.0, -7.0], [14.0, -7.0], [14.0, 1.0000000000000004], [8.0, 1.0]]], "node_id": [0, 1, 2, 3, 4, 5, 6, 7]}