{"corners": [[[0.0, 0.0], [8.0, 0.0], [8.0, 15.0], [0.0, 15.0], [0.0, 0.0]], [[12.0, -9.796850830579018e-16], [-3.66829, 0.488160000000001], [-4.42222, -5.887609999999999], [12.0, -6.000000000000001], [12.0, -9.796850830579018e-16]], [[-12.0, -5.999999999999997], [-3.07139, -6.560799999999999], [-3.9999999999999982, 8.881784197001252e-16], [-11.999999999999998, 2.6645352591003757e-15], [-12.0, -5.999999999999997]], [[3.673819061467132e-16, 10.5], [-7.46104, 11.343080000000002], [-8.9683, 5.433570000000001], [-3.673819061467132e-16, 4.5], [3.673819061467132e-16, 10.5]], [[16.0, 15.0], [8.0, 15.000000000000002], [7.999999999999998, 1.7763568394002505e-15], [15.999999999999998, 0.0], [16.0, 15.0]]], "node_id": [0, 1, 2, 3, 4]}