{"corners": [[[0.12592, 0.30391], [16.12592, 0.30391], [16.12592, 6.30391], [0.12592, 6.30391], [0.12592, 0.30391]], [[32.42206, 6.0710099999999985], [16.42206, 6.07101], [16.42206, 0.07101], [32.42206, 0.07100999999999823], [32.42206, 6.0710099999999985]], [[38.39259, -4.9851800000000015], [38.39259, 11.014819999999999], [32.39259, 11.014819999999999], [32.39259, -4.9851800000000015], [38.39259, -4.9851800000000015]], [[12.3053, 0.3788399999999995], [4.3053, 0.3788400000000005], [4.305299999999998, -14.621159999999998], [12.305299999999999, -14.62116], [12.3053, 0.3788399999999995]], [[38.11207, 11.349804999999998], [38.11207, -4.650195000000002], [44.11207, -4.650195000000002], [44.11207, 11.349804999999996], [38.11207, 11.349804999999998]], [[48.79284, 11.085204999999997], [48.79284, 19.085204999999995], [33.79284, 19.085205], [33.79284, 11.085205000000002], [48.79284, 11.085204999999997]], [[48.75458, 12.296054999999997], [56.75458, 12.296054999999996], [56.75458, 18.296054999999992], [48.75458, 18.296054999999996], [48.75458, 12.296054999999997]], [[28.4615, 0.15537499999999863], [20.4615, 0.15537499999999962], [20.4615, -14.844625], [28.461499999999997, -14.844625000000002], [28.4615, 0.15537499999999863]]], "node_id": [0, 1, 2, 3, 4, 5, 6, 7]}