{"corners": [[[0.0, 0.0], [8.45829, 0.50242], [8.9851, 14.93282], [0.0, 15.0], [0.0, 0.0]], [[9.18454765366783e-16, 15.0], [-7.086319999999999, 14.177600000000002], [-8.0, 1.7763568394002505e-15], [-9.18454765366783e-16, 0.0], [9.18454765366783e-16, 15.0]], [[-6.9999999999999964, 31.0], [-6.386999999999999, 15.09694], [-0.9999999999999991, 15.0], [-0.9999999999999964, 31.0], [-6.9999999999999964, 31.0]], [[16.0, 15.0], [8.0, 15.000000000000002], [7.999999999999998, 1.7763568394002505e-15], [15.999999999999998, 0.0], [16.0, 15.0]], [[-8.0, 10.5], [-16.0, 10.500000000000002], [-16.0, 4.500000000000001], [-8.0, 4.5], [-8.0, 10.5]], [[-7.9999999999999964, 31.0], [0.11944000000000356, 30.568119999999997], [7.105427357601002e-15, 46.0], [-7.999999999999993, 46.0], [-7.9999999999999964, 31.0]], [[6.063834330494178e-15, 42.5], [4.594306705907325e-15, 34.5], [15.000000000000004, 34.5], [15.000000000000005, 42.5], [6.063834330494178e-15, 42.5]], [[15.000000000000002, 26.5], [15.664990000000003, 33.6785], [3.552713678800501e-15, 34.50000000000001], [1.7763568394002505e-15, 26.500000000000004], [15.000000000000002, 26.5]]], "node_id": [0, 1, 2, 3, 4, 5, 6, 7]}