{"corners": [[[0.0, 0.0], [7.97007, -0.17741], [8.40468, 14.37937], [0.0, 15.0], [0.0, 0.0]], [[-2.4492127076447545e-16, 3.5], [0.9305500000000002, 11.95217], [-5.999999999999999, 11.5], [-6.0, 3.5000000000000004], [-2.4492127076447545e-16, 3.5]], [[1.0, -1.836909530733566e-16], [1.2220900000000006, -8.39793], [7.000000000000001, -8.0], [7.0, 1.836909530733566e-16], [1.0, -1.836909530733566e-16]], [[0.0, -23.0], [7.98965, -23.2693], [8.61046, -7.48057], [0.0, -8.0], [0.0, -23.0]], [[8.0, -18.5], [24.7014, -17.78927], [24.0, -12.5], [8.0, -12.5], [8.0, -18.5]], [[12.0, -12.5], [19.00704, -12.01238], [19.94068, 3.03294], [12.0, 2.5], [12.0, -12.5]], [[12.0, 21.0], [-3.57473, 20.584490000000002], [-4.0, 15.000000000000002], [12.0, 15.0], [12.0, 21.0]], [[13.0, -18.5], [13.5384, -25.69786], [19.0, -26.5], [19.0, -18.5], [13.0, -18.5]]], "node_id": [0, 1, 2, 3, 4, 5, 6, 7]}