{"corners": [[[0.12827, 0.271955], [8.12827, 0.271955], [8.12827, 6.271955], [0.12827, 6.271955], [0.12827, 0.271955]], [[0.3430050000000004, 6.296935], [-15.656995, 6.296935000000002], [-15.656995, 0.2969350000000018], [0.3430049999999996, 0.296935], [0.3430050000000004, 6.296935]], [[1.060729999999999, 22.195555], [1.06073, 6.195555], [7.06073, 6.195555], [7.0607299999999995, 22.195555], [1.060729999999999, 22.195555]], [[0.2464399999999991, 22.46205], [8.24644, 22.46205], [8.24644, 28.46205], [0.2464399999999991, 28.46205], [0.2464399999999991, 22.46205]], [[12.411215, 34.33741], [-3.588785, 34.33741], [-3.588785, 28.33741], [12.411215, 28.33741], [12.411215, 34.33741]]], "node_id": [0, 1, 2, 3, 4]}