{"corners": [[[0.0, 0.0], [8.85912, -0.8266], [8.0, 6.0], [0.0, 6.0], [0.0, 0.0]], [[-2.4492127076447545e-16, -1.0], [-0.7200299999999997, 7.90634], [-15.0, 7.000000000000002], [-15.0, -0.9999999999999991], [-2.4492127076447545e-16, -1.0]], [[0.9999999999999996, 14.0], [1.13032, 6.90879], [7.0, 6.0], [7.0, 14.0], [0.9999999999999996, 14.0]], [[-10.5, -0.999999999999999], [-10.500000000000004, -17.0], [-4.500000000000003, -17.0], [-4.5, -1.0], [-10.5, -0.999999999999999]], [[16.0, 5.999999999999999], [8.1413, 6.1973], [8.0, 0.0], [16.0, -8.881784197001252e-16], [16.0, 5.999999999999999]]], "node_id": [0, 1, 2, 3, 4]}