{"corners": [[[0.0, 0.0], [8.09494, -0.66308], [7.86346, 14.14551], [0.0, 15.0], [0.0, 0.0]], [[-2.4492127076447545e-16, 3.5], [2.4492127076447545e-16, 11.5], [-15.0, 11.500000000000002], [-15.0, 3.500000000000001], [-2.4492127076447545e-16, 3.5]], [[-21.0, 11.500000000000002], [-21.47631, 4.3656000000000015], [-15.600680000000002, 3.22401], [-15.0, 11.5], [-21.0, 11.500000000000002]], [[-4.500000000000001, -12.5], [-4.9859, 3.80243], [-10.18518, 4.04987], [-10.5, -12.5], [-4.500000000000001, -12.5]], [[-11.5, 11.5], [-3.78673, 10.67624], [-3.5, 26.5], [-11.5, 26.5], [-11.5, 11.5]], [[11.5, 15.0], [10.90872, 22.41763], [-3.48875, 23.21971], [-3.5, 15.000000000000002], [11.5, 15.0]], [[14.0, 3.5], [14.0, 11.5], [8.0, 11.5], [8.0, 3.5000000000000004], [14.0, 3.5]], [[0.0, -15.0], [7.17721, -15.29571], [7.98668, 0.93336], [0.0, 0.0], [0.0, -15.0]]], "node_id": [0, 1, 2, 3, 4, 5, 6, 7]}