{"corners": [[[0.0, 0.0], [7.22539, -0.2324], [7.0033, 14.32155], [0.0, 15.0], [0.0, 0.0]], [[0.0, -15.0], [8.0, -15.0], [8.0, 0.0], [0.0, 0.0], [0.0, -15.0]], [[7.0, 15.0], [6.425020000000001, 31.59622], [1.0000000000000009, 31.0], [1.0, 15.0], [7.0, 15.0]], [[8.0, -15.0], [-0.43227, -14.355129999999999], [0.0, -21.0], [7.999999999999999, -21.0], [8.0, -15.0]], [[12.0, 37.0], [-4.09977, 37.48888], [-3.95636, 31.97355], [12.0, 31.0], [12.0, 37.0]], [[-6.000000000000001, 15.5], [-5.66533, -0.87974], [0.0, -0.5], [-8.881784197001252e-16, 15.5], [-6.000000000000001, 15.5]], [[-4.0, 37.0], [12.0, 36.99999999999999], [12.0, 43.0], [-3.9999999999999987, 43.0], [-4.0, 37.0]], [[12.0, 43.99999999999999], [12.045529999999998, 36.183099999999996], [17.8051, 35.64556999999999], [18.0, 43.99999999999999], [12.0, 43.99999999999999]]], "node_id": [0, 1, 2, 3, 4, 5, 6, 7]}