{"corners": [[[0.0, 0.0], [16.0, 0.0], [16.0, 6.0], [0.0, 6.0], [0.0, 0.0]], [[32.0, 5.999999999999998], [16.0, 6.0], [16.0, 0.0], [32.0, -1.7763568394002505e-15], [32.0, 5.999999999999998]], [[32.0, 6.999999999999998], [32.50735, -0.5095400000000018], [47.65767, -0.17964000000000535], [47.0, 6.999999999999996], [32.0, 6.999999999999998]], [[20.0, 6.0], [28.35421, 6.679049999999998], [27.25284, 12.341779999999998], [20.0, 12.0], [20.0, 6.0]], [[27.0, -16.0], [26.49579, -0.20787], [21.01846, 0.68596], [21.0, -16.0], [27.0, -16.0]]], "node_id": [0, 1, 2, 3, 4]}