{"corners": [[[0.0, 0.0], [8.0, 0.0], [8.0, 15.0], [0.0, 15.0], [0.0, 0.0]], [[-8.0, 4.5], [0.0, 4.5], [0.0, 10.5], [-8.0, 10.5], [-8.0, 4.5]], [[-4.0, 15.0], [12.0, 15.0], [12.0, 21.0], [-4.0, 21.0], [-4.0, 15.0]], [[0.0, -6.0], [8.86796, -6.67418], [7.98739, -0.92542], [0.0, 0.0], [0.0, -6.0]], [[12.0, 15.0], [27.30294, 14.69228], [28.4286, 20.46608], [12.0, 21.0], [12.0, 15.0]], [[12.0, 27.0], [-4.48561, 27.428880000000003], [-4.0, 21.0], [12.0, 21.0], [12.0, 27.0]], [[8.0, 0.0], [15.67955, 0.2175], [15.63802, 14.5905], [8.0, 15.0], [8.0, 0.0]], [[-12.0, 21.0], [-3.28274, 20.336719999999996], [-4.698249999999998, 26.24728], [-11.999999999999998, 27.0], [-12.0, 21.0]]], "node_id": [0, 1, 2, 3, 4, 5, 6, 7]}