{"corners": [[[0.0, 0.0], [16.0, 0.0], [16.0, 6.0], [0.0, 6.0], [0.0, 0.0]], [[16.0, 0.0], [24.0, 0.0], [24.0, 6.0], [16.0, 6.0], [16.0, 0.0]], [[17.0, -1.836909530733566e-16], [16.36854, -16.8172], [23.0, -16.0], [23.0, 1.836909530733566e-16], [17.0, -1.836909530733566e-16]], [[12.0, -4.898425415289509e-16], [3.3799, -0.4535199999999995], [4.02575, -6.60239], [12.0, -6.000000000000001], [12.0, -4.898425415289509e-16]], [[24.0, 12.0], [16.0, 12.000000000000002], [16.0, 6.000000000000001], [24.0, 6.0], [24.0, 12.0]], [[16.0, 12.0], [0.0, 12.000000000000002], [0.0, 6.000000000000002], [16.0, 6.0], [16.0, 12.0]], [[23.0, -24.0], [22.26085, -15.94588], [17.0, -16.0], [17.0, -24.0], [23.0, -24.0]], [[23.0, -23.0], [31.0, -23.0], [31.0, -17.0], [23.0, -17.0], [23.0, -23.0]]], "node_id": [0, 1, 2, 3, 4, 5, 6, 7]}