{"corners": [[[0.19863, 0.07191], [8.19863, 0.07191], [8.19863, 15.07191], [0.19863, 15.07191], [0.19863, 0.07191]], [[-3.04942, 0.39379499999999956], [-3.0494199999999996, -7.606205], [11.95058, -7.606205], [11.95058, 0.39379500000000045], [-3.04942, 0.39379499999999956]], [[0.43878499999999976, 3.555195], [0.4387850000000002, 11.555195], [-14.561215, 11.555195000000001], [-14.561215, 3.5551950000000008], [0.43878499999999976, 3.555195]], [[8.42337, 21.44034], [0.42337, 21.44034], [0.42337, 15.44034], [8.423369999999998, 15.44034], [8.42337, 21.44034]], [[7.146955, 21.48107], [7.146955000000001, 29.48107], [1.1469550000000008, 29.48107], [1.146955, 21.48107], [7.146955, 21.48107]], [[0.270155, 29.298745], [8.270155, 29.298745], [8.270155, 35.298745], [0.270155, 35.298745], [0.270155, 29.298745]], [[12.119285, 41.30051], [-3.880715, 41.30051], [-3.880715, 35.30051], [12.119285, 35.30051], [12.119285, 41.30051]], [[12.21019, 35.3742], [28.21019, 35.374199999999995], [28.21019, 41.3742], [12.210190000000003, 41.3742], [12.21019, 35.3742]]], "node_id": [0, 1, 2, 3, 4, 5, 6, 7]}