{"corners": [[[0.195545, 0.484945], [8.195545, 0.484945], [8.195545, 6.484945], [0.195545, 6.484945], [0.195545, 0.484945]], [[7.454374999999999, -15.62907], [7.454375, 0.37093], [1.454375, 0.37093], [1.454374999999999, -15.62907], [7.454374999999999, -15.62907]], [[1.1507299999999998, -11.754375], [1.1507300000000003, -3.754375], [-4.849269999999999, -3.754375], [-4.84927, -11.754375], [1.1507299999999998, -11.754375]], [[12.21529, -15.663625], [-3.78471, -15.663624999999998], [-3.78471, -21.663625], [12.21529, -21.663625], [12.21529, -15.663625]], [[0.238065, 6.147875], [8.238065, 6.147875], [8.238065, 12.147875], [0.238065, 12.147875], [0.238065, 6.147875]], [[0.38671500000000036, 6.099245], [-7.613285, 6.099245000000001], [-7.613285, 0.09924500000000089], [0.3867149999999996, 0.099245], [0.38671500000000036, 6.099245]], [[1.47692, -21.78149], [1.4769199999999971, -37.78149], [7.476919999999997, -37.78149], [7.47692, -21.78149], [1.47692, -21.78149]], [[-23.877265, 0.2337450000000049], [-7.877265, 0.23374500000000098], [-7.877265, 6.233745000000002], [-23.877265, 6.233745000000005], [-23.877265, 0.2337450000000049]]], "node_id": [0, 1, 2, 3, 4, 5, 6, 7]}