{"corners": [[[0.0, 0.0], [8.548, -0.69259], [8.0, 6.0], [0.0, 6.0], [0.0, 0.0]], [[6.999999999999999, -16.0], [7.0, 0.0], [1.0, 0.0], [0.9999999999999991, -16.0], [6.999999999999999, -16.0]], [[0.9999999999999998, -12.0], [0.8318700000000002, -3.12555], [-4.367939999999999, -3.34346], [-5.0, -12.0], [0.9999999999999998, -12.0]], [[12.0, -16.0], [-4.04775, -16.40851], [-3.45315, -22.60303], [12.0, -22.0], [12.0, -16.0]], [[0.0, 6.0], [7.87404, 5.49094], [7.93499, 12.05465], [0.0, 12.0], [0.0, 6.0]], [[3.673819061467132e-16, 6.0], [-8.49126, 6.877770000000001], [-8.0, 8.881784197001252e-16], [-3.673819061467132e-16, 0.0], [3.673819061467132e-16, 6.0]], [[1.0, -22.0], [1.8359899999999971, -37.78983], [6.608929999999997, -38.21041], [7.0, -22.0], [1.0, -22.0]], [[-24.0, 4.884981308350689e-15], [-8.1324, -0.3202899999999991], [-8.4279, 5.094050000000002], [-24.0, 6.000000000000005], [-24.0, 4.884981308350689e-15]]], "node_id": [0, 1, 2, 3, 4, 5, 6, 7]}