{"corners": [[[0.0, 0.0], [7.95096, 0.62249], [8.05989, 15.14018], [0.0, 15.0], [0.0, 0.0]], [[-3.500000000000001, 23.0], [-4.36648, 15.55977], [11.5, 15.0], [11.5, 23.0], [-3.500000000000001, 23.0]], [[11.5, -8.0], [11.5, 0.0], [-3.5, 1.7763568394002505e-15], [-3.5, -7.999999999999999], [11.5, -8.0]], [[7.999999999999997, 38.0], [-0.13075000000000267, 38.34013], [0.7043099999999991, 22.94729], [7.999999999999999, 23.0], [7.999999999999997, 38.0]], [[-2.6948116047670334e-15, 38.0], [-7.9572100000000034, 38.47468], [-8.000000000000002, 23.0], [-8.579020740334675e-16, 23.0], [-2.6948116047670334e-15, 38.0]], [[3.4999999999999973, 38.0], [3.499999999999996, 46.0], [-11.500000000000004, 46.0], [-11.500000000000004, 38.0], [3.4999999999999973, 38.0]], [[3.9999999999999947, 52.0], [-11.669490000000005, 52.17515], [-12.000000000000005, 46.0], [3.9999999999999956, 46.0], [3.9999999999999947, 52.0]], [[0.0, -23.0], [7.6123899999999995, -23.75165], [8.0, -8.0], [0.0, -8.0], [0.0, -23.0]]], "node_id": [0, 1, 2, 3, 4, 5, 6, 7]}