{"corners": [[[0.0, 0.0], [7.75875, -0.16141], [8.0, 6.0], [0.0, 6.0], [0.0, 0.0]], [[0.0, -6.0], [7.62246, -6.89434], [8.0, 0.0], [0.0, 0.0], [0.0, -6.0]], [[0.0, 6.0], [8.0, 6.0], [8.0, 12.0], [0.0, 12.0], [0.0, 6.0]], [[8.0, -6.000000000000001], [0.56459, -6.15045], [-0.41627000000000175, -21.81383], [7.999999999999998, -21.0], [8.0, -6.000000000000001]], [[8.0, 6.0], [23.60791, 6.34417], [23.90967, 12.30427], [8.0, 12.0], [8.0, 6.0]], [[32.0, 16.5], [24.75085, 15.52348], [24.0, 1.5000000000000018], [31.999999999999996, 1.5], [32.0, 16.5]], [[8.0, 0.0], [16.0, 0.0], [16.0, 6.0], [8.0, 6.0], [8.0, 0.0]], [[8.0, -6.0], [16.08801, -6.94656], [16.0, 0.0], [8.0, 0.0], [8.0, -6.0]]], "node_id": [0, 1, 2, 3, 4, 5, 6, 7]}