{"corners": [[[0.0, 0.0], [7.00971, -0.55956], [8.0, 6.0], [0.0, 6.0], [0.0, 0.0]], [[8.0, 0.0], [16.34421, 0.23054], [15.0485, 6.53687], [8.0, 6.0], [8.0, 0.0]], [[3.673819061467132e-16, 6.0], [-7.50726, 5.633740000000001], [-8.47914, -0.5040799999999991], [-3.673819061467132e-16, 0.0], [3.673819061467132e-16, 6.0]], [[16.0, 11.0], [16.64799, -4.98512], [21.3174, -5.87182], [22.0, 11.0], [16.0, 11.0]], [[0.9999999999999996, 14.0], [0.7823100000000001, 6.37149], [7.0, 6.0], [7.0, 14.0], [0.9999999999999996, 14.0]]], "node_id": [0, 1, 2, 3, 4]}