{"corners": [[[0.0, 0.0], [7.12123, -0.53766], [8.46475, 6.05214], [0.0, 6.0], [0.0, 0.0]], [[8.0, -4.898425415289509e-16], [0.0, 4.898425415289509e-16], [0.0, -6.0], [7.999999999999999, -6.000000000000001], [8.0, -4.898425415289509e-16]], [[-6.000000000000001, 11.0], [-6.8137799999999995, -5.95927], [0.8796, -5.19411], [-8.881784197001252e-16, 11.0], [-6.000000000000001, 11.0]], [[0.9999999999999991, -5.999999999999999], [0.9999999999999977, -14.0], [6.999999999999997, -14.0], [6.999999999999999, -6.0], [0.9999999999999991, -5.999999999999999]], [[14.0, -7.0], [14.0, 1.0], [8.0, 1.0], [8.0, -7.0], [14.0, -7.0]]], "node_id": [0, 1, 2, 3, 4]}