{"corners": [[[0.331085, 0.06829], [8.331085, 0.06829], [8.331085, 6.06829], [0.331085, 6.06829], [0.331085, 0.06829]], [[8.26783, 0.2238749999999995], [0.26783, 0.2238750000000005], [0.26783, -5.776125], [8.26783, -5.776125000000001], [8.26783, 0.2238749999999995]], [[-5.793715000000001, 11.49817], [-5.793715, -4.50183], [0.206285, -4.50183], [0.2062849999999991, 11.49817], [-5.793715000000001, 11.49817]], [[1.046554999999999, -5.989814999999999], [1.0465549999999977, -13.989815], [7.046554999999997, -13.989815], [7.046554999999999, -5.989815], [1.046554999999999, -5.989814999999999]], [[14.469899999999999, -6.798525], [14.469899999999999, 1.201475], [8.469899999999999, 1.201475], [8.469899999999999, -6.798525], [14.469899999999999, -6.798525]]], "node_id": [0, 1, 2, 3, 4]}