{"corners": [[[0.0, 0.0], [7.41846, -0.82134], [8.81446, 14.56179], [0.0, 15.0], [0.0, 0.0]], [[11.5, 15.0], [11.5, 23.0], [-3.5, 23.0], [-3.5, 15.000000000000002], [11.5, 15.0]], [[11.5, 11.5], [19.20012, 12.45651], [20.29841, 25.85954], [11.5, 26.5], [11.5, 11.5]], [[12.5, 11.5], [12.500000000000002, -4.5], [18.5, -4.5], [18.5, 11.5], [12.5, 11.5]], [[18.5, 0.5], [26.5, 0.5], [26.5, 6.5], [18.5, 6.5], [18.5, 0.5]], [[19.5, 16.0], [36.37841, 16.30418], [35.64462, 21.67954], [19.5, 22.0], [19.5, 16.0]], [[20.0, 16.0], [20.74157, 7.91062], [35.56137, 7.60526], [35.0, 16.0], [20.0, 16.0]], [[31.5, 28.0], [23.69061, 27.90137], [23.83843, 21.73064], [31.5, 22.0], [31.5, 28.0]]], "node_id": [0, 1, 2, 3, 4, 5, 6, 7]}