{"corners": [[[0.0, 0.0], [8.7101, 0.28061], [8.49073, 6.93381], [0.0, 6.0], [0.0, 0.0]], [[8.0, -4.898425415289509e-16], [0.78434, -0.4809499999999995], [0.3707599999999982, -15.673569999999998], [7.999999999999998, -15.0], [8.0, -4.898425415289509e-16]], [[11.999999999999998, -15.000000000000002], [-4.000000000000002, -15.0], [-4.000000000000002, -21.0], [11.999999999999998, -21.0], [11.999999999999998, -15.000000000000002]], [[16.0, -4.500000000000002], [8.0, -4.500000000000001], [8.0, -10.5], [16.0, -10.500000000000002], [16.0, -4.500000000000002]], [[0.0, 6.0], [7.28966, 6.30651], [8.24946, 21.25192], [0.0, 21.0], [0.0, 6.0]], [[-2.4492127076447545e-16, -1.0], [0.8290700000000002, 7.16884], [-15.5833, 6.326010000000002], [-15.0, -0.9999999999999991], [-2.4492127076447545e-16, -1.0]], [[-15.0, 17.5], [-15.0, 9.5], [0.0, 9.5], [0.0, 17.5], [-15.0, 17.5]], [[-4.5, 17.5], [-4.321869999999999, 33.63813], [-10.5, 33.5], [-10.5, 17.5], [-4.5, 17.5]]], "node_id": [0, 1, 2, 3, 4, 5, 6, 7]}