{"corners": [[[0.0, 0.0], [16.0, 0.0], [16.0, 6.0], [0.0, 6.0], [0.0, 0.0]], [[24.0, 10.5], [15.20284, 9.695710000000002], [15.999999999999998, -4.499999999999998], [23.999999999999996, -4.5], [24.0, 10.5]], [[24.0, 7.0], [24.0, -1.0], [39.0, -1.0000000000000036], [39.0, 6.999999999999997], [24.0, 7.0]], [[-15.0, 6.999999999999999], [-14.23095, -1.335080000000001], [0.0, -1.0], [0.0, 7.0], [-15.0, 6.999999999999999]], [[45.0, -1.0000000000000044], [44.11786, 6.806879999999995], [39.19823, 7.883349999999997], [39.0, -1.0000000000000027], [45.0, -1.0000000000000044]], [[27.5, -7.000000000000001], [35.5, -7.000000000000003], [35.5, -1.0000000000000027], [27.5, -1.0000000000000009], [27.5, -7.000000000000001]], [[-30.0, 6.999999999999998], [-29.60874, -1.8277000000000019], [-15.61313, -0.3648200000000009], [-15.0, 6.999999999999999], [-30.0, 6.999999999999998]], [[39.0, -15.000000000000004], [38.70946, -6.795230000000004], [23.2057, -6.730759999999998], [24.0, -14.999999999999998], [39.0, -15.000000000000004]]], "node_id": [0, 1, 2, 3, 4, 5, 6, 7]}