{"corners": [[[0.0, 0.0], [8.2391, -0.57], [8.0, 6.0], [0.0, 6.0], [0.0, 0.0]], [[12.0, 12.0], [-3.51694, 12.709050000000001], [-4.0, 6.000000000000002], [12.0, 6.0], [12.0, 12.0]], [[27.0, 4.999999999999999], [27.66475, 12.47627], [12.0, 13.0], [12.0, 5.0], [27.0, 4.999999999999999]], [[27.0, 13.0], [27.0, 5.0], [33.0, 4.999999999999998], [33.0, 12.999999999999998], [27.0, 13.0]], [[34.0, 4.999999999999999], [26.16182, 4.96943], [26.49448, -0.41664], [34.0, -1.0000000000000009], [34.0, 4.999999999999999]], [[34.0, -1.0000000000000004], [26.37246, -1.8728299999999996], [26.12822, -7.8292], [34.0, -7.0], [34.0, -1.0000000000000004]], [[38.0, 19.0], [21.60801, 19.089890000000004], [22.62723, 12.684570000000003], [38.0, 13.0], [38.0, 19.0]], [[34.0, 34.0], [25.37391, 33.70567], [25.86275, 18.45559], [34.0, 19.0], [34.0, 34.0]]], "node_id": [0, 1, 2, 3, 4, 5, 6, 7]}