{"corners": [[[0.0, 0.0], [8.0, 0.0], [8.0, 6.0], [0.0, 6.0], [0.0, 0.0]], [[8.000000000000002, 21.0], [1.7763568394002505e-15, 21.0], [0.0, 6.000000000000002], [8.0, 6.0], [8.000000000000002, 21.0]], [[8.0, 7.0], [8.0, -1.0], [14.0, -1.0], [14.0, 7.0], [8.0, 7.0]], [[-15.0, 6.999999999999999], [-14.327069999999999, -1.595080000000001], [0.0, -1.0], [0.0, 7.0], [-15.0, 6.999999999999999]], [[-4.5, 7.0], [-4.124969999999999, 23.32013], [-10.5, 23.0], [-10.5, 7.0], [-4.5, 7.0]]], "node_id": [0, 1, 2, 3, 4]}