{"corners": [[[0.0, 0.0], [8.0, 0.0], [8.0, 6.0], [0.0, 6.0], [0.0, 0.0]], [[23.0, -1.0000000000000009], [22.32412, 6.451439999999999], [8.0, 7.000000000000001], [8.0, -1.0], [23.0, -1.0000000000000009]], [[0.0, 6.0], [7.04022, 5.80715], [8.0, 21.0], [0.0, 21.0], [0.0, 6.0]], [[-2.4492127076447545e-16, 9.5], [-0.7794999999999997, 17.67594], [-15.0, 17.5], [-15.0, 9.500000000000002], [-2.4492127076447545e-16, 9.5]], [[-14.999999999999996, 25.5], [-14.999999999999998, 17.5], [1.7763568394002505e-15, 17.499999999999996], [3.552713678800501e-15, 25.499999999999996], [-14.999999999999996, 25.5]], [[-23.0, 6.0], [-14.73175, 6.16358], [-14.66151, 21.826810000000002], [-23.0, 21.0], [-23.0, 6.0]], [[29.0, -5.000000000000001], [29.21966, 11.62476], [23.0, 11.0], [23.0, -5.000000000000001], [29.0, -5.000000000000001]], [[14.0, 9.5], [14.0, 17.5], [8.0, 17.5], [8.0, 9.5], [14.0, 9.5]]], "node_id": [0, 1, 2, 3, 4, 5, 6, 7]}