{"corners": [[[0.0, 0.0], [8.80873, -0.39738], [7.47984, 14.23612], [0.0, 15.0], [0.0, 0.0]], [[0.0, -6.0], [7.97768, -5.96281], [8.16995, -0.57045], [0.0, 0.0], [0.0, -6.0]], [[-4.0, 15.0], [11.68611, 14.54368], [12.0, 21.0], [-4.0, 21.0], [-4.0, 15.0]], [[12.0, 26.0], [12.000000000000002, 10.0], [18.0, 10.0], [18.0, 26.0], [12.0, 26.0]], [[7.0, 21.0], [7.555240000000001, 37.03569], [1.0000000000000009, 37.0], [1.0, 21.0], [7.0, 21.0]], [[12.0, 34.0], [11.52516, 25.26335], [18.66115, 26.10219], [18.0, 34.0], [12.0, 34.0]], [[7.499999999999999, 42.0], [7.5, 34.0], [22.5, 34.0], [22.5, 42.0], [7.499999999999999, 42.0]], [[18.0, 2.0], [18.69733, 10.56514], [12.33837, 10.33503], [12.0, 2.0000000000000004], [18.0, 2.0]]], "node_id": [0, 1, 2, 3, 4, 5, 6, 7]}