{"corners": [[[0.0, 0.0], [15.99543, -0.76758], [15.42505, 6.24996], [0.0, 6.0], [0.0, 0.0]], [[16.0, 12.0], [0.95194, 11.406840000000003], [-0.96397, 6.310870000000001], [16.0, 6.0], [16.0, 12.0]], [[16.0, 0.0], [31.28521, -0.19979], [32.0, 6.0], [16.0, 6.0], [16.0, 0.0]], [[12.0, 18.0], [4.0, 18.0], [4.0, 12.0], [12.0, 12.0], [12.0, 18.0]], [[-16.0, 0.0], [0.21102, -0.84305], [-0.381, 5.48998], [-16.0, 6.0], [-16.0, 0.0]], [[-5.0, 6.0], [-4.999999999999999, 14.0], [-11.0, 14.0], [-11.0, 6.0], [-5.0, 6.0]], [[5.0, -1.836909530733566e-16], [4.444960000000001, -15.59092], [11.18275, -16.11453], [11.0, 1.836909530733566e-16], [5.0, -1.836909530733566e-16]], [[27.0, 6.0], [27.0, 22.0], [21.0, 22.0], [21.0, 6.0], [27.0, 6.0]]], "node_id": [0, 1, 2, 3, 4, 5, 6, 7]}