{"corners": [[[0.0, 0.0], [16.27263, -0.55467], [16.0, 6.0], [0.0, 6.0], [0.0, 0.0]], [[-6.000000000000001, 11.0], [-6.0, -5.0], [0.0, -5.0], [-8.881784197001252e-16, 11.0], [-6.000000000000001, 11.0]], [[-22.0, 0.0], [-6.0, 0.0], [-6.0, 6.0], [-22.0, 6.0], [-22.0, 0.0]], [[4.999999999999998, 17.0], [-10.200440000000002, 17.882339999999996], [-11.000000000000002, 10.999999999999998], [4.999999999999999, 11.0], [4.999999999999998, 17.0]], [[21.0, 17.0], [4.09081, 17.638809999999996], [5.79692, 11.546289999999999], [21.0, 11.0], [21.0, 17.0]], [[-22.0, 6.0], [-30.0, 6.000000000000001], [-30.0, 8.881784197001252e-16], [-22.0, 0.0], [-22.0, 6.0]], [[-23.0, -16.0], [-23.9671, -0.54462], [-29.0, 0.0], [-29.0, -16.0], [-23.0, -16.0]], [[27.0, 10.0], [27.6705, 17.79849], [21.0, 18.0], [21.0, 9.999999999999998], [27.0, 10.0]]], "node_id": [0, 1, 2, 3, 4, 5, 6, 7]}