{"corners": [[[0.267965, 0.05406], [16.267965, 0.05406], [16.267965, 6.05406], [0.267965, 6.05406], [0.267965, 0.05406]], [[-15.52944, 0.08194], [0.47056, 0.08194], [0.47056, 6.08194], [-15.52944, 6.08194], [-15.52944, 0.08194]], [[-23.838085, -4.31653], [-15.838085, -4.31653], [-15.838085, 10.68347], [-23.838085, 10.68347], [-23.838085, -4.31653]], [[-11.9653, -5.898455], [-3.9653, -5.898455], [-3.9653, 0.101545], [-11.9653, 0.101545], [-11.9653, -5.898455]], [[-16.744305, 10.81286], [-16.744305, 26.81286], [-22.744305, 26.81286], [-22.744305, 10.81286], [-16.744305, 10.81286]], [[-16.64998, 15.711775], [-0.64998, 15.711775], [-0.64998, 21.711775], [-16.64998, 21.711775], [-16.64998, 15.711775]], [[-22.81743, 10.9547], [-22.81743, 26.9547], [-28.81743, 26.9547], [-28.81743, 10.9547], [-22.81743, 10.9547]], [[12.19325, 0.08424499999999822], [-3.80675, 0.08424500000000018], [-3.80675, -5.915755], [12.19325, -5.915755000000002], [12.19325, 0.08424499999999822]]], "node_id": [0, 1, 2, 3, 4, 5, 6, 7]}