{"corners": [[[0.364225, 0.28951], [8.364225, 0.28951], [8.364225, 6.28951], [0.364225, 6.28951], [0.364225, 0.28951]], [[8.13913, 7.331675], [8.13913, -0.6683250000000001], [14.13913, -0.6683250000000001], [14.13913, 7.331675], [8.13913, 7.331675]], [[8.28005, 0.1652799999999995], [0.28005, 0.1652800000000005], [0.28004999999999824, -14.834719999999999], [8.280049999999997, -14.83472], [8.28005, 0.1652799999999995]], [[14.220755, 11.441935], [14.220755000000002, -4.558065], [20.220755, -4.558065], [20.220755, 11.441935], [14.220755, 11.441935]], [[24.73677, -12.5604], [24.73677, -4.5604], [9.73677, -4.560399999999998], [9.73677, -12.560399999999998], [24.73677, -12.5604]], [[24.608925, -11.829245], [32.608925, -11.829245], [32.608925, -5.829245], [24.608925, -5.829245], [24.608925, -11.829245]], [[24.749715, -17.994515], [32.749715, -17.994515], [32.749715, -11.994515], [24.749715, -11.994515], [24.749715, -17.994515]], [[8.426785000000002, 21.455105], [0.4267850000000018, 21.455105], [0.426785, 6.455105000000001], [8.426785, 6.455105], [8.426785000000002, 21.455105]]], "node_id": [0, 1, 2, 3, 4, 5, 6, 7]}