{"corners": [[[0.425425, 0.361545], [8.425425, 0.361545], [8.425425, 6.361545], [0.425425, 6.361545], [0.425425, 0.361545]], [[1.0713899999999996, 14.2959], [1.07139, 6.2959], [7.07139, 6.2959], [7.07139, 14.2959], [1.0713899999999996, 14.2959]], [[0.41586000000000095, 10.842195], [-7.584139999999999, 10.842195000000002], [-7.58414, -4.157804999999998], [0.41585999999999906, -4.157805], [0.41586000000000095, 10.842195]], [[1.036354999999999, 22.130575], [1.0363549999999995, 14.130575], [7.036355, 14.130575], [7.0363549999999995, 22.130575], [1.036354999999999, 22.130575]], [[-7.797710000000004, -19.30593], [0.20228999999999644, -19.305930000000004], [0.20229, -4.305930000000002], [-7.79771, -4.30593], [-7.797710000000004, -19.30593]], [[0.4872099999999975, -14.580515000000002], [8.487209999999997, -14.580515000000004], [8.48721, -8.580515000000004], [0.4872099999999989, -8.580515000000002], [0.4872099999999975, -14.580515000000002]], [[-15.79934, -14.690099999999997], [-7.79934, -14.6901], [-7.799339999999998, -8.6901], [-15.799339999999999, -8.690099999999997], [-15.79934, -14.690099999999997]], [[-6.628285000000001, 10.50424], [1.3717149999999991, 10.50424], [1.3717149999999991, 25.50424], [-6.628285000000001, 25.50424], [-6.628285000000001, 10.50424]]], "node_id": [0, 1, 2, 3, 4, 5, 6, 7]}