{"corners": [[[0.0, 0.0], [8.44618, -0.71443], [8.1836, 6.66345], [0.0, 6.0], [0.0, 0.0]], [[0.9999999999999996, 14.0], [1.09508, 6.87164], [7.98982, 6.55168], [7.0, 14.0], [0.9999999999999996, 14.0]], [[9.18454765366783e-16, 10.5], [-7.999999999999999, 10.500000000000002], [-8.0, -4.499999999999998], [-9.18454765366783e-16, -4.5], [9.18454765366783e-16, 10.5]], [[0.9999999999999991, 22.0], [1.6779299999999995, 13.80264], [7.23959, 14.48686], [6.999999999999999, 22.0], [0.9999999999999991, 22.0]], [[-8.000000000000004, -19.5], [-3.552713678800501e-15, -19.500000000000004], [0.0, -4.500000000000002], [-8.0, -4.5], [-8.000000000000004, -19.5]], [[-2.511120651693677e-15, -15.000000000000002], [7.999999999999997, -15.000000000000004], [7.999999999999999, -9.000000000000004], [-1.0415930271068241e-15, -9.000000000000002], [-2.511120651693677e-15, -15.000000000000002]], [[-16.0, -14.999999999999998], [-8.14797, -15.99044], [-8.908189999999998, -8.6639], [-15.999999999999998, -8.999999999999998], [-16.0, -14.999999999999998]], [[-7.000000000000001, 10.5], [0.9999999999999991, 10.5], [0.9999999999999991, 25.5], [-7.000000000000001, 25.5], [-7.000000000000001, 10.5]]], "node_id": [0, 1, 2, 3, 4, 5, 6, 7]}