{"corners": [[[0.0, 0.0], [7.08178, 0.50818], [8.48912, 5.40887], [0.0, 6.0], [0.0, 0.0]], [[-4.898425415289509e-16, -5.0], [0.6311100000000004, 11.88144], [-6.0, 11.0], [-6.000000000000001, -5.0], [-4.898425415289509e-16, -5.0]], [[23.0, -1.0000000000000009], [23.0, 6.999999999999999], [8.0, 7.000000000000001], [8.0, -1.0], [23.0, -1.0000000000000009]], [[12.5, -0.9999999999999999], [11.639849999999996, -17.2184], [19.088139999999996, -17.8738], [18.5, -1.0000000000000009], [12.5, -0.9999999999999999]], [[5.0, 17.0], [-11.06179, 17.412720000000004], [-11.18442, 11.467730000000001], [4.999999999999999, 11.0], [5.0, 17.0]], [[26.5, -1.5000000000000027], [18.11639, -0.8695500000000018], [19.07452, -17.31542], [26.499999999999996, -16.500000000000004], [26.5, -1.5000000000000027]], [[23.0, -8.881784197001252e-16], [31.0, -8.881784197001252e-16], [31.0, 5.999999999999999], [23.0, 5.999999999999999], [23.0, -8.881784197001252e-16]], [[-7.0, 17.0], [0.50671, 16.759419999999995], [1.0000000000000036, 32.0], [-6.9999999999999964, 32.0], [-7.0, 17.0]]], "node_id": [0, 1, 2, 3, 4, 5, 6, 7]}