{"corners": [[[0.268565, 0.20719], [8.268565, 0.20719], [8.268565, 6.20719], [0.268565, 6.20719], [0.268565, 0.20719]], [[0.1302049999999995, -4.64912], [0.1302050000000005, 11.35088], [-5.869795, 11.35088], [-5.869795000000001, -4.64912], [0.1302049999999995, -4.64912]], [[23.422295, -0.8487200000000009], [23.422295, 7.151279999999999], [8.422295, 7.151280000000001], [8.422295, -0.84872], [23.422295, -0.8487200000000009]], [[12.81817, -0.5303499999999999], [12.818169999999997, -16.53035], [18.818169999999995, -16.53035], [18.81817, -0.5303500000000009], [12.81817, -0.5303499999999999]], [[5.340995, 17.16828], [-10.659005, 17.168280000000003], [-10.659005, 11.168280000000001], [5.3409949999999995, 11.16828], [5.340995, 17.16828]], [[26.69581, -1.4601600000000026], [18.69581, -1.4601600000000017], [18.69581, -16.46016], [26.695809999999998, -16.460160000000002], [26.69581, -1.4601600000000026]], [[23.083095, 0.23455499999999913], [31.083095, 0.23455499999999913], [31.083095, 6.234554999999999], [23.083095, 6.234554999999999], [23.083095, 0.23455499999999913]], [[-6.64682, 17.203895], [1.35318, 17.203894999999996], [1.3531800000000036, 32.203895], [-6.646819999999996, 32.203895], [-6.64682, 17.203895]]], "node_id": [0, 1, 2, 3, 4, 5, 6, 7]}