{"corners": [[[0.0, 0.0], [16.0, 0.0], [16.0, 6.0], [0.0, 6.0], [0.0, 0.0]], [[-4.898425415289509e-16, -5.0], [0.7534700000000004, 10.28481], [-6.0, 11.0], [-6.000000000000001, -5.0], [-4.898425415289509e-16, -5.0]], [[0.0, 6.0], [15.79324, 6.71684], [16.14488, 12.59158], [0.0, 12.0], [0.0, 6.0]], [[12.0, 18.0], [4.0, 18.0], [4.0, 12.0], [12.0, 12.0], [12.0, 18.0]], [[4.440892098500626e-16, 11.0], [0.47577000000000147, 26.93336], [-5.999999999999998, 27.0], [-6.0, 11.0], [4.440892098500626e-16, 11.0]]], "node_id": [0, 1, 2, 3, 4]}