{"corners": [[[0.0, 0.0], [8.0, 0.0], [8.0, 6.0], [0.0, 6.0], [0.0, 0.0]], [[0.0, -15.0], [7.13292, -14.49887], [8.0, 0.0], [0.0, 0.0], [0.0, -15.0]], [[-15.0, -3.500000000000001], [-15.0, -11.5], [0.0, -11.5], [0.0, -3.5], [-15.0, -3.500000000000001]], [[-16.0, 0.0], [0.55548, -0.38086], [-0.43128, 5.09056], [-16.0, 6.0], [-16.0, 0.0]], [[-10.5, -11.5], [-11.378249999999998, -27.56928], [-4.499999999999999, -27.5], [-4.5, -11.5], [-10.5, -11.5]]], "node_id": [0, 1, 2, 3, 4]}