{"corners": [[[0.0, 0.0], [16.0127, 0.13686], [16.51194, 5.04258], [0.0, 6.0], [0.0, 0.0]], [[-6.0, 7.0], [-5.956829999999999, -1.4039], [-0.9079499999999991, -1.19626], [0.0, 7.0], [-6.0, 7.0]], [[-11.0, 7.0], [5.0, 7.0], [5.0, 13.0], [-11.0, 13.0], [-11.0, 7.0]], [[-11.0, 2.0], [-10.930979999999998, 18.80382], [-17.0, 18.0], [-17.0, 2.0000000000000004], [-11.0, 2.0]], [[-6.5, 18.0], [-6.499999999999999, 26.0], [-21.5, 26.0], [-21.5, 18.0], [-6.5, 18.0]], [[-10.0, 32.0], [-18.0, 32.0], [-18.0, 26.0], [-10.0, 26.0], [-10.0, 32.0]], [[-17.0, 2.0000000000000004], [-17.0, -6.0], [-11.000000000000002, -6.000000000000002], [-11.0, 1.9999999999999993], [-17.0, 2.0000000000000004]], [[32.0, 5.999999999999998], [16.81073, 5.48475], [15.296, 0.5974], [32.0, -1.7763568394002505e-15], [32.0, 5.999999999999998]]], "node_id": [0, 1, 2, 3, 4, 5, 6, 7]}