{"corners": [[[0.0, 0.0], [15.23967, -0.32841], [16.0, 6.0], [0.0, 6.0], [0.0, 0.0]], [[16.0, -9.796850830579018e-16], [0.0, 9.796850830579018e-16], [0.0, -5.999999999999999], [16.0, -6.000000000000001], [16.0, -9.796850830579018e-16]], [[32.0, -2.6645352591003757e-15], [16.0, -7.051650929845721e-16], [16.0, -6.000000000000001], [32.0, -6.000000000000003], [32.0, -2.6645352591003757e-15]], [[-5.999999999999998, 5.000000000000003], [-6.158950000000001, -10.026359999999997], [-8.881784197001252e-16, -10.999999999999996], [1.7763568394002505e-15, 5.000000000000002], [-5.999999999999998, 5.000000000000003]], [[5.0, 14.0], [5.7696700000000005, 5.144], [11.0, 6.0], [11.0, 14.0], [5.0, 14.0]], [[-21.0, 1.0000000000000053], [-21.0, -6.999999999999995], [-6.000000000000002, -6.999999999999998], [-6.0, 1.0000000000000027], [-21.0, 1.0000000000000053]], [[-27.0, 1.0000000000000062], [-27.10571, -6.337419999999994], [-20.19583, -6.052479999999996], [-21.0, 1.000000000000005], [-27.0, 1.0000000000000062]], [[15.999999999999998, -12.0], [31.01242, -11.735300000000004], [32.0, -6.0000000000000036], [16.0, -6.0], [15.999999999999998, -12.0]]], "node_id": [0, 1, 2, 3, 4, 5, 6, 7]}