{"corners": [[[0.027435, 0.04776], [8.027435, 0.04776], [8.027435, 15.04776], [0.027435, 15.04776], [0.027435, 0.04776]], [[24.441235, 10.751314999999998], [8.441235, 10.751315], [8.441235, 4.751315], [24.441235, 4.751314999999998], [24.441235, 10.751314999999998]], [[-7.516655, 0.101095], [0.483345, 0.101095], [0.483345, 15.101095], [-7.516655, 15.101095], [-7.516655, 0.101095]], [[24.39144, 11.547144999999999], [24.39144, 3.547144999999998], [30.39144, 3.5471449999999964], [30.39144, 11.547144999999997], [24.39144, 11.547144999999999]], [[-3.938955, 15.11], [12.061045, 15.11], [12.061045, 21.11], [-3.938955, 21.11], [-3.938955, 15.11]]], "node_id": [0, 1, 2, 3, 4]}