{"corners": [[[0.0, 0.0], [15.49001, 0.70715], [16.0, 6.0], [0.0, 6.0], [0.0, 0.0]], [[4.0, 6.0], [12.0, 6.0], [12.0, 12.0], [4.0, 12.0], [4.0, 6.0]], [[-4.0, 6.0], [4.14667, 5.10848], [3.11587, 12.82749], [-4.0, 12.0], [-4.0, 6.0]], [[3.0, 12.0], [3.3944300000000007, 28.71877], [-3.6838799999999994, 27.95061], [-3.0, 12.0], [3.0, 12.0]], [[22.0, -1.0], [22.03984, 7.80222], [16.86756, 7.11176], [16.0, -0.9999999999999997], [22.0, -1.0]]], "node_id": [0, 1, 2, 3, 4]}