{"corners": [[[0.0, 0.0], [16.70453, -0.19221], [16.71812, 5.72218], [0.0, 6.0], [0.0, 0.0]], [[3.673819061467132e-16, 6.0], [-16.57425, 5.883650000000002], [-15.75118, -0.26800999999999825], [-3.673819061467132e-16, 0.0], [3.673819061467132e-16, 6.0]], [[11.0, -16.0], [11.000000000000002, 0.0], [5.000000000000001, 0.0], [5.0, -16.0], [11.0, -16.0]], [[11.0, 6.0], [11.000000000000002, 22.0], [5.000000000000001, 22.0], [5.0, 6.0], [11.0, 6.0]], [[16.0, -4.5], [23.29775, -3.5813], [24.0, 10.5], [16.0, 10.5], [16.0, -4.5]], [[4.0, -22.0], [12.0, -22.0], [12.0, -16.0], [4.0, -16.0], [4.0, -22.0]], [[23.0, 10.5], [23.54005, 26.69742], [16.94483, 25.99415], [17.0, 10.5], [23.0, 10.5]], [[24.0, 32.5], [15.22846, 33.32503], [16.2637, 25.90743], [24.0, 26.5], [24.0, 32.5]]], "node_id": [0, 1, 2, 3, 4, 5, 6, 7]}