{"corners": [[[0.43361, 0.40897], [16.43361, 0.40897], [16.43361, 6.40897], [0.43361, 6.40897], [0.43361, 0.40897]], [[16.383555, 0.355095], [24.383555, 0.355095], [24.383555, 6.355095], [16.383555, 6.355095], [16.383555, 0.355095]], [[24.305515, 0.020239999999999512], [16.305515, 0.02024000000000049], [16.305515, -5.97976], [24.305515, -5.979760000000001], [24.305515, 0.020239999999999512]], [[0.27179, -5.549994999999996], [16.27179, -5.549994999999999], [16.27179, 0.4500050000000009], [0.2717900000000014, 0.45000500000000443], [0.27179, -5.549994999999996]], [[16.363025, -5.615705], [0.363025, -5.615704999999994], [0.36302499999999643, -11.615704999999993], [16.363024999999997, -11.615705], [16.363025, -5.615705]]], "node_id": [0, 1, 2, 3, 4]}