{"corners": [[[0.31528, 0.34219], [8.31528, 0.34219], [8.31528, 15.34219], [0.31528, 15.34219], [0.31528, 0.34219]], [[7.330135, -7.982715], [7.330135000000001, 0.017285], [1.330135000000001, 0.017285], [1.330135, -7.982715], [7.330135, -7.982715]], [[24.45571, 10.950824999999998], [8.45571, 10.950825], [8.45571, 4.950825], [24.45571, 4.950824999999998], [24.45571, 10.950824999999998]], [[12.350514999999998, -1.245835], [20.350515, -1.245835000000002], [20.350515, 4.754164999999999], [12.350515, 4.754165], [12.350514999999998, -1.245835]], [[23.884825, 10.73784], [23.884825, 18.73784], [8.884825, 18.73784], [8.884825, 10.737840000000002], [23.884825, 10.73784]], [[-13.996995, 0.07972500000000267], [-13.996995000000002, -7.9202749999999975], [1.0030049999999981, -7.920275], [1.003005, 0.07972499999999991], [-13.996995, 0.07972500000000267]], [[38.837045, 10.912555], [38.837045, 18.912555], [23.837045, 18.912555], [23.837045, 10.912555000000001], [38.837045, 10.912555]], [[35.240145, 10.91391], [27.240145, 10.913910000000001], [27.240145, -4.086089999999999], [35.240145, -4.08609], [35.240145, 10.91391]]], "node_id": [0, 1, 2, 3, 4, 5, 6, 7]}