{"corners": [[[0.0, 0.0], [16.0, 0.0], [16.0, 6.0], [0.0, 6.0], [0.0, 0.0]], [[-2.4492127076447545e-16, -1.0], [-0.9948899999999998, 6.82429], [-6.030499999999999, 6.67627], [-6.0, -0.9999999999999997], [-2.4492127076447545e-16, -1.0]], [[5.0, -1.836909530733566e-16], [4.130160000000001, -7.78364], [11.0, -8.0], [11.0, 1.836909530733566e-16], [5.0, -1.836909530733566e-16]], [[4.0, -14.0], [12.0, -14.0], [12.0, -8.0], [4.0, -8.0], [4.0, -14.0]], [[-22.0, 0.0], [-5.23976, 0.05314], [-6.0, 6.0], [-22.0, 6.0], [-22.0, 0.0]], [[19.0, -0.9999999999999987], [11.0, -0.9999999999999997], [11.0, -7.0], [19.0, -6.999999999999998], [19.0, -0.9999999999999987]], [[34.0, -7.9999999999999964], [33.27696, 0.8230900000000035], [19.0, 8.881784197001252e-16], [19.0, -7.999999999999999], [34.0, -7.9999999999999964]], [[29.5, -15.999999999999996], [29.72572, -7.403369999999996], [22.60669, -8.547769999999998], [23.5, -15.999999999999998], [29.5, -15.999999999999996]]], "node_id": [0, 1, 2, 3, 4, 5, 6, 7]}