{"corners": [[[0.0, 0.0], [16.0, 0.0], [16.0, 6.0], [0.0, 6.0], [0.0, 0.0]], [[-15.0, 6.999999999999999], [-14.15811, -1.8274700000000008], [-0.70797, -1.11253], [0.0, 7.0], [-15.0, 6.999999999999999]], [[-11.5, -7.0], [-3.5, -7.0], [-3.5, -1.0], [-11.5, -1.0], [-11.5, -7.0]], [[22.0, -5.0], [22.08374, 10.01729], [15.22764, 10.41983], [16.0, -5.0], [22.0, -5.0]], [[-15.5, 7.0], [-0.40495000000000003, 6.91593], [0.23557, 13.16375], [-15.5, 13.0], [-15.5, 7.0]], [[-11.5, -1.0], [-19.5, -0.999999999999999], [-19.5, -6.999999999999999], [-11.5, -7.0], [-11.5, -1.0]], [[16.0, -4.999999999999999], [15.999999999999996, -21.0], [21.999999999999996, -21.0], [22.0, -5.0], [16.0, -4.999999999999999]], [[10.999999999999995, -27.0], [26.999999999999993, -27.000000000000004], [26.999999999999993, -21.000000000000004], [10.999999999999996, -21.0], [10.999999999999995, -27.0]]], "node_id": [0, 1, 2, 3, 4, 5, 6, 7]}