{"corners": [[[0.0, 0.0], [15.36656, 0.20674], [15.5327, 5.48226], [0.0, 6.0], [0.0, 0.0]], [[4.0, -15.0], [12.39294, -15.12508], [12.0, 0.0], [4.0, 0.0], [4.0, -15.0]], [[4.0, -30.0], [12.0, -30.0], [12.0, -15.0], [4.0, -15.0], [4.0, -30.0]], [[4.0, -19.5], [-12.0, -19.499999999999996], [-12.0, -25.5], [3.999999999999999, -25.5], [4.0, -19.5]], [[4.999999999999999, 22.0], [4.20685, 6.44628], [11.27172, 6.1737400000000004], [11.0, 22.0], [4.999999999999999, 22.0]], [[-4.898425415289509e-16, -5.0], [-0.4670099999999995, 10.20195], [-6.0, 11.0], [-6.000000000000001, -5.0], [-4.898425415289509e-16, -5.0]], [[-27.0, -18.499999999999996], [-26.0942, -25.581479999999996], [-12.714230000000002, -26.91751], [-12.0, -18.5], [-27.0, -18.499999999999996]], [[-5.999999999999999, 10.5], [-14.32817, 10.847810000000003], [-14.0, -4.499999999999998], [-6.000000000000001, -4.5], [-5.999999999999999, 10.5]]], "node_id": [0, 1, 2, 3, 4, 5, 6, 7]}