{"corners": [[[0.0, 0.0], [7.86416, 0.59078], [8.0, 6.0], [0.0, 6.0], [0.0, 0.0]], [[-8.0, 0.0], [0.0, 0.0], [0.0, 6.0], [-8.0, 6.0], [-8.0, 0.0]], [[0.0, -4.898425415289509e-16], [-7.02381, -0.3160399999999995], [-8.60656, -5.9493], [-7.347638122934264e-16, -6.000000000000001], [0.0, -4.898425415289509e-16]], [[-3.500000000000001, 14.0], [-4.35927, 6.83645], [10.93516, 5.117970000000001], [11.5, 14.000000000000002], [-3.500000000000001, 14.0]], [[0.0, -15.0], [7.99166, -15.2692], [8.0, 0.0], [0.0, 0.0], [0.0, -15.0]]], "node_id": [0, 1, 2, 3, 4]}