{"corners": [[[0.34089, 0.337575], [8.34089, 0.337575], [8.34089, 15.337575], [0.34089, 15.337575], [0.34089, 0.337575]], [[-7.99497, 4.742945], [0.00503, 4.742945], [0.00503, 10.742945], [-7.99497, 10.742945], [-7.99497, 4.742945]], [[-0.82947, 10.63812], [-0.829469999999999, 26.63812], [-6.829469999999999, 26.63812], [-6.82947, 10.63812], [-0.82947, 10.63812]], [[-0.6507750000000004, -3.3506650000000002], [-0.650775, 4.649335], [-6.650775, 4.649335], [-6.650775, -3.3506649999999993], [-0.6507750000000004, -3.3506650000000002]], [[-6.700204999999999, 26.43954], [-14.700204999999999, 26.43954], [-14.700205, 11.439540000000001], [-6.700205, 11.43954], [-6.700204999999999, 26.43954]], [[-7.620359999999999, 26.664445], [0.37964000000000087, 26.664445], [0.37964000000000087, 32.664445], [-7.620359999999999, 32.664445], [-7.620359999999999, 26.664445]], [[-22.63606, 11.298780000000002], [-14.63606, 11.29878], [-14.636059999999997, 26.29878], [-22.636059999999997, 26.29878], [-22.63606, 11.298780000000002]], [[0.119765, -14.599465], [8.119765, -14.599465], [8.119765, 0.400535], [0.119765, 0.400535], [0.119765, -14.599465]]], "node_id": [0, 1, 2, 3, 4, 5, 6, 7]}