{"corners": [[[0.0, 0.0], [16.38163, 0.67165], [16.0, 6.0], [0.0, 6.0], [0.0, 0.0]], [[16.0, -4.5], [24.66528, -4.28143], [24.0, 10.5], [16.0, 10.5], [16.0, -4.5]], [[23.0, 10.5], [23.77931, 26.68957], [16.69983, 26.10806], [17.0, 10.5], [23.0, 10.5]], [[24.0, 0.0], [40.859, 0.92889], [40.6776, 6.78576], [24.0, 6.0], [24.0, 0.0]], [[40.0, 11.0], [40.61118, -5.47969], [46.0, -5.0], [46.0, 11.0], [40.0, 11.0]], [[39.0, 11.0], [46.31465, 10.97567], [47.0, 17.0], [39.0, 17.0], [39.0, 11.0]], [[12.500000000000002, 34.5], [12.56617, 26.52563], [28.25187, 26.933779999999995], [27.5, 34.5], [12.500000000000002, 34.5]], [[16.0, -9.796850830579018e-16], [0.0, 9.796850830579018e-16], [0.0, -5.999999999999999], [16.0, -6.000000000000001], [16.0, -9.796850830579018e-16]]], "node_id": [0, 1, 2, 3, 4, 5, 6, 7]}