{"corners": [[[0.0, 0.0], [8.15997, -0.96408], [8.99373, 5.61327], [0.0, 6.0], [0.0, 0.0]], [[3.673819061467132e-16, 6.0], [-8.0, 6.000000000000001], [-8.0, 8.881784197001252e-16], [-3.673819061467132e-16, 0.0], [3.673819061467132e-16, 6.0]], [[-8.0, -0.9999999999999991], [-7.999999999999999, 7.000000000000001], [-14.0, 7.000000000000001], [-14.0, -0.9999999999999988], [-8.0, -0.9999999999999991]], [[-30.0, 8.881784197001252e-16], [-14.9522, 0.7049000000000009], [-14.0, 6.000000000000001], [-30.0, 6.000000000000001], [-30.0, 8.881784197001252e-16]], [[-29.5, 14.0], [-29.5, 6.0], [-14.5, 6.000000000000001], [-14.5, 14.000000000000002], [-29.5, 14.0]], [[-30.0, -0.9999999999999991], [-29.16558, 7.582670000000001], [-36.0, 7.000000000000001], [-36.0, -0.9999999999999988], [-30.0, -0.9999999999999991]], [[-1.0000000000000018, -16.0], [-0.0634500000000009, -0.43772], [-7.000000000000001, 0.0], [-7.000000000000002, -16.0], [-1.0000000000000018, -16.0]], [[-14.5, 7.0], [1.97256, 6.04577], [0.68349, 12.12583], [-14.5, 13.0], [-14.5, 7.0]]], "node_id": [0, 1, 2, 3, 4, 5, 6, 7]}