{"corners": [[[0.0, 0.0], [8.0, 0.0], [8.0, 15.0], [0.0, 15.0], [0.0, 0.0]], [[-3.500000000000001, 23.0], [-4.25283, 15.09797], [12.49491, 15.40083], [11.5, 23.0], [-3.500000000000001, 23.0]], [[11.5, 23.0], [12.06694, 14.03101], [26.5, 15.0], [26.5, 23.0], [11.5, 23.0]], [[-3.500000000000001, 11.0], [-2.69938, 27.83411], [-8.76789, 27.44399], [-9.5, 11.0], [-3.500000000000001, 11.0]], [[-9.5, 22.0], [-17.5, 22.0], [-17.5, 16.0], [-9.5, 16.0], [-9.5, 22.0]], [[-16.499999999999996, 38.0], [-16.44251, 22.01351], [-10.88538, 21.97093], [-10.499999999999996, 38.0], [-16.499999999999996, 38.0]], [[34.5, 22.0], [27.35041, 21.243009999999998], [26.5, 16.0], [34.5, 16.0], [34.5, 22.0]], [[16.0, 15.0], [8.1617, 15.758830000000001], [7.620029999999998, 0.6761900000000017], [15.999999999999998, 0.0], [16.0, 15.0]]], "node_id": [0, 1, 2, 3, 4, 5, 6, 7]}