{"corners": [[[0.0, 0.0], [7.26895, 0.51714], [8.0, 15.0], [0.0, 15.0], [0.0, 0.0]], [[24.0, 10.499999999999998], [8.98045, 11.04198], [7.25717, 3.90784], [24.0, 4.499999999999998], [24.0, 10.499999999999998]], [[23.5, -3.500000000000001], [23.5, 4.499999999999999], [8.5, 4.500000000000001], [8.5, -3.5], [23.5, -3.500000000000001]], [[-3.500000000000001, 23.0], [-3.5000000000000004, 15.0], [11.5, 15.0], [11.5, 23.0], [-3.500000000000001, 23.0]], [[23.5, -11.5], [23.14918, -4.12238], [7.57022, -2.541189999999998], [8.5, -11.499999999999998], [23.5, -11.5]], [[6.999999999999999, -16.0], [7.0, 0.0], [1.0, 0.0], [0.9999999999999991, -16.0], [6.999999999999999, -16.0]], [[11.5, 23.0], [11.5, 31.0], [-3.5, 31.0], [-3.5, 23.0], [11.5, 23.0]], [[27.5, 22.0], [11.5, 21.999999999999996], [11.5, 15.999999999999998], [27.5, 16.0], [27.5, 22.0]]], "node_id": [0, 1, 2, 3, 4, 5, 6, 7]}