{"corners": [[[0.0, 0.0], [7.06255, 0.52737], [8.0, 6.0], [0.0, 6.0], [0.0, 0.0]], [[-6.000000000000001, 11.0], [-5.10739, -5.80438], [0.4133, -4.7908], [-8.881784197001252e-16, 11.0], [-6.000000000000001, 11.0]], [[0.0, 6.0], [7.60309, 6.30799], [8.0, 12.0], [0.0, 12.0], [0.0, 6.0]], [[6.999999999999999, -16.0], [6.88362, -0.7458], [1.74447, -0.48988], [0.9999999999999991, -16.0], [6.999999999999999, -16.0]], [[15.0, -5.000000000000001], [7.0, -5.0], [7.0, -11.0], [15.0, -11.0], [15.0, -5.000000000000001]]], "node_id": [0, 1, 2, 3, 4]}