{"corners": [[[0.48551, 0.0661], [8.48551, 0.0661], [8.48551, 6.0661], [0.48551, 6.0661], [0.48551, 0.0661]], [[8.167995, 0.1395399999999995], [0.167995, 0.1395400000000005], [0.167995, -5.86046], [8.167995, -5.860460000000001], [8.167995, 0.1395399999999995]], [[16.37873, 0.23983999999999867], [8.378730000000001, 0.23983999999999964], [8.378730000000001, -5.76016], [16.37873, -5.760160000000002], [16.37873, 0.23983999999999867]], [[24.26877, 0.20400499999999777], [16.26877, 0.20400499999999874], [16.26877, -5.795995000000001], [24.26877, -5.795995000000001], [24.26877, 0.20400499999999777]], [[0.24158000000000035, 0.22605500000000045], [-7.75842, 0.22605500000000142], [-7.75842, -5.7739449999999986], [0.24157999999999963, -5.773945], [0.24158000000000035, 0.22605500000000045]]], "node_id": [0, 1, 2, 3, 4]}