{"corners": [[[0.0, 0.0], [7.34612, -0.12782], [8.0, 6.0], [0.0, 6.0], [0.0, 0.0]], [[7.999999999999999, 11.0], [7.9692, -5.26966], [14.0, -5.0], [14.0, 11.0], [7.999999999999999, 11.0]], [[19.0, -4.999999999999999], [3.78909, -4.8337900000000005], [3.0, -11.0], [19.0, -11.0], [19.0, -4.999999999999999]], [[3.000000000000001, -12.0], [2.9202299999999997, -3.14434], [-12.0, -4.000000000000003], [-12.0, -12.000000000000004], [3.000000000000001, -12.0]], [[14.0, 7.0], [13.51593, -0.26049999999999995], [29.16461, -1.112619999999999], [29.0, 7.000000000000001], [14.0, 7.0]], [[17.5, 7.000000000000001], [25.28841, 7.426370000000001], [25.5, 22.0], [17.5, 22.0], [17.5, 7.000000000000001]], [[9.5, 11.5], [17.5, 11.5], [17.5, 17.5], [9.5, 17.5], [9.5, 11.5]], [[-0.5000000000000018, 1.9999999999999991], [-7.784830000000002, 2.8638399999999984], [-8.5, -4.000000000000002], [-0.500000000000001, -4.000000000000001], [-0.5000000000000018, 1.9999999999999991]]], "node_id": [0, 1, 2, 3, 4, 5, 6, 7]}