{"corners": [[[0.0, 0.0], [7.52925, 0.54184], [7.04294, 15.10444], [0.0, 15.0], [0.0, 0.0]], [[0.0, 15.0], [7.81407, 15.74238], [8.0, 21.0], [0.0, 21.0], [0.0, 15.0]], [[23.0, 14.0], [23.0, 22.0], [8.0, 22.0], [8.0, 14.000000000000002], [23.0, 14.0]], [[23.0, 15.0], [38.49954, 14.1807], [39.0, 21.0], [23.0, 21.0], [23.0, 15.0]], [[7.5, 22.0], [23.51638, 21.03105], [23.5, 28.0], [7.5, 28.0], [7.5, 22.0]], [[23.5, 29.0], [23.20004, 21.83952], [37.7769, 21.76883], [38.5, 29.0], [23.5, 29.0]], [[-8.5, 22.0], [7.5, 22.0], [7.5, 28.0], [-8.5, 28.0], [-8.5, 22.0]], [[3.673819061467132e-16, 10.5], [-8.0, 10.500000000000002], [-8.0, 4.500000000000001], [-3.673819061467132e-16, 4.5], [3.673819061467132e-16, 10.5]]], "node_id": [0, 1, 2, 3, 4, 5, 6, 7]}