{"corners": [[[0.0, 0.0], [7.2110199999999995, 0.10669], [8.0, 15.0], [0.0, 15.0], [0.0, 0.0]], [[3.673819061467132e-16, 10.5], [-8.8106, 10.422090000000003], [-8.0, 4.500000000000001], [-3.673819061467132e-16, 4.5], [3.673819061467132e-16, 10.5]], [[-8.000000000000004, -10.499999999999996], [-0.22745000000000357, -9.640729999999998], [-0.51242, 4.3056100000000015], [-8.0, 4.5000000000000036], [-8.000000000000004, -10.499999999999996]], [[-23.0, 11.500000000000004], [-22.62493, 4.3259900000000036], [-8.615630000000001, 4.22317], [-8.0, 11.5], [-23.0, 11.500000000000004]], [[-8.0, 11.5], [-8.648019999999997, 18.83928], [-22.06721, 20.18015000000001], [-23.0, 11.500000000000005], [-8.0, 11.5]]], "node_id": [0, 1, 2, 3, 4]}