{"corners": [[[0.0, 0.0], [7.3209800000000005, 0.23742], [8.0, 6.0], [0.0, 6.0], [0.0, 0.0]], [[11.5, 5.999999999999999], [11.20323, 13.52673], [-3.32076, 13.1783], [-3.5, 6.0], [11.5, 5.999999999999999]], [[0.0, -6.0], [8.25756, -6.38709], [8.04692, 0.75154], [0.0, 0.0], [0.0, -6.0]], [[8.881784197001252e-16, 14.0], [7.24436, 13.25016], [8.0, 29.0], [8.881784197001252e-16, 29.0], [8.881784197001252e-16, 14.0]], [[1.0, 45.0], [1.0000000000000009, 29.0], [7.000000000000001, 29.0], [7.0, 45.0], [1.0, 45.0]], [[8.0, 25.5], [8.0, 17.5], [23.0, 17.5], [23.0, 25.5], [8.0, 25.5]], [[3.673819061467132e-16, 6.0], [-16.0, 6.000000000000002], [-16.0, 1.7763568394002505e-15], [-3.673819061467132e-16, 0.0], [3.673819061467132e-16, 6.0]], [[29.0, 13.5], [29.0, 29.5], [23.0, 29.5], [23.0, 13.5], [29.0, 13.5]]], "node_id": [0, 1, 2, 3, 4, 5, 6, 7]}