{"corners": [[[0.18659, 0.144235], [16.18659, 0.144235], [16.18659, 6.144235], [0.18659, 6.144235], [0.18659, 0.144235]], [[0.04796000000000037, 6.494835], [-15.95204, 6.494835000000002], [-15.95204, 0.4948350000000018], [0.047959999999999635, 0.494835], [0.04796000000000037, 6.494835]], [[11.148955, 6.177735], [11.148955000000003, 22.177735], [5.148955000000001, 22.177735], [5.148955, 6.177735], [11.148955, 6.177735]], [[5.355610000000004, 38.23579], [5.35561, 22.23579], [11.35561, 22.23579], [11.355610000000004, 38.23579], [5.355610000000004, 38.23579]], [[-2.6794599999999993, 11.322875], [5.320540000000001, 11.322875], [5.320540000000001, 17.322875], [-2.6794599999999993, 17.322875], [-2.6794599999999993, 11.322875]], [[22.43952, -0.8143050000000001], [22.43952, 7.185695], [16.43952, 7.185695], [16.43952, -0.8143049999999996], [22.43952, -0.8143050000000001]], [[-21.745135, 11.406625000000004], [-21.745135000000005, -4.593374999999996], [-15.745135000000003, -4.593374999999996], [-15.745135, 11.406625000000002], [-21.745135, 11.406625000000004]], [[-22.717875, 11.300125000000005], [-14.717875, 11.300125000000003], [-14.717874999999996, 26.300125000000005], [-22.717874999999996, 26.30012500000001], [-22.717875, 11.300125000000005]]], "node_id": [0, 1, 2, 3, 4, 5, 6, 7]}