{"corners": [[[0.0, 0.0], [8.0, 0.0], [8.0, 6.0], [0.0, 6.0], [0.0, 0.0]], [[-16.0, 0.0], [0.0, 0.0], [0.0, 6.0], [-16.0, 6.0], [-16.0, 0.0]], [[8.000000000000002, 21.0], [0.35733000000000176, 20.83583], [0.0, 6.000000000000002], [8.0, 6.0], [8.000000000000002, 21.0]], [[1.000000000000003, 29.0], [1.4975500000000015, 20.12245], [7.000000000000002, 21.0], [7.0000000000000036, 29.0], [1.000000000000003, 29.0]], [[-14.999999999999998, 22.000000000000004], [1.0000000000000018, 22.0], [1.0000000000000018, 28.0], [-14.999999999999996, 28.000000000000004], [-14.999999999999998, 22.000000000000004]], [[12.0, -9.796850830579018e-16], [-3.18171, -0.820729999999999], [-4.0, -5.999999999999999], [12.0, -6.000000000000001], [12.0, -9.796850830579018e-16]], [[20.0, 4.499999999999998], [12.0, 4.499999999999999], [11.999999999999998, -10.5], [19.999999999999996, -10.500000000000002], [20.0, 4.499999999999998]], [[-5.0, -8.0], [-4.095469999999999, -0.52314], [-11.0, 0.0], [-11.0, -8.0], [-5.0, -8.0]]], "node_id": [0, 1, 2, 3, 4, 5, 6, 7]}