{"corners": [[[0.0, 0.0], [8.0, 0.0], [8.0, 15.0], [0.0, 15.0], [0.0, 0.0]], [[11.5, 15.0], [12.05114, 22.08218], [-3.5, 23.0], [-3.5, 15.000000000000002], [11.5, 15.0]], [[7.000000000000001, 23.0], [7.188800000000001, 38.59625], [1.0000000000000018, 39.0], [1.0000000000000009, 23.0], [7.000000000000001, 23.0]], [[1.7763568394002505e-15, 39.0], [8.000000000000002, 39.0], [8.000000000000002, 54.0], [1.7763568394002505e-15, 54.0], [1.7763568394002505e-15, 39.0]], [[8.000000000000002, 43.5], [15.14144, 44.13943], [15.591239999999999, 50.25453], [8.000000000000002, 49.5], [8.000000000000002, 43.5]], [[7.000000000000002, 28.0], [15.020710000000001, 27.26677], [15.000000000000002, 34.0], [7.000000000000002, 34.0], [7.000000000000002, 28.0]], [[1.0000000000000013, 23.0], [1.0000000000000022, 39.0], [-4.999999999999998, 39.0], [-4.999999999999998, 23.0], [1.0000000000000013, 23.0]], [[16.0, 10.5], [8.00373, 10.703270000000002], [8.0, 4.500000000000001], [16.0, 4.5], [16.0, 10.5]]], "node_id": [0, 1, 2, 3, 4, 5, 6, 7]}