{"corners": [[[0.0, 0.0], [8.0, 0.0], [8.0, 15.0], [0.0, 15.0], [0.0, 0.0]], [[1.0, -1.836909530733566e-16], [0.9844600000000004, -8.10559], [7.000000000000001, -8.0], [7.0, 1.836909530733566e-16], [1.0, -1.836909530733566e-16]], [[-4.0, -14.0], [12.0, -14.0], [12.0, -8.0], [-4.0, -8.0], [-4.0, -14.0]], [[0.0, 15.0], [8.32043, 15.11461], [8.0, 30.0], [0.0, 30.0], [0.0, 15.0]], [[8.0, 26.5], [8.54316, 18.30883], [14.26698, 18.2055], [14.0, 26.5], [8.0, 26.5]], [[-3.9999999999999996, -8.0], [-12.0, -7.999999999999999], [-12.0, -14.0], [-4.0, -14.0], [-3.9999999999999996, -8.0]], [[7.0, 30.0], [7.000000000000001, 38.0], [1.0000000000000009, 38.0], [1.0, 30.0], [7.0, 30.0]], [[13.0, -8.0], [12.01259, 0.84515], [7.000000000000001, 0.0], [7.0, -8.0], [13.0, -8.0]]], "node_id": [0, 1, 2, 3, 4, 5, 6, 7]}