{"corners": [[[0.0, 0.0], [16.27699, -0.53882], [16.0, 6.0], [0.0, 6.0], [0.0, 0.0]], [[22.0, -1.0], [21.10308, 6.22088], [16.0235, 6.02959], [16.0, -0.9999999999999997], [22.0, -1.0]], [[4.999999999999999, 22.0], [5.0, 6.0], [11.0, 6.0], [11.0, 22.0], [4.999999999999999, 22.0]], [[-2.4492127076447545e-16, -1.0], [0.6060200000000002, 7.42734], [-15.40113, 7.875460000000002], [-15.0, -0.9999999999999991], [-2.4492127076447545e-16, -1.0]], [[-15.5, -7.0], [0.46723, -6.2085], [0.5, -1.0], [-15.5, -1.0], [-15.5, -7.0]], [[5.0, 17.0], [-3.83698, 17.15738], [-2.999999999999999, 11.0], [5.000000000000001, 11.0], [5.0, 17.0]], [[22.0, 7.0], [21.14653, -0.65449], [37.0, -1.0000000000000036], [37.0, 6.999999999999997], [22.0, 7.0]], [[26.5, 6.999999999999999], [26.5, 15.0], [11.5, 15.0], [11.5, 7.0], [26.5, 6.999999999999999]]], "node_id": [0, 1, 2, 3, 4, 5, 6, 7]}