{"corners": [[[0.0, 0.0], [7.81799, 0.38085], [8.06583, 15.29677], [0.0, 15.0], [0.0, 0.0]], [[14.0, -0.5], [13.729290000000002, 16.09986], [8.0, 15.5], [8.0, -0.4999999999999996], [14.0, -0.5]], [[9.18454765366783e-16, 15.0], [-7.3767499999999995, 15.882820000000002], [-7.99707, 0.24026000000000178], [-9.18454765366783e-16, 0.0], [9.18454765366783e-16, 15.0]], [[15.0, -0.5000000000000003], [7.51293, -0.7659899999999993], [6.63199, -5.912089999999999], [15.0, -6.5], [15.0, -0.5000000000000003]], [[-7.000000000000001, 5.510728592200698e-16], [-7.529000000000003, -7.964199999999999], [-1.0000000000000027, -8.000000000000002], [-1.0000000000000009, -5.510728592200698e-16], [-7.000000000000001, 5.510728592200698e-16]], [[-22.0, 3.1086244689504383e-15], [-21.67701, -8.249439999999996], [-6.424290000000002, -7.55249], [-7.0, 3.532601728500895e-16], [-22.0, 3.1086244689504383e-15]], [[3.500000000000001, 15.0], [3.5000000000000013, 23.0], [-11.5, 23.0], [-11.5, 15.000000000000002], [3.500000000000001, 15.0]], [[3.5, -6.499999999999997], [3.4999999999999987, -14.499999999999996], [18.5, -14.5], [18.5, -6.5], [3.5, -6.499999999999997]]], "node_id": [0, 1, 2, 3, 4, 5, 6, 7]}