{"corners": [[[0.0, 0.0], [7.08625, -0.35706], [7.96772, 5.233], [0.0, 6.0], [0.0, 0.0]], [[14.0, -5.0], [14.333270000000002, 11.49547], [8.0, 11.0], [8.0, -5.0], [14.0, -5.0]], [[-8.0, 0.0], [0.0, 0.0], [0.0, 6.0], [-8.0, 6.0], [-8.0, 0.0]], [[8.0, -4.999999999999999], [7.4255299999999975, -21.82226], [13.999999999999996, -21.0], [14.0, -5.0], [8.0, -4.999999999999999]], [[-11.5, -4.592273826833915e-16], [-11.24981, -8.26826], [2.58089, -7.23405], [3.5, 4.592273826833915e-16], [-11.5, -4.592273826833915e-16]]], "node_id": [0, 1, 2, 3, 4]}