{"corners": [[[0.0, 0.0], [7.1886600000000005, -0.19397], [8.0, 6.0], [0.0, 6.0], [0.0, 0.0]], [[8.000000000000002, 21.0], [0.12314000000000178, 20.05222], [0.33322, 6.754040000000002], [8.0, 6.0], [8.000000000000002, 21.0]], [[8.0, -4.898425415289509e-16], [-0.75228, 0.2829900000000005], [-0.37516, -5.04202], [7.999999999999999, -6.000000000000001], [8.0, -4.898425415289509e-16]], [[16.0, -1.3322676295501878e-15], [8.0, -3.5258254649228604e-16], [8.0, -6.0], [16.0, -6.000000000000002], [16.0, -1.3322676295501878e-15]], [[11.499999999999998, -14.0], [11.499999999999998, -6.0], [-3.5000000000000018, -5.999999999999998], [-3.5000000000000018, -13.999999999999998], [11.499999999999998, -14.0]], [[-1.7763568394002505e-15, -20.0], [7.999999999999998, -20.0], [7.999999999999998, -14.0], [-1.7763568394002505e-15, -14.0], [-1.7763568394002505e-15, -20.0]], [[24.0, 16.5], [8.47636, 16.726300000000002], [7.57539, 9.761090000000001], [24.0, 10.5], [24.0, 16.5]], [[-18.5, -5.999999999999997], [-19.25196, -14.963879999999996], [-3.5000000000000018, -14.0], [-3.5, -6.0], [-18.5, -5.999999999999997]]], "node_id": [0, 1, 2, 3, 4, 5, 6, 7]}