{"corners": [[[0.0, 0.0], [16.4119, -0.11176], [16.0, 6.0], [0.0, 6.0], [0.0, 0.0]], [[32.0, 5.999999999999998], [16.22178, 6.21975], [15.32994, 0.48223], [32.0, -1.7763568394002505e-15], [32.0, 5.999999999999998]], [[21.000000000000004, 22.0], [21.56134, 6.62487], [27.03249, 5.24203], [27.000000000000004, 22.0], [21.000000000000004, 22.0]], [[32.0, -1.867863502758027e-15], [16.0, 9.150666335777657e-17], [16.0, -6.0], [32.0, -6.000000000000002], [32.0, -1.867863502758027e-15]], [[32.0, -6.000000000000002], [16.0, -6.0], [16.0, -12.0], [32.0, -12.000000000000002], [32.0, -6.000000000000002]], [[42.0, 9.999999999999993], [41.64751, 17.023139999999994], [27.27779, 18.10396], [27.0, 9.999999999999998], [42.0, 9.999999999999993]], [[-2.4492127076447545e-16, -1.0], [2.4492127076447545e-16, 7.0], [-15.0, 7.000000000000002], [-15.0, -0.9999999999999991], [-2.4492127076447545e-16, -1.0]], [[-3.4999999999999973, 22.0], [-11.499999999999996, 22.0], [-11.5, 7.000000000000002], [-3.499999999999999, 7.0], [-3.4999999999999973, 22.0]]], "node_id": [0, 1, 2, 3, 4, 5, 6, 7]}