{"corners": [[[0.0, 0.0], [8.0, 0.0], [8.0, 15.0], [0.0, 15.0], [0.0, 0.0]], [[23.0, 3.499999999999999], [23.66451, 11.90379], [7.90944, 11.26059], [8.0, 3.5], [23.0, 3.499999999999999]], [[18.5, 11.5], [18.5, 19.5], [12.5, 19.5], [12.5, 11.5], [18.5, 11.5]], [[-2.4492127076447545e-16, 3.5], [0.5008600000000002, 11.73728], [-5.999999999999999, 11.5], [-6.0, 3.5000000000000004], [-2.4492127076447545e-16, 3.5]], [[18.5, 19.5], [19.48525, 10.78949], [25.3947, 10.759799999999998], [24.5, 19.5], [18.5, 19.5]], [[12.0, -9.796850830579018e-16], [-4.51562, 0.257940000000001], [-4.0, -5.999999999999999], [12.0, -6.000000000000001], [12.0, -9.796850830579018e-16]], [[12.0, 0.9999999999999991], [11.999999999999998, -7.000000000000001], [27.0, -7.000000000000004], [27.0, 0.9999999999999963], [12.0, 0.9999999999999991]], [[-19.0, 1.0000000000000036], [-18.08486, -6.540779999999996], [-4.000000000000002, -7.0], [-4.0, 1.0000000000000009], [-19.0, 1.0000000000000036]]], "node_id": [0, 1, 2, 3, 4, 5, 6, 7]}