{"corners": [[[0.0, 0.0], [7.12685, -0.11427], [8.0, 6.0], [0.0, 6.0], [0.0, 0.0]], [[3.673819061467132e-16, 6.0], [-16.629, 6.366320000000002], [-15.14744, 0.9838600000000017], [-3.673819061467132e-16, 0.0], [3.673819061467132e-16, 6.0]], [[-11.0, 1.439251278920195e-15], [-11.000000000000004, -15.999999999999998], [-5.000000000000003, -15.999999999999998], [-5.0, 3.3710556048005547e-16], [-11.0, 1.439251278920195e-15]], [[-19.0, -10.999999999999996], [-11.0, -10.999999999999998], [-10.999999999999998, -4.999999999999998], [-19.0, -4.9999999999999964], [-19.0, -10.999999999999996]], [[-19.0, -4.9999999999999964], [-26.6874, -4.332159999999994], [-26.62853, -10.913379999999993], [-19.000000000000004, -10.999999999999996], [-19.0, -4.9999999999999964]], [[-19.0, -10.999999999999996], [-27.1105, -11.037359999999993], [-26.34503000000001, -25.59181999999999], [-19.000000000000007, -25.999999999999996], [-19.0, -10.999999999999996]], [[-33.0, -14.49999999999999], [-32.16301, -23.34494999999999], [-27.468090000000004, -22.091029999999993], [-27.0, -14.499999999999991], [-33.0, -14.49999999999999]], [[-25.999999999999993, 11.000000000000005], [-26.0, -4.999999999999995], [-20.0, -4.999999999999998], [-19.999999999999993, 11.000000000000004], [-25.999999999999993, 11.000000000000005]]], "node_id": [0, 1, 2, 3, 4, 5, 6, 7]}