{"corners": [[[0.232075, 0.402735], [8.232075, 0.402735], [8.232075, 6.402735], [0.232075, 6.402735], [0.232075, 0.402735]], [[0.3900600000000004, 6.09275], [-15.60994, 6.092750000000001], [-15.60994, 0.09275000000000178], [0.39005999999999963, 0.09275], [0.3900600000000004, 6.09275]], [[-10.65842, 0.46314000000000144], [-10.658420000000003, -15.536859999999999], [-4.658420000000003, -15.536859999999999], [-4.65842, 0.46314000000000033], [-10.65842, 0.46314000000000144]], [[-18.504035000000002, -10.985269999999996], [-10.504035, -10.985269999999998], [-10.504034999999998, -4.985269999999998], [-18.504035000000002, -4.985269999999996], [-18.504035000000002, -10.985269999999996]], [[-18.94706, -4.6718499999999965], [-26.94706, -4.671849999999994], [-26.94706, -10.671849999999992], [-18.947060000000004, -10.671849999999996], [-18.94706, -4.6718499999999965]], [[-18.58304, -10.657134999999997], [-26.58304, -10.657134999999993], [-26.583040000000008, -25.657134999999993], [-18.583040000000008, -25.657134999999997], [-18.58304, -10.657134999999997]], [[-32.728345, -14.20774999999999], [-32.728345, -22.20774999999999], [-26.728345000000004, -22.207749999999994], [-26.728345, -14.207749999999992], [-32.728345, -14.20774999999999]], [[-25.69039499999999, 11.335305000000005], [-25.690395, -4.664694999999995], [-19.690395, -4.664694999999998], [-19.69039499999999, 11.335305000000004], [-25.69039499999999, 11.335305000000005]]], "node_id": [0, 1, 2, 3, 4, 5, 6, 7]}