{"corners": [[[0.0, 0.0], [7.3114, -0.14311], [8.0, 15.0], [0.0, 15.0], [0.0, 0.0]], [[12.0, 21.0], [-4.0, 21.000000000000004], [-4.0, 15.000000000000002], [12.0, 15.0], [12.0, 21.0]], [[11.5, 21.0], [12.20983, 29.77396], [-3.47653, 28.3031], [-3.5, 21.0], [11.5, 21.0]], [[9.18454765366783e-16, 15.0], [-7.999999999999999, 15.000000000000002], [-8.0, 1.7763568394002505e-15], [-9.18454765366783e-16, 0.0], [9.18454765366783e-16, 15.0]], [[16.0, 10.5], [8.93669, 10.930620000000001], [8.0, 4.500000000000001], [16.0, 4.5], [16.0, 10.5]], [[15.999999999999998, 0.0], [24.73424, -0.38194000000000194], [24.0, 14.999999999999998], [16.000000000000004, 15.0], [15.999999999999998, 0.0]], [[7.000000000000001, 29.0], [6.573350000000001, 44.03468], [1.0000000000000018, 45.0], [1.0000000000000009, 29.0], [7.000000000000001, 29.0]], [[-3.4999999999999996, 28.0], [-19.5, 28.000000000000004], [-19.5, 22.0], [-3.5000000000000004, 22.0], [-3.4999999999999996, 28.0]]], "node_id": [0, 1, 2, 3, 4, 5, 6, 7]}