{"corners": [[[0.0, 0.0], [8.75812, -0.4431], [8.39343, 5.8981], [0.0, 6.0], [0.0, 0.0]], [[23.0, -1.0000000000000009], [23.08469, 7.938739999999999], [8.0, 7.000000000000001], [8.0, -1.0], [23.0, -1.0000000000000009]], [[8.0, -4.898425415289509e-16], [-0.10839, 0.5894800000000004], [0.33443999999999824, -14.796479999999999], [7.999999999999998, -15.0], [8.0, -4.898425415289509e-16]], [[38.0, -1.0000000000000018], [38.56761, 6.0119099999999985], [22.29567, 6.37112], [23.0, -1.0000000000000009], [38.0, -1.0000000000000018]], [[23.0, 6.999999999999998], [23.81916, 14.420989999999998], [7.68686, 15.44347], [8.0, 6.999999999999999], [23.0, 6.999999999999998]], [[27.5, -1.0000000000000009], [27.5, -9.0], [33.5, -9.000000000000004], [33.5, -1.000000000000002], [27.5, -1.0000000000000009]], [[12.500000000000002, 23.0], [12.5, 15.0], [18.5, 14.999999999999998], [18.5, 23.0], [12.500000000000002, 23.0]], [[-4.0000000000000036, -21.0], [12.878219999999997, -20.748900000000003], [11.999999999999996, -15.000000000000004], [-4.000000000000002, -15.0], [-4.0000000000000036, -21.0]]], "node_id": [0, 1, 2, 3, 4, 5, 6, 7]}