{"corners": [[[0.36799, 0.192115], [8.36799, 0.192115], [8.36799, 6.192115], [0.36799, 6.192115], [0.36799, 0.192115]], [[23.18165, -0.5037850000000008], [23.18165, 7.496214999999999], [8.18165, 7.496215000000001], [8.18165, -0.5037849999999999], [23.18165, -0.5037850000000008]], [[8.46943, 0.2711749999999995], [0.46943, 0.2711750000000005], [0.46942999999999824, -14.728824999999999], [8.46943, -14.728825], [8.46943, 0.2711749999999995]], [[38.484685, -0.6701000000000017], [38.484685, 7.3298999999999985], [23.484685, 7.3299], [23.484685, -0.6701000000000008], [38.484685, -0.6701000000000017]], [[23.18384, 7.305264999999999], [23.18384, 15.305264999999999], [8.18384, 15.305265], [8.18384, 7.3052649999999995], [23.18384, 7.305264999999999]], [[27.888405, -0.5859750000000009], [27.888405, -8.585975], [33.888405, -8.585975000000003], [33.888405, -0.585975000000002], [27.888405, -0.5859750000000009]], [[12.891900000000001, 23.00298], [12.8919, 15.00298], [18.8919, 15.002979999999999], [18.8919, 23.00298], [12.891900000000001, 23.00298]], [[-3.9260800000000033, -20.90722], [12.073919999999996, -20.907220000000002], [12.073919999999996, -14.907220000000004], [-3.9260800000000016, -14.90722], [-3.9260800000000033, -20.90722]]], "node_id": [0, 1, 2, 3, 4, 5, 6, 7]}