{"corners": [[[0.0, 0.0], [8.14396, 0.90747], [7.3346599999999995, 14.08865], [0.0, 15.0], [0.0, 0.0]], [[8.0, -4.898425415289509e-16], [0.04411, -0.5769099999999996], [-1.7763568394002505e-15, -14.999999999999998], [7.999999999999998, -15.0], [8.0, -4.898425415289509e-16]], [[-4.0, 15.0], [12.55442, 15.44298], [11.32673, 21.27541], [-4.0, 21.0], [-4.0, 15.0]], [[-4.0, 14.0], [-4.7871, 22.03021], [-9.57121, 21.64964], [-10.0, 14.0], [-4.0, 14.0]], [[16.0, -1.7763568394002505e-15], [8.0, -7.966717563423487e-16], [7.999999999999998, -15.0], [15.999999999999998, -15.000000000000002], [16.0, -1.7763568394002505e-15]], [[-3.552713678800501e-15, -21.0], [7.658799999999997, -20.788950000000003], [7.999999999999998, -15.000000000000002], [-2.0831860542136482e-15, -15.0], [-3.552713678800501e-15, -21.0]], [[-6.000000000000001, -9.999999999999998], [-6.327760000000003, -25.12689], [0.012569999999996447, -25.36993], [-8.881784197001252e-16, -10.0], [-6.000000000000001, -9.999999999999998]], [[12.0, 27.0], [-4.50718, 26.815170000000002], [-4.0, 21.0], [12.0, 21.0], [12.0, 27.0]]], "node_id": [0, 1, 2, 3, 4, 5, 6, 7]}