{"corners": [[[0.426955, 0.121745], [8.426955, 0.121745], [8.426955, 15.121745], [0.426955, 15.121745], [0.426955, 0.121745]], [[7.257194999999999, -15.79401], [7.257195, 0.20599], [1.257195, 0.20599], [1.2571949999999992, -15.79401], [7.257194999999999, -15.79401]], [[0.2910799999999991, -30.886155], [8.29108, -30.886155], [8.29108, -15.886155], [0.2910799999999991, -15.886155], [0.2910799999999991, -30.886155]], [[14.048284999999998, -31.29677], [14.048285, -15.29677], [8.048285, -15.29677], [8.048284999999998, -31.29677], [14.048284999999998, -31.29677]], [[8.361865, 11.612485], [8.361865, 3.612485], [14.361865, 3.612485], [14.361865, 11.612485], [8.361865, 11.612485]], [[-7.62481, -30.686625], [0.37519, -30.686625], [0.37519, -15.686625], [-7.62481, -15.686625], [-7.62481, -30.686625]], [[0.45041000000000037, 10.51754], [-15.54959, 10.517540000000002], [-15.54959, 4.517540000000002], [0.4504099999999996, 4.51754], [0.45041000000000037, 10.51754]], [[14.331174999999998, -19.45692], [14.331174999999996, -27.45692], [29.331174999999995, -27.456920000000004], [29.331175, -19.456920000000004], [14.331174999999998, -19.45692]]], "node_id": [0, 1, 2, 3, 4, 5, 6, 7]}