{"corners": [[[0.48648, 0.179865], [8.48648, 0.179865], [8.48648, 6.179865], [0.48648, 6.179865], [0.48648, 0.179865]], [[8.351525000000002, 21.21739], [0.35152500000000175, 21.21739], [0.351525, 6.217390000000002], [8.351525, 6.21739], [8.351525000000002, 21.21739]], [[7.465530000000002, 21.02868], [7.465530000000003, 37.02868], [1.4655300000000027, 37.02868], [1.4655300000000018, 21.02868], [7.465530000000002, 21.02868]], [[-15.67164, 0.15995], [0.32836, 0.15995], [0.32836, 6.15995], [-15.67164, 6.15995], [-15.67164, 0.15995]], [[12.16684, 0.14815499999999904], [-3.83316, 0.14815500000000098], [-3.83316, -5.851844999999999], [12.16684, -5.851845000000001], [12.16684, 0.14815499999999904]], [[-3.791399999999997, 37.466165], [12.208600000000004, 37.466165], [12.208600000000004, 43.466165], [-3.791399999999997, 43.466165], [-3.791399999999997, 37.466165]], [[12.017520000000003, 37.066775], [28.017520000000005, 37.066775], [28.017520000000005, 43.066775], [12.017520000000003, 43.066775], [12.017520000000003, 37.066775]], [[23.463875000000005, 32.411765], [7.463875000000003, 32.411765], [7.463875000000003, 26.411765], [23.463875000000005, 26.411765], [23.463875000000005, 32.411765]]], "node_id": [0, 1, 2, 3, 4, 5, 6, 7]}