{"corners": [[[0.0, 0.0], [16.01498, -0.05456], [16.0, 6.0], [0.0, 6.0], [0.0, 0.0]], [[16.0, 0.0], [31.04953, -0.99519], [31.31828, 5.33569], [16.0, 6.0], [16.0, 0.0]], [[-6.000000000000001, 11.0], [-5.52326, -4.36436], [0.05932, -5.74737], [-8.881784197001252e-16, 11.0], [-6.000000000000001, 11.0]], [[12.0, -4.898425415289509e-16], [4.69094, -0.7956399999999996], [4.889629999999999, -15.982059999999999], [11.999999999999998, -15.0], [12.0, -4.898425415289509e-16]], [[-7.0, -11.0], [1.2866900000000001, -11.66094], [1.0, -5.0], [-7.0, -5.0], [-7.0, -11.0]], [[-6.0, -11.0], [-5.999999999999999, -27.0], [8.881784197001252e-16, -27.0], [0.0, -11.0], [-6.0, -11.0]], [[28.0, -4.898425415289509e-16], [20.21687, 0.2679500000000005], [20.62813, -5.02398], [28.0, -6.000000000000001], [28.0, -4.898425415289509e-16]], [[27.0, -22.0], [27.0, -6.0], [21.0, -6.0], [21.0, -22.0], [27.0, -22.0]]], "node_id": [0, 1, 2, 3, 4, 5, 6, 7]}