{"corners": [[[0.22707, 0.229715], [8.22707, 0.229715], [8.22707, 6.229715], [0.22707, 6.229715], [0.22707, 0.229715]], [[7.13679, -7.546895], [7.136790000000001, 0.453105], [1.1367900000000009, 0.453105], [1.13679, -7.546895], [7.13679, -7.546895]], [[-7.8083, 0.087835], [0.1917, 0.087835], [0.1917, 6.087835], [-7.8083, 6.087835], [-7.8083, 0.087835]], [[-22.853195, 7.054639999999999], [-22.853195, -0.9453600000000009], [-7.853195, -0.94536], [-7.853195, 7.05464], [-22.853195, 7.054639999999999]], [[8.368915, 12.48142], [0.368915, 12.481420000000002], [0.368915, 6.481420000000001], [8.368915, 6.48142], [8.368915, 12.48142]]], "node_id": [0, 1, 2, 3, 4]}