{"corners": [[[0.0, 0.0], [8.0, 0.0], [8.0, 6.0], [0.0, 6.0], [0.0, 0.0]], [[8.0, -4.898425415289509e-16], [0.0, 4.898425415289509e-16], [0.0, -6.0], [7.999999999999999, -6.000000000000001], [8.0, -4.898425415289509e-16]], [[8.0, 0.0], [15.17722, 0.52938], [16.0, 6.0], [8.0, 6.0], [8.0, 0.0]], [[-15.0, 6.999999999999999], [-15.0, -1.0000000000000009], [0.0, -1.0], [0.0, 7.0], [-15.0, 6.999999999999999]], [[6.999999999999998, -14.0], [6.022529999999999, -5.5043], [0.04776999999999909, -6.90884], [0.9999999999999982, -14.0], [6.999999999999998, -14.0]], [[15.0, 6.0], [15.0, 14.0], [9.0, 14.0], [9.0, 6.0], [15.0, 6.0]], [[24.0, 5.999999999999999], [16.42144, 6.3336], [15.84016, 0.74437], [24.0, -8.881784197001252e-16], [24.0, 5.999999999999999]], [[0.9999999999999982, -14.0], [1.6952799999999955, -29.94595], [6.999999999999996, -30.0], [6.999999999999998, -14.000000000000002], [0.9999999999999982, -14.0]]], "node_id": [0, 1, 2, 3, 4, 5, 6, 7]}