{"corners": [[[0.0, 0.0], [8.62768, -0.61126], [8.24987, 15.5997], [0.0, 15.0], [0.0, 0.0]], [[7.0, -8.0], [7.000000000000001, 0.0], [1.0000000000000009, 0.0], [1.0, -8.0], [7.0, -8.0]], [[-16.0, 4.5], [0.24932, 4.96095], [0.0, 10.5], [-16.0, 10.5], [-16.0, 4.5]], [[0.9999999999999991, 31.0], [1.52103, 14.88335], [6.88604, 15.81066], [6.999999999999999, 31.0], [0.9999999999999991, 31.0]], [[-11.0, 18.5], [-11.0, 10.5], [-4.999999999999999, 10.5], [-5.0, 18.5], [-11.0, 18.5]], [[13.0, -8.0], [13.91523, -0.96181], [6.603180000000001, 0.70732], [7.0, -8.0], [13.0, -8.0]], [[19.0, -8.0], [19.0, 0.0], [13.0, 0.0], [13.0, -8.0], [19.0, -8.0]], [[0.0, -23.0], [8.0, -23.0], [8.0, -8.0], [0.0, -8.0], [0.0, -23.0]]], "node_id": [0, 1, 2, 3, 4, 5, 6, 7]}