{"corners": [[[0.0, 0.0], [8.21479, 0.60024], [8.0, 15.0], [0.0, 15.0], [0.0, 0.0]], [[23.0, 3.499999999999999], [23.21697, 11.90567], [8.03146, 12.12739], [8.0, 3.5], [23.0, 3.499999999999999]], [[7.0, 15.0], [7.000000000000001, 31.0], [1.0000000000000009, 31.0], [1.0, 15.0], [7.0, 15.0]], [[23.0, 15.5], [22.999999999999996, -0.5], [28.999999999999996, -0.5], [29.0, 15.499999999999998], [23.0, 15.5]], [[15.0, 26.0], [7.0, 26.0], [7.0, 20.0], [15.0, 20.0], [15.0, 26.0]], [[15.0, 27.0], [15.412979999999997, 18.12631], [30.0, 18.999999999999996], [30.0, 26.999999999999996], [15.0, 27.0]], [[7.000000000000001, 31.0], [7.000000000000002, 39.0], [1.0000000000000018, 39.0], [1.0000000000000009, 31.0], [7.000000000000001, 31.0]], [[-14.0, 27.000000000000004], [-14.000000000000002, 19.000000000000004], [0.9999999999999982, 19.0], [1.0, 27.0], [-14.0, 27.000000000000004]]], "node_id": [0, 1, 2, 3, 4, 5, 6, 7]}