{"corners": [[[0.0, 0.0], [16.52342, -0.81097], [15.84067, 5.467], [0.0, 6.0], [0.0, 0.0]], [[3.673819061467132e-16, 6.0], [-8.04337, 6.848000000000001], [-8.91964, 0.08527000000000089], [-3.673819061467132e-16, 0.0], [3.673819061467132e-16, 6.0]], [[-8.0, 6.000000000000001], [-24.0, 6.000000000000003], [-24.0, 2.6645352591003757e-15], [-8.0, 8.881784197001252e-16], [-8.0, 6.000000000000001]], [[16.0, 7.0], [15.5837, -1.82755], [31.0, -0.9999999999999991], [31.0, 7.000000000000001], [16.0, 7.0]], [[-11.5, 2.2658605677502996e-15], [-11.873290000000003, -8.584569999999998], [3.387669999999998, -8.011200000000002], [3.5, -4.895037283500492e-16], [-11.5, 2.2658605677502996e-15]], [[-12.000000000000004, -13.999999999999996], [3.9999999999999964, -14.0], [3.9999999999999964, -8.0], [-12.000000000000002, -7.9999999999999964], [-12.000000000000004, -13.999999999999996]], [[-19.0, 2.3274296986203202e-15], [-19.521080000000005, -15.455659999999998], [-13.000000000000004, -15.999999999999998], [-13.0, 1.2252839801801807e-15], [-19.0, 2.3274296986203202e-15]], [[16.0, -0.9999999999999996], [16.0, -9.0], [31.0, -8.999999999999998], [31.0, -0.9999999999999987], [16.0, -0.9999999999999996]]], "node_id": [0, 1, 2, 3, 4, 5, 6, 7]}