{"corners": [[[0.0, 0.0], [15.47651, -0.00986], [16.0, 6.0], [0.0, 6.0], [0.0, 0.0]], [[16.0, 0.0], [32.72333, 0.00613], [31.04507, 5.44677], [16.0, 6.0], [16.0, 0.0]], [[28.0, -4.898425415289509e-16], [20.0, 4.898425415289509e-16], [20.0, -14.999999999999998], [27.999999999999996, -15.0], [28.0, -4.898425415289509e-16]], [[11.0, -16.0], [11.000000000000002, 0.0], [5.000000000000001, 0.0], [5.0, -16.0], [11.0, -16.0]], [[-4.898425415289509e-16, -5.0], [0.1427600000000005, 11.28682], [-6.0, 11.0], [-6.000000000000001, -5.0], [-4.898425415289509e-16, -5.0]], [[36.0, -4.500000000000002], [28.9874, -4.274910000000001], [28.0, -10.5], [36.0, -10.500000000000002], [36.0, -4.500000000000002]], [[15.5, -24.0], [15.5, -16.0], [0.5, -15.999999999999998], [0.5, -24.0], [15.5, -24.0]], [[0.4999999999999998, -24.0], [0.5000000000000002, -16.0], [-14.5, -15.999999999999998], [-14.5, -24.0], [0.4999999999999998, -24.0]]], "node_id": [0, 1, 2, 3, 4, 5, 6, 7]}