{"corners": [[[0.0, 0.0], [15.13418, 0.20143], [16.0, 6.0], [0.0, 6.0], [0.0, 0.0]], [[-4.898425415289509e-16, -5.0], [4.898425415289509e-16, 11.0], [-6.0, 11.0], [-6.000000000000001, -5.0], [-4.898425415289509e-16, -5.0]], [[0.9999999999999996, -5.000000000000001], [-7.0, -5.0], [-7.000000000000002, -20.0], [0.9999999999999977, -20.0], [0.9999999999999996, -5.000000000000001]], [[-10.499999999999998, 19.0], [-10.5, 11.0], [4.5, 10.999999999999996], [4.500000000000002, 18.999999999999996], [-10.499999999999998, 19.0]], [[-23.0, -15.499999999999996], [-7.0, -15.5], [-7.0, -9.5], [-23.0, -9.499999999999996], [-23.0, -15.499999999999996]], [[16.0, 7.0], [15.96516, -0.57036], [31.0, -0.9999999999999991], [31.0, 7.000000000000001], [16.0, 7.0]], [[1.7763568394002505e-15, 19.0], [-0.5120199999999934, 34.41441], [-5.999999999999993, 35.0], [-5.999999999999998, 19.000000000000004], [1.7763568394002505e-15, 19.0]], [[16.0, 15.0], [16.19805, 6.17026], [31.0, 7.000000000000001], [31.0, 15.000000000000002], [16.0, 15.0]]], "node_id": [0, 1, 2, 3, 4, 5, 6, 7]}