{"corners": [[[0.0, 0.0], [15.18109, -0.0838], [16.88476, 6.08485], [0.0, 6.0], [0.0, 0.0]], [[4.0, -6.0], [11.89103, -5.23626], [12.09914, 0.66228], [4.0, 0.0], [4.0, -6.0]], [[-8.0, 0.0], [0.32879, -0.4611], [0.0, 6.0], [-8.0, 6.0], [-8.0, 0.0]], [[-8.0, 6.0], [-0.00394, 6.39519], [0.0, 12.0], [-8.0, 12.0], [-8.0, 6.0]], [[-14.0, 13.0], [-14.71717, 5.91037], [-8.273159999999999, 5.43544], [-8.0, 13.0], [-14.0, 13.0]], [[0.5, -6.000000000000001], [0.5000000000000004, -14.0], [15.5, -14.0], [15.5, -6.0], [0.5, -6.000000000000001]], [[31.5, -6.999999999999998], [15.5, -7.0], [15.5, -13.0], [31.5, -12.999999999999998], [31.5, -6.999999999999998]], [[-4.0, -6.0], [4.68047, -6.72245], [4.91849, 0.98074], [-4.0, 0.0], [-4.0, -6.0]]], "node_id": [0, 1, 2, 3, 4, 5, 6, 7]}