{"corners": [[[0.0, 0.0], [16.03035, 0.37191], [16.0, 6.0], [0.0, 6.0], [0.0, 0.0]], [[5.0, -1.836909530733566e-16], [5.999110000000001, -15.7076], [11.0, -16.0], [11.0, 1.836909530733566e-16], [5.0, -1.836909530733566e-16]], [[32.0, 5.999999999999998], [15.24105, 5.158], [16.0, 0.0], [32.0, -1.7763568394002505e-15], [32.0, 5.999999999999998]], [[38.0, -1.0000000000000018], [38.0, 6.999999999999998], [32.0, 6.999999999999998], [32.0, -1.0000000000000013], [38.0, -1.0000000000000018]], [[16.0, -15.999999999999998], [0.87138, -16.45189], [-0.14533, -22.16758], [16.0, -22.0], [16.0, -15.999999999999998]], [[-8.0, -26.5], [-0.256, -26.70416], [0.0, -11.5], [-8.0, -11.5], [-8.0, -26.5]], [[-16.0, 0.0], [0.24015, -0.46143], [0.17183, 5.70264], [-16.0, 6.0], [-16.0, 0.0]], [[0.0, -26.5], [-7.59952, -26.91518], [-7.30308, -31.73681], [-7.347638122934264e-16, -32.5], [0.0, -26.5]]], "node_id": [0, 1, 2, 3, 4, 5, 6, 7]}