{"corners": [[[0.0, 0.0], [7.0614799999999995, -0.31632], [7.439, 15.80445], [0.0, 15.0], [0.0, 0.0]], [[-8.0, 4.5], [0.0, 4.5], [0.0, 10.5], [-8.0, 10.5], [-8.0, 4.5]], [[14.0, 3.5], [14.73622, 12.00425], [8.42644, 11.15455], [8.0, 3.5000000000000004], [14.0, 3.5]], [[-8.0, 10.5], [-24.52106, 10.659070000000002], [-24.0114, 4.5495800000000015], [-8.0, 4.5], [-8.0, 10.5]], [[-3.5, -4.592273826833915e-16], [-3.2094599999999995, -8.58999], [10.70165, -8.31156], [11.5, 4.592273826833915e-16], [-3.5, -4.592273826833915e-16]], [[8.881784197001252e-16, -14.0], [8.0899, -14.57002], [7.73154, -8.03017], [8.881784197001252e-16, -8.0], [8.881784197001252e-16, -14.0]], [[7.0, -30.0], [6.538100000000001, -13.10966], [1.0000000000000009, -14.0], [1.0, -30.0], [7.0, -30.0]], [[-24.0, 3.5000000000000018], [-24.0, 11.500000000000002], [-30.0, 11.500000000000002], [-30.0, 3.500000000000002], [-24.0, 3.5000000000000018]]], "node_id": [0, 1, 2, 3, 4, 5, 6, 7]}