{"corners": [[[0.316675, 0.163175], [8.316675, 0.163175], [8.316675, 15.163175], [0.316675, 15.163175], [0.316675, 0.163175]], [[-7.73726, 4.93851], [0.26274, 4.93851], [0.26274, 10.93851], [-7.73726, 10.93851], [-7.73726, 4.93851]], [[14.2168, 3.8409050000000002], [14.2168, 11.840905], [8.2168, 11.840905], [8.2168, 3.8409050000000002], [14.2168, 3.8409050000000002]], [[-7.67113, 10.89277], [-23.67113, 10.892770000000002], [-23.67113, 4.892770000000001], [-7.67113, 4.89277], [-7.67113, 10.89277]], [[-3.112965, 0.37098499999999957], [-3.1129649999999995, -7.629015], [11.887035000000001, -7.629015], [11.887035000000001, 0.37098500000000045], [-3.112965, 0.37098499999999957]], [[0.11973500000000088, -13.710235], [8.119735, -13.710235], [8.119735, -7.710235], [0.11973500000000088, -7.710235], [0.11973500000000088, -13.710235]], [[7.24715, -29.737605], [7.247150000000001, -13.737605], [1.2471500000000009, -13.737605], [1.24715, -29.737605], [7.24715, -29.737605]], [[-23.66344, 3.523260000000002], [-23.66344, 11.523260000000002], [-29.66344, 11.523260000000002], [-29.66344, 3.5232600000000023], [-23.66344, 3.523260000000002]]], "node_id": [0, 1, 2, 3, 4, 5, 6, 7]}