{"corners": [[[0.0, 0.0], [8.07316, 0.56216], [8.0, 15.0], [0.0, 15.0], [0.0, 0.0]], [[3.673819061467132e-16, 10.5], [-16.65576, 11.137420000000002], [-16.02303, 4.261070000000002], [-3.673819061467132e-16, 4.5], [3.673819061467132e-16, 10.5]], [[8.0, 4.5], [24.61773, 4.83995], [23.55523, 9.59614], [8.0, 10.5], [8.0, 4.5]], [[19.0, -11.5], [19.15613, 3.6083600000000002], [13.0, 4.5], [13.0, -11.5], [19.0, -11.5]], [[40.0, 10.499999999999998], [24.0, 10.5], [24.0, 4.5], [40.0, 4.499999999999998], [40.0, 10.499999999999998]]], "node_id": [0, 1, 2, 3, 4]}