{"corners": [[[0.0, 0.0], [8.51477, 0.3813], [8.0, 15.0], [0.0, 15.0], [0.0, 0.0]], [[-4.0, 15.0], [11.82718, 15.57499], [12.39809, 21.79192], [-4.0, 21.0], [-4.0, 15.0]], [[-4.0, -6.0], [12.0, -6.0], [12.0, 0.0], [-4.0, 0.0], [-4.0, -6.0]], [[-3.9999999999999996, 21.0], [-19.63812, 21.133360000000003], [-20.0, 15.000000000000002], [-4.0, 15.0], [-3.9999999999999996, 21.0]], [[-8.0, 15.0], [-15.30937, 14.382650000000002], [-16.11529, 8.44983], [-8.0, 9.0], [-8.0, 15.0]], [[20.0, 4.499999999999999], [12.6214, 3.52941], [11.999999999999998, -10.5], [19.999999999999996, -10.5], [20.0, 4.499999999999999]], [[-26.0, 22.0], [-26.62653, 14.35648], [-20.0, 13.999999999999998], [-20.0, 22.0], [-26.0, 22.0]], [[12.0, 22.0], [12.5345, 14.77585], [18.0, 14.0], [18.0, 22.0], [12.0, 22.0]]], "node_id": [0, 1, 2, 3, 4, 5, 6, 7]}