{"corners": [[[0.0, 0.0], [7.37497, -0.18603], [8.0, 6.0], [0.0, 6.0], [0.0, 0.0]], [[8.0, -4.898425415289509e-16], [-0.25908, -0.6950799999999996], [-1.7763568394002505e-15, -14.999999999999998], [7.999999999999998, -15.0], [8.0, -4.898425415289509e-16]], [[0.0, 6.0], [7.85805, 5.74571], [8.0, 12.0], [0.0, 12.0], [0.0, 6.0]], [[14.0, -11.5], [14.0, -3.5], [8.0, -3.5], [8.0, -11.5], [14.0, -11.5]], [[14.0, -3.5], [13.653229999999999, -12.129480000000001], [29.0, -11.500000000000004], [29.0, -3.5000000000000027], [14.0, -3.5]], [[0.0, 12.0], [7.65281, 11.12715], [8.0, 27.0], [0.0, 27.0], [0.0, 12.0]], [[-2.4492127076447545e-16, 5.0], [-0.8689799999999998, 13.29311], [-15.0, 13.000000000000002], [-15.0, 5.000000000000001], [-2.4492127076447545e-16, 5.0]], [[44.0, -11.500000000000007], [44.9834, -3.374910000000007], [28.3386, -4.423200000000001], [29.0, -11.500000000000002], [44.0, -11.500000000000007]]], "node_id": [0, 1, 2, 3, 4, 5, 6, 7]}