{"corners": [[[0.0, 0.0], [7.53188, 0.11139], [8.0, 6.0], [0.0, 6.0], [0.0, 0.0]], [[7.999999999999999, 11.0], [8.0, -5.0], [14.0, -5.0], [14.0, 11.0], [7.999999999999999, 11.0]], [[18.5, 11.0], [19.30769, 19.82422], [4.21846, 19.2304], [3.5, 11.000000000000002], [18.5, 11.0]], [[30.0, 6.000000000000002], [13.75314, 6.7287099999999995], [13.43943, -0.08095], [30.0, 1.7763568394002505e-15], [30.0, 6.000000000000002]], [[25.000000000000004, -16.0], [25.0, 0.0], [19.0, -1.7763568394002505e-15], [19.000000000000004, -16.0], [25.000000000000004, -16.0]]], "node_id": [0, 1, 2, 3, 4]}