{"corners": [[[0.1477, 0.40236], [16.1477, 0.40236], [16.1477, 6.40236], [0.1477, 6.40236], [0.1477, 0.40236]], [[0.46721, 6.426605], [16.46721, 6.426605], [16.46721, 12.426605], [0.46721, 12.426605], [0.46721, 6.426605]], [[16.409645, 0.309295], [24.409645, 0.309295], [24.409645, 6.309295], [16.409645, 6.309295], [16.409645, 0.309295]], [[0.4583249999999995, -4.703355], [0.4583250000000005, 11.296645], [-5.541675, 11.296645], [-5.541675000000001, -4.703355], [0.4583249999999995, -4.703355]], [[0.9750949999999992, 20.323265], [0.9750949999999996, 12.323265], [15.975095, 12.323265], [15.975095, 20.323265], [0.9750949999999992, 20.323265]], [[-5.937245, 6.413035], [-21.937245, 6.413035000000002], [-21.937245, 0.41303500000000176], [-5.937245000000001, 0.413035], [-5.937245, 6.413035]], [[16.03065, 6.24987], [24.03065, 6.24987], [24.03065, 21.24987], [16.03065, 21.24987], [16.03065, 6.24987]], [[24.105595, 21.98683], [24.105595, 5.98683], [30.105595, 5.98683], [30.105595, 21.98683], [24.105595, 21.98683]]], "node_id": [0, 1, 2, 3, 4, 5, 6, 7]}