{"corners": [[[0.0, 0.0], [16.77267, 0.89779], [16.0, 6.0], [0.0, 6.0], [0.0, 0.0]], [[0.0, 6.0], [16.63858, 6.23718], [16.83331, 12.18657], [0.0, 12.0], [0.0, 6.0]], [[16.0, 0.0], [24.0, 0.0], [24.0, 6.0], [16.0, 6.0], [16.0, 0.0]], [[-4.898425415289509e-16, -5.0], [0.6137500000000005, 11.58414], [-6.79248, 10.23319], [-6.000000000000001, -5.0], [-4.898425415289509e-16, -5.0]], [[0.4999999999999991, 20.0], [-0.07762000000000041, 12.94731], [16.05084, 11.5235], [15.5, 20.0], [0.4999999999999991, 20.0]], [[-6.0, 6.0], [-22.0942, 6.182120000000002], [-21.28776, -0.44123999999999824], [-6.000000000000001, 0.0], [-6.0, 6.0]], [[16.0, 6.0], [23.57647, 5.5811399999999995], [24.0, 21.0], [16.0, 21.0], [16.0, 6.0]], [[24.0, 21.5], [24.0219, 6.27988], [30.12187, 4.60773], [30.0, 21.5], [24.0, 21.5]]], "node_id": [0, 1, 2, 3, 4, 5, 6, 7]}