{"corners": [[[0.453375, 0.132425], [8.453375, 0.132425], [8.453375, 6.132425], [0.453375, 6.132425], [0.453375, 0.132425]], [[0.45081500000000096, 10.72953], [-7.549184999999999, 10.729530000000002], [-7.549185, -4.270469999999998], [0.4508149999999991, -4.2704699999999995], [0.45081500000000096, 10.72953]], [[-0.5774599999999991, 10.75086], [-0.5774599999999981, 26.75086], [-6.5774599999999985, 26.75086], [-6.577459999999999, 10.75086], [-0.5774599999999991, 10.75086]], [[-0.5367550000000013, -12.177035], [-0.5367550000000009, -4.177035], [-6.536755, -4.177035], [-6.536755000000002, -12.177035], [-0.5367550000000013, -12.177035]], [[3.8370700000000015, 26.635905], [3.8370700000000024, 34.635905], [-11.162929999999998, 34.635905], [-11.162929999999998, 26.635905], [3.8370700000000015, 26.635905]], [[-6.721244999999998, 21.759855], [-22.721245, 21.759855000000005], [-22.721245, 15.759855000000002], [-6.721244999999999, 15.759855], [-6.721244999999998, 21.759855]], [[3.932375000000003, 34.781785], [3.9323750000000017, 26.781785], [18.932375, 26.781784999999996], [18.932375000000004, 34.781785], [3.932375000000003, 34.781785]], [[-11.295604999999998, 26.854245], [-11.295604999999998, 34.854245], [-26.295605, 34.854245], [-26.295605, 26.854245], [-11.295604999999998, 26.854245]]], "node_id": [0, 1, 2, 3, 4, 5, 6, 7]}