{"corners": [[[0.0, 0.0], [16.07963, 0.58262], [16.0, 6.0], [0.0, 6.0], [0.0, 0.0]], [[5.0, -1.836909530733566e-16], [5.000000000000001, -8.0], [11.0, -8.0], [11.0, 1.836909530733566e-16], [5.0, -1.836909530733566e-16]], [[19.0, -0.9999999999999987], [10.01292, -0.5204899999999997], [11.20321, -6.85093], [19.0, -6.999999999999998], [19.0, -0.9999999999999987]], [[5.0, -1.0], [-11.17694, -0.859730000000002], [-11.0, -7.000000000000002], [5.000000000000001, -7.0], [5.0, -1.0]], [[3.673819061467132e-16, 6.0], [-16.82791, 6.135520000000001], [-16.0, 1.7763568394002505e-15], [-3.673819061467132e-16, 0.0], [3.673819061467132e-16, 6.0]]], "node_id": [0, 1, 2, 3, 4]}