{"corners": [[[0.491825, 0.136645], [16.491825, 0.136645], [16.491825, 6.136645], [0.491825, 6.136645], [0.491825, 0.136645]], [[5.460825, 0.4050199999999998], [5.460825000000001, -7.59498], [11.460825, -7.59498], [11.460825, 0.40502000000000016], [5.460825, 0.4050199999999998]], [[19.05507, -0.9967699999999987], [11.05507, -0.9967699999999997], [11.05507, -6.99677], [19.05507, -6.996769999999998], [19.05507, -0.9967699999999987]], [[5.36988, -0.699195], [-10.63012, -0.699195000000002], [-10.63012, -6.699195000000001], [5.369880000000001, -6.699195], [5.36988, -0.699195]], [[0.2872650000000004, 6.18654], [-15.712735, 6.186540000000002], [-15.712735, 0.1865400000000018], [0.2872649999999996, 0.18654], [0.2872650000000004, 6.18654]]], "node_id": [0, 1, 2, 3, 4]}