{"corners": [[[0.0, 0.0], [15.97459, -0.26442], [16.0, 6.0], [0.0, 6.0], [0.0, 0.0]], [[4.999999999999999, 22.0], [5.04926, 6.37909], [10.07909, 6.87226], [11.0, 22.0], [4.999999999999999, 22.0]], [[4.999999999999998, 30.0], [5.460789999999999, 21.68687], [11.0, 22.0], [10.999999999999998, 30.0], [4.999999999999998, 30.0]], [[10.999999999999998, 30.0], [10.821299999999999, 22.22776], [17.27006, 22.73434], [17.0, 30.0], [10.999999999999998, 30.0]], [[-11.000000000000002, 23.0], [5.739289999999999, 22.54671], [4.999999999999998, 29.0], [-11.000000000000002, 29.0], [-11.000000000000002, 23.0]], [[4.999999999999999, 21.5], [-3.617500000000001, 21.01742], [-3.995919999999999, 6.809099999999998], [5.000000000000001, 6.5], [4.999999999999999, 21.5]], [[4.499999999999998, 29.0], [4.499999999999999, 37.0], [-10.500000000000002, 37.0], [-10.500000000000002, 29.0], [4.499999999999998, 29.0]], [[-11.000000000000002, 22.0], [-11.000000000000002, 30.0], [-17.0, 30.0], [-17.0, 22.0], [-11.000000000000002, 22.0]]], "node_id": [0, 1, 2, 3, 4, 5, 6, 7]}