{"corners": [[[0.0, 0.0], [15.75846, 0.28437], [16.59235, 5.07985], [0.0, 6.0], [0.0, 0.0]], [[-6.0, 7.0], [-5.968589999999999, -0.85082], [0.5219000000000009, -0.51746], [0.0, 7.0], [-6.0, 7.0]], [[-7.0, -7.0], [1.0, -7.0], [1.0, -1.0], [-7.0, -1.0], [-7.0, -7.0]], [[16.0, 0.0], [24.0, 0.0], [24.0, 6.0], [16.0, 6.0], [16.0, 0.0]], [[40.0, 5.999999999999998], [24.11498, 5.40057], [24.0, 0.0], [40.0, -1.7763568394002505e-15], [40.0, 5.999999999999998]], [[-22.0, 0.0], [-6.06832, 0.15617], [-6.0, 6.0], [-22.0, 6.0], [-22.0, 0.0]], [[23.0, -8.0], [23.56449, -0.80253], [17.0, 0.0], [17.0, -8.0], [23.0, -8.0]], [[16.0, -23.0], [24.06382, -23.24915], [24.0, -8.0], [16.0, -8.0], [16.0, -23.0]]], "node_id": [0, 1, 2, 3, 4, 5, 6, 7]}