{"corners": [[[0.0, 0.0], [8.0, 0.0], [8.0, 15.0], [0.0, 15.0], [0.0, 0.0]], [[1.0, -1.836909530733566e-16], [1.0000000000000004, -8.0], [7.000000000000001, -8.0], [7.0, 1.836909530733566e-16], [1.0, -1.836909530733566e-16]], [[-6.0, 11.5], [-6.728069999999999, 2.9381399999999998], [0.02425000000000089, 3.23358], [0.0, 11.5], [-6.0, 11.5]], [[0.9999999999999999, -1.0], [-7.75025, -1.896930000000001], [-6.999999999999999, -7.000000000000001], [1.0000000000000007, -7.0], [0.9999999999999999, -1.0]], [[8.0, 11.5], [8.0, 3.5], [14.0, 3.5], [14.0, 11.5], [8.0, 11.5]], [[12.0, 21.0], [-4.0, 21.000000000000004], [-4.0, 15.000000000000002], [12.0, 15.0], [12.0, 21.0]], [[14.0, 11.5], [14.48545, 4.13402], [29.97873, 4.438570000000001], [29.0, 11.500000000000002], [14.0, 11.5]], [[1.000000000000003, 37.0], [1.5708600000000001, 21.62366], [7.55214, 20.22462], [7.0000000000000036, 37.0], [1.000000000000003, 37.0]]], "node_id": [0, 1, 2, 3, 4, 5, 6, 7]}