{"corners": [[[0.466815, 0.098995], [8.466815, 0.098995], [8.466815, 15.098995], [0.466815, 15.098995], [0.466815, 0.098995]], [[1.06798, 0.10953499999999981], [1.0679800000000004, -7.890465], [7.067980000000001, -7.890465], [7.06798, 0.10953500000000017], [1.06798, 0.10953499999999981]], [[-5.74394, 11.683395], [-5.743939999999999, 3.683395], [0.2560600000000009, 3.683395], [0.25606, 11.683395], [-5.74394, 11.683395]], [[1.4126299999999998, -0.84534], [-6.58737, -0.8453400000000009], [-6.587369999999999, -6.845340000000001], [1.4126300000000007, -6.84534], [1.4126299999999998, -0.84534]], [[8.25165, 11.769115], [8.25165, 3.769115], [14.25165, 3.769115], [14.25165, 11.769115], [8.25165, 11.769115]], [[12.497735, 21.483975], [-3.502265, 21.483975000000004], [-3.502265, 15.483975000000001], [12.497735, 15.483975], [12.497735, 21.483975]], [[14.435275, 11.827125], [14.435275, 3.827125], [29.435275, 3.827125000000001], [29.435275, 11.827125000000002], [14.435275, 11.827125]], [[1.0951450000000031, 37.14035], [1.0951450000000003, 21.14035], [7.095145, 21.14035], [7.095145000000003, 37.14035], [1.0951450000000031, 37.14035]]], "node_id": [0, 1, 2, 3, 4, 5, 6, 7]}