{"corners": [[[0.0, 0.0], [8.0, 0.0], [8.0, 6.0], [0.0, 6.0], [0.0, 0.0]], [[11.5, -8.0], [11.5, 0.0], [-3.5, 1.7763568394002505e-15], [-3.5, -7.999999999999999], [11.5, -8.0]], [[11.5, 5.999999999999999], [11.5, 14.0], [-3.5, 14.0], [-3.5, 6.0], [11.5, 5.999999999999999]], [[11.5, 14.0], [11.5, 22.0], [-3.5, 22.0], [-3.5, 14.000000000000002], [11.5, 14.0]], [[12.0, -8.0], [-4.73705, -7.104419999999998], [-4.99764, -13.179569999999998], [12.0, -14.0], [12.0, -8.0]]], "node_id": [0, 1, 2, 3, 4]}