{"corners": [[[0.0, 0.0], [15.92606, 0.94462], [15.54799, 5.4248899999999995], [0.0, 6.0], [0.0, 0.0]], [[-4.898425415289509e-16, -5.0], [-0.6032799999999996, 10.57214], [-6.0, 11.0], [-6.000000000000001, -5.0], [-4.898425415289509e-16, -5.0]], [[32.0, 5.999999999999998], [16.0, 6.0], [16.0, 0.0], [32.0, -1.7763568394002505e-15], [32.0, 5.999999999999998]], [[-7.0, 11.0], [0.028200000000000003, 10.9706], [1.0, 26.0], [-7.0, 26.0], [-7.0, 11.0]], [[16.5, 4.895037283500492e-16], [16.82945, -7.430329999999999], [31.5, -8.000000000000004], [31.5, -2.2658605677502996e-15], [16.5, 4.895037283500492e-16]], [[1.0, 15.5], [17.13699, 16.49816], [17.67141, 20.51654], [1.0, 21.5], [1.0, 15.5]], [[31.5, -1.7763568394002505e-15], [30.76747, -7.275500000000002], [37.42902, -7.355760000000004], [37.5, -2.87850255784039e-15], [31.5, -1.7763568394002505e-15]], [[-6.999999999999999, 26.0], [-14.43976, 25.81849], [-15.0, 11.000000000000002], [-7.000000000000001, 11.0], [-6.999999999999999, 26.0]]], "node_id": [0, 1, 2, 3, 4, 5, 6, 7]}