{"corners": [[[0.0, 0.0], [8.0, 0.0], [8.0, 15.0], [0.0, 15.0], [0.0, 0.0]], [[0.9999999999999991, 31.0], [1.90019, 15.82551], [6.31314, 15.6961], [6.999999999999999, 31.0], [0.9999999999999991, 31.0]], [[-8.881784197001252e-16, 31.0], [7.326679999999999, 31.48013], [7.999999999999999, 37.0], [-8.881784197001252e-16, 37.0], [-8.881784197001252e-16, 31.0]], [[7.999999999999998, 42.0], [8.677109999999999, 26.30867], [14.0, 26.0], [13.999999999999998, 42.0], [7.999999999999998, 42.0]], [[-8.0, 26.5], [0.04829, 27.31303], [0.28386, 40.56502], [-8.0, 41.5], [-8.0, 26.5]], [[18.999999999999996, 48.0], [2.9999999999999964, 48.0], [2.9999999999999964, 42.0], [18.999999999999996, 42.0], [18.999999999999996, 48.0]], [[18.499999999999996, 48.0], [17.509499999999996, 56.9468], [3.4999999999999947, 56.0], [3.4999999999999964, 48.0], [18.499999999999996, 48.0]], [[-8.0, 11.5], [0.0, 11.5], [0.0, 26.5], [-8.0, 26.5], [-8.0, 11.5]]], "node_id": [0, 1, 2, 3, 4, 5, 6, 7]}