{"corners": [[[0.068465, 0.005055], [8.068465, 0.005055], [8.068465, 15.005055], [0.068465, 15.005055], [0.068465, 0.005055]], [[0.3789499999999998, 3.521], [0.37895000000000023, 11.521], [-5.621049999999999, 11.521], [-5.62105, 3.5210000000000004], [0.3789499999999998, 3.521]], [[-5.996125, 3.77236], [-5.996124999999999, 11.77236], [-11.996125, 11.77236], [-11.996125, 3.7723600000000004], [-5.996125, 3.77236]], [[-16.566305, 11.723055], [-0.5663050000000001, 11.723055], [-0.5663050000000001, 17.723055], [-16.566305, 17.723055], [-16.566305, 11.723055]], [[-27.96193, 4.705995], [-11.96193, 4.705995], [-11.96193, 10.705995], [-27.96193, 10.705995], [-27.96193, 4.705995]], [[-4.728544999999999, 23.70222], [-12.728545, 23.70222], [-12.728545, 17.70222], [-4.728545, 17.70222], [-4.728544999999999, 23.70222]], [[-22.629415, 18.626485], [-22.629415, 10.626485], [-16.629415, 10.626485], [-16.629415, 18.626485], [-22.629415, 18.626485]], [[-16.718745, -11.35406], [-16.718745, 4.64594], [-22.718745, 4.64594], [-22.718745, -11.35406], [-16.718745, -11.35406]]], "node_id": [0, 1, 2, 3, 4, 5, 6, 7]}