{"corners": [[[0.0, 0.0], [16.0, 0.0], [16.0, 6.0], [0.0, 6.0], [0.0, 0.0]], [[-8.0, -4.5], [-0.16452, -4.95362], [-0.20415, 10.84568], [-8.0, 10.5], [-8.0, -4.5]], [[-7.0, -4.5], [-6.413899999999999, -19.50323], [-1.2686599999999992, -21.16468], [-1.0, -4.5], [-7.0, -4.5]], [[7.000000000000001, -9.5], [-0.9999999999999991, -9.500000000000002], [-0.9999999999999982, -15.5], [7.000000000000002, -15.5], [7.000000000000001, -9.5]], [[16.0, -9.796850830579018e-16], [-0.35438, -0.755419999999999], [0.0, -5.999999999999999], [16.0, -6.000000000000001], [16.0, -9.796850830579018e-16]], [[16.0, 0.0], [32.0, 0.0], [32.0, 6.0], [16.0, 6.0], [16.0, 0.0]], [[23.0, -9.499999999999998], [6.86923, -10.41996], [7.0, -15.5], [23.0, -15.499999999999998], [23.0, -9.499999999999998]], [[38.0, -5.0], [37.01695, 11.15442], [32.0, 11.0], [32.0, -5.0], [38.0, -5.0]]], "node_id": [0, 1, 2, 3, 4, 5, 6, 7]}