{"corners": [[[0.122185, 0.210795], [8.122185, 0.210795], [8.122185, 6.210795], [0.122185, 6.210795], [0.122185, 0.210795]], [[0.06160500000000037, 6.059885], [-7.938395, 6.059885000000001], [-7.938395, 0.05988500000000089], [0.06160499999999963, 0.059885], [0.06160500000000037, 6.059885]], [[12.008425, 12.28403], [-3.991575, 12.284030000000001], [-3.991575, 6.284030000000001], [12.008425, 6.28403], [12.008425, 12.28403]], [[7.22811, 12.496470000000002], [7.228110000000001, 28.49647], [1.228110000000001, 28.49647], [1.22811, 12.496470000000002], [7.22811, 12.496470000000002]], [[1.4339500000000007, 16.05469], [1.4339500000000012, 24.05469], [-13.56605, 24.05469], [-13.56605, 16.05469], [1.4339500000000007, 16.05469]], [[20.353455, 16.55441], [12.353455, 16.55441], [12.353454999999999, 1.5544100000000018], [20.353454999999997, 1.55441], [20.353455, 16.55441]], [[26.18472, 1.089755], [26.18472, 17.089755], [20.18472, 17.089755], [20.18472, 1.0897550000000005], [26.18472, 1.089755]], [[34.21839, 16.66547], [26.21839, 16.66547], [26.21839, 1.6654700000000018], [34.21839, 1.66547], [34.21839, 16.66547]]], "node_id": [0, 1, 2, 3, 4, 5, 6, 7]}