{"corners": [[[0.498885, 0.061935], [8.498885, 0.061935], [8.498885, 6.061935], [0.498885, 6.061935], [0.498885, 0.061935]], [[8.218805, 7.03273], [8.218805, -0.96727], [14.218805, -0.96727], [14.218805, 7.03273], [8.218805, 7.03273]], [[14.40182, -8.78305], [14.40182, -0.78305], [8.40182, -0.78305], [8.40182, -8.78305], [14.40182, -8.78305]], [[0.15708499999999975, -0.50939], [0.15708500000000025, 7.49061], [-14.842915, 7.490610000000002], [-14.842915, -0.5093899999999991], [0.15708499999999975, -0.50939]], [[8.118115, -8.865265], [8.118115, -0.865265], [-6.881885, -0.8652649999999982], [-6.881885, -8.865264999999999], [8.118115, -8.865265]], [[-11.48764, 7.465895], [-3.48764, 7.465895], [-3.48764, 22.465895], [-11.48764, 22.465895], [-11.48764, 7.465895]], [[14.180025, 0.21512500000000045], [22.180025, 0.21512500000000045], [22.180025, 6.2151250000000005], [14.180025, 6.2151250000000005], [14.180025, 0.21512500000000045]], [[-15.12502, 22.410045], [0.87498, 22.410045], [0.87498, 28.410045], [-15.12502, 28.410045], [-15.12502, 22.410045]]], "node_id": [0, 1, 2, 3, 4, 5, 6, 7]}