{"corners": [[[0.0, 0.0], [8.53809, -0.356], [7.92995, 5.47397], [0.0, 6.0], [0.0, 0.0]], [[3.673819061467132e-16, 6.0], [-15.92345, 5.451080000000002], [-16.28411, -0.7156799999999982], [-3.673819061467132e-16, 0.0], [3.673819061467132e-16, 6.0]], [[1.0, -1.836909530733566e-16], [1.436490000000001, -16.59524], [6.227250000000001, -16.81028], [7.0, 1.836909530733566e-16], [1.0, -1.836909530733566e-16]], [[22.0, -12.0], [22.0, -4.0], [7.0, -3.9999999999999982], [7.0, -11.999999999999998], [22.0, -12.0]], [[18.5, -12.0], [10.02642, -11.559719999999999], [10.499999999999998, -27.0], [18.499999999999996, -27.0], [18.5, -12.0]], [[22.0, -11.0], [29.08821, -11.14582], [30.0, -5.0], [22.0, -5.0], [22.0, -11.0]], [[1.0, -5.0], [-15.452210000000001, -4.644600000000001], [-15.55066, -10.562910000000002], [1.0000000000000007, -11.0], [1.0, -5.0]], [[30.0, -4.0], [30.25377, -12.72084], [36.36033, -11.809], [36.0, -3.9999999999999996], [30.0, -4.0]]], "node_id": [0, 1, 2, 3, 4, 5, 6, 7]}