{"corners": [[[0.0, 0.0], [8.0983, -0.81492], [8.0, 6.0], [0.0, 6.0], [0.0, 0.0]], [[9.18454765366783e-16, 10.5], [-7.999999999999999, 10.500000000000002], [-8.0, -4.499999999999998], [-9.18454765366783e-16, -4.5], [9.18454765366783e-16, 10.5]], [[8.0, 7.0], [7.43505, -0.50586], [23.70514, -0.09477999999999909], [23.0, 7.000000000000001], [8.0, 7.0]], [[1.0, -1.836909530733566e-16], [0.2800000000000009, -16.96662], [6.224330000000001, -16.44927], [7.0, 1.836909530733566e-16], [1.0, -1.836909530733566e-16]], [[-7.000000000000001, -4.499999999999999], [-7.001280000000004, -20.8287], [-1.0000000000000036, -20.5], [-1.0000000000000009, -4.5], [-7.000000000000001, -4.499999999999999]], [[31.0, 10.500000000000002], [22.97869, 10.63237], [23.0, -4.5], [31.000000000000004, -4.499999999999998], [31.0, 10.500000000000002]], [[24.0, 26.5], [23.02496, 11.39653], [30.0, 10.5], [30.0, 26.5], [24.0, 26.5]], [[9.0, 22.5], [8.63684, 15.14024], [24.0, 14.5], [24.0, 22.5], [9.0, 22.5]]], "node_id": [0, 1, 2, 3, 4, 5, 6, 7]}