{"corners": [[[0.0, 0.0], [8.0, 0.0], [8.0, 6.0], [0.0, 6.0], [0.0, 0.0]], [[23.0, -1.0000000000000009], [23.34959, 7.694849999999999], [8.0, 7.000000000000001], [8.0, -1.0], [23.0, -1.0000000000000009]], [[-2.4492127076447545e-16, -1.0], [-0.9827699999999998, 6.8477], [-5.999999999999999, 7.0], [-6.0, -0.9999999999999997], [-2.4492127076447545e-16, -1.0]], [[0.9999999999999991, 22.0], [1.58009, 5.19422], [7.0, 6.0], [6.999999999999999, 22.0], [0.9999999999999991, 22.0]], [[-6.0, -0.9999999999999992], [-5.973270000000003, -17.4004], [-2.6645352591003757e-15, -17.0], [0.0, -1.0000000000000002], [-6.0, -0.9999999999999992]]], "node_id": [0, 1, 2, 3, 4]}