{"corners": [[[0.0, 0.0], [7.53986, 0.82227], [8.0, 6.0], [0.0, 6.0], [0.0, 0.0]], [[8.0, -4.5], [15.08076, -5.19433], [16.9954, 10.49816], [8.0, 10.5], [8.0, -4.5]], [[9.0, 18.5], [9.35794, 11.41489], [15.19173, 9.65363], [15.0, 18.5], [9.0, 18.5]], [[15.0, 11.5], [23.7935, 12.46914], [23.0, 17.5], [15.0, 17.5], [15.0, 11.5]], [[16.0, 24.5], [7.51634, 25.06604], [7.09766, 19.45673], [16.0, 18.5], [16.0, 24.5]], [[8.0, -4.898425415289509e-16], [-0.64858, -0.6799799999999996], [-0.60912, -5.11132], [7.999999999999999, -6.000000000000001], [8.0, -4.898425415289509e-16]], [[8.0, 24.5], [16.0, 24.5], [16.0, 39.5], [8.0, 39.5], [8.0, 24.5]], [[7.999999999999999, -6.000000000000001], [-8.881784197001252e-16, -6.0], [-2.6645352591003757e-15, -21.0], [7.999999999999997, -21.0], [7.999999999999999, -6.000000000000001]]], "node_id": [0, 1, 2, 3, 4, 5, 6, 7]}