{"corners": [[[0.0, 0.0], [16.97516, 0.33209], [16.97631, 5.07743], [0.0, 6.0], [0.0, 0.0]], [[0.5, -4.592273826833915e-16], [0.5000000000000004, -8.0], [15.5, -8.0], [15.5, 4.592273826833915e-16], [0.5, -4.592273826833915e-16]], [[23.5, -0.9999999999999987], [15.5, -0.9999999999999997], [15.5, -7.0], [23.5, -6.999999999999998], [23.5, -0.9999999999999987]], [[0.0, -14.0], [15.22658, -14.29112], [16.0, -8.0], [0.0, -8.0], [0.0, -14.0]], [[22.5, -15.0], [21.73993, -7.89939], [15.74129, -7.740260000000001], [16.5, -15.000000000000002], [22.5, -15.0]]], "node_id": [0, 1, 2, 3, 4]}