{"corners": [[[0.38349, 0.422205], [8.38349, 0.422205], [8.38349, 6.422205], [0.38349, 6.422205], [0.38349, 0.422205]], [[8.1662, 0.37357], [24.1662, 0.37357], [24.1662, 6.37357], [8.1662, 6.37357], [8.1662, 0.37357]], [[20.338725, 0.2627999999999995], [12.338725, 0.2628000000000005], [12.338724999999998, -14.737199999999998], [20.338724999999997, -14.7372], [20.338725, 0.2627999999999995]], [[0.23413999999999974, -0.589805], [0.23414000000000024, 7.410195], [-14.76586, 7.410195000000002], [-14.76586, -0.5898049999999991], [0.23413999999999974, -0.589805]], [[19.14806, 6.48321], [19.14806, 22.48321], [13.14806, 22.48321], [13.14806, 6.48321], [19.14806, 6.48321]], [[-1.99661, 18.210430000000002], [-1.9966100000000013, 10.210430000000004], [13.003389999999998, 10.21043], [13.00339, 18.21043], [-1.99661, 18.210430000000002]], [[-14.91211, 6.022970000000001], [-30.91211, 6.022970000000003], [-30.91211, 0.022970000000002665], [-14.91211, 0.02297000000000089], [-14.91211, 6.022970000000001]], [[30.13343, -0.5994550000000001], [30.13343, 7.400545], [24.13343, 7.400545], [24.13343, -0.5994549999999996], [30.13343, -0.5994550000000001]]], "node_id": [0, 1, 2, 3, 4, 5, 6, 7]}