{"corners": [[[0.0, 0.0], [7.30278, 0.57768], [8.0, 15.0], [0.0, 15.0], [0.0, 0.0]], [[0.0, -15.0], [7.06918, -15.45248], [7.8732, 0.01585], [0.0, 0.0], [0.0, -15.0]], [[8.0, 0.0], [16.0, 0.0], [16.0, 15.0], [8.0, 15.0], [8.0, 0.0]], [[-8.0, -10.5], [-0.34722, -10.41826], [-0.63463, -3.54191], [-8.0, -4.5], [-8.0, -10.5]], [[8.0, -15.0], [16.99096, -15.69858], [16.0, 0.0], [8.0, 0.0], [8.0, -15.0]], [[-8.0, -16.5], [0.41824, -16.35431], [0.0, -10.5], [-8.0, -10.5], [-8.0, -16.5]], [[8.0, -30.0], [15.18443, -30.71528], [16.0, -15.0], [8.0, -15.0], [8.0, -30.0]], [[8.000000000000002, -15.0], [-0.12764999999999824, -15.374139999999999], [0.0, -30.0], [8.0, -30.0], [8.000000000000002, -15.0]]], "node_id": [0, 1, 2, 3, 4, 5, 6, 7]}