{"corners": [[[0.00924, 0.150125], [16.00924, 0.150125], [16.00924, 6.150125], [0.00924, 6.150125], [0.00924, 0.150125]], [[15.61782, 6.198884999999999], [15.61782, 14.198885], [0.61782, 14.198885], [0.61782, 6.198885], [15.61782, 6.198884999999999]], [[23.69289, 13.341855], [15.69289, 13.341855000000002], [15.69289, 7.341855000000001], [23.69289, 7.341855], [23.69289, 13.341855]], [[0.23716500000000035, 6.118565], [-15.762835, 6.118565000000002], [-15.762835, 0.11856500000000178], [0.23716499999999963, 0.118565], [0.23716500000000035, 6.118565]], [[11.06918, 14.484065], [11.069180000000001, 30.484065], [5.069180000000001, 30.484065], [5.06918, 14.484065], [11.06918, 14.484065]], [[12.321295, 36.12908], [4.321295, 36.12908], [4.321295, 30.12908], [12.321295, 30.12908], [12.321295, 36.12908]], [[22.596905, 13.49262], [22.596905, 21.49262], [16.596905, 21.49262], [16.596905, 13.49262], [22.596905, 13.49262]], [[-14.11756, 14.499950000000004], [-14.117560000000001, 6.499950000000004], [0.8824399999999982, 6.49995], [0.88244, 14.49995], [-14.11756, 14.499950000000004]]], "node_id": [0, 1, 2, 3, 4, 5, 6, 7]}