{"corners": [[[0.0, 0.0], [16.0, 0.0], [16.0, 6.0], [0.0, 6.0], [0.0, 0.0]], [[3.673819061467132e-16, 6.0], [-8.04726, 6.472760000000001], [-8.68213, -0.7725099999999991], [-3.673819061467132e-16, 0.0], [3.673819061467132e-16, 6.0]], [[22.0, -5.0], [21.87619, 11.45408], [15.58287, 11.81553], [16.0, -5.0], [22.0, -5.0]], [[3.4999999999999982, -7.999999999999999], [3.4999999999999987, 8.881784197001252e-16], [-11.500000000000002, 2.6645352591003757e-15], [-11.500000000000002, -7.999999999999998], [3.4999999999999982, -7.999999999999999]], [[23.0, 26.0], [15.93746, 26.875140000000002], [14.999999999999998, 11.000000000000002], [22.999999999999996, 11.0], [23.0, 26.0]], [[11.500000000000002, 34.0], [10.91653, 25.15276], [27.03721, 25.745229999999996], [26.5, 34.0], [11.500000000000002, 34.0]], [[23.0, 15.5], [31.0, 15.499999999999998], [31.0, 21.5], [23.0, 21.5], [23.0, 15.5]], [[11.0, -8.0], [11.42674, 0.10718], [4.234000000000001, -0.40935], [5.0, -8.0], [11.0, -8.0]]], "node_id": [0, 1, 2, 3, 4, 5, 6, 7]}