{"corners": [[[0.0, 0.0], [16.0, 0.0], [16.0, 6.0], [0.0, 6.0], [0.0, 0.0]], [[31.0, -1.0000000000000009], [31.0, 6.999999999999999], [16.0, 7.000000000000001], [16.0, -1.0], [31.0, -1.0000000000000009]], [[31.0, -8.881784197001252e-16], [47.0, -8.881784197001252e-16], [47.0, 5.999999999999999], [31.0, 5.999999999999999], [31.0, -8.881784197001252e-16]], [[5.0, -1.836909530733566e-16], [5.129600000000001, -16.04963], [11.0, -16.0], [11.0, 1.836909530733566e-16], [5.0, -1.836909530733566e-16]], [[62.0, -1.0000000000000018], [61.04999, 7.728939999999998], [46.28265, 7.48297], [47.0, -1.0000000000000009], [62.0, -1.0000000000000018]], [[42.0, 5.999999999999999], [42.60759, 14.31474], [36.0, 14.0], [36.0, 5.999999999999999], [42.0, 5.999999999999999]], [[47.0, -1.867863502758027e-15], [31.11479, -0.3447199999999999], [31.0, -6.0], [47.0, -6.000000000000002], [47.0, -1.867863502758027e-15]], [[12.000000000000002, 21.0], [4.000000000000002, 21.0], [4.0, 6.000000000000002], [12.0, 6.0], [12.000000000000002, 21.0]]], "node_id": [0, 1, 2, 3, 4, 5, 6, 7]}