{"corners": [[[0.0, 0.0], [8.95444, 0.72828], [8.0, 15.0], [0.0, 15.0], [0.0, 0.0]], [[14.0, 3.5], [14.0, 11.5], [8.0, 11.5], [8.0, 3.5000000000000004], [14.0, 3.5]], [[8.0, -4.898425415289509e-16], [-0.94944, 0.9520100000000005], [0.0, -6.0], [7.999999999999999, -6.000000000000001], [8.0, -4.898425415289509e-16]], [[12.0, 21.0], [-4.13073, 21.893080000000005], [-3.95554, 15.254570000000001], [12.0, 15.0], [12.0, 21.0]], [[3.673819061467132e-16, 4.440892098500626e-16], [-7.32538, 0.7593600000000015], [-8.03183, -5.096109999999999], [-3.673819061467132e-16, -6.0], [3.673819061467132e-16, 4.440892098500626e-16]], [[-4.000000000000001, 10.0], [-4.0, 26.0], [-10.0, 26.0], [-10.0, 10.0], [-4.000000000000001, 10.0]], [[1.0, 32.0], [-15.0, 32.0], [-15.0, 26.0], [0.9999999999999992, 26.0], [1.0, 32.0]], [[14.0, 0.0], [22.58925, 0.91264], [22.86597, 15.46279], [14.0, 15.0], [14.0, 0.0]]], "node_id": [0, 1, 2, 3, 4, 5, 6, 7]}