{"corners": [[[0.422215, 0.39015], [8.422215, 0.39015], [8.422215, 15.39015], [0.422215, 15.39015], [0.422215, 0.39015]], [[8.47851, 15.595775], [8.47851, -0.404225], [14.47851, -0.404225], [14.47851, 15.595775], [8.47851, 15.595775]], [[7.238345, -6.19072], [15.238345, -6.19072], [15.238345, -0.19072], [7.238345, -0.19072], [7.238345, -6.19072]], [[21.19281, -7.449675], [21.19281, 0.550325], [15.19281, 0.550325], [15.19281, -7.449675], [21.19281, -7.449675]], [[0.244385, 15.29567], [8.244385, 15.29567], [8.244385, 30.29567], [0.244385, 30.29567], [0.244385, 15.29567]], [[14.184575, 11.63944], [14.184575, 3.63944], [29.184575, 3.639440000000001], [29.184575, 11.639440000000002], [14.184575, 11.63944]], [[0.41259, 30.14697], [8.41259, 30.14697], [8.41259, 36.14697], [0.41259, 36.14697], [0.41259, 30.14697]], [[7.281375, -21.00957], [15.281375, -21.00957], [15.281375, -6.00957], [7.281375, -6.00957], [7.281375, -21.00957]]], "node_id": [0, 1, 2, 3, 4, 5, 6, 7]}