{"corners": [[[0.0, 0.0], [8.30626, -0.88249], [7.67529, 15.92498], [0.0, 15.0], [0.0, 0.0]], [[14.0, -0.5], [14.034310000000001, 14.74588], [8.27414, 14.75024], [8.0, -0.4999999999999996], [14.0, -0.5]], [[18.5, 15.5], [18.76109, 23.90614], [4.31053, 22.59021], [3.5, 15.500000000000002], [18.5, 15.5]], [[3.5000000000000004, 22.5], [-12.5, 22.500000000000004], [-12.5, 16.5], [3.4999999999999996, 16.5], [3.5000000000000004, 22.5]], [[-27.5, 23.500000000000004], [-27.62791, 14.814740000000004], [-12.309820000000002, 15.58664], [-12.5, 23.5], [-27.5, 23.500000000000004]], [[3.673819061467132e-16, 10.5], [-16.59518, 10.275740000000003], [-16.41125, 3.947150000000002], [-3.673819061467132e-16, 4.5], [3.673819061467132e-16, 10.5]], [[14.0, 11.5], [13.453609999999998, 4.004], [20.0, 3.4999999999999982], [20.0, 11.499999999999998], [14.0, 11.5]], [[-23.0, 15.500000000000002], [-23.868120000000005, -0.5751999999999983], [-16.382480000000005, 0.07915000000000183], [-17.0, 15.5], [-23.0, 15.500000000000002]]], "node_id": [0, 1, 2, 3, 4, 5, 6, 7]}