{"corners": [[[0.0, 0.0], [16.0, 0.0], [16.0, 6.0], [0.0, 6.0], [0.0, 0.0]], [[16.0, 0.0], [32.0, 0.0], [32.0, 6.0], [16.0, 6.0], [16.0, 0.0]], [[0.0, 6.0], [16.03273, 5.89658], [16.41225, 12.28089], [0.0, 12.0], [0.0, 6.0]], [[27.0, -8.0], [27.0, 0.0], [21.0, 0.0], [21.0, -8.0], [27.0, -8.0]], [[32.0, -8.000000000000002], [15.08566, -8.84749], [16.0, -14.0], [32.0, -14.000000000000002], [32.0, -8.000000000000002]], [[-2.4492127076447545e-16, -1.0], [2.4492127076447545e-16, 7.0], [-5.999999999999999, 7.0], [-6.0, -0.9999999999999997], [-2.4492127076447545e-16, -1.0]], [[7.999999999999998, -18.5], [15.999999999999998, -18.500000000000004], [16.0, -3.5000000000000018], [8.000000000000002, -3.5], [7.999999999999998, -18.5]], [[7.999999999999997, -19.0], [8.000000000000002, -3.0], [2.0000000000000027, -2.9999999999999964], [1.9999999999999973, -18.999999999999996], [7.999999999999997, -19.0]]], "node_id": [0, 1, 2, 3, 4, 5, 6, 7]}