{"corners": [[[0.0, 0.0], [8.0, 0.0], [8.0, 15.0], [0.0, 15.0], [0.0, 0.0]], [[0.9999999999999996, 23.0], [0.40397000000000005, 15.41424], [7.6998, 14.106349999999999], [7.0, 23.0], [0.9999999999999996, 23.0]], [[0.9999999999999994, 22.0], [-15.37357, 21.500919999999997], [-15.34988, 16.56263], [1.0000000000000002, 16.0], [0.9999999999999994, 22.0]], [[11.5, -8.0], [12.16523, 0.7665], [-4.30487, 0.7545700000000017], [-3.5, -7.999999999999999], [11.5, -8.0]], [[-3.4999999999999996, -0.9999999999999991], [-11.03812, -1.328139999999998], [-11.5, -6.999999999999998], [-3.5000000000000004, -6.999999999999999], [-3.4999999999999996, -0.9999999999999991]]], "node_id": [0, 1, 2, 3, 4]}