{"corners": [[[0.0, 0.0], [8.450849999999999, 0.32396], [8.0, 15.0], [0.0, 15.0], [0.0, 0.0]], [[0.0, 15.0], [7.92369, 14.6846], [8.0, 30.0], [0.0, 30.0], [0.0, 15.0]], [[24.0, 10.499999999999998], [8.87437, 11.25174], [8.0, 4.5], [24.0, 4.499999999999998], [24.0, 10.499999999999998]], [[13.000000000000002, 18.5], [13.69089, 10.3966], [19.0, 10.499999999999998], [19.0, 18.5], [13.000000000000002, 18.5]], [[12.0, 36.0], [-4.5446100000000005, 35.59095], [-4.8601600000000005, 30.74478], [12.0, 30.0], [12.0, 36.0]], [[27.0, 29.0], [27.0, 37.0], [12.0, 37.0], [12.0, 29.0], [27.0, 29.0]], [[16.5, 45.0], [16.5, 37.0], [22.5, 37.0], [22.5, 45.0], [16.5, 45.0]], [[13.0, 4.5], [13.547979999999997, -10.57694], [18.999999999999996, -11.5], [19.0, 4.499999999999999], [13.0, 4.5]], [[8.0, -4.898425415289509e-16], [-0.37446, -0.8192999999999996], [-0.6031400000000018, -15.090499999999999], [7.999999999999998, -15.0], [8.0, -4.898425415289509e-16]]], "node_id": [0, 1, 2, 3, 4, 5, 6, 7, 8]}