{"corners": [[[0.246755, 0.204715], [8.246755, 0.204715], [8.246755, 15.204715], [0.246755, 15.204715], [0.246755, 0.204715]], [[0.371345, 15.159715], [8.371345, 15.159715], [8.371345, 30.159715], [0.371345, 30.159715], [0.371345, 15.159715]], [[24.40131, 10.597834999999998], [8.40131, 10.597835], [8.40131, 4.597835], [24.40131, 4.597834999999998], [24.40131, 10.597834999999998]], [[13.468595000000002, 18.937935], [13.468595, 10.937935], [19.468595, 10.937934999999998], [19.468595, 18.937935], [13.468595000000002, 18.937935]], [[12.237015, 36.246895], [-3.762985, 36.246895], [-3.762985, 30.246895], [12.237015, 30.246895], [12.237015, 36.246895]], [[27.017855, 29.11385], [27.017855, 37.11385], [12.017855, 37.11385], [12.017855, 29.11385], [27.017855, 29.11385]], [[16.647735, 45.03496], [16.647735, 37.03496], [22.647735, 37.03496], [22.647735, 45.03496], [16.647735, 45.03496]], [[13.436195, 4.954855], [13.436194999999996, -11.045145], [19.436194999999998, -11.045145], [19.436195, 4.954854999999999], [13.436195, 4.954855]], [[8.070865, 0.4008849999999995], [0.070865, 0.4008850000000005], [0.07086499999999822, -14.599114999999998], [8.070864999999998, -14.599115], [8.070865, 0.4008849999999995]]], "node_id": [0, 1, 2, 3, 4, 5, 6, 7, 8]}