{"corners": [[[0.0, 0.0], [8.0, 0.0], [8.0, 15.0], [0.0, 15.0], [0.0, 0.0]], [[0.0, -15.0], [8.4925, -14.97179], [8.0, 0.0], [0.0, 0.0], [0.0, -15.0]], [[-6.000000000000001, 0.5], [-6.67462, -14.69176], [0.0, -15.5], [-8.881784197001252e-16, 0.5000000000000003], [-6.000000000000001, 0.5]], [[8.0, -15.0], [-0.05777, -15.581639999999998], [0.8812899999999982, -29.07087], [7.999999999999998, -30.0], [8.0, -15.0]], [[0.9999999999999991, 31.0], [1.3284099999999999, 15.15657], [7.0, 15.0], [6.999999999999999, 31.0], [0.9999999999999991, 31.0]], [[-5.329070518200751e-15, -45.0], [7.993859999999994, -45.12413], [8.096899999999998, -30.42], [-1.6552514567336196e-15, -30.0], [-5.329070518200751e-15, -45.0]], [[-14.0, -10.5], [-6.14115, -10.69792], [-6.0, -4.5], [-14.0, -4.5], [-14.0, -10.5]], [[-14.0, -4.5], [-30.0, -4.499999999999998], [-30.0, -10.499999999999998], [-14.0, -10.5], [-14.0, -4.5]], [[14.0, -26.5], [14.0, -18.5], [8.0, -18.5], [8.0, -26.5], [14.0, -26.5]]], "node_id": [0, 1, 2, 3, 4, 5, 6, 7, 8]}