{"corners": [[[0.0, 0.0], [7.00351, 0.47831], [8.0, 6.0], [0.0, 6.0], [0.0, 0.0]], [[8.0, -4.898425415289509e-16], [0.34655, 0.2452100000000005], [0.0, -6.0], [7.999999999999999, -6.000000000000001], [8.0, -4.898425415289509e-16]], [[0.0, 6.0], [7.93884, 6.2822700000000005], [7.88759, 12.21085], [0.0, 12.0], [0.0, 6.0]], [[-16.0, -5.999999999999996], [-0.48855, -6.714129999999999], [-0.0059, 0.7366300000000009], [-15.999999999999998, 4.440892098500626e-15], [-16.0, -5.999999999999996]], [[-2.6645352591003757e-15, -12.0], [7.746769999999997, -12.308280000000002], [7.999999999999999, -6.000000000000002], [-1.195007634513523e-15, -6.0], [-2.6645352591003757e-15, -12.0]], [[-15.0, 13.0], [-14.82324, 4.85073], [0.0, 5.000000000000001], [0.0, 13.000000000000002], [-15.0, 13.0]], [[14.0, 5.0], [14.68427, 12.51699], [8.59162, 13.26176], [8.0, 5.0], [14.0, 5.0]], [[-15.999999999999996, 4.500000000000004], [-24.421479999999995, 4.199400000000007], [-24.0, -10.499999999999993], [-16.000000000000004, -10.499999999999996], [-15.999999999999996, 4.500000000000004]], [[0.0, 12.0], [8.6301, 12.00443], [8.0, 18.0], [0.0, 18.0], [0.0, 12.0]]], "node_id": [0, 1, 2, 3, 4, 5, 6, 7, 8]}