{"corners": [[[0.0, 0.0], [8.97015, 0.22397], [8.0, 15.0], [0.0, 15.0], [0.0, 0.0]], [[11.5, -8.0], [10.63186, 0.41042], [-3.5, 1.7763568394002505e-15], [-3.5, -7.999999999999999], [11.5, -8.0]], [[11.5, -7.0], [19.85037, -6.15649], [18.91427, -0.34634], [11.5, -1.0], [11.5, -7.0]], [[7.0, 15.0], [6.984190000000001, 23.75736], [1.0000000000000009, 23.0], [1.0, 15.0], [7.0, 15.0]], [[19.5, 4.999999999999999], [12.283760000000001, 4.28341], [11.5, -1.0], [19.5, -1.0000000000000009], [19.5, 4.999999999999999]]], "node_id": [0, 1, 2, 3, 4]}