{"corners": [[[0.0, 0.0], [16.25754, -0.76715], [16.0, 6.0], [0.0, 6.0], [0.0, 0.0]], [[11.0, 6.0], [11.000000000000002, 22.0], [5.000000000000001, 22.0], [5.0, 6.0], [11.0, 6.0]], [[-15.0, 6.999999999999999], [-14.90603, -0.7254100000000009], [0.0, -1.0], [0.0, 7.0], [-15.0, 6.999999999999999]], [[-11.5, 7.0], [-4.01188, 6.49616], [-2.60832, 22.64065], [-11.5, 22.0], [-11.5, 7.0]], [[15.5, -8.0], [15.50992, -0.5254], [0.69242, 0.22291000000000177], [0.5, -7.999999999999999], [15.5, -8.0]], [[16.0, 0.0], [23.50658, 0.73114], [24.0, 6.0], [16.0, 6.0], [16.0, 0.0]], [[24.0, 7.0], [24.0, -1.0], [39.0, -0.9999999999999991], [39.0, 7.000000000000001], [24.0, 7.0]], [[5.0, -7.999999999999998], [5.530769999999999, -15.055419999999998], [10.999999999999998, -16.0], [11.0, -7.999999999999999], [5.0, -7.999999999999998]], [[27.5, -16.0], [36.12963, -16.01025], [34.66013, -0.88211], [27.5, -1.0], [27.5, -16.0]]], "node_id": [0, 1, 2, 3, 4, 5, 6, 7, 8]}