{"corners": [[[0.0, 0.0], [16.82872, 0.02044], [15.92047, 5.43119], [0.0, 6.0], [0.0, 0.0]], [[4.0, 6.0], [12.0, 6.0], [12.0, 21.0], [4.0, 21.0], [4.0, 6.0]], [[16.0, -9.796850830579018e-16], [-0.87915, -0.620089999999999], [0.0, -5.999999999999999], [16.0, -6.000000000000001], [16.0, -9.796850830579018e-16]], [[16.0, 0.9999999999999991], [16.50676, -6.861960000000001], [22.65155, -6.656440000000003], [22.0, 0.999999999999998], [16.0, 0.9999999999999991]], [[14.999999999999996, -22.0], [22.999999999999996, -22.000000000000004], [23.0, -7.000000000000002], [15.0, -7.0], [14.999999999999996, -22.0]]], "node_id": [0, 1, 2, 3, 4]}