{"corners": [[[0.455315, 0.45718], [16.455315, 0.45718], [16.455315, 6.45718], [0.455315, 6.45718], [0.455315, 0.45718]], [[4.25511, 6.23012], [12.25511, 6.23012], [12.25511, 21.23012], [4.25511, 21.23012], [4.25511, 6.23012]], [[16.107795, 0.10764999999999901], [0.107795, 0.10765000000000098], [0.107795, -5.8923499999999995], [16.107795, -5.892350000000001], [16.107795, 0.10764999999999901]], [[16.204245, 1.103669999999999], [16.204244999999997, -6.896330000000001], [22.204245, -6.8963300000000025], [22.204245, 1.103669999999998], [16.204245, 1.103669999999999]], [[15.146499999999996, -21.62331], [23.146499999999996, -21.623310000000004], [23.1465, -6.623310000000002], [15.1465, -6.62331], [15.146499999999996, -21.62331]]], "node_id": [0, 1, 2, 3, 4]}