{"corners": [[[0.0, 0.0], [7.63059, 0.5022], [8.0, 15.0], [0.0, 15.0], [0.0, 0.0]], [[0.0, -6.0], [7.62523, -6.35229], [7.7137, 0.29664], [0.0, 0.0], [0.0, -6.0]], [[8.0, 1.0], [8.8729, -6.24717], [22.82049, -7.359989999999999], [23.0, 1.0000000000000009], [8.0, 1.0]], [[0.0, 15.0], [8.0, 15.0], [8.0, 30.0], [0.0, 30.0], [0.0, 15.0]], [[8.0, 11.5], [7.99344, 2.63143], [14.54404, 4.08571], [14.0, 11.5], [8.0, 11.5]], [[7.999999999999999, 27.5], [8.02668, 10.57018], [13.93674, 12.01304], [14.0, 27.5], [7.999999999999999, 27.5]], [[14.0, 23.5], [14.0, 15.5], [20.0, 15.5], [20.0, 23.5], [14.0, 23.5]], [[-16.0, 4.5], [0.0, 4.5], [0.0, 10.5], [-16.0, 10.5], [-16.0, 4.5]], [[23.0, 1.0000000000000009], [23.78197, -7.558969999999999], [38.0, -6.999999999999998], [38.0, 1.0000000000000018], [23.0, 1.0000000000000009]]], "node_id": [0, 1, 2, 3, 4, 5, 6, 7, 8]}