{"corners": [[[0.0, 0.0], [7.22224, 0.67504], [8.0, 6.0], [0.0, 6.0], [0.0, 0.0]], [[14.0, -1.0], [13.639710000000001, 7.87786], [8.84466, 6.36878], [8.0, -0.9999999999999997], [14.0, -1.0]], [[3.5, -0.9999999999999984], [3.4999999999999987, -8.999999999999998], [18.5, -9.000000000000002], [18.5, -1.000000000000001], [3.5, -0.9999999999999984]], [[15.000000000000002, 22.0], [6.3821400000000015, 21.61882], [7.94294, 7.525800000000002], [15.0, 7.0], [15.000000000000002, 22.0]], [[-8.0, -4.5], [-0.43363, -4.53971], [0.0, 10.5], [-8.0, 10.5], [-8.0, -4.5]], [[-8.0, -5.0], [-7.999999999999999, 11.0], [-14.0, 11.0], [-14.0, -5.0], [-8.0, -5.0]], [[-3.500000000000001, -13.0], [-3.5000000000000004, -5.0], [-18.5, -4.999999999999998], [-18.5, -12.999999999999998], [-3.500000000000001, -13.0]], [[6.999999999999999, 6.5], [7.8271, 22.94356], [0.89566, 22.56856], [0.9999999999999991, 6.5], [6.999999999999999, 6.5]], [[11.5, 22.5], [11.15148, 29.5345], [-3.66395, 30.29579], [-3.5, 22.5], [11.5, 22.5]]], "node_id": [0, 1, 2, 3, 4, 5, 6, 7, 8]}