{"corners": [[[0.0, 0.0], [16.0, 0.0], [16.0, 6.0], [0.0, 6.0], [0.0, 0.0]], [[5.0, -1.836909530733566e-16], [4.206750000000001, -16.87876], [10.89753, -16.61683], [11.0, 1.836909530733566e-16], [5.0, -1.836909530733566e-16]], [[-2.4492127076447545e-16, -1.0], [2.4492127076447545e-16, 7.0], [-15.0, 7.000000000000002], [-15.0, -0.9999999999999991], [-2.4492127076447545e-16, -1.0]], [[-15.0, -4.999999999999999], [-14.999999999999998, 11.0], [-21.0, 11.0], [-21.0, -4.999999999999999], [-15.0, -4.999999999999999]], [[-4.5, -9.0], [-5.314539999999999, -0.6571899999999999], [-9.7188, -0.95739], [-10.5, -9.0], [-4.5, -9.0]], [[-10.5, -13.0], [-10.55979, -4.39276], [-25.5, -4.999999999999998], [-25.5, -12.999999999999998], [-10.5, -13.0]], [[12.0, -16.0], [3.2736, -16.56801], [4.8169200000000005, -22.3682], [12.0, -22.0], [12.0, -16.0]], [[-22.0, 11.0], [-14.0, 11.0], [-14.0, 17.0], [-22.0, 17.0], [-22.0, 11.0]], [[-25.5, -17.0], [-25.2881, -1.87461], [-31.5, -1.0], [-31.5, -17.0], [-25.5, -17.0]]], "node_id": [0, 1, 2, 3, 4, 5, 6, 7, 8]}