{"corners": [[[0.0, 0.0], [8.36353, 0.29944], [7.45339, 6.5302299999999995], [0.0, 6.0], [0.0, 0.0]], [[11.5, -8.0], [10.96093, 0.95737], [-2.5122, -0.33448999999999823], [-3.5, -7.999999999999999], [11.5, -8.0]], [[17.5, -8.0], [18.36442, 0.22706], [11.5, 0.0], [11.5, -8.0], [17.5, -8.0]], [[22.0, -16.0], [21.77794, -8.81242], [7.0, -7.999999999999998], [7.0, -15.999999999999998], [22.0, -16.0]], [[-18.5, 3.552713678800501e-15], [-18.50116, -8.004769999999997], [-3.5000000000000018, -8.0], [-3.5, 7.973493827001521e-16], [-18.5, 3.552713678800501e-15]], [[23.5, -8.0], [23.29184, 0.88324], [17.86026, 0.02599], [17.5, -8.0], [23.5, -8.0]], [[24.0, 5.999999999999998], [8.07669, 5.35862], [8.62588, -0.75011], [24.0, -1.7763568394002505e-15], [24.0, 5.999999999999998]], [[23.5, 0.0], [23.5881, -7.47572], [29.66002, -8.685350000000001], [29.5, -1.1021457184401395e-15], [23.5, 0.0]], [[28.0, -16.0], [27.38247, -8.27595], [22.87074, -8.24379], [22.0, -16.0], [28.0, -16.0]]], "node_id": [0, 1, 2, 3, 4, 5, 6, 7, 8]}