{"corners": [[[0.29086, 0.15967], [8.29086, 0.15967], [8.29086, 15.15967], [0.29086, 15.15967], [0.29086, 0.15967]], [[-3.35103, 0.25217499999999954], [-3.3510299999999997, -7.747825], [11.64897, -7.747825], [11.64897, 0.2521750000000004], [-3.35103, 0.25217499999999954]], [[0.12044500000000088, -22.826805], [8.120445, -22.826805], [8.120445, -7.826805], [0.12044500000000088, -7.826805], [0.12044500000000088, -22.826805]], [[8.37808, -11.1474], [8.37808, -19.1474], [14.37808, -19.1474], [14.37808, -11.1474], [8.37808, -11.1474]], [[11.97579, -6.873375], [27.97579, -6.873375], [27.97579, -0.873375], [11.97579, -0.873375], [11.97579, -6.873375]], [[22.840815, -0.9397700000000002], [22.840815, 15.06023], [16.840815, 15.06023], [16.840815, -0.9397699999999999], [22.840815, -0.9397700000000002]], [[8.094695, -19.000865], [8.094695000000002, -35.000865], [14.094695, -35.000865], [14.094695, -19.000865], [8.094695, -19.000865]], [[22.188275, -19.590365], [14.188275, -19.590365], [14.188275000000003, -34.590365], [22.188275000000004, -34.590365], [22.188275, -19.590365]], [[23.701395, 30.052905], [15.701395, 30.052905], [15.701394999999998, 15.052905000000003], [23.701394999999998, 15.052905], [23.701395, 30.052905]]], "node_id": [0, 1, 2, 3, 4, 5, 6, 7, 8]}