{"corners": [[[0.0, 0.0], [8.0, 0.0], [8.0, 6.0], [0.0, 6.0], [0.0, 0.0]], [[8.0, 0.0], [24.0, 0.0], [24.0, 6.0], [8.0, 6.0], [8.0, 0.0]], [[20.0, -4.898425415289509e-16], [12.30798, 0.7164000000000005], [11.662139999999999, -15.809699999999998], [19.999999999999996, -15.0], [20.0, -4.898425415289509e-16]], [[19.0, 6.0], [19.86072, 22.54541], [13.0, 22.0], [13.0, 6.0], [19.0, 6.0]], [[26.0, -11.5], [26.50585, -3.90572], [20.0, -3.5], [20.0, -11.5], [26.0, -11.5]], [[-4.000000000000002, -10.499999999999996], [12.753639999999999, -10.04421], [11.601019999999998, -3.60992], [-4.0, -4.4999999999999964], [-4.000000000000002, -10.499999999999996]], [[12.999999999999998, -15.0], [12.999999999999995, -31.0], [18.999999999999996, -31.0], [19.0, -15.000000000000002], [12.999999999999998, -15.0]], [[-8.0, 0.0], [-0.45939, -0.71834], [0.0, 6.0], [-8.0, 6.0], [-8.0, 0.0]], [[11.499999999999996, -18.5], [10.521929999999998, -10.71661], [-3.5000000000000018, -10.499999999999995], [-3.5000000000000036, -18.499999999999996], [11.499999999999996, -18.5]]], "node_id": [0, 1, 2, 3, 4, 5, 6, 7, 8]}