{"corners": [[[0.0, 0.0], [8.54944, 0.89658], [8.0, 6.0], [0.0, 6.0], [0.0, 0.0]], [[7.0, 6.0], [7.000000000000001, 22.0], [1.0000000000000009, 22.0], [1.0, 6.0], [7.0, 6.0]], [[1.0, -1.836909530733566e-16], [1.1771800000000008, -16.56768], [7.949620000000001, -15.13831], [7.0, 1.836909530733566e-16], [1.0, -1.836909530733566e-16]], [[7.000000000000001, 11.0], [23.95308, 10.56565], [23.0, 17.0], [7.000000000000001, 17.0], [7.000000000000001, 11.0]], [[23.0, -4.999999999999998], [6.71786, -4.17193], [6.97011, -10.32746], [23.0, -10.999999999999998], [23.0, -4.999999999999998]], [[23.0, 11.0], [39.0332, 10.38375], [39.0, 17.0], [23.0, 17.0], [23.0, 11.0]], [[-8.0, 0.0], [0.20749, -0.4215], [0.0, 6.0], [-8.0, 6.0], [-8.0, 0.0]], [[23.0, -3.9999999999999982], [22.00655, -11.129039999999998], [38.0, -11.999999999999996], [38.0, -3.9999999999999973], [23.0, -3.9999999999999982]], [[11.0, -4.999999999999999], [19.38159, -4.8861799999999995], [19.0, 10.0], [11.0, 10.0], [11.0, -4.999999999999999]]], "node_id": [0, 1, 2, 3, 4, 5, 6, 7, 8]}