{"corners": [[[0.169565, 0.294045], [8.169565, 0.294045], [8.169565, 6.294045], [0.169565, 6.294045], [0.169565, 0.294045]], [[7.3161950000000004, 6.43954], [7.3161950000000004, 22.43954], [1.316195000000001, 22.43954], [1.316195, 6.43954], [7.3161950000000004, 6.43954]], [[1.28709, 0.11352999999999983], [1.287090000000001, -15.88647], [7.287090000000001, -15.88647], [7.28709, 0.11353000000000019], [1.28709, 0.11352999999999983]], [[7.306975000000001, 11.0588], [23.306975, 11.0588], [23.306975, 17.0588], [7.306975000000001, 17.0588], [7.306975000000001, 11.0588]], [[23.13125, -4.511729999999998], [7.13125, -4.51173], [7.13125, -10.51173], [23.13125, -10.511729999999998], [23.13125, -4.511729999999998]], [[23.141415, 11.27915], [39.141415, 11.27915], [39.141415, 17.27915], [23.141415, 17.27915], [23.141415, 11.27915]], [[-7.90437, 0.49262], [0.09563, 0.49262], [0.09563, 6.49262], [-7.90437, 6.49262], [-7.90437, 0.49262]], [[23.07321, -3.993539999999998], [23.07321, -11.993539999999998], [38.07321, -11.993539999999996], [38.07321, -3.993539999999997], [23.07321, -3.993539999999998]], [[11.239295, -4.900594999999999], [19.239295, -4.900594999999999], [19.239295, 10.099405], [11.239295, 10.099405], [11.239295, -4.900594999999999]]], "node_id": [0, 1, 2, 3, 4, 5, 6, 7, 8]}