{"corners": [[[0.0, 0.0], [16.0, 0.0], [16.0, 6.0], [0.0, 6.0], [0.0, 0.0]], [[4.0, -6.0], [11.93061, -6.40478], [11.69406, -0.76088], [4.0, 0.0], [4.0, -6.0]], [[28.0, -1.7763568394002505e-15], [12.0, 1.8301332671555315e-16], [12.0, -6.0], [28.0, -6.000000000000002], [28.0, -1.7763568394002505e-15]], [[16.0, 0.0], [32.39732, -0.34551], [32.0, 6.0], [16.0, 6.0], [16.0, 0.0]], [[27.5, -14.0], [28.15687, -5.15737], [12.5, -5.999999999999998], [12.5, -13.999999999999998], [27.5, -14.0]]], "node_id": [0, 1, 2, 3, 4]}