{"corners": [[[0.0, 0.0], [8.0, 0.0], [8.0, 6.0], [0.0, 6.0], [0.0, 0.0]], [[8.000000000000002, 21.0], [0.6007400000000018, 21.23831], [0.0, 6.000000000000002], [8.0, 6.0], [8.000000000000002, 21.0]], [[1.0000000000000049, 37.0], [1.705660000000002, 21.27788], [6.6786400000000015, 21.4861], [7.000000000000005, 37.0], [1.0000000000000049, 37.0]], [[13.000000000000004, 25.0], [13.859620000000005, 33.63094], [7.028970000000006, 32.9248], [7.0000000000000036, 25.000000000000004], [13.000000000000004, 25.0]], [[5.329070518200751e-15, 37.0], [8.973170000000005, 37.40638], [8.000000000000009, 52.0], [9.002889579667883e-15, 52.0], [5.329070518200751e-15, 37.0]], [[21.000000000000007, 36.5], [13.276210000000008, 36.35787], [13.000000000000002, 21.500000000000004], [21.0, 21.5], [21.000000000000007, 36.5]], [[21.0, 21.5], [13.0, 21.500000000000004], [12.999999999999995, 6.5000000000000036], [20.999999999999993, 6.5], [21.0, 21.5]], [[20.999999999999993, 6.5], [28.454889999999992, 7.249049999999997], [28.22442, 21.926209999999998], [21.0, 21.5], [20.999999999999993, 6.5]], [[19.99999999999999, -1.5], [19.999999999999993, 6.5], [13.999999999999993, 6.500000000000002], [13.99999999999999, -1.4999999999999982], [19.99999999999999, -1.5]]], "node_id": [0, 1, 2, 3, 4, 5, 6, 7, 8]}