{"corners": [[[0.0, 0.0], [7.98958, -0.98495], [8.0, 15.0], [0.0, 15.0], [0.0, 0.0]], [[8.0, 4.5], [23.06218, 5.13851], [24.0, 10.5], [8.0, 10.5], [8.0, 4.5]], [[32.0, 15.0], [24.0, 15.000000000000002], [24.0, 1.7763568394002505e-15], [31.999999999999996, 0.0], [32.0, 15.0]], [[9.18454765366783e-16, 15.0], [-8.942419999999998, 15.783710000000001], [-7.67783, 0.5421400000000017], [-9.18454765366783e-16, 0.0], [9.18454765366783e-16, 15.0]], [[31.999999999999996, 0.0], [40.0, -1.9593701661158036e-15], [40.0, 14.999999999999998], [32.0, 15.0], [31.999999999999996, 0.0]]], "node_id": [0, 1, 2, 3, 4]}