{"corners": [[[0.21596, 0.240375], [8.21596, 0.240375], [8.21596, 6.240375], [0.21596, 6.240375], [0.21596, 0.240375]], [[0.09193500000000036, 6.242465], [-7.908065, 6.242465000000001], [-7.908065, 0.2424650000000009], [0.09193499999999964, 0.242465], [0.09193500000000036, 6.242465]], [[-7.618850000000004, -5.748624999999998], [0.38114999999999644, -5.748625], [0.3811499999999982, 0.251375], [-7.618850000000002, 0.2513750000000018], [-7.618850000000004, -5.748624999999998]], [[-3.967445, 6.43346], [12.032555, 6.43346], [12.032555, 12.43346], [-3.967445, 12.43346], [-3.967445, 6.43346]], [[1.1926249999999996, 20.16928], [1.192625, 12.16928], [7.192625, 12.16928], [7.192625, 20.16928], [1.1926249999999996, 20.16928]], [[0.3769399999999957, -5.75375], [16.376939999999998, -5.753750000000004], [16.376939999999998, 0.24624999999999644], [0.37693999999999717, 0.24625], [0.3769399999999957, -5.75375]], [[16.447469999999996, 1.019109999999996], [16.447469999999996, -6.980890000000003], [22.447469999999992, -6.980890000000005], [22.447469999999996, 1.0191099999999949], [16.447469999999996, 1.019109999999996]], [[8.301069999999998, 26.16367], [0.30106999999999823, 26.16367], [0.3010699999999991, 20.16367], [8.30107, 20.16367], [8.301069999999998, 26.16367]], [[-7.602675000000001, 0.23390000000000177], [-23.602675, 0.23390000000000766], [-23.60267500000001, -5.766099999999992], [-7.602675000000003, -5.766099999999998], [-7.602675000000001, 0.23390000000000177]]], "node_id": [0, 1, 2, 3, 4, 5, 6, 7, 8]}