{"corners": [[[0.0, 0.0], [15.61099, -0.8982], [16.0, 6.0], [0.0, 6.0], [0.0, 0.0]], [[16.0, -4.5], [23.90735, -3.7959300000000002], [24.0, 10.5], [16.0, 10.5], [16.0, -4.5]], [[27.5, -12.5], [27.5, -4.5], [12.5, -4.499999999999998], [12.5, -12.499999999999998], [27.5, -12.5]], [[33.5, -12.5], [33.78818, -4.42035], [27.97328, -4.40254], [27.5, -12.5], [33.5, -12.5]], [[12.5, -12.5], [11.90733, -4.53745], [6.883680000000001, -4.65437], [6.5, -12.5], [12.5, -12.5]], [[33.5, -28.5], [34.06073, -12.84757], [27.33343, -13.18951], [27.5, -28.5], [33.5, -28.5]], [[34.5, 10.5], [26.5, 10.500000000000002], [26.5, -4.499999999999998], [34.5, -4.5], [34.5, 10.5]], [[40.5, -1.0], [39.67519, 7.63861], [34.6099, 6.0519300000000005], [34.5, -0.9999999999999997], [40.5, -1.0]], [[41.5, -17.5], [33.04322, -17.96271], [33.82261, -24.06551], [41.5, -23.5], [41.5, -17.5]]], "node_id": [0, 1, 2, 3, 4, 5, 6, 7, 8]}