{"corners": [[[0.0, 0.0], [16.12957, 0.99497], [16.0, 6.0], [0.0, 6.0], [0.0, 0.0]], [[-16.0, 0.0], [-0.74331, -0.5185], [0.0, 6.0], [-16.0, 6.0], [-16.0, 0.0]], [[16.0, 12.0], [0.63435, 11.360660000000001], [-0.61642, 6.272400000000002], [16.0, 6.0], [16.0, 12.0]], [[-15.5, -4.592273826833915e-16], [-15.53609, -7.84414], [-0.5, -8.0], [-0.5, 4.592273826833915e-16], [-15.5, -4.592273826833915e-16]], [[-3.999999999999999, -7.999999999999999], [-12.0, -8.0], [-11.999999999999996, -23.0], [-3.9999999999999973, -23.0], [-3.999999999999999, -7.999999999999999]], [[-3.9999999999999982, 21.0], [-12.145389999999999, 20.05981], [-12.0, 6.000000000000002], [-4.0, 6.0], [-3.9999999999999982, 21.0]], [[-16.0, -1.0], [-16.87328, 7.66396], [-22.60874, 7.8512699999999995], [-22.0, -0.9999999999999997], [-16.0, -1.0]], [[-20.0, -23.0], [-12.12181, -22.70446], [-12.0, -8.0], [-20.0, -8.0], [-20.0, -23.0]], [[-26.0, -11.5], [-25.21404, -20.49841], [-20.0, -19.5], [-20.0, -11.5], [-26.0, -11.5]]], "node_id": [0, 1, 2, 3, 4, 5, 6, 7, 8]}