{"corners": [[[0.099495, 0.108175], [8.099495, 0.108175], [8.099495, 15.108175], [0.099495, 15.108175], [0.099495, 0.108175]], [[-7.92941, 0.08988], [0.07059, 0.08988], [0.07059, 15.08988], [-7.92941, 15.08988], [-7.92941, 0.08988]], [[1.1143149999999995, 23.326455], [1.114315, 15.326455], [7.114315, 15.326455], [7.114315, 23.326455], [1.1143149999999995, 23.326455]], [[23.47824, 3.505864999999999], [23.47824, 11.505865], [8.47824, 11.505865], [8.47824, 3.505865], [23.47824, 3.505864999999999]], [[23.026135, 11.764605], [23.026135, 3.764605], [38.026135, 3.7646049999999964], [38.026135, 11.764604999999996], [23.026135, 11.764605]], [[-7.540345, -0.03293499999999999], [-7.540344999999999, 15.967065], [-13.540345, 15.967065], [-13.540345, -0.032934999999999603], [-7.540345, -0.03293499999999999]], [[-6.637125, -0.4541400000000003], [-14.637125, -0.4541399999999993], [-14.637125000000001, -15.454139999999999], [-6.637125000000002, -15.45414], [-6.637125, -0.4541400000000003]], [[53.050315, 3.919574999999993], [53.050315, 11.919574999999993], [38.050315, 11.919574999999998], [38.050315, 3.9195749999999974], [53.050315, 3.919574999999993]], [[-6.759214999999998, 30.648395], [-14.759214999999998, 30.648395], [-14.759215, 15.648395000000002], [-6.759215, 15.648395], [-6.759214999999998, 30.648395]]], "node_id": [0, 1, 2, 3, 4, 5, 6, 7, 8]}