{"corners": [[[0.0, 0.0], [8.59134, 0.50388], [8.15334, 15.33574], [0.0, 15.0], [0.0, 0.0]], [[1.0, -1.836909530733566e-16], [1.0000000000000009, -16.0], [7.000000000000001, -16.0], [7.0, 1.836909530733566e-16], [1.0, -1.836909530733566e-16]], [[0.9999999999999996, 23.0], [1.49623, 14.6474], [7.0, 15.0], [7.0, 23.0], [0.9999999999999996, 23.0]], [[8.0, -16.0], [0.0, -16.0], [1.7763568394002505e-15, -31.0], [8.000000000000002, -31.0], [8.0, -16.0]], [[0.9999999999999996, 15.0], [1.0, 23.0], [-14.0, 23.0], [-14.0, 15.000000000000002], [0.9999999999999996, 15.0]], [[-9.5, 15.0], [-9.622600000000002, 6.99626], [-4.436580000000002, 7.143089999999998], [-3.5, 14.999999999999998], [-9.5, 15.0]], [[-17.5, 8.000000000000002], [-9.74177, 7.27921], [-9.977789999999999, 13.1341], [-17.5, 14.000000000000002], [-17.5, 8.000000000000002]], [[-25.5, 8.000000000000004], [-18.04217, 7.432330000000002], [-17.5, 14.000000000000002], [-25.5, 14.000000000000004], [-25.5, 8.000000000000004]], [[24.0, -20.5], [8.0, -20.500000000000004], [8.0, -26.5], [24.0, -26.5], [24.0, -20.5]]], "node_id": [0, 1, 2, 3, 4, 5, 6, 7, 8]}