{"corners": [[[0.0, 0.0], [8.02346, -0.55262], [8.0, 15.0], [0.0, 15.0], [0.0, 0.0]], [[0.9999999999999991, 31.0], [1.20751, 14.01614], [7.0, 15.0], [6.999999999999999, 31.0], [0.9999999999999991, 31.0]], [[-8.881784197001252e-16, 31.0], [7.998029999999999, 31.14866], [7.999999999999999, 46.0], [-8.881784197001252e-16, 46.0], [-8.881784197001252e-16, 31.0]], [[-16.0, 4.5], [0.0, 4.5], [0.0, 10.5], [-16.0, 10.5], [-16.0, 4.5]], [[8.0, 4.5], [24.22637, 4.1516], [24.0, 10.5], [8.0, 10.5], [8.0, 4.5]]], "node_id": [0, 1, 2, 3, 4]}