{"corners": [[[0.0, 0.0], [15.6191, 0.68829], [16.7853, 5.70589], [0.0, 6.0], [0.0, 0.0]], [[-8.0, -4.5], [0.0, -4.5], [0.0, 10.5], [-8.0, 10.5], [-8.0, -4.5]], [[0.0, -4.500000000000001], [-8.0, -4.5], [-8.000000000000002, -19.5], [-1.836909530733566e-15, -19.5], [0.0, -4.500000000000001]], [[-8.000000000000004, -25.5], [0.17339999999999645, -26.225520000000003], [0.42630999999999825, -18.63447], [-8.000000000000002, -19.5], [-8.000000000000004, -25.5]], [[3.5, 10.5], [3.0608400000000007, 17.605], [-11.5, 18.5], [-11.5, 10.500000000000002], [3.5, 10.5]], [[11.0, -8.0], [10.22745, -0.12513], [5.000000000000001, 0.0], [5.0, -8.0], [11.0, -8.0]], [[-23.0, 6.999999999999999], [-23.49905, -1.324110000000001], [-8.58863, -0.59017], [-8.0, 7.0], [-23.0, 6.999999999999999]], [[-29.0, 11.0], [-28.10653, -5.1483], [-23.0, -5.0], [-23.0, 11.0], [-29.0, 11.0]], [[12.000000000000002, 21.0], [4.000000000000002, 21.0], [4.0, 6.000000000000002], [12.0, 6.0], [12.000000000000002, 21.0]]], "node_id": [0, 1, 2, 3, 4, 5, 6, 7, 8]}