{"corners": [[[0.448515, 0.154775], [16.448515, 0.154775], [16.448515, 6.154775], [0.448515, 6.154775], [0.448515, 0.154775]], [[-7.57793, -4.053675], [0.42207, -4.053675], [0.42207, 10.946325], [-7.57793, 10.946325], [-7.57793, -4.053675]], [[0.17647, -4.037050000000001], [-7.82353, -4.03705], [-7.823530000000002, -19.03705], [0.17646999999999816, -19.03705], [0.17647, -4.037050000000001]], [[-7.966065000000004, -25.20665], [0.03393499999999645, -25.206650000000003], [0.033934999999998224, -19.20665], [-7.966065000000002, -19.20665], [-7.966065000000004, -25.20665]], [[3.56862, 10.85658], [3.5686200000000006, 18.85658], [-11.43138, 18.85658], [-11.43138, 10.856580000000001], [3.56862, 10.85658]], [[11.466380000000001, -7.544575], [11.466380000000001, 0.455425], [5.466380000000001, 0.455425], [5.46638, -7.544575], [11.466380000000001, -7.544575]], [[-22.85979, 7.026249999999999], [-22.85979, -0.9737500000000009], [-7.85979, -0.97375], [-7.85979, 7.02625], [-22.85979, 7.026249999999999]], [[-28.80162, 11.276299999999999], [-28.80162, -4.7237], [-22.80162, -4.7237], [-22.80162, 11.276299999999999], [-28.80162, 11.276299999999999]], [[12.277905000000002, 21.125235], [4.277905000000001, 21.125235], [4.277905, 6.125235000000002], [12.277905, 6.125235], [12.277905000000002, 21.125235]]], "node_id": [0, 1, 2, 3, 4, 5, 6, 7, 8]}