{"corners": [[[0.0, 0.0], [7.35836, -0.67019], [8.54623, 14.08157], [0.0, 15.0], [0.0, 0.0]], [[-3.500000000000001, 23.0], [-3.5589200000000005, 14.33146], [11.5, 15.0], [11.5, 23.0], [-3.500000000000001, 23.0]], [[11.5, -8.0], [10.97337, 0.05825], [-3.75525, 0.20962000000000178], [-3.5, -7.999999999999999], [11.5, -8.0]], [[6.999999999999999, 23.0], [7.0, 39.0], [1.0, 39.0], [0.9999999999999991, 23.0], [6.999999999999999, 23.0]], [[27.5, 22.0], [11.35404, 21.374499999999998], [11.5, 15.999999999999998], [27.5, 16.0], [27.5, 22.0]], [[0.0, 39.0], [8.09487, 39.43809], [8.0, 54.0], [0.0, 54.0], [0.0, 39.0]], [[11.5, -7.0], [19.5, -7.0], [19.5, -1.0], [11.5, -1.0], [11.5, -7.0]], [[12.0, 30.0], [12.0, 22.0], [27.0, 22.0], [27.0, 30.0], [12.0, 30.0]], [[-19.5, 16.0], [-4.02325, 16.00913], [-3.5, 22.0], [-19.5, 22.0], [-19.5, 16.0]]], "node_id": [0, 1, 2, 3, 4, 5, 6, 7, 8]}