{"corners": [[[0.15708, 0.359285], [16.15708, 0.359285], [16.15708, 6.359285], [0.15708, 6.359285], [0.15708, 0.359285]], [[12.259485000000002, 21.19728], [4.2594850000000015, 21.19728], [4.259485, 6.197280000000002], [12.259485, 6.19728], [12.259485000000002, 21.19728]], [[5.332850000000005, 37.412685], [5.332850000000002, 21.412685], [11.332850000000004, 21.412685], [11.332850000000006, 37.412685], [5.332850000000005, 37.412685]], [[0.75371, 0.04184999999999954], [0.7537100000000004, -7.95815], [15.75371, -7.95815], [15.75371, 0.041850000000000456], [0.75371, 0.04184999999999954]], [[5.2157950000000035, 32.338305], [-10.784204999999996, 32.338305], [-10.784204999999996, 26.338305], [5.215795000000003, 26.338305], [5.2157950000000035, 32.338305]], [[15.915170000000005, 37.14168], [15.915170000000007, 45.14168], [0.9151700000000071, 45.14168000000001], [0.9151700000000054, 37.14168000000001], [15.915170000000005, 37.14168]], [[-3.8067300000000017, 6.0074900000000016], [4.193269999999998, 6.00749], [4.193270000000002, 21.00749], [-3.806729999999998, 21.00749], [-3.8067300000000017, 6.0074900000000016]], [[-16.745434999999993, 37.08015], [-16.745434999999997, 21.08015], [-10.745434999999997, 21.08015], [-10.745434999999993, 37.08015], [-16.745434999999993, 37.08015]], [[-21.557249999999993, 37.17003], [-5.557249999999993, 37.17002999999999], [-5.557249999999993, 43.17003], [-21.557249999999993, 43.17003], [-21.557249999999993, 37.17003]]], "node_id": [0, 1, 2, 3, 4, 5, 6, 7, 8]}