{"corners": [[[0.0, 0.0], [16.98434, -0.87942], [16.0, 6.0], [0.0, 6.0], [0.0, 0.0]], [[12.000000000000002, 21.0], [3.789130000000002, 21.3314], [4.65074, 6.014850000000002], [12.0, 6.0], [12.000000000000002, 21.0]], [[5.000000000000005, 37.0], [5.000000000000003, 21.0], [11.000000000000004, 21.0], [11.000000000000005, 37.0], [5.000000000000005, 37.0]], [[0.5, -4.592273826833915e-16], [0.36318000000000045, -7.64677], [15.5, -8.0], [15.5, 4.592273826833915e-16], [0.5, -4.592273826833915e-16]], [[5.0000000000000036, 32.0], [-11.433279999999996, 31.77307], [-11.970039999999997, 26.01825], [5.000000000000003, 26.0], [5.0000000000000036, 32.0]], [[15.500000000000005, 37.0], [15.500000000000007, 45.0], [0.5000000000000071, 45.00000000000001], [0.5000000000000053, 37.00000000000001], [15.500000000000005, 37.0]], [[-4.000000000000002, 6.000000000000002], [4.7709899999999985, 5.68012], [4.000000000000002, 21.0], [-3.9999999999999982, 21.0], [-4.000000000000002, 6.000000000000002]], [[-16.999999999999993, 37.0], [-17.237229999999997, 20.33572], [-10.999999999999996, 21.0], [-10.999999999999993, 37.0], [-16.999999999999993, 37.0]], [[-21.999999999999993, 37.0], [-5.155619999999993, 36.41246999999999], [-5.999999999999993, 43.0], [-21.999999999999993, 43.0], [-21.999999999999993, 37.0]]], "node_id": [0, 1, 2, 3, 4, 5, 6, 7, 8]}