{"corners": [[[0.0378, 0.41604], [8.0378, 0.41604], [8.0378, 6.41604], [0.0378, 6.41604], [0.0378, 0.41604]], [[1.2621299999999995, 14.320125], [1.26213, 6.320125], [7.26213, 6.320125], [7.26213, 14.320125], [1.2621299999999995, 14.320125]], [[12.37242, 0.360129999999999], [-3.62758, 0.360130000000001], [-3.62758, -5.639869999999999], [12.37242, -5.639870000000001], [12.37242, 0.360129999999999]], [[-3.76918, 14.329075], [12.23082, 14.329075], [12.23082, 20.329075], [-3.76918, 20.329075], [-3.76918, 14.329075]], [[-3.8174099999999993, 4.588210000000001], [-11.81741, 4.588210000000002], [-11.81741, -10.411789999999996], [-3.817410000000001, -10.41179], [-3.8174099999999993, 4.588210000000001]], [[12.238815, 9.803835], [20.238815, 9.803835], [20.238815, 24.803835], [12.238815, 24.803835], [12.238815, 9.803835]], [[19.190245, 24.52203], [19.190245, 40.52203], [13.190245, 40.52203], [13.190245, 24.52203], [19.190245, 24.52203]], [[19.09066, 40.889175], [19.09066, 48.889175], [13.09066, 48.889175], [13.09066, 40.889175], [19.09066, 40.889175]], [[20.02212, 14.27557], [36.02212, 14.27557], [36.02212, 20.27557], [20.02212, 20.27557], [20.02212, 14.27557]]], "node_id": [0, 1, 2, 3, 4, 5, 6, 7, 8]}