{"corners": [[[0.0, 0.0], [8.0, 0.0], [8.0, 6.0], [0.0, 6.0], [0.0, 0.0]], [[0.9999999999999996, 14.0], [1.6641599999999999, 6.04852], [7.0, 6.0], [7.0, 14.0], [0.9999999999999996, 14.0]], [[12.0, -9.796850830579018e-16], [-3.17273, -0.750919999999999], [-4.04409, -5.047199999999999], [12.0, -6.000000000000001], [12.0, -9.796850830579018e-16]], [[-4.0, 14.0], [11.73036, 13.35283], [11.95525, 20.21533], [-4.0, 20.0], [-4.0, 14.0]], [[-3.999999999999999, 4.500000000000001], [-11.58458, 3.728270000000002], [-12.0, -10.499999999999996], [-4.000000000000001, -10.5], [-3.999999999999999, 4.500000000000001]], [[12.0, 9.5], [20.5567, 8.588470000000001], [20.10228, 25.14422], [12.0, 24.5], [12.0, 9.5]], [[19.0, 24.5], [19.94133, 40.34933], [13.0, 40.5], [13.0, 24.5], [19.0, 24.5]], [[19.0, 40.5], [19.45499, 48.33536], [13.0, 48.5], [13.0, 40.5], [19.0, 40.5]], [[20.0, 14.0], [36.0, 14.0], [36.0, 20.0], [20.0, 20.0], [20.0, 14.0]]], "node_id": [0, 1, 2, 3, 4, 5, 6, 7, 8]}