{"corners": [[[0.168335, 0.37984], [16.168335, 0.37984], [16.168335, 6.37984], [0.168335, 6.37984], [0.168335, 0.37984]], [[0.2696299999999995, -4.698825], [0.2696300000000005, 11.301175], [-5.73037, 11.301175], [-5.730370000000001, -4.698825], [0.2696299999999995, -4.698825]], [[-5.68016, -0.8007299999999999], [-5.680159999999999, 7.19927], [-20.68016, 7.199270000000002], [-20.68016, -0.800729999999999], [-5.68016, -0.8007299999999999]], [[-16.487839999999995, 23.078855], [-16.48784, 7.078855], [-10.48784, 7.078855], [-10.487839999999997, 23.078855], [-16.487839999999995, 23.078855]], [[1.1865800000000013, 17.162155], [-6.813419999999998, 17.162155], [-6.813419999999998, 11.162155], [1.1865800000000006, 11.162155], [1.1865800000000013, 17.162155]], [[31.42116, -0.9945150000000009], [31.42116, 7.005484999999999], [16.42116, 7.005485000000001], [16.42116, -0.994515], [31.42116, -0.9945150000000009]], [[7.321285, 6.42373], [7.3212850000000005, 22.42373], [1.321285000000001, 22.42373], [1.321285, 6.42373], [7.321285, 6.42373]], [[5.06856, 0.29081999999999986], [5.068560000000001, -15.70918], [11.06856, -15.70918], [11.06856, 0.2908200000000002], [5.06856, 0.29081999999999986]], [[-20.77855, 6.325030000000001], [-36.77855, 6.325030000000003], [-36.77855, 0.32503000000000265], [-20.77855, 0.3250300000000009], [-20.77855, 6.325030000000001]]], "node_id": [0, 1, 2, 3, 4, 5, 6, 7, 8]}