{"corners": [[[0.35755, 0.29542], [16.35755, 0.29542], [16.35755, 6.29542], [0.35755, 6.29542], [0.35755, 0.29542]], [[-7.833835, -4.15359], [0.166165, -4.15359], [0.166165, 10.84641], [-7.833835, 10.84641], [-7.833835, -4.15359]], [[-0.9806950000000009, -20.136625], [-0.9806949999999999, -4.136625], [-6.980695, -4.136625], [-6.980695000000001, -20.136625], [-0.9806950000000009, -20.136625]], [[-14.795935, -19.92028], [-6.795935, -19.92028], [-6.795935, -4.92028], [-14.795935, -4.92028], [-14.795935, -19.92028]], [[-7.63809, -4.576425], [-7.638089999999999, 11.423575], [-13.63809, 11.423575], [-13.63809, -4.576425], [-7.63809, -4.576425]], [[16.14726, 11.290585], [16.14726, -4.709415], [22.14726, -4.709415], [22.14726, 11.290585], [16.14726, 11.290585]], [[-13.85038, -4.63494], [-13.850379999999998, 11.36506], [-19.85038, 11.36506], [-19.85038, -4.63494], [-13.85038, -4.63494]], [[-13.6959, -19.63609], [-13.6959, -27.63609], [-7.695899999999999, -27.63609], [-7.6959, -19.63609], [-13.6959, -19.63609]], [[-19.501595000000002, 6.464865], [-35.501595, 6.464865000000001], [-35.501595, 0.46486500000000175], [-19.501595000000002, 0.464865], [-19.501595000000002, 6.464865]]], "node_id": [0, 1, 2, 3, 4, 5, 6, 7, 8]}