{"corners": [[[0.0, 0.0], [16.5745, 0.87112], [16.0, 6.0], [0.0, 6.0], [0.0, 0.0]], [[4.0, -6.0], [11.83338, -5.54393], [12.0, 0.0], [4.0, 0.0], [4.0, -6.0]], [[16.0, 7.0], [15.53653, -1.33823], [31.0, -0.9999999999999991], [31.0, 7.000000000000001], [16.0, 7.0]], [[4.0, 0.0], [-4.18202, -0.445139999999999], [-4.0, -5.999999999999999], [3.999999999999999, -6.0], [4.0, 0.0]], [[2.9999999999999982, -22.0], [3.044399999999999, -5.97298], [-3.000000000000001, -6.0], [-3.0000000000000018, -22.0], [2.9999999999999982, -22.0]], [[5.0, -6.0], [4.0025200000000005, -21.44329], [11.0, -22.0], [11.0, -6.0], [5.0, -6.0]], [[-19.0, 1.0000000000000036], [-19.0, -6.9999999999999964], [-4.000000000000002, -7.0], [-4.0, 1.0000000000000009], [-19.0, 1.0000000000000036]], [[5.0, 14.0], [5.475060000000001, 5.05367], [10.41482, 5.58321], [11.0, 14.0], [5.0, 14.0]], [[-11.0, -17.0], [-3.97178, -17.83365], [-3.0, -11.0], [-11.0, -11.0], [-11.0, -17.0]]], "node_id": [0, 1, 2, 3, 4, 5, 6, 7, 8]}