{"corners": [[[0.0, 0.0], [8.0, 0.0], [8.0, 6.0], [0.0, 6.0], [0.0, 0.0]], [[0.0, 6.0], [8.0, 6.0], [8.0, 12.0], [0.0, 12.0], [0.0, 6.0]], [[14.0, -1.0], [13.29655, 7.42542], [7.88009, 7.57245], [8.0, -0.9999999999999997], [14.0, -1.0]], [[20.0, -5.0], [20.0, 11.0], [14.0, 11.0], [14.0, -5.0], [20.0, -5.0]], [[9.0, -11.0], [24.54075, -11.78279], [24.6489, -5.1414], [9.0, -5.0], [9.0, -11.0]], [[14.0, -11.0], [14.33274, -19.62382], [20.0, -19.0], [20.0, -11.0], [14.0, -11.0]], [[9.0, -12.0], [8.75085, -4.31604], [3.679190000000001, -4.70498], [3.0, -12.0], [9.0, -12.0]], [[-8.0, 0.0], [0.0, 0.0], [0.0, 6.0], [-8.0, 6.0], [-8.0, 0.0]], [[-8.0, -1.0], [-8.61999, 7.3004999999999995], [-14.0, 7.0], [-14.0, -0.9999999999999997], [-8.0, -1.0]]], "node_id": [0, 1, 2, 3, 4, 5, 6, 7, 8]}