{"corners": [[[0.0182, 0.261295], [8.0182, 0.261295], [8.0182, 15.261295], [0.0182, 15.261295], [0.0182, 0.261295]], [[7.26829, -7.92523], [7.268290000000001, 0.07477], [1.2682900000000008, 0.07477], [1.26829, -7.92523], [7.26829, -7.92523]], [[8.09225, 11.546885], [8.09225, 3.546885], [14.09225, 3.546885], [14.09225, 11.546885], [8.09225, 11.546885]], [[1.229005, -7.685299999999999], [1.229004999999997, -23.6853], [7.229004999999997, -23.6853], [7.229005, -7.6853], [1.229005, -7.685299999999999]], [[1.3221400000000005, -0.66105], [-6.67786, -0.661049999999999], [-6.67786, -6.6610499999999995], [1.3221399999999996, -6.66105], [1.3221400000000005, -0.66105]], [[1.0067849999999994, -8.125435], [-6.993215000000001, -8.125434999999998], [-6.993215000000003, -23.125435], [1.0067849999999976, -23.125435], [1.0067849999999994, -8.125435]], [[7.364734999999997, -18.63627], [15.364734999999996, -18.636270000000003], [15.364735, -12.636270000000001], [7.364734999999999, -12.63627], [7.364734999999997, -18.63627]], [[-5.82604, 11.5359], [-5.826039999999999, 3.5359], [0.1739600000000009, 3.5359], [0.17396, 11.5359], [-5.82604, 11.5359]], [[11.81615, 15.016295], [11.81615, 23.016295], [-3.18385, 23.016295], [-3.18385, 15.016295000000001], [11.81615, 15.016295]]], "node_id": [0, 1, 2, 3, 4, 5, 6, 7, 8]}