{"corners": [[[0.0, 0.0], [8.14023, 0.27773], [8.86098, 14.20554], [0.0, 15.0], [0.0, 0.0]], [[-4.898425415289509e-16, -0.5], [4.898425415289509e-16, 15.5], [-6.0, 15.5], [-6.000000000000001, -0.4999999999999996], [-4.898425415289509e-16, -0.5]], [[8.0, 0.0], [16.35924, 0.41344], [16.0, 15.0], [8.0, 15.0], [8.0, 0.0]], [[15.0, -16.0], [14.152240000000003, -0.07752], [9.0, 0.0], [9.0, -16.0], [15.0, -16.0]], [[21.0, -16.0], [20.2094, -0.81035], [14.16655, -0.22177], [15.0, -16.0], [21.0, -16.0]]], "node_id": [0, 1, 2, 3, 4]}