{"corners": [[[0.0, 0.0], [7.61938, 0.93745], [7.4873, 6.67102], [0.0, 6.0], [0.0, 0.0]], [[1.0, -1.836909530733566e-16], [1.0000000000000009, -16.0], [7.000000000000001, -16.0], [7.0, 1.836909530733566e-16], [1.0, -1.836909530733566e-16]], [[7.0, 6.0], [6.6129500000000005, 13.46374], [1.914530000000001, 13.31463], [1.0, 6.0], [7.0, 6.0]], [[8.000000000000002, 29.0], [-0.007299999999998224, 29.71238], [0.10127, 13.504140000000001], [8.0, 14.0], [8.000000000000002, 29.0]], [[-4.898425415289509e-16, 13.5], [4.898425415289509e-16, 29.5], [-6.0, 29.5], [-6.000000000000001, 13.5], [-4.898425415289509e-16, 13.5]], [[8.0, 7.0], [8.51771, -0.19623000000000002], [23.0, -0.9999999999999991], [23.0, 7.000000000000001], [8.0, 7.0]], [[1.0000000000000013, 35.5], [-6.682499999999998, 35.03457], [-6.013949999999999, 28.6219], [1.0000000000000007, 29.5], [1.0000000000000013, 35.5]], [[1.0000000000000009, -16.0], [1.0000000000000013, -24.0], [7.000000000000002, -24.0], [7.000000000000001, -16.0], [1.0000000000000009, -16.0]], [[1.0000000000000009, -24.0], [0.014550000000001284, -15.12537], [-4.999999999999998, -16.0], [-4.999999999999999, -24.0], [1.0000000000000009, -24.0]]], "node_id": [0, 1, 2, 3, 4, 5, 6, 7, 8]}