{"corners": [[[0.0, 0.0], [8.0, 0.0], [8.0, 15.0], [0.0, 15.0], [0.0, 0.0]], [[8.0, 4.5], [24.24772, 4.55706], [24.0, 10.5], [8.0, 10.5], [8.0, 4.5]], [[30.0, 3.5], [30.27089, 10.62774], [24.78304, 10.72791], [24.0, 3.5000000000000004], [30.0, 3.5]], [[19.5, 19.5], [19.5, 11.5], [34.5, 11.499999999999996], [34.5, 19.499999999999996], [19.5, 19.5]], [[31.0, 25.5], [22.74405, 25.79061], [23.0, 19.5], [31.0, 19.5], [31.0, 25.5]], [[11.5, 12.500000000000002], [18.88747, 13.10817], [19.5, 18.5], [11.500000000000002, 18.5], [11.5, 12.500000000000002]], [[45.0, 3.499999999999999], [45.41869, 11.78225], [30.0, 11.5], [30.0, 3.5], [45.0, 3.499999999999999]], [[31.0, 40.5], [23.57838, 40.66757], [22.91119, 25.5492], [30.999999999999996, 25.5], [31.0, 40.5]], [[12.0, -1.5], [20.30333, -0.67626], [20.75346, 4.10932], [12.0, 4.5], [12.0, -1.5]]], "node_id": [0, 1, 2, 3, 4, 5, 6, 7, 8]}