{"corners": [[[0.0, 0.0], [16.08411, -0.83462], [15.5443, 6.20235], [0.0, 6.0], [0.0, 0.0]], [[4.0, -15.0], [12.0, -15.0], [12.0, 0.0], [4.0, 0.0], [4.0, -15.0]], [[0.0, 6.0], [16.0, 6.0], [16.0, 12.0], [0.0, 12.0], [0.0, 6.0]], [[22.0, -5.0], [22.12028, 10.98371], [15.12134, 11.61426], [16.0, -5.0], [22.0, -5.0]], [[16.0, -4.999999999999999], [16.255679999999998, -21.81488], [21.048909999999996, -21.24515], [22.0, -5.0], [16.0, -4.999999999999999]], [[-2.4492127076447545e-16, 5.0], [0.16150000000000025, 13.72003], [-15.0, 13.000000000000002], [-15.0, 5.000000000000001], [-2.4492127076447545e-16, 5.0]], [[22.0, -9.0], [22.0, -17.0], [28.0, -17.0], [28.0, -9.000000000000002], [22.0, -9.0]], [[16.0, 18.0], [-0.24313, 17.014230000000005], [0.0, 12.000000000000002], [16.0, 12.0], [16.0, 18.0]], [[-30.0, 13.000000000000004], [-30.67196, 4.7997400000000034], [-15.499900000000002, 5.61194], [-15.0, 13.0], [-30.0, 13.000000000000004]]], "node_id": [0, 1, 2, 3, 4, 5, 6, 7, 8]}