{"corners": [[[0.4371, 0.42372], [8.4371, 0.42372], [8.4371, 15.42372], [0.4371, 15.42372], [0.4371, 0.42372]], [[-7.981505, 4.7581], [0.018495, 4.7581], [0.018495, 10.7581], [-7.981505, 10.7581], [-7.981505, 4.7581]], [[16.414045, 15.22023], [8.414045, 15.220230000000003], [8.414044999999998, 0.22023000000000179], [16.414044999999998, 0.22023], [16.414045, 15.22023]], [[-7.884745, -1.3355299999999999], [0.115255, -1.3355299999999999], [0.115255, 4.66447], [-7.884745, 4.66447], [-7.884745, -1.3355299999999999]], [[0.028755, -5.907675], [8.028755, -5.907675], [8.028755, 0.092325], [0.028755, 0.092325], [0.028755, -5.907675]], [[24.481695, 0.44511999999999824], [8.481695, 0.4451200000000002], [8.481695, -5.55488], [24.481695, -5.554880000000002], [24.481695, 0.44511999999999824]], [[24.182729999999996, -10.381800000000002], [32.18273, -10.381800000000004], [32.18273, 4.618199999999996], [24.18273, 4.618199999999998], [24.182729999999996, -10.381800000000002]], [[-13.776255, 15.79184], [-13.776254999999999, -0.20816], [-7.776254999999999, -0.20816], [-7.776255, 15.79184], [-13.776255, 15.79184]], [[19.961655, 15.461605], [19.961655, 23.461605], [4.961655, 23.461605], [4.961655, 15.461605000000002], [19.961655, 15.461605]]], "node_id": [0, 1, 2, 3, 4, 5, 6, 7, 8]}