{"corners": [[[0.0, 0.0], [15.52525, 0.52949], [16.0, 6.0], [0.0, 6.0], [0.0, 0.0]], [[32.0, 5.999999999999998], [16.19855, 6.6526499999999995], [15.38601, -0.24759], [32.0, -1.7763568394002505e-15], [32.0, 5.999999999999998]], [[0.0, -6.0], [16.0, -6.0], [16.0, 0.0], [0.0, 0.0], [0.0, -6.0]], [[9.18454765366783e-16, 4.5], [-7.209429999999999, 5.456780000000001], [-8.05989, -11.266919999999999], [-9.18454765366783e-16, -10.5], [9.18454765366783e-16, 4.5]], [[32.0, -1.7763568394002505e-15], [47.44089, -0.2350800000000057], [48.0, 5.999999999999995], [32.0, 5.999999999999998], [32.0, -1.7763568394002505e-15]], [[0.0, 6.0], [16.0, 6.0], [16.0, 12.0], [0.0, 12.0], [0.0, 6.0]], [[54.0, -1.0000000000000075], [53.17153, 6.977249999999993], [48.0, 6.999999999999995], [48.0, -1.0000000000000058], [54.0, -1.0000000000000075]], [[37.0, -3.1846541462959843e-15], [37.2665, -16.905630000000002], [43.01028, -16.533920000000002], [43.0, -4.286799864736124e-15], [37.0, -3.1846541462959843e-15]], [[16.5, 14.0], [16.8627, 6.91378], [31.5, 5.9999999999999964], [31.5, 13.999999999999996], [16.5, 14.0]]], "node_id": [0, 1, 2, 3, 4, 5, 6, 7, 8]}