{"corners": [[[0.0, 0.0], [8.0, 0.0], [8.0, 15.0], [0.0, 15.0], [0.0, 0.0]], [[7.0, -8.0], [7.712610000000001, 0.48791], [1.0000000000000009, 0.0], [1.0, -8.0], [7.0, -8.0]], [[0.0, 15.0], [8.72279, 14.44736], [7.72495, 20.04876], [0.0, 21.0], [0.0, 15.0]], [[-7.0, -7.0], [1.15855, -6.1549700000000005], [1.0, -1.0], [-7.0, -1.0], [-7.0, -7.0]], [[8.0, 11.5], [7.8607, 2.71859], [22.32571, 2.822660000000001], [23.0, 11.500000000000002], [8.0, 11.5]], [[23.0, 11.5], [22.81136, 3.8247999999999998], [37.10779, 3.840280000000001], [38.0, 11.500000000000002], [23.0, 11.5]], [[0.0, 21.0], [8.0, 21.0], [8.0, 36.0], [0.0, 36.0], [0.0, 21.0]], [[16.0, 31.5], [8.44027, 31.47822], [7.00477, 25.38805], [16.0, 25.5], [16.0, 31.5]], [[-3.500000000000001, 44.0], [-2.80914, 36.74475], [11.5, 36.0], [11.5, 44.0], [-3.500000000000001, 44.0]]], "node_id": [0, 1, 2, 3, 4, 5, 6, 7, 8]}