{"corners": [[[0.0, 0.0], [8.45011, 0.61327], [7.51171, 14.51553], [0.0, 15.0], [0.0, 0.0]], [[8.0, 4.5], [24.0, 4.5], [24.0, 10.5], [8.0, 10.5], [8.0, 4.5]], [[8.0, -4.898425415289509e-16], [-0.98424, 0.2178300000000005], [-0.4478300000000018, -15.410699999999999], [7.999999999999998, -15.0], [8.0, -4.898425415289509e-16]], [[-8.0, 4.5], [0.9726, 3.64997], [0.0, 10.5], [-8.0, 10.5], [-8.0, 4.5]], [[30.0, -0.5], [30.48011, 16.37799], [23.55964, 15.33702], [24.0, -0.4999999999999996], [30.0, -0.5]], [[-14.0, 15.5], [-13.835829999999998, -0.17797000000000002], [-7.999999999999999, -0.5], [-8.0, 15.5], [-14.0, 15.5]], [[-8.579020740334675e-16, 0.0], [-7.57896, 0.608870000000001], [-8.000000000000002, -14.999999999999998], [-2.6948116047670334e-15, -15.0], [-8.579020740334675e-16, 0.0]], [[8.0, 21.0], [0.35117, 20.14251], [0.7504, 15.48212], [7.999999999999999, 15.0], [8.0, 21.0]], [[7.0, 21.0], [6.491810000000001, 36.222], [1.0000000000000009, 37.0], [1.0, 21.0], [7.0, 21.0]]], "node_id": [0, 1, 2, 3, 4, 5, 6, 7, 8]}