{"corners": [[[0.30281, 0.18963], [8.302810000000001, 0.18963], [8.302810000000001, 15.18963], [0.30281, 15.18963], [0.30281, 0.18963]], [[8.47527, 4.882485], [16.47527, 4.882485], [16.47527, 10.882485], [8.47527, 10.882485], [8.47527, 4.882485]], [[11.563035, -7.5742], [11.563035, 0.4258], [-3.436965, 0.4258000000000018], [-3.436965, -7.574199999999999], [11.563035, -7.5742]], [[-7.950485, 4.69461], [0.049515, 4.69461], [0.049515, 10.69461], [-7.950485, 10.69461], [-7.950485, 4.69461]], [[-6.939510000000001, 26.73565], [-6.93951, 10.73565], [-0.93951, 10.73565], [-0.9395100000000008, 26.73565], [-6.939510000000001, 26.73565]], [[4.325714999999998, 32.91727], [-11.674285000000001, 32.91727], [-11.674285000000001, 26.91727], [4.325714999999999, 26.91727], [4.325714999999998, 32.91727]], [[-11.978560000000002, 32.531995], [-19.97856, 32.531995], [-19.97856, 26.531995], [-11.978560000000002, 26.531995], [-11.978560000000002, 32.531995]], [[-25.769765, 33.593365], [-25.769765, 25.593365], [-19.769765, 25.593365], [-19.769765, 33.593365], [-25.769765, 33.593365]], [[-19.52903, 9.71133], [-19.52903, 25.71133], [-25.52903, 25.71133], [-25.52903, 9.71133], [-19.52903, 9.71133]]], "node_id": [0, 1, 2, 3, 4, 5, 6, 7, 8]}