{"corners": [[[0.0, 0.0], [16.0, 0.0], [16.0, 6.0], [0.0, 6.0], [0.0, 0.0]], [[4.0, -15.0], [12.0, -15.0], [12.0, 0.0], [4.0, 0.0], [4.0, -15.0]], [[0.4999999999999991, 14.0], [0.4999999999999996, 6.0], [15.5, 6.000000000000001], [15.5, 14.000000000000002], [0.4999999999999991, 14.0]], [[12.0, -15.0], [4.84555, -14.063289999999999], [3.9999999999999982, -30.0], [11.999999999999998, -30.0], [12.0, -15.0]], [[15.999999999999998, -30.0], [0.21696999999999822, -29.522219999999997], [-0.6218600000000017, -36.31467], [15.999999999999998, -36.0], [15.999999999999998, -30.0]], [[-4.000000000000002, -25.5], [3.083429999999998, -24.783220000000004], [3.45277, -19.36827], [-4.0, -19.5], [-4.000000000000002, -25.5]], [[15.999999999999998, -29.0], [15.999999999999996, -37.0], [30.999999999999996, -37.0], [31.0, -29.000000000000004], [15.999999999999998, -29.0]], [[19.499999999999993, -43.0], [27.499999999999993, -43.0], [27.499999999999993, -37.0], [19.499999999999993, -37.0], [19.499999999999993, -43.0]], [[-20.0, -25.499999999999996], [-4.0, -25.5], [-4.0, -19.5], [-20.0, -19.499999999999996], [-20.0, -25.499999999999996]]], "node_id": [0, 1, 2, 3, 4, 5, 6, 7, 8]}