{"corners": [[[0.0, 0.0], [16.64931, -0.80131], [16.47872, 5.83043], [0.0, 6.0], [0.0, 0.0]], [[4.0, 6.0], [12.0, 6.0], [12.0, 12.0], [4.0, 12.0], [4.0, 6.0]], [[12.0, 6.0], [20.0, 6.0], [20.0, 12.0], [12.0, 12.0], [12.0, 6.0]], [[11.0, 12.0], [11.000000000000002, 28.0], [5.000000000000001, 28.0], [5.0, 12.0], [11.0, 12.0]], [[11.0, 28.0], [10.12581, 36.02364], [5.374160000000001, 36.44404], [5.0, 28.0], [11.0, 28.0]], [[36.0, 11.999999999999998], [20.0, 12.0], [20.0, 6.0], [36.0, 5.999999999999998], [36.0, 11.999999999999998]], [[-10.0, 36.0], [-10.000000000000002, 28.0], [4.999999999999998, 27.999999999999996], [5.0, 36.0], [-10.0, 36.0]], [[-15.0, 6.999999999999999], [-14.63195, -0.7262700000000009], [0.0, -1.0], [0.0, 7.0], [-15.0, 6.999999999999999]], [[12.0, 12.0], [19.25858, 11.57434], [20.0, 18.0], [12.0, 18.0], [12.0, 12.0]]], "node_id": [0, 1, 2, 3, 4, 5, 6, 7, 8]}