{"corners": [[[0.0, 0.0], [15.73978, -0.24736], [15.58228, 5.68689], [0.0, 6.0], [0.0, 0.0]], [[12.0, -4.898425415289509e-16], [4.0, 4.898425415289509e-16], [4.0, -6.0], [12.0, -6.000000000000001], [12.0, -4.898425415289509e-16]], [[-2.4492127076447545e-16, -1.0], [2.4492127076447545e-16, 7.0], [-15.0, 7.000000000000002], [-15.0, -0.9999999999999991], [-2.4492127076447545e-16, -1.0]], [[-3.4999999999999982, 13.0], [-11.878369999999999, 13.163070000000001], [-11.499999999999998, 7.000000000000001], [-3.499999999999999, 7.0], [-3.4999999999999982, 13.0]], [[15.5, 5.999999999999999], [15.5, 14.0], [0.5, 14.0], [0.5, 6.0], [15.5, 5.999999999999999]], [[-14.999999999999998, 10.5], [-22.98489, 9.788170000000001], [-23.19399, -3.547349999999998], [-15.0, -4.5], [-14.999999999999998, 10.5]], [[-11.5, -7.0], [-2.52783, -6.31509], [-2.91034, -0.41394], [-11.5, -1.0], [-11.5, -7.0]], [[5.0000000000000036, 30.0], [5.0798700000000006, 13.27706], [11.0, 14.0], [11.000000000000004, 30.0], [5.0000000000000036, 30.0]], [[4.999999999999999, -5.999999999999999], [4.9999999999999964, -22.0], [10.999999999999996, -22.0], [11.0, -6.0], [4.999999999999999, -5.999999999999999]]], "node_id": [0, 1, 2, 3, 4, 5, 6, 7, 8]}