{"corners": [[[0.0, 0.0], [16.53403, -0.05347], [16.31392, 6.8630700000000004], [0.0, 6.0], [0.0, 0.0]], [[31.0, -1.0000000000000009], [31.26255, 7.8579799999999995], [16.0, 7.000000000000001], [16.0, -1.0], [31.0, -1.0000000000000009]], [[16.0, -9.796850830579018e-16], [-0.0731, -0.037899999999999025], [0.0, -5.999999999999999], [16.0, -6.000000000000001], [16.0, -9.796850830579018e-16]], [[-8.000000000000002, -10.499999999999996], [0.5068099999999982, -10.305209999999999], [-0.17419999999999822, 4.335270000000002], [-7.999999999999998, 4.5000000000000036], [-8.000000000000002, -10.499999999999996]], [[3.4999999999999956, -18.5], [3.6489299999999982, -10.44535], [-11.500000000000004, -10.499999999999995], [-11.500000000000004, -18.499999999999996], [3.4999999999999956, -18.5]], [[11.0, -22.0], [10.852110000000001, -6.00267], [5.979970000000001, -6.72295], [5.0, -22.0], [11.0, -22.0]], [[3.499999999999993, -26.5], [3.2155599999999955, -17.95099], [-11.356390000000005, -17.953819999999993], [-11.500000000000007, -26.499999999999996], [3.499999999999993, -26.5]], [[19.0, -11.0], [11.98279, -11.408449999999998], [11.0, -17.0], [19.0, -17.0], [19.0, -11.0]], [[19.5, 6.999999999999999], [27.5, 6.999999999999999], [27.5, 13.0], [19.5, 13.0], [19.5, 6.999999999999999]]], "node_id": [0, 1, 2, 3, 4, 5, 6, 7, 8]}