{"corners": [[[0.27509, 0.34345], [16.27509, 0.34345], [16.27509, 6.34345], [0.27509, 6.34345], [0.27509, 0.34345]], [[31.472175, -0.8251200000000009], [31.472175, 7.174879999999999], [16.472175, 7.174880000000001], [16.472175, -0.82512], [31.472175, -0.8251200000000009]], [[16.39183, 0.315639999999999], [0.39183, 0.315640000000001], [0.39183, -5.684359999999999], [16.39183, -5.684360000000001], [16.39183, 0.315639999999999]], [[-7.5355050000000015, -10.314479999999996], [0.4644949999999982, -10.314479999999998], [0.46449500000000177, 4.685520000000002], [-7.535504999999998, 4.685520000000004], [-7.5355050000000015, -10.314479999999996]], [[3.7687899999999956, -18.15676], [3.7687899999999983, -10.15676], [-11.231210000000004, -10.156759999999995], [-11.231210000000004, -18.156759999999995], [3.7687899999999956, -18.15676]], [[11.376705, -21.7013], [11.376705000000001, -5.7013], [5.376705000000001, -5.7013], [5.376705, -21.7013], [11.376705, -21.7013]], [[3.7064499999999927, -26.29118], [3.7064499999999954, -18.29118], [-11.293550000000005, -18.291179999999994], [-11.293550000000007, -26.291179999999997], [3.7064499999999927, -26.29118]], [[19.24638, -10.66334], [11.24638, -10.663339999999998], [11.24638, -16.66334], [19.24638, -16.66334], [19.24638, -10.66334]], [[19.73485, 7.213024999999999], [27.73485, 7.213024999999999], [27.73485, 13.213025], [19.73485, 13.213025], [19.73485, 7.213024999999999]]], "node_id": [0, 1, 2, 3, 4, 5, 6, 7, 8]}