{"corners": [[[0.0, 0.0], [8.0, 0.0], [8.0, 6.0], [0.0, 6.0], [0.0, 0.0]], [[0.0, -15.0], [8.0, -15.0], [8.0, 0.0], [0.0, 0.0], [0.0, -15.0]], [[7.999999999999999, 0.5], [7.20724, -14.80766], [14.0, -15.5], [14.0, 0.5000000000000003], [7.999999999999999, 0.5]], [[14.0, -10.5], [30.0, -10.5], [30.0, -4.5], [14.0, -4.5], [14.0, -10.5]], [[-16.0, 0.0], [0.87887, 0.36985], [0.9088, 6.27142], [-16.0, 6.0], [-16.0, 0.0]]], "node_id": [0, 1, 2, 3, 4]}