{"corners": [[[0.0, 0.0], [8.74604, -0.44436], [7.71546, 14.87222], [0.0, 15.0], [0.0, 0.0]], [[12.0, 21.0], [-3.32442, 21.731910000000003], [-4.0, 15.000000000000002], [12.0, 15.0], [12.0, 21.0]], [[-3.5, -4.592273826833915e-16], [-3.4999999999999996, -8.0], [11.5, -8.0], [11.5, 4.592273826833915e-16], [-3.5, -4.592273826833915e-16]], [[1.0000000000000009, -8.0], [1.9475500000000014, -15.97665], [7.000000000000002, -16.0], [7.000000000000001, -8.0], [1.0000000000000009, -8.0]], [[0.0, 21.0], [7.62661, 20.247529999999998], [8.073670000000003, 35.35146], [3.673819061467132e-15, 36.0], [0.0, 21.0]], [[27.5, -0.9999999999999978], [12.32244, -1.9892899999999998], [11.36071, -7.05502], [27.5, -6.999999999999998], [27.5, -0.9999999999999978]], [[-4.000000000000001, 10.0], [-4.0, 26.0], [-10.0, 26.0], [-10.0, 10.0], [-4.000000000000001, 10.0]], [[23.5, 14.000000000000002], [15.25564, 13.72133], [15.957100000000002, -0.70181], [23.500000000000004, -0.9999999999999982], [23.5, 14.000000000000002]], [[13.0, -16.0], [13.754, -7.72058], [7.000000000000001, -8.0], [7.0, -16.0], [13.0, -16.0]]], "node_id": [0, 1, 2, 3, 4, 5, 6, 7, 8]}