{"corners": [[[0.0, 0.0], [8.50367, 0.86729], [7.45632, 14.02228], [0.0, 15.0], [0.0, 0.0]], [[8.000000000000002, 30.0], [-0.18669999999999823, 29.84492], [-0.14634, 14.400320000000002], [8.0, 15.0], [8.000000000000002, 30.0]], [[14.0, 18.5], [14.0, 26.5], [8.0, 26.5], [8.0, 18.5], [14.0, 18.5]], [[-6.000000000000001, 15.5], [-6.0, -0.5], [0.0, -0.5], [-8.881784197001252e-16, 15.5], [-6.000000000000001, 15.5]], [[30.0, 25.5], [14.9669, 25.859770000000005], [14.82997, 19.13749], [30.0, 19.5], [30.0, 25.5]], [[8.0, 18.5], [7.886619999999997, 2.28942], [13.999999999999996, 2.5], [14.0, 18.5], [8.0, 18.5]], [[13.999999999999998, 14.499999999999998], [14.865849999999996, 6.683719999999998], [29.621289999999995, 6.599499999999995], [29.0, 14.499999999999995], [13.999999999999998, 14.499999999999998]], [[30.0, 19.5], [46.28316, 19.979469999999996], [45.30513, 26.404569999999996], [30.0, 25.5], [30.0, 19.5]], [[-6.0, 3.5], [-5.999999999999999, 11.5], [-12.0, 11.5], [-12.0, 3.5000000000000004], [-6.0, 3.5]]], "node_id": [0, 1, 2, 3, 4, 5, 6, 7, 8]}