{"corners": [[[0.0, 0.0], [7.0725, 0.04771], [7.01483, 15.65965], [0.0, 15.0], [0.0, 0.0]], [[-3.5, -4.592273826833915e-16], [-3.5335199999999998, -7.98242], [11.5, -8.0], [11.5, 4.592273826833915e-16], [-3.5, -4.592273826833915e-16]], [[9.18454765366783e-16, 15.0], [-7.999999999999999, 15.000000000000002], [-8.0, 1.7763568394002505e-15], [-9.18454765366783e-16, 0.0], [9.18454765366783e-16, 15.0]], [[23.0, 3.499999999999999], [22.56339, 12.09067], [7.84776, 11.7006], [8.0, 3.5], [23.0, 3.499999999999999]], [[-4.0, 15.0], [12.99443, 15.76364], [11.16722, 20.54298], [-4.0, 21.0], [-4.0, 15.0]]], "node_id": [0, 1, 2, 3, 4]}