{"corners": [[[0.0, 0.0], [8.0, 0.0], [8.0, 6.0], [0.0, 6.0], [0.0, 0.0]], [[0.9999999999999991, 22.0], [1.0, 6.0], [7.0, 6.0], [6.999999999999999, 22.0], [0.9999999999999991, 22.0]], [[-4.000000000000001, 22.0], [12.0, 22.0], [12.0, 28.0], [-4.000000000000001, 28.0], [-4.000000000000001, 22.0]], [[-6.000000000000001, 11.0], [-5.23613, -5.71494], [0.0, -5.0], [-8.881784197001252e-16, 11.0], [-6.000000000000001, 11.0]], [[7.0, 18.0], [6.366230000000001, 9.21224], [22.0, 10.0], [22.0, 18.0], [7.0, 18.0]]], "node_id": [0, 1, 2, 3, 4]}