{"corners": [[[0.0, 0.0], [7.84472, -0.78203], [7.92796, 5.02956], [0.0, 6.0], [0.0, 0.0]], [[6.999999999999999, -16.0], [7.0, 0.0], [1.0, 0.0], [0.9999999999999991, -16.0], [6.999999999999999, -16.0]], [[0.9999999999999996, 14.0], [1.0, 6.0], [7.0, 6.0], [7.0, 14.0], [0.9999999999999996, 14.0]], [[-8.881784197001252e-16, -22.0], [7.999999999999999, -22.0], [7.999999999999999, -16.0], [-8.881784197001252e-16, -16.0], [-8.881784197001252e-16, -22.0]], [[-1.3780209612290761e-15, -27.0], [0.9280299999999996, -11.57395], [-6.000000000000001, -11.0], [-6.000000000000002, -27.0], [-1.3780209612290761e-15, -27.0]], [[0.9999999999999996, 6.0], [0.39171999999999996, 13.89945], [-13.12247, 14.343420000000002], [-14.0, 6.000000000000001], [0.9999999999999996, 6.0]], [[0.9999999999999991, 22.0], [1.0221599999999995, 14.89469], [7.20087, 13.43005], [6.999999999999999, 22.0], [0.9999999999999991, 22.0]], [[14.999999999999998, 25.5], [6.125229999999998, 25.57796], [6.90729, 11.052539999999999], [15.0, 10.5], [14.999999999999998, 25.5]], [[-13.999999999999998, 17.5], [-22.0, 17.5], [-22.0, 2.5000000000000018], [-14.0, 2.5], [-13.999999999999998, 17.5]]], "node_id": [0, 1, 2, 3, 4, 5, 6, 7, 8]}