{"corners": [[[0.0, 0.0], [7.3293, -0.52764], [8.0541, 6.6448599999999995], [0.0, 6.0], [0.0, 0.0]], [[6.999999999999999, -16.0], [7.0, 0.0], [1.0, 0.0], [0.9999999999999991, -16.0], [6.999999999999999, -16.0]], [[-8.0, 0.0], [0.29096, 0.7774], [0.0, 6.0], [-8.0, 6.0], [-8.0, 0.0]], [[8.0, 0.0], [24.0, 0.0], [24.0, 6.0], [8.0, 6.0], [8.0, 0.0]], [[0.9999999999999991, -16.0], [0.9999999999999962, -32.0], [6.9999999999999964, -32.0], [6.999999999999999, -16.0], [0.9999999999999991, -16.0]], [[0.0, -4.898425415289509e-16], [-8.10086, -0.1722799999999995], [-8.000000000000002, -14.999999999999998], [-1.836909530733566e-15, -15.0], [0.0, -4.898425415289509e-16]], [[-8.0, 6.0], [-15.91845, 6.594530000000001], [-16.0, 8.881784197001252e-16], [-8.0, 0.0], [-8.0, 6.0]], [[-8.000000000000004, -21.0], [-3.552713678800501e-15, -21.000000000000004], [-1.7763568394002505e-15, -15.000000000000002], [-8.000000000000002, -15.0], [-8.000000000000004, -21.0]], [[14.999999999999996, -21.0], [7.831529999999996, -21.24326], [6.9999999999999964, -27.0], [14.999999999999996, -27.0], [14.999999999999996, -21.0]]], "node_id": [0, 1, 2, 3, 4, 5, 6, 7, 8]}