{"corners": [[[0.0, 0.0], [15.70693, -0.60697], [16.0, 6.0], [0.0, 6.0], [0.0, 0.0]], [[0.5, -4.592273826833915e-16], [0.5000000000000004, -8.0], [15.5, -8.0], [15.5, 4.592273826833915e-16], [0.5, -4.592273826833915e-16]], [[-8.0, 0.0], [0.0, 0.0], [0.0, 6.0], [-8.0, 6.0], [-8.0, 0.0]], [[11.0, 6.0], [11.0, 14.0], [5.000000000000001, 14.0], [5.0, 6.0], [11.0, 6.0]], [[11.0, 7.0], [27.84444, 6.27871], [27.0, 13.0], [11.0, 13.0], [11.0, 7.0]], [[31.5, -0.9999999999999978], [16.09554, -1.45321], [15.5, -7.0], [31.5, -6.999999999999998], [31.5, -0.9999999999999978]], [[-8.0, -1.0], [-7.999999999999999, 7.0], [-14.0, 7.0], [-14.0, -0.9999999999999997], [-8.0, -1.0]], [[20.5, -6.999999999999998], [20.19009, -23.68801], [26.5, -23.0], [26.5, -6.999999999999998], [20.5, -6.999999999999998]], [[-8.0, -17.0], [-8.248959999999999, -0.12819999999999998], [-13.75219, -1.9547400000000001], [-14.0, -17.0], [-8.0, -17.0]]], "node_id": [0, 1, 2, 3, 4, 5, 6, 7, 8]}