{"corners": [[[0.0, 0.0], [15.51913, 0.52465], [16.0, 6.0], [0.0, 6.0], [0.0, 0.0]], [[4.0, -6.0], [12.0, -6.0], [12.0, 0.0], [4.0, 0.0], [4.0, -6.0]], [[-12.0, -6.0], [3.11489, -5.33723], [3.60525, -0.31035], [-12.0, 0.0], [-12.0, -6.0]], [[-28.0, -6.0], [-11.44462, -5.2008600000000005], [-12.14868, 0.20626], [-28.0, 0.0], [-28.0, -6.0]], [[16.0, 7.0], [16.19589, -1.36222], [31.0, -0.9999999999999991], [31.0, 7.000000000000001], [16.0, 7.0]]], "node_id": [0, 1, 2, 3, 4]}