{"corners": [[[0.0, 0.0], [8.0, 0.0], [8.0, 15.0], [0.0, 15.0], [0.0, 0.0]], [[0.0, -6.0], [8.61729, -6.5029], [8.13619, 0.87197], [0.0, 0.0], [0.0, -6.0]], [[-3.500000000000001, 23.0], [-3.5000000000000004, 15.0], [11.5, 15.0], [11.5, 23.0], [-3.500000000000001, 23.0]], [[-16.0, -6.0], [0.08336, -6.62269], [0.0, 0.0], [-16.0, 0.0], [-16.0, -6.0]], [[0.9999999999999987, 31.0], [0.9999999999999991, 23.0], [7.0, 23.0], [6.999999999999998, 31.0], [0.9999999999999987, 31.0]], [[11.5, -14.0], [11.88069, -6.09944], [-3.5, -5.999999999999998], [-3.5, -13.999999999999998], [11.5, -14.0]], [[7.0, -22.0], [7.000000000000001, -14.0], [1.0000000000000009, -14.0], [1.0, -22.0], [7.0, -22.0]], [[9.18454765366783e-16, 15.0], [-7.510509999999999, 15.102330000000002], [-7.17612, 0.010760000000001777], [-9.18454765366783e-16, 0.0], [9.18454765366783e-16, 15.0]], [[-14.0, 11.500000000000002], [-14.979710000000003, 3.817330000000002], [-7.418760000000002, 3.59037], [-8.0, 11.5], [-14.0, 11.500000000000002]]], "node_id": [0, 1, 2, 3, 4, 5, 6, 7, 8]}