{"corners": [[[0.0, 0.0], [15.04595, 0.35546], [16.0, 6.0], [0.0, 6.0], [0.0, 0.0]], [[32.0, 5.999999999999998], [16.18232, 6.40995], [16.84028, 0.97486], [32.0, -1.7763568394002505e-15], [32.0, 5.999999999999998]], [[32.0, -1.7763568394002505e-15], [47.39762, 0.8854799999999944], [48.0, 5.999999999999995], [32.0, 5.999999999999998], [32.0, -1.7763568394002505e-15]], [[4.999999999999999, 22.0], [5.86131, 5.86049], [10.61514, 6.08924], [11.0, 22.0], [4.999999999999999, 22.0]], [[32.0, -6.000000000000002], [48.10367, -5.143290000000006], [48.0, -5.329070518200751e-15], [32.0, -1.7763568394002505e-15], [32.0, -6.000000000000002]], [[-16.0, 0.0], [-0.01288, -0.70841], [0.42692, 5.73665], [-16.0, 6.0], [-16.0, 0.0]], [[28.0, -1.3780209612290761e-15], [20.0, -3.9833587817117433e-16], [20.0, -6.000000000000001], [28.0, -6.000000000000002], [28.0, -1.3780209612290761e-15]], [[47.5, 5.999999999999994], [47.5, 13.999999999999993], [32.5, 14.0], [32.5, 5.999999999999998], [47.5, 5.999999999999994]], [[47.5, 13.999999999999993], [47.25339, 6.848309999999993], [53.5, 5.999999999999991], [53.5, 13.999999999999991], [47.5, 13.999999999999993]]], "node_id": [0, 1, 2, 3, 4, 5, 6, 7, 8]}