{"corners": [[[0.0, 0.0], [8.0, 0.0], [8.0, 15.0], [0.0, 15.0], [0.0, 0.0]], [[3.673819061467132e-16, 10.5], [-8.79415, 10.274860000000002], [-8.4593, 3.913220000000001], [-3.673819061467132e-16, 4.5], [3.673819061467132e-16, 10.5]], [[-7.000000000000001, 4.500000000000002], [-6.453530000000003, -10.752579999999998], [-1.0000000000000036, -11.499999999999998], [-1.0000000000000009, 4.500000000000001], [-7.000000000000001, 4.500000000000002]], [[-7.0000000000000036, -11.499999999999998], [-7.000000000000005, -19.5], [-1.0000000000000053, -19.5], [-1.0000000000000036, -11.5], [-7.0000000000000036, -11.499999999999998]], [[-0.9999999999999996, 10.5], [-1.361489999999999, 19.02682], [-6.999999999999998, 18.5], [-7.0, 10.5], [-0.9999999999999996, 10.5]]], "node_id": [0, 1, 2, 3, 4]}