{"corners": [[[0.0, 0.0], [8.1017, 0.53953], [8.0, 15.0], [0.0, 15.0], [0.0, 0.0]], [[-4.0, 15.0], [12.0, 15.0], [12.0, 21.0], [-4.0, 21.0], [-4.0, 15.0]], [[7.0, 21.0], [7.996730000000001, 36.06383], [1.1157700000000008, 36.32259], [1.0, 21.0], [7.0, 21.0]], [[8.000000000000004, 52.0], [-0.5275699999999964, 52.41668], [1.7763568394002505e-15, 37.0], [8.000000000000002, 37.0], [8.000000000000004, 52.0]], [[12.0, 22.0], [11.00775, 14.58063], [17.32405, 14.09527], [18.0, 22.0], [12.0, 22.0]]], "node_id": [0, 1, 2, 3, 4]}