{"corners": [[[0.0, 0.0], [8.4306, -0.32312], [8.0, 15.0], [0.0, 15.0], [0.0, 0.0]], [[-8.0, 4.5], [0.8073, 5.22151], [0.0, 10.5], [-8.0, 10.5], [-8.0, 4.5]], [[16.0, 10.5], [8.0, 10.500000000000002], [8.0, 4.500000000000001], [16.0, 4.5], [16.0, 10.5]], [[22.0, -0.5], [21.81699, 15.18888], [16.0, 15.5], [16.0, -0.4999999999999996], [22.0, -0.5]], [[30.0, 10.5], [22.0, 10.500000000000002], [22.0, 4.500000000000001], [30.0, 4.5], [30.0, 10.5]]], "node_id": [0, 1, 2, 3, 4]}