{"corners": [[[0.0, 0.0], [8.0, 0.0], [8.0, 15.0], [0.0, 15.0], [0.0, 0.0]], [[0.0, -15.0], [8.1419, -15.58168], [7.99631, -0.05297], [0.0, 0.0], [0.0, -15.0]], [[0.0, -30.0], [8.17521, -30.09265], [8.0, -15.0], [0.0, -15.0], [0.0, -30.0]], [[24.0, 10.499999999999998], [8.0, 10.5], [8.0, 4.5], [24.0, 4.499999999999998], [24.0, 10.499999999999998]], [[9.18454765366783e-16, 0.0], [-7.213009999999999, -0.595449999999999], [-8.53523, -14.538309999999997], [-9.18454765366783e-16, -15.0], [9.18454765366783e-16, 0.0]], [[8.0, -10.5], [16.0791, -10.73566], [16.0, -4.5], [8.0, -4.5], [8.0, -10.5]], [[0.0, 15.0], [7.39517, 15.31639], [8.0, 21.0], [0.0, 21.0], [0.0, 15.0]], [[23.0, 14.0], [23.16366, 22.29862], [8.51609, 21.25921], [8.0, 14.000000000000002], [23.0, 14.0]], [[8.0, -30.0], [-0.08741, -29.87087], [0.0, -36.0], [7.999999999999999, -36.0], [8.0, -30.0]]], "node_id": [0, 1, 2, 3, 4, 5, 6, 7, 8]}