{"corners": [[[0.0, 0.0], [15.41893, 0.75758], [16.0, 6.0], [0.0, 6.0], [0.0, 0.0]], [[24.0, 5.999999999999999], [16.0, 6.0], [16.0, 0.0], [24.0, -8.881784197001252e-16], [24.0, 5.999999999999999]], [[-6.0, 7.0], [-5.999999999999999, -1.0], [8.881784197001252e-16, -1.0], [0.0, 7.0], [-6.0, 7.0]], [[-6.0, 15.0], [-6.862469999999999, 7.44273], [8.881784197001252e-16, 7.0], [0.0, 15.0], [-6.0, 15.0]], [[-6.0, 6.0], [-22.26219, 6.276659999999998], [-22.63974, -0.13321000000000177], [-5.999999999999999, 0.0], [-6.0, 6.0]], [[12.0, -4.898425415289509e-16], [4.76866, 0.4367100000000005], [3.5708499999999983, -15.866679999999999], [11.999999999999998, -15.0], [12.0, -4.898425415289509e-16]], [[-6.0, 9.150666335777657e-17], [-22.72724, -0.23950000000000185], [-21.74137, -5.578960000000002], [-5.999999999999999, -6.0], [-6.0, 9.150666335777657e-17]], [[-18.0, 5.999999999999999], [-10.0, 5.999999999999999], [-10.0, 12.0], [-18.0, 12.0], [-18.0, 5.999999999999999]], [[-6.5, 12.0], [-7.289929999999999, 20.89791], [-20.91581, 19.30321], [-21.5, 12.000000000000002], [-6.5, 12.0]]], "node_id": [0, 1, 2, 3, 4, 5, 6, 7, 8]}