{"corners": [[[0.40949, 0.104735], [16.40949, 0.104735], [16.40949, 6.104735], [0.40949, 6.104735], [0.40949, 0.104735]], [[24.439395, 6.0070049999999995], [16.439395, 6.007005], [16.439395, 0.007005], [24.439395, 0.007004999999999112], [24.439395, 6.0070049999999995]], [[-5.937515, 7.03438], [-5.937514999999999, -0.96562], [0.06248500000000089, -0.96562], [0.062485, 7.03438], [-5.937515, 7.03438]], [[-5.63932, 15.251085], [-5.639319999999999, 7.251085], [0.3606800000000009, 7.251085], [0.36068, 15.251085], [-5.63932, 15.251085]], [[-5.75446, 6.30361], [-21.75446, 6.303609999999998], [-21.75446, 0.3036099999999982], [-5.754459999999999, 0.30361], [-5.75446, 6.30361]], [[12.052185, 0.01464499999999951], [4.052185, 0.01464500000000049], [4.052184999999998, -14.985354999999998], [12.052184999999998, -14.985355], [12.052185, 0.01464499999999951]], [[-5.557835, 0.35917500000000013], [-21.557835, 0.35917499999999813], [-21.557835, -5.640825000000001], [-5.557834999999999, -5.6408249999999995], [-5.557835, 0.35917500000000013]], [[-17.857285, 6.033329999999999], [-9.857285, 6.033329999999999], [-9.857285, 12.03333], [-17.857285, 12.03333], [-17.857285, 6.033329999999999]], [[-6.21923, 12.3627], [-6.219229999999999, 20.3627], [-21.21923, 20.3627], [-21.21923, 12.362700000000002], [-6.21923, 12.3627]]], "node_id": [0, 1, 2, 3, 4, 5, 6, 7, 8]}