{"corners": [[[0.0, 0.0], [8.11687, 0.49367], [8.0, 15.0], [0.0, 15.0], [0.0, 0.0]], [[-16.0, 4.5], [0.0, 4.5], [0.0, 10.5], [-16.0, 10.5], [-16.0, 4.5]], [[0.0, 15.0], [8.0, 15.0], [8.0, 30.0], [0.0, 30.0], [0.0, 15.0]], [[8.0, -4.898425415289509e-16], [0.44767, 0.2396500000000005], [0.0, -6.0], [7.999999999999999, -6.000000000000001], [8.0, -4.898425415289509e-16]], [[14.0, -7.0], [14.0, 1.0], [8.0, 1.0], [8.0, -7.0], [14.0, -7.0]], [[30.0, -1.7763568394002505e-15], [14.54814, -0.8384199999999998], [13.9807, -6.54645], [30.0, -6.000000000000002], [30.0, -1.7763568394002505e-15]], [[-24.0, 4.5], [-16.0, 4.5], [-16.0, 10.5], [-24.0, 10.5], [-24.0, 4.5]], [[-4.0, 4.499999999999999], [-11.42631, 3.9688600000000003], [-12.851050000000003, -10.42188], [-4.000000000000002, -10.5], [-4.0, 4.499999999999999]], [[-24.0, 3.5], [-24.65884, 11.4662], [-38.07363, 11.298710000000002], [-39.0, 3.500000000000001], [-24.0, 3.5]]], "node_id": [0, 1, 2, 3, 4, 5, 6, 7, 8]}