{"corners": [[[0.0, 0.0], [8.0, 0.0], [8.0, 15.0], [0.0, 15.0], [0.0, 0.0]], [[11.5, -8.0], [12.21084, 0.29861], [-3.5, 1.7763568394002505e-15], [-3.5, -7.999999999999999], [11.5, -8.0]], [[-3.500000000000001, 23.0], [-4.3667300000000004, 14.54317], [12.29217, 14.30825], [11.5, 23.0], [-3.500000000000001, 23.0]], [[-2.4492127076447545e-16, 3.5], [-0.14321999999999974, 11.72584], [-6.714389999999999, 10.61439], [-6.0, 3.5000000000000004], [-2.4492127076447545e-16, 3.5]], [[16.0, 10.5], [8.0, 10.500000000000002], [8.0, 4.500000000000001], [16.0, 4.5], [16.0, 10.5]]], "node_id": [0, 1, 2, 3, 4]}