{"corners": [[[0.40383, 0.47817], [8.40383, 0.47817], [8.40383, 15.47817], [0.40383, 15.47817], [0.40383, 0.47817]], [[11.92771, -7.67535], [11.92771, 0.32465], [-3.07229, 0.32465000000000177], [-3.07229, -7.675349999999999], [11.92771, -7.67535]], [[-3.050435000000001, 23.033315], [-3.0504350000000002, 15.033315], [11.949565, 15.033315], [11.949565, 23.033315], [-3.050435000000001, 23.033315]], [[0.13579499999999975, 3.948045], [0.13579500000000025, 11.948045], [-5.864204999999999, 11.948045], [-5.864205, 3.9480450000000005], [0.13579499999999975, 3.948045]], [[16.07706, 10.99629], [8.07706, 10.996290000000002], [8.07706, 4.996290000000001], [16.07706, 4.99629], [16.07706, 10.99629]]], "node_id": [0, 1, 2, 3, 4]}