{"corners": [[[0.0, 0.0], [8.0, 0.0], [8.0, 6.0], [0.0, 6.0], [0.0, 0.0]], [[1.0, -1.836909530733566e-16], [0.6534100000000009, -15.55483], [6.538500000000001, -15.48931], [7.0, 1.836909530733566e-16], [1.0, -1.836909530733566e-16]], [[13.0, -12.0], [13.0, -4.0], [7.000000000000001, -4.0], [7.0, -12.0], [13.0, -12.0]], [[19.0, -12.0], [18.52079, -4.76366], [13.0, -4.0], [13.0, -12.0], [19.0, -12.0]], [[8.881784197001252e-16, -31.0], [8.0, -31.0], [8.0, -16.0], [8.881784197001252e-16, -16.0], [8.881784197001252e-16, -31.0]]], "node_id": [0, 1, 2, 3, 4]}