{"corners": [[[0.0, 0.0], [7.44073, 0.28524], [8.30811, 6.12767], [0.0, 6.0], [0.0, 0.0]], [[7.999999999999999, 11.0], [8.06364, -4.4513300000000005], [13.53634, -4.01323], [14.0, 11.0], [7.999999999999999, 11.0]], [[-15.0, 6.999999999999999], [-15.0, -1.0000000000000009], [0.0, -1.0], [0.0, 7.0], [-15.0, 6.999999999999999]], [[-15.0, 5.999999999999999], [-31.83285, 6.725629999999997], [-31.0, -2.6645352591003757e-15], [-15.0, -8.881784197001252e-16], [-15.0, 5.999999999999999]], [[8.0, -4.898425415289509e-16], [-0.85548, -0.8350499999999995], [-0.8349000000000018, -15.311569999999998], [7.999999999999998, -15.0], [8.0, -4.898425415289509e-16]], [[-39.0, -4.500000000000003], [-31.0, -4.500000000000003], [-31.0, 10.499999999999996], [-39.0, 10.499999999999996], [-39.0, -4.500000000000003]], [[-15.499999999999998, -8.0], [-15.5, 0.0], [-30.5, -2.6645352591003757e-15], [-30.5, -8.000000000000004], [-15.499999999999998, -8.0]], [[8.0, 12.0], [0.0, 12.000000000000002], [0.0, 6.000000000000001], [7.999999999999999, 6.0], [8.0, 12.0]], [[-3.5000000000000018, -14.999999999999998], [-3.500000000000003, -23.0], [11.499999999999996, -23.0], [11.499999999999998, -15.000000000000002], [-3.5000000000000018, -14.999999999999998]]], "node_id": [0, 1, 2, 3, 4, 5, 6, 7, 8]}