{"corners": [[[0.0, 0.0], [8.08128, 0.64518], [8.0, 6.0], [0.0, 6.0], [0.0, 0.0]], [[8.0, -4.5], [15.26244, -4.8360199999999995], [16.57983, 9.95459], [8.0, 10.5], [8.0, -4.5]], [[4.0, -10.5], [20.0, -10.5], [20.0, -4.5], [4.0, -4.5], [4.0, -10.5]], [[35.0, -11.5], [35.0, -3.5], [20.0, -3.4999999999999982], [20.0, -11.499999999999998], [35.0, -11.5]], [[4.5, -10.5], [4.112310000000001, -17.52395], [19.21407, -19.49589], [19.5, -10.499999999999998], [4.5, -10.5]], [[31.5, 11.5], [23.5, 11.500000000000002], [23.5, -3.4999999999999982], [31.499999999999996, -3.5], [31.5, 11.5]], [[50.0, -11.5], [49.05552, -3.45955], [35.35149, -2.703219999999998], [35.0, -11.499999999999998], [50.0, -11.5]], [[-6.0, 7.0], [-6.603509999999999, -1.80185], [-0.1677899999999991, -0.6285700000000001], [0.0, 7.0], [-6.0, 7.0]], [[0.0, 6.0], [8.0, 6.0], [8.0, 12.0], [0.0, 12.0], [0.0, 6.0]]], "node_id": [0, 1, 2, 3, 4, 5, 6, 7, 8]}