{"corners": [[[0.14812, 0.3498], [8.14812, 0.3498], [8.14812, 6.3498], [0.14812, 6.3498], [0.14812, 0.3498]], [[8.098585, -4.06601], [16.098585, -4.06601], [16.098585, 10.93399], [8.098585, 10.93399], [8.098585, -4.06601]], [[4.06561, -10.334005], [20.06561, -10.334005], [20.06561, -4.334005], [4.06561, -4.334005], [4.06561, -10.334005]], [[35.39496, -11.386355], [35.39496, -3.386355], [20.39496, -3.3863549999999982], [20.39496, -11.386354999999998], [35.39496, -11.386355]], [[4.96864, -10.43158], [4.968640000000001, -18.43158], [19.96864, -18.43158], [19.96864, -10.431579999999999], [4.96864, -10.43158]], [[31.65308, 11.994015], [23.65308, 11.994015000000001], [23.65308, -3.005984999999998], [31.653079999999996, -3.005985], [31.65308, 11.994015]], [[50.17852, -11.49897], [50.17852, -3.49897], [35.17852, -3.498969999999998], [35.17852, -11.498969999999998], [50.17852, -11.49897]], [[-5.87913, 7.284475], [-5.879129999999999, -0.715525], [0.1208700000000009, -0.715525], [0.12087, 7.284475], [-5.87913, 7.284475]], [[0.02623, 6.25781], [8.02623, 6.25781], [8.02623, 12.25781], [0.02623, 12.25781], [0.02623, 6.25781]]], "node_id": [0, 1, 2, 3, 4, 5, 6, 7, 8]}