{"corners": [[[0.0, 0.0], [16.77847, 0.79389], [16.14349, 5.4649], [0.0, 6.0], [0.0, 0.0]], [[0.4999999999999991, 14.0], [0.4999999999999996, 6.0], [15.5, 6.000000000000001], [15.5, 14.000000000000002], [0.4999999999999991, 14.0]], [[16.0, -4.5], [24.15722, -3.52194], [24.89896, 10.68191], [16.0, 10.5], [16.0, -4.5]], [[0.49999999999999895, 13.0], [-14.784980000000001, 13.640339999999998], [-15.500000000000002, 6.999999999999998], [0.49999999999999967, 7.0], [0.49999999999999895, 13.0]], [[-15.500000000000002, 12.999999999999998], [-30.61732, 13.341119999999997], [-30.59512, 6.104119999999996], [-15.500000000000002, 6.999999999999998], [-15.500000000000002, 12.999999999999998]], [[24.0, 0.0], [40.0, 0.0], [40.0, 6.0], [24.0, 6.0], [24.0, 0.0]], [[1.7763568394002505e-15, -0.9999999999999991], [0.5313400000000004, 7.298970000000001], [-14.16758, 6.160149999999998], [-14.999999999999998, -1.0000000000000018], [1.7763568394002505e-15, -0.9999999999999991]], [[36.0, 21.0], [28.0, 21.0], [28.0, 6.000000000000002], [36.0, 6.0], [36.0, 21.0]], [[1.7763568394002505e-15, 8.881784197001252e-16], [15.49914, 0.6541100000000047], [16.0, 6.000000000000004], [3.0682921481339775e-16, 6.000000000000001], [1.7763568394002505e-15, 8.881784197001252e-16]]], "node_id": [0, 1, 2, 3, 4, 5, 6, 7, 8]}