{"corners": [[[0.0, 0.0], [7.78135, -0.17662], [8.93744, 14.63423], [0.0, 15.0], [0.0, 0.0]], [[-16.0, 4.5], [0.57684, 4.12783], [-0.72133, 10.3757], [-16.0, 10.5], [-16.0, 4.5]], [[-5.0, -3.5], [-4.948899999999999, 4.44188], [-10.64036, 5.18549], [-11.0, -3.4999999999999996], [-5.0, -3.5]], [[14.0, -0.5], [13.357760000000003, 14.55752], [7.36768, 14.947330000000001], [8.0, -0.4999999999999996], [14.0, -0.5]], [[-26.0, 4.500000000000003], [-25.95766, -4.089479999999997], [-11.000000000000002, -3.500000000000001], [-11.0, 4.5], [-26.0, 4.500000000000003]], [[14.0, 11.5], [14.524229999999998, 4.2868], [20.0, 3.4999999999999982], [20.0, 11.499999999999998], [14.0, 11.5]], [[14.0, 3.5000000000000004], [14.430419999999998, -5.03739], [20.0, -4.500000000000002], [20.0, 3.4999999999999996], [14.0, 3.5000000000000004]], [[-0.5, 10.5], [-1.4346299999999994, 18.50232], [-14.80516, 18.17349], [-15.5, 10.500000000000002], [-0.5, 10.5]], [[20.0, 11.499999999999998], [20.000000000000004, 27.5], [14.000000000000005, 27.5], [14.0, 11.5], [20.0, 11.499999999999998]]], "node_id": [0, 1, 2, 3, 4, 5, 6, 7, 8]}