{"corners": [[[0.0, 0.0], [7.1418800000000005, 0.71788], [7.31888, 5.45214], [0.0, 6.0], [0.0, 0.0]], [[12.0, -9.796850830579018e-16], [-4.0, 9.796850830579018e-16], [-4.0, -5.999999999999999], [12.0, -6.000000000000001], [12.0, -9.796850830579018e-16]], [[-4.0, -6.999999999999999], [-3.6431499999999994, 0.17800000000000094], [-19.00726, 1.9106300000000027], [-19.0, -6.999999999999998], [-4.0, -6.999999999999999]], [[12.0, -6.000000000000001], [-4.36139, -6.961669999999999], [-4.0, -12.0], [12.0, -12.0], [12.0, -6.000000000000001]], [[0.0, 6.0], [7.78075, 6.60929], [8.62966, 20.04634], [0.0, 21.0], [0.0, 6.0]]], "node_id": [0, 1, 2, 3, 4]}