{"corners": [[[0.005925, 0.49289], [8.005925, 0.49289], [8.005925, 6.49289], [0.005925, 6.49289], [0.005925, 0.49289]], [[14.30157, -0.98461], [14.30157, 7.01539], [8.30157, 7.01539], [8.30157, -0.9846099999999997], [14.30157, -0.98461]], [[30.029105, 6.233389999999998], [14.029105, 6.23339], [14.029105, 0.23339], [30.029105, 0.2333899999999982], [30.029105, 6.233389999999998]], [[38.219525, 10.994174999999997], [30.219525, 10.994174999999998], [30.219525, -4.0058250000000015], [38.219525, -4.005825000000003], [38.219525, 10.994174999999997]], [[14.4159, 7.355345], [14.415900000000002, 23.355345], [8.4159, 23.355345], [8.4159, 7.355345], [14.4159, 7.355345]], [[29.740850000000002, 6.341884999999998], [29.740850000000002, 14.341884999999998], [14.74085, 14.341885], [14.74085, 6.3418849999999996], [29.740850000000002, 6.341884999999998]], [[25.248765, 14.332089999999997], [25.248765, 22.33209], [19.248765, 22.33209], [19.248765, 14.332089999999997], [25.248765, 14.332089999999997]], [[15.069325, 29.449945], [7.069325, 29.449945], [7.069325, 23.449945], [15.069325, 23.449945], [15.069325, 29.449945]], [[14.310165, 29.40553], [14.310165, 37.40553], [8.310165, 37.40553], [8.310165, 29.40553], [14.310165, 29.40553]]], "node_id": [0, 1, 2, 3, 4, 5, 6, 7, 8]}