{"corners": [[[0.0, 0.0], [8.16004, -0.81971], [7.9571, 5.95283], [0.0, 6.0], [0.0, 0.0]], [[7.0, -8.0], [7.006900000000001, 0.99745], [1.0000000000000009, 0.0], [1.0, -8.0], [7.0, -8.0]], [[0.0, -14.0], [8.0, -14.0], [8.0, -8.0], [0.0, -8.0], [0.0, -14.0]], [[3.673819061467132e-16, -8.0], [-15.14366, -7.867669999999999], [-15.49714, -14.962649999999998], [-3.673819061467132e-16, -14.0], [3.673819061467132e-16, -8.0]], [[8.0, 0.0], [16.0, 0.0], [16.0, 6.0], [8.0, 6.0], [8.0, 0.0]], [[-15.499999999999998, 2.6645352591003757e-15], [-15.5, -7.999999999999997], [-0.5, -8.0], [-0.4999999999999982, -9.082903699997313e-17], [-15.499999999999998, 2.6645352591003757e-15]], [[8.0, 6.0], [16.838, 5.27862], [16.0, 21.0], [8.0, 21.0], [8.0, 6.0]], [[0.0, 6.0], [8.36558, 5.82756], [8.21294, 12.58578], [0.0, 12.0], [0.0, 6.0]], [[-2.4492127076447545e-16, 5.0], [0.8960100000000002, 12.30673], [-5.999999999999999, 13.0], [-6.0, 5.0], [-2.4492127076447545e-16, 5.0]]], "node_id": [0, 1, 2, 3, 4, 5, 6, 7, 8]}