{"corners": [[[0.0, 0.0], [8.0, 0.0], [8.0, 6.0], [0.0, 6.0], [0.0, 0.0]], [[3.673819061467132e-16, 6.0], [-15.87028, 6.186560000000002], [-16.0, 1.7763568394002505e-15], [-3.673819061467132e-16, 0.0], [3.673819061467132e-16, 6.0]], [[0.0, -15.0], [8.0, -15.0], [8.0, 0.0], [0.0, 0.0], [0.0, -15.0]], [[8.0, -15.0], [16.0, -15.0], [16.0, 0.0], [8.0, 0.0], [8.0, -15.0]], [[9.0, -15.0], [9.0, -23.0], [15.0, -23.0], [15.0, -15.0], [9.0, -15.0]], [[8.0, 0.0], [23.39544, 0.9129], [24.99722, 6.64683], [8.0, 6.0], [8.0, 0.0]], [[0.0, -21.0], [8.3401, -21.79002], [7.43777, -15.93287], [0.0, -15.0], [0.0, -21.0]], [[0.9999999999999996, 14.0], [1.38465, 6.73338], [6.22727, 5.8892], [7.0, 14.0], [0.9999999999999996, 14.0]], [[-6.0, -14.0], [-6.719319999999999, -21.7462], [-0.03915999999999911, -21.98666], [0.0, -14.0], [-6.0, -14.0]]], "node_id": [0, 1, 2, 3, 4, 5, 6, 7, 8]}