{"corners": [[[0.394125, 0.24738], [8.394125, 0.24738], [8.394125, 6.24738], [0.394125, 6.24738], [0.394125, 0.24738]], [[-15.510195, 0.27523], [0.489805, 0.27523], [0.489805, 6.27523], [-15.510195, 6.27523], [-15.510195, 0.27523]], [[-10.81451, 0.015984999999999815], [-10.81451, -7.984015], [-4.814509999999999, -7.984015], [-4.81451, 0.015985000000000183], [-10.81451, 0.015984999999999815]], [[-15.4764, -7.580595], [-15.4764, -15.580595], [-0.4764, -15.580595], [-0.4764, -7.580594999999999], [-15.4764, -7.580595]], [[8.372489999999999, 0.38012], [24.37249, 0.38012], [24.37249, 6.38012], [8.372489999999999, 6.38012], [8.372489999999999, 0.38012]], [[7.22935, -7.563295], [7.229350000000001, 0.436705], [1.2293500000000008, 0.436705], [1.22935, -7.563295], [7.22935, -7.563295]], [[-11.62634, -30.568885], [-3.62634, -30.568885], [-3.62634, -15.568885], [-11.62634, -15.568885], [-11.62634, -30.568885]], [[-23.627905, 0.264785], [-15.627905, 0.264785], [-15.627905, 6.264785], [-23.627905, 6.264785], [-23.627905, 0.264785]], [[8.484510000000002, 21.25342], [0.4845100000000018, 21.25342], [0.48451, 6.253420000000002], [8.48451, 6.25342], [8.484510000000002, 21.25342]]], "node_id": [0, 1, 2, 3, 4, 5, 6, 7, 8]}