{"corners": [[[0.0, 0.0], [16.0, 0.0], [16.0, 6.0], [0.0, 6.0], [0.0, 0.0]], [[32.0, 5.999999999999998], [15.65684, 6.38689], [16.39622, -0.4117], [32.0, -1.7763568394002505e-15], [32.0, 5.999999999999998]], [[32.0, 6.999999999999998], [32.551, -1.5328500000000018], [38.0, -1.0000000000000036], [38.0, 6.999999999999997], [32.0, 6.999999999999998]], [[46.0, 10.499999999999996], [37.89758, 9.877949999999998], [37.46797, -5.016270000000002], [46.0, -4.5000000000000036], [46.0, 10.499999999999996]], [[16.0, -9.796850830579018e-16], [-0.93426, 0.852540000000001], [0.0, -5.999999999999999], [16.0, -6.000000000000001], [16.0, -9.796850830579018e-16]], [[21.0, -3.3710556048005547e-16], [21.0, -8.0], [27.0, -8.000000000000002], [27.0, -1.439251278920195e-15], [21.0, -3.3710556048005547e-16]], [[27.0, -7.000000000000001], [35.66933, -7.765870000000003], [35.2664, -1.5325600000000028], [27.0, -1.0000000000000009], [27.0, -7.000000000000001]], [[15.5, -14.0], [14.94547, -5.87069], [0.5, -5.999999999999998], [0.5, -13.999999999999998], [15.5, -14.0]], [[-6.000000000000001, 11.0], [-5.60673, -4.74138], [0.0, -5.0], [-8.881784197001252e-16, 11.0], [-6.000000000000001, 11.0]]], "node_id": [0, 1, 2, 3, 4, 5, 6, 7, 8]}