{"corners": [[[0.0, 0.0], [16.0, 0.0], [16.0, 6.0], [0.0, 6.0], [0.0, 0.0]], [[15.5, -8.0], [14.78637, -0.74156], [0.5, 1.7763568394002505e-15], [0.5, -7.999999999999999], [15.5, -8.0]], [[4.0, 6.0], [12.0, 6.0], [12.0, 21.0], [4.0, 21.0], [4.0, 6.0]], [[-2.4492127076447545e-16, -1.0], [2.4492127076447545e-16, 7.0], [-15.0, 7.000000000000002], [-15.0, -0.9999999999999991], [-2.4492127076447545e-16, -1.0]], [[16.0, 7.0], [16.0, -1.0], [22.0, -1.0], [22.0, 7.0], [16.0, 7.0]], [[-4.499999999999999, 7.0], [-4.499999999999998, 15.0], [-10.499999999999998, 15.0], [-10.5, 7.0], [-4.499999999999999, 7.0]], [[22.0, 7.0], [21.98084, -0.46051], [28.39749, -1.01772], [28.0, 7.0], [22.0, 7.0]], [[28.0, 4.440892098500626e-16], [44.36031, -0.07075999999999956], [44.0, 6.0], [28.0, 6.0], [28.0, 4.440892098500626e-16]], [[15.0, 7.0], [22.5229, 7.86918], [23.55538, 22.06756], [15.0, 22.0], [15.0, 7.0]]], "node_id": [0, 1, 2, 3, 4, 5, 6, 7, 8]}