{"corners": [[[0.0, 0.0], [7.34305, -0.67171], [8.0, 15.0], [0.0, 15.0], [0.0, 0.0]], [[16.0, 10.5], [8.0, 10.500000000000002], [8.0, 4.500000000000001], [16.0, 4.5], [16.0, 10.5]], [[16.0, 15.5], [15.310159999999996, -0.8649], [22.079909999999998, -1.26861], [22.0, 15.499999999999998], [16.0, 15.5]], [[-6.000000000000001, 15.5], [-6.21286, -1.3346], [0.0, -0.5], [-8.881784197001252e-16, 15.5], [-6.000000000000001, 15.5]], [[-6.0, 10.5], [-13.41412, 10.523119999999999], [-14.02023, 3.529289999999999], [-5.999999999999999, 4.5], [-6.0, 10.5]], [[0.0, -15.0], [7.6872, -15.75836], [8.0, 0.0], [0.0, 0.0], [0.0, -15.0]], [[-7.000000000000001, 15.5], [1.329639999999999, 15.01939], [0.9999999999999991, 30.5], [-7.000000000000001, 30.5], [-7.000000000000001, 15.5]], [[-7.000000000000001, 19.0], [-7.0, 27.0], [-13.0, 27.0], [-13.0, 19.0], [-7.000000000000001, 19.0]], [[-13.0, 26.0], [-29.1099, 25.313660000000002], [-28.19819, 20.5663], [-13.0, 20.0], [-13.0, 26.0]]], "node_id": [0, 1, 2, 3, 4, 5, 6, 7, 8]}