{"corners": [[[0.0, 0.0], [8.0, 0.0], [8.0, 6.0], [0.0, 6.0], [0.0, 0.0]], [[-3.5, -4.592273826833915e-16], [-4.044169999999999, -8.8222], [11.35128, -8.71113], [11.5, 4.592273826833915e-16], [-3.5, -4.592273826833915e-16]], [[-3.5, -8.0], [-4.452629999999999, 0.96374], [-9.94825, -0.09006], [-9.5, -8.0], [-3.5, -8.0]], [[3.673819061467132e-16, 6.0], [-15.19246, 5.483390000000002], [-15.37051, -0.6808099999999982], [-3.673819061467132e-16, 0.0], [3.673819061467132e-16, 6.0]], [[0.9999999999999991, 22.0], [1.0, 6.0], [7.0, 6.0], [6.999999999999999, 22.0], [0.9999999999999991, 22.0]], [[0.9999999999999982, 38.0], [0.8580799999999993, 21.15009], [6.561909999999999, 22.32051], [6.999999999999998, 38.0], [0.9999999999999982, 38.0]], [[0.9999999999999978, 46.0], [1.2085399999999982, 38.70779], [6.999999999999998, 38.0], [6.999999999999998, 46.0], [0.9999999999999978, 46.0]], [[11.5, -7.0], [20.46556, -6.32939], [20.48389, -1.71608], [11.5, -1.0], [11.5, -7.0]], [[23.0, 17.0], [6.05847, 16.283249999999995], [7.0, 10.999999999999998], [23.0, 11.0], [23.0, 17.0]]], "node_id": [0, 1, 2, 3, 4, 5, 6, 7, 8]}