{"corners": [[[0.0, 0.0], [8.0, 0.0], [8.0, 6.0], [0.0, 6.0], [0.0, 0.0]], [[0.0, -6.0], [8.94786, -5.04575], [8.48048, -0.51623], [0.0, 0.0], [0.0, -6.0]], [[7.999999999999999, 11.0], [8.0, -5.0], [14.0, -5.0], [14.0, 11.0], [7.999999999999999, 11.0]], [[20.0, -5.0], [20.06998, 10.20505], [14.29813, 11.56714], [14.0, -5.0], [20.0, -5.0]], [[24.5, -13.0], [24.5, -5.0], [9.5, -4.999999999999998], [9.5, -12.999999999999998], [24.5, -13.0]]], "node_id": [0, 1, 2, 3, 4]}