{"corners": [[[0.0, 0.0], [16.17284, 0.66515], [16.0, 6.0], [0.0, 6.0], [0.0, 0.0]], [[-15.0, 6.999999999999999], [-15.47073, -1.1153400000000009], [-0.67904, -0.75427], [0.0, 7.0], [-15.0, 6.999999999999999]], [[31.0, -1.0000000000000009], [31.0, 6.999999999999999], [16.0, 7.000000000000001], [16.0, -1.0], [31.0, -1.0000000000000009]], [[0.4999999999999991, 13.0], [-15.5, 12.999999999999998], [-15.5, 6.999999999999998], [0.49999999999999983, 7.0], [0.4999999999999991, 13.0]], [[-23.5, 2.4999999999999982], [-15.22913, 1.9512099999999983], [-15.4885, 18.25224], [-23.5, 17.5], [-23.5, 2.4999999999999982]], [[31.0, 6.999999999999999], [31.82327, -1.9682000000000008], [46.50852, -1.2157600000000044], [46.0, 6.9999999999999964], [31.0, 6.999999999999999]], [[-11.5, 23.5], [-27.5, 23.500000000000004], [-27.5, 17.5], [-11.5, 17.5], [-11.5, 23.5]], [[54.0, 5.999999999999996], [46.98006, 6.533599999999996], [46.0, -3.552713678800501e-15], [54.0, -4.440892098500626e-15], [54.0, 5.999999999999996]], [[-27.5, 23.5], [-35.88957, 24.38954], [-35.7323, 16.7677], [-27.5, 17.5], [-27.5, 23.5]]], "node_id": [0, 1, 2, 3, 4, 5, 6, 7, 8]}