{"corners": [[[0.04636, 0.119855], [16.04636, 0.119855], [16.04636, 6.119855], [0.04636, 6.119855], [0.04636, 0.119855]], [[-14.527455, 7.113919999999999], [-14.527455, -0.8860800000000009], [0.472545, -0.88608], [0.472545, 7.11392], [-14.527455, 7.113919999999999]], [[16.44345, 7.01937], [16.44345, -0.98063], [31.44345, -0.9806299999999991], [31.44345, 7.019370000000001], [16.44345, 7.01937]], [[46.395565, -0.92274], [46.395565, 7.07726], [31.395565, 7.077260000000002], [31.395565, -0.9227399999999991], [46.395565, -0.92274]], [[19.989285, 7.457505000000001], [27.989285, 7.457505000000001], [27.989285, 13.457505], [19.989285, 13.457505], [19.989285, 7.457505000000001]]], "node_id": [0, 1, 2, 3, 4]}