{"corners": [[[0.0, 0.0], [8.0, 0.0], [8.0, 15.0], [0.0, 15.0], [0.0, 0.0]], [[-4.0, -6.0], [12.0, -6.0], [12.0, 0.0], [-4.0, 0.0], [-4.0, -6.0]], [[-20.0, -6.0], [-4.0, -6.0], [-4.0, 0.0], [-20.0, 0.0], [-20.0, -6.0]], [[0.0, 15.0], [8.0, 15.0], [8.0, 30.0], [0.0, 30.0], [0.0, 15.0]], [[8.000000000000002, 45.0], [0.9082600000000017, 45.51813], [0.97745, 30.15401], [8.0, 30.0], [8.000000000000002, 45.0]]], "node_id": [0, 1, 2, 3, 4]}