{"corners": [[[0.0, 0.0], [15.95053, 0.5959], [16.0, 6.0], [0.0, 6.0], [0.0, 0.0]], [[16.0, 7.0], [16.0, -1.0], [22.0, -1.0], [22.0, 7.0], [16.0, 7.0]], [[16.0, -1.0000000000000002], [16.0, -17.0], [22.0, -17.0], [22.0, -0.9999999999999999], [16.0, -1.0000000000000002]], [[-8.0, -4.5], [-0.35656, -5.38298], [0.0, 10.5], [-8.0, 10.5], [-8.0, -4.5]], [[-1.0, 10.5], [-1.6260599999999994, 17.63355], [-6.999999999999999, 18.5], [-7.0, 10.5], [-1.0, 10.5]]], "node_id": [0, 1, 2, 3, 4]}