{"corners": [[[0.0, 0.0], [16.92531, 0.87309], [16.0, 6.0], [0.0, 6.0], [0.0, 0.0]], [[-8.0, 0.0], [-0.90018, 0.5829], [0.77383, 5.77567], [-8.0, 6.0], [-8.0, 0.0]], [[0.0, -4.898425415289509e-16], [-8.18425, 0.4852200000000005], [-8.000000000000002, -14.999999999999998], [-1.836909530733566e-15, -15.0], [0.0, -4.898425415289509e-16]], [[14.999999999999998, -11.500000000000002], [14.999999999999998, -3.5000000000000018], [-1.7763568394002505e-15, -3.5], [-1.7763568394002505e-15, -11.5], [14.999999999999998, -11.500000000000002]], [[14.999999999999998, -15.000000000000002], [23.59156, -14.805130000000002], [23.0, -1.7763568394002505e-15], [14.999999999999998, -1.7763568394002505e-15], [14.999999999999998, -15.000000000000002]], [[23.0, -10.500000000000002], [31.96898, -10.089580000000002], [31.0, -4.500000000000002], [23.0, -4.500000000000002], [23.0, -10.500000000000002]], [[-23.0, -3.4999999999999973], [-23.0, -11.499999999999996], [-8.000000000000002, -11.5], [-8.0, -3.5], [-23.0, -3.4999999999999973]], [[-8.0, -1.0], [-7.999999999999999, 7.0], [-23.0, 7.000000000000002], [-23.0, -0.9999999999999991], [-8.0, -1.0]], [[-18.5, 15.0], [-18.42165, 7.65908], [-13.077430000000001, 7.925499999999998], [-12.5, 14.999999999999998], [-18.5, 15.0]]], "node_id": [0, 1, 2, 3, 4, 5, 6, 7, 8]}