{"corners": [[[0.0, 0.0], [8.0, 0.0], [8.0, 6.0], [0.0, 6.0], [0.0, 0.0]], [[-6.0, 7.0], [-5.999999999999999, -1.0], [8.881784197001252e-16, -1.0], [0.0, 7.0], [-6.0, 7.0]], [[8.0, 0.0], [16.21117, -0.24371], [15.73357, 6.33595], [8.0, 6.0], [8.0, 0.0]], [[24.0, 5.999999999999999], [16.90811, 5.75318], [16.0, 0.0], [24.0, -8.881784197001252e-16], [24.0, 5.999999999999999]], [[-10.5, -1.0000000000000004], [-10.1732, -8.29705], [4.5, -9.0], [4.5, -0.9999999999999996], [-10.5, -1.0000000000000004]]], "node_id": [0, 1, 2, 3, 4]}