{"corners": [[[0.0, 0.0], [8.0, 0.0], [8.0, 15.0], [0.0, 15.0], [0.0, 0.0]], [[0.0, -15.0], [8.0, -15.0], [8.0, 0.0], [0.0, 0.0], [0.0, -15.0]], [[8.000000000000002, 30.0], [-0.7823399999999983, 29.81652], [0.0, 15.000000000000002], [8.0, 15.0], [8.000000000000002, 30.0]], [[8.0, -15.0], [-0.76824, -14.606179999999998], [-1.7763568394002505e-15, -30.0], [7.999999999999998, -30.0], [8.0, -15.0]], [[8.0, 4.5], [24.97979, 4.49145], [24.0, 10.5], [8.0, 10.5], [8.0, 4.5]]], "node_id": [0, 1, 2, 3, 4]}