{"corners": [[[0.0482, 0.152], [8.0482, 0.152], [8.0482, 15.152], [0.0482, 15.152], [0.0482, 0.152]], [[0.11161, -14.93328], [8.11161, -14.93328], [8.11161, 0.06672], [0.11161, 0.06672], [0.11161, -14.93328]], [[8.057940000000002, 30.348455], [0.057940000000001775, 30.348455], [0.05794, 15.348455000000001], [8.05794, 15.348455], [8.057940000000002, 30.348455]], [[8.482165, -14.505055], [0.482165, -14.505054999999999], [0.48216499999999823, -29.505055], [8.482164999999998, -29.505055], [8.482165, -14.505055]], [[8.247865000000001, 4.509595], [24.247865, 4.509595], [24.247865, 10.509595], [8.247865000000001, 10.509595], [8.247865000000001, 4.509595]]], "node_id": [0, 1, 2, 3, 4]}