{"corners": [[[0.0, 0.0], [16.98167, 0.73972], [15.41883, 6.60804], [0.0, 6.0], [0.0, 0.0]], [[11.0, -16.0], [10.517500000000002, -0.56081], [5.000000000000001, 0.0], [5.0, -16.0], [11.0, -16.0]], [[5.0, -16.0], [4.793529999999997, -31.52914], [10.999999999999996, -32.0], [11.0, -16.0], [5.0, -16.0]], [[10.999999999999998, -27.0], [26.24425, -26.862720000000003], [26.28187, -21.527620000000002], [11.0, -21.0], [10.999999999999998, -27.0]], [[11.0, -11.0], [19.30647, -10.07729], [19.31794, -4.83037], [11.0, -5.0], [11.0, -11.0]], [[-0.9999999999999973, 1.7763568394002505e-15], [-1.1055400000000002, -15.392659999999998], [5.0, -15.999999999999998], [5.000000000000003, 6.742111209601109e-16], [-0.9999999999999973, 1.7763568394002505e-15]], [[26.5, -21.000000000000004], [25.722450000000002, -12.145650000000003], [11.500000000000002, -12.999999999999998], [11.5, -21.0], [26.5, -21.000000000000004]], [[22.0, -1.0], [22.0, 7.0], [16.0, 7.0], [16.0, -0.9999999999999997], [22.0, -1.0]], [[32.5, -21.000000000000007], [32.5, -13.000000000000007], [26.500000000000004, -13.000000000000005], [26.5, -21.000000000000004], [32.5, -21.000000000000007]]], "node_id": [0, 1, 2, 3, 4, 5, 6, 7, 8]}