{"corners": [[[0.0, 0.0], [7.73161, -0.57407], [8.0, 15.0], [0.0, 15.0], [0.0, 0.0]], [[-3.500000000000001, 23.0], [-2.8931700000000005, 14.43742], [11.37263, 14.65316], [11.5, 23.0], [-3.500000000000001, 23.0]], [[6.999999999999999, 23.0], [6.2500599999999995, 30.88727], [0.33099999999999996, 30.1086], [0.9999999999999991, 23.0], [6.999999999999999, 23.0]], [[8.0, 4.5], [24.0, 4.5], [24.0, 10.5], [8.0, 10.5], [8.0, 4.5]], [[32.0, 15.0], [24.0, 15.000000000000002], [24.0, 1.7763568394002505e-15], [31.999999999999996, 0.0], [32.0, 15.0]], [[0.9999999999999989, 23.0], [1.5071599999999994, 30.01862], [-14.000000000000002, 31.0], [-14.000000000000002, 23.0], [0.9999999999999989, 23.0]], [[32.0, 11.5], [32.0, 3.5], [38.0, 3.4999999999999982], [38.0, 11.499999999999998], [32.0, 11.5]], [[25.0, 5.510728592200698e-16], [25.97974, -7.774749999999999], [30.36281, -8.150440000000001], [31.0, -5.510728592200698e-16], [25.0, 5.510728592200698e-16]], [[1.0000000000000009, 39.0], [0.8739699999999995, 30.08974], [6.999999999999999, 31.0], [7.000000000000001, 39.0], [1.0000000000000009, 39.0]]], "node_id": [0, 1, 2, 3, 4, 5, 6, 7, 8]}