{"corners": [[[0.0, 0.0], [15.36204, -0.97403], [15.69429, 6.72348], [0.0, 6.0], [0.0, 0.0]], [[11.0, -8.0], [10.00409, -0.62706], [5.000000000000001, 0.0], [5.0, -8.0], [11.0, -8.0]], [[-6.000000000000001, 11.0], [-6.33651, -5.71947], [0.0, -5.0], [-8.881784197001252e-16, 11.0], [-6.000000000000001, 11.0]], [[5.0, -4.999999999999999], [-10.69274, -4.943440000000001], [-11.0, -11.0], [5.000000000000001, -11.0], [5.0, -4.999999999999999]], [[4.0, 6.0], [12.0, 6.0], [12.0, 21.0], [4.0, 21.0], [4.0, 6.0]], [[27.0, 9.5], [27.0, 17.5], [12.0, 17.5], [12.0, 9.500000000000002], [27.0, 9.5]], [[11.0, 0.0], [10.471839999999998, -8.4604], [26.0, -8.000000000000004], [26.0, -2.755364296100349e-15], [11.0, 0.0]], [[31.999999999999996, -12.000000000000004], [32.90309, 4.328299999999996], [26.10492, 3.7253600000000002], [25.999999999999996, -12.000000000000002], [31.999999999999996, -12.000000000000004]], [[24.999999999999993, -18.0], [32.99999999999999, -18.000000000000004], [32.99999999999999, -12.000000000000002], [24.999999999999993, -12.0], [24.999999999999993, -18.0]]], "node_id": [0, 1, 2, 3, 4, 5, 6, 7, 8]}