{"corners": [[[0.29731, 0.37507], [16.29731, 0.37507], [16.29731, 6.37507], [0.29731, 6.37507], [0.29731, 0.37507]], [[11.4137, -7.56403], [11.4137, 0.43597], [5.413700000000001, 0.43597], [5.4137, -7.56403], [11.4137, -7.56403]], [[-5.517105000000001, 11.001025], [-5.517105, -4.998975], [0.482895, -4.998975], [0.48289499999999913, 11.001025], [-5.517105000000001, 11.001025]], [[5.093235, -4.842279999999999], [-10.906765, -4.842280000000001], [-10.906765, -10.84228], [5.093235000000001, -10.84228], [5.093235, -4.842279999999999]], [[4.178575, 6.1424], [12.178575, 6.1424], [12.178575, 21.1424], [4.178575, 21.1424], [4.178575, 6.1424]], [[27.326815, 9.76414], [27.326815, 17.76414], [12.326815, 17.76414], [12.326815, 9.764140000000001], [27.326815, 9.76414]], [[11.483945, 0.082145], [11.483944999999999, -7.917855], [26.483945, -7.917855000000004], [26.483945, 0.08214499999999723], [11.483945, 0.082145]], [[32.11796, -11.865100000000004], [32.11796, 4.1348999999999965], [26.11796, 4.1349], [26.117959999999997, -11.865100000000002], [32.11796, -11.865100000000004]], [[25.284744999999994, -17.769705], [33.284744999999994, -17.769705000000002], [33.284744999999994, -11.769705000000002], [25.284744999999994, -11.769705], [25.284744999999994, -17.769705]]], "node_id": [0, 1, 2, 3, 4, 5, 6, 7, 8]}