{"corners": [[[0.0, 0.0], [15.02262, -0.98395], [16.88033, 6.28722], [0.0, 6.0], [0.0, 0.0]], [[16.0, 11.0], [16.0, -5.0], [22.0, -5.0], [22.0, 11.0], [16.0, 11.0]], [[12.0, 12.0], [3.7696, 12.414510000000002], [3.21522, 6.877440000000001], [12.0, 6.0], [12.0, 12.0]], [[-6.000000000000001, 11.0], [-6.0, -5.0], [0.0, -5.0], [-8.881784197001252e-16, 11.0], [-6.000000000000001, 11.0]], [[11.0, 12.0], [10.169210000000001, 28.90716], [5.3461300000000005, 27.95296], [5.0, 12.0], [11.0, 12.0]], [[28.0, -1.0], [28.0, 7.0], [22.0, 7.0], [22.0, -0.9999999999999997], [28.0, -1.0]], [[22.0, -0.9999999999999992], [21.999999999999996, -17.0], [27.999999999999996, -17.0], [28.0, -1.0000000000000002], [22.0, -0.9999999999999992]], [[22.0, -13.0], [22.0, -5.0], [16.0, -5.0], [16.0, -13.0], [22.0, -13.0]], [[36.0, -6.000000000000003], [28.42326, -5.438990000000002], [27.72792, -11.573030000000001], [36.0, -12.000000000000004], [36.0, -6.000000000000003]]], "node_id": [0, 1, 2, 3, 4, 5, 6, 7, 8]}