{"corners": [[[0.0, 0.0], [7.82071, 0.59178], [8.55828, 15.95153], [0.0, 15.0], [0.0, 0.0]], [[8.0, -4.898425415289509e-16], [0.21048, 0.2827100000000005], [-1.7763568394002505e-15, -14.999999999999998], [7.999999999999998, -15.0], [8.0, -4.898425415289509e-16]], [[0.9999999999999982, -15.0], [0.9999999999999953, -31.0], [6.999999999999996, -31.0], [6.999999999999998, -15.000000000000002], [0.9999999999999982, -15.0]], [[12.0, 21.0], [-4.0, 21.000000000000004], [-4.0, 15.000000000000002], [12.0, 15.0], [12.0, 21.0]], [[12.0, 15.0], [28.67994, 14.150519999999997], [27.52668, 21.417809999999996], [12.000000000000002, 21.0], [12.0, 15.0]], [[36.0, 25.499999999999993], [27.76787, 25.758309999999998], [27.999999999999993, 10.499999999999996], [35.99999999999999, 10.499999999999993], [36.0, 25.499999999999993]], [[8.0, -3.500000000000001], [7.339499999999998, -10.89243], [13.898689999999998, -10.665360000000003], [14.0, -3.5000000000000018], [8.0, -3.500000000000001]], [[6.999999999999996, -26.0], [23.796169999999996, -26.833390000000005], [22.124069999999996, -19.844370000000005], [6.999999999999997, -20.0], [6.999999999999996, -26.0]], [[-8.000000000000002, -10.499999999999998], [0.5465099999999983, -9.89847], [0.05449, -4.89879], [-8.0, -4.499999999999998], [-8.000000000000002, -10.499999999999998]]], "node_id": [0, 1, 2, 3, 4, 5, 6, 7, 8]}