{"corners": [[[0.332845, 0.182275], [8.332845, 0.182275], [8.332845, 15.182275], [0.332845, 15.182275], [0.332845, 0.182275]], [[8.457045, 0.4326149999999995], [0.457045, 0.4326150000000005], [0.4570449999999982, -14.567384999999998], [8.457044999999999, -14.567385], [8.457045, 0.4326149999999995]], [[1.2568599999999983, -14.69738], [1.2568599999999952, -30.69738], [7.256859999999995, -30.69738], [7.256859999999998, -14.697380000000003], [1.2568599999999983, -14.69738]], [[12.320675, 21.44374], [-3.679325, 21.443740000000005], [-3.679325, 15.443740000000002], [12.320675, 15.44374], [12.320675, 21.44374]], [[12.106145, 15.30574], [28.106145, 15.305739999999997], [28.106145, 21.305739999999997], [12.106145000000001, 21.30574], [12.106145, 15.30574]], [[36.169835, 25.508944999999994], [28.169835, 25.508944999999997], [28.169834999999992, 10.508944999999997], [36.16983499999999, 10.508944999999994], [36.169835, 25.508944999999994]], [[8.43775, -3.008205000000001], [8.437749999999998, -11.008205], [14.437749999999998, -11.008205000000004], [14.43775, -3.008205000000002], [8.43775, -3.008205000000001]], [[7.191969999999996, -25.68542], [23.191969999999998, -25.685420000000004], [23.191969999999998, -19.685420000000004], [7.191969999999998, -19.68542], [7.191969999999996, -25.68542]], [[-7.747060000000002, -10.168379999999999], [0.2529399999999982, -10.168379999999999], [0.25294, -4.16838], [-7.74706, -4.168379999999998], [-7.747060000000002, -10.168379999999999]]], "node_id": [0, 1, 2, 3, 4, 5, 6, 7, 8]}