{"corners": [[[0.0, 0.0], [8.0, 0.0], [8.0, 15.0], [0.0, 15.0], [0.0, 0.0]], [[14.0, 3.5], [13.9816, 11.03519], [8.0, 11.5], [8.0, 3.5000000000000004], [14.0, 3.5]], [[-4.0, -6.0], [11.99415, -5.68143], [11.56771, -0.77833], [-4.0, 0.0], [-4.0, -6.0]], [[14.0, 0.0], [22.0, 0.0], [22.0, 15.0], [14.0, 15.0], [14.0, 0.0]], [[14.0, -15.0], [22.51984, -14.54446], [22.74533, 0.19833], [14.0, 0.0], [14.0, -15.0]]], "node_id": [0, 1, 2, 3, 4]}