{"corners": [[[0.45752, 0.15825], [8.45752, 0.15825], [8.45752, 15.15825], [0.45752, 15.15825], [0.45752, 0.15825]], [[14.22767, 3.735275], [14.22767, 11.735275], [8.22767, 11.735275], [8.22767, 3.7352750000000006], [14.22767, 3.735275]], [[-3.712695, -5.647915], [12.287305, -5.647915], [12.287305, 0.352085], [-3.712695, 0.352085], [-3.712695, -5.647915]], [[14.187215, 0.077005], [22.187215, 0.077005], [22.187215, 15.077005], [14.187215, 15.077005], [14.187215, 0.077005]], [[14.03212, -14.539195], [22.03212, -14.539195], [22.03212, 0.460805], [14.03212, 0.460805], [14.03212, -14.539195]]], "node_id": [0, 1, 2, 3, 4]}