{"corners": [[[0.0, 0.0], [16.0, 0.0], [16.0, 6.0], [0.0, 6.0], [0.0, 0.0]], [[-8.0, 0.0], [0.97088, -0.36858], [-0.62988, 6.86278], [-8.0, 6.0], [-8.0, 0.0]], [[12.0, -4.898425415289509e-16], [4.86303, 0.5875100000000004], [3.9999999999999982, -14.999999999999998], [11.999999999999998, -15.0], [12.0, -4.898425415289509e-16]], [[3.9999999999999987, -4.5], [-4.000000000000002, -4.499999999999999], [-4.000000000000002, -10.5], [3.999999999999998, -10.5], [3.9999999999999987, -4.5]], [[27.0, -11.500000000000002], [26.96131, -2.6499300000000017], [12.70705, -4.05266], [12.0, -11.5], [27.0, -11.500000000000002]], [[23.5, -11.500000000000002], [15.5, -11.5], [15.499999999999998, -26.5], [23.499999999999996, -26.5], [23.5, -11.500000000000002]], [[-4.000000000000002, -4.499999999999999], [-12.914430000000001, -5.319799999999998], [-12.000000000000002, -10.499999999999998], [-4.000000000000003, -10.5], [-4.000000000000002, -4.499999999999999]], [[16.5, -26.5], [16.5, -34.5], [22.5, -34.5], [22.5, -26.5], [16.5, -26.5]], [[-23.0, 6.999999999999999], [-23.10555, -0.5959100000000008], [-8.0, -1.0], [-8.0, 7.0], [-23.0, 6.999999999999999]]], "node_id": [0, 1, 2, 3, 4, 5, 6, 7, 8]}