{"corners": [[[0.0, 0.0], [8.0, 0.0], [8.0, 6.0], [0.0, 6.0], [0.0, 0.0]], [[-8.0, 0.0], [-0.36584, 0.60829], [0.25195, 5.1199200000000005], [-8.0, 6.0], [-8.0, 0.0]], [[8.000000000000002, 21.0], [1.7763568394002505e-15, 21.0], [0.0, 6.000000000000002], [8.0, 6.0], [8.000000000000002, 21.0]], [[-8.0, 6.0], [-24.97977, 5.433290000000001], [-24.0, 1.7763568394002505e-15], [-8.0, 0.0], [-8.0, 6.0]], [[-32.0, -4.4999999999999964], [-23.07093, -4.632159999999998], [-24.813799999999997, 11.005810000000002], [-31.999999999999996, 10.500000000000004], [-32.0, -4.4999999999999964]], [[24.0, 16.5], [7.46653, 17.307840000000002], [8.0, 10.500000000000002], [24.0, 10.5], [24.0, 16.5]], [[-2.4492127076447545e-16, 9.5], [0.26527000000000023, 17.17176], [-5.999999999999999, 17.5], [-6.0, 9.5], [-2.4492127076447545e-16, 9.5]], [[30.0, 5.5], [29.26589, 22.21219], [24.0, 21.5], [24.0, 5.5], [30.0, 5.5]], [[0.0, -4.898425415289509e-16], [-7.47921, 0.2858100000000005], [-8.000000000000002, -14.999999999999998], [-1.836909530733566e-15, -15.0], [0.0, -4.898425415289509e-16]]], "node_id": [0, 1, 2, 3, 4, 5, 6, 7, 8]}