{"corners": [[[0.052055, 0.47171], [16.052055, 0.47171], [16.052055, 6.47171], [0.052055, 6.47171], [0.052055, 0.47171]], [[11.111595, -7.54737], [11.111595, 0.45263], [5.111595000000001, 0.45263], [5.111595, -7.54737], [11.111595, -7.54737]], [[11.0558, 0.20214], [11.055799999999998, -7.79786], [17.0558, -7.797860000000002], [17.0558, 0.20213999999999888], [11.0558, 0.20214]], [[16.493955, 0.428515], [24.493955, 0.428515], [24.493955, 6.428515], [16.493955, 6.428515], [16.493955, 0.428515]], [[12.714345, 14.22145], [12.714345, 6.22145], [27.714345, 6.221450000000001], [27.714345, 14.221450000000003], [12.714345, 14.22145]]], "node_id": [0, 1, 2, 3, 4]}