{"corners": [[[0.0, 0.0], [15.17268, -0.71242], [16.0, 6.0], [0.0, 6.0], [0.0, 0.0]], [[-4.898425415289509e-16, -5.0], [0.06911000000000049, 11.12346], [-6.0, 11.0], [-6.000000000000001, -5.0], [-4.898425415289509e-16, -5.0]], [[-6.0, -4.999999999999999], [-6.290810000000002, -20.11223], [-2.6645352591003757e-15, -21.0], [0.0, -5.0], [-6.0, -4.999999999999999]], [[12.0, -4.898425415289509e-16], [4.43743, 0.9363700000000005], [3.86084, -5.32313], [12.0, -6.000000000000001], [12.0, -4.898425415289509e-16]], [[4.440892098500626e-16, 11.0], [1.4237742929079644e-15, 27.0], [-5.999999999999998, 27.0], [-6.0, 11.0], [4.440892098500626e-16, 11.0]], [[16.0, 0.0], [24.0, 0.0], [24.0, 6.0], [16.0, 6.0], [16.0, 0.0]], [[4.999999999999999, -5.999999999999999], [5.741779999999998, -14.19583], [10.130079999999996, -13.080259999999999], [11.0, -6.0], [4.999999999999999, -5.999999999999999]], [[-6.0000000000000036, -21.0], [-6.000000000000006, -37.0], [-6.217248937900877e-15, -37.0], [-3.552713678800501e-15, -21.0], [-6.0000000000000036, -21.0]], [[24.0, 7.0], [24.0, -1.0], [30.0, -1.0], [30.0, 7.0], [24.0, 7.0]]], "node_id": [0, 1, 2, 3, 4, 5, 6, 7, 8]}