{"corners": [[[0.48906, 0.336055], [16.48906, 0.336055], [16.48906, 6.336055], [0.48906, 6.336055], [0.48906, 0.336055]], [[0.9269399999999991, 14.377035], [0.9269399999999997, 6.377035], [15.92694, 6.377035000000001], [15.92694, 14.377035000000001], [0.9269399999999991, 14.377035]], [[4.2967949999999995, 14.406355], [12.296795, 14.406355], [12.296795, 29.406355], [4.2967949999999995, 29.406355], [4.2967949999999995, 14.406355]], [[0.14611999999999975, -0.959245], [0.14612000000000025, 7.040755], [-14.85388, 7.040755000000002], [-14.85388, -0.9592449999999991], [0.14611999999999975, -0.959245]], [[27.24385, 17.79129], [27.24385, 25.79129], [12.24385, 25.79129], [12.24385, 17.79129], [27.24385, 17.79129]], [[11.040935, 29.00868], [11.040935000000001, 45.00868], [5.040935000000001, 45.00868], [5.040935, 29.00868], [11.040935, 29.00868]], [[-14.823005, 6.295685000000001], [-22.823005, 6.2956850000000015], [-22.823005, 0.29568500000000175], [-14.823005, 0.29568500000000086], [-14.823005, 6.295685000000001]], [[-37.80278, 7.429520000000005], [-37.80278, -0.5704799999999955], [-22.80278, -0.5704799999999991], [-22.80278, 7.429520000000002], [-37.80278, 7.429520000000005]], [[-37.68329, 6.183390000000005], [-45.68329, 6.1833900000000055], [-45.68329, 0.18339000000000533], [-37.68329, 0.18339000000000444], [-37.68329, 6.183390000000005]]], "node_id": [0, 1, 2, 3, 4, 5, 6, 7, 8]}