{"corners": [[[0.267255, 0.17713], [8.267255, 0.17713], [8.267255, 15.17713], [0.267255, 15.17713], [0.267255, 0.17713]], [[8.014334999999999, 15.522365], [8.014335, -0.477635], [14.014335, -0.477635], [14.014335, 15.522365], [8.014334999999999, 15.522365]], [[-15.96364, 4.522945], [0.03636, 4.522945], [0.03636, 10.522945], [-15.96364, 10.522945], [-15.96364, 4.522945]], [[1.4353500000000001, 0.0024549999999998163], [1.4353500000000006, -7.997545], [7.435350000000001, -7.997545], [7.43535, 0.002455000000000184], [1.4353500000000001, 0.0024549999999998163]], [[22.139005, 10.58189], [14.139005, 10.581889999999998], [14.139005, 4.581889999999999], [22.139005, 4.58189], [22.139005, 10.58189]]], "node_id": [0, 1, 2, 3, 4]}