{"corners": [[[0.0, 0.0], [7.25804, 0.94304], [7.65486, 14.54003], [0.0, 15.0], [0.0, 0.0]], [[7.999999999999999, 15.5], [8.0, -0.5], [14.0, -0.5], [14.0, 15.5], [7.999999999999999, 15.5]], [[-16.0, 4.5], [0.0, 4.5], [0.0, 10.5], [-16.0, 10.5], [-16.0, 4.5]], [[1.0, -1.836909530733566e-16], [1.7414000000000005, -8.990169999999999], [7.000000000000001, -8.0], [7.0, 1.836909530733566e-16], [1.0, -1.836909530733566e-16]], [[22.0, 10.5], [14.3863, 10.348859999999998], [14.0, 4.499999999999999], [22.0, 4.5], [22.0, 10.5]]], "node_id": [0, 1, 2, 3, 4]}