{"corners": [[[0.0, 0.0], [16.0, 0.0], [16.0, 6.0], [0.0, 6.0], [0.0, 0.0]], [[31.0, -1.0000000000000009], [30.96684, 6.017009999999999], [16.0, 7.000000000000001], [16.0, -1.0], [31.0, -1.0000000000000009]], [[47.0, 5.999999999999997], [31.03759, 6.753849999999999], [31.81544, -0.1531200000000009], [47.0, -2.6645352591003757e-15], [47.0, 5.999999999999997]], [[5.0, -1.836909530733566e-16], [4.171550000000001, -16.14505], [10.2721, -15.63371], [11.0, 1.836909530733566e-16], [5.0, -1.836909530733566e-16]], [[42.0, 5.999999999999998], [42.0, 22.0], [36.0, 22.0], [36.0, 5.999999999999998], [42.0, 5.999999999999998]]], "node_id": [0, 1, 2, 3, 4]}