{"corners": [[[0.0, 0.0], [7.25296, -0.94422], [8.0, 15.0], [0.0, 15.0], [0.0, 0.0]], [[0.0, -15.0], [8.67732, -15.69947], [7.8092, 0.88215], [0.0, 0.0], [0.0, -15.0]], [[0.0, -21.0], [8.7349, -20.42968], [7.07805, -15.19752], [0.0, -15.0], [0.0, -21.0]], [[-16.0, 4.5], [0.0, 4.5], [0.0, 10.5], [-16.0, 10.5], [-16.0, 4.5]], [[0.0, -36.0], [7.18907, -36.01001], [8.38577, -21.10748], [0.0, -21.0], [0.0, -36.0]], [[3.673819061467132e-16, -25.5], [-16.93312, -25.226979999999998], [-16.0, -31.5], [-3.673819061467132e-16, -31.5], [3.673819061467132e-16, -25.5]], [[23.0, 3.499999999999999], [22.07335, 11.19863], [8.27297, 11.53741], [8.0, 3.5], [23.0, 3.499999999999999]], [[-2.4492127076447545e-16, -11.5], [-0.3181099999999998, -3.5731], [-15.0, -3.4999999999999982], [-15.0, -11.499999999999998], [-2.4492127076447545e-16, -11.5]], [[-22.0, -24.5], [-21.76976, -32.36082], [-15.63572, -31.61032], [-16.0, -24.5], [-22.0, -24.5]]], "node_id": [0, 1, 2, 3, 4, 5, 6, 7, 8]}