{"corners": [[[0.0, 0.0], [15.15836, -0.29551], [16.0, 6.0], [0.0, 6.0], [0.0, 0.0]], [[11.0, 6.0], [11.644430000000002, 22.31429], [5.000000000000001, 22.0], [5.0, 6.0], [11.0, 6.0]], [[9.18454765366783e-16, 10.5], [-7.388839999999999, 11.139270000000002], [-8.42873, -5.254649999999998], [-9.18454765366783e-16, -4.5], [9.18454765366783e-16, 10.5]], [[11.0, 22.0], [11.619680000000002, 37.79359], [5.000000000000001, 38.0], [5.0, 22.0], [11.0, 22.0]], [[-10.0, 34.0], [-10.000000000000002, 26.0], [4.999999999999998, 25.999999999999996], [5.0, 34.0], [-10.0, 34.0]], [[1.5000000000000018, 49.0], [-6.869539999999998, 49.64101], [-6.5, 34.0], [1.5, 34.0], [1.5000000000000018, 49.0]], [[4.0, 38.0], [11.43259, 38.18874], [12.0, 44.0], [4.0, 44.0], [4.0, 38.0]], [[-13.999999999999998, 11.000000000000004], [-13.159290000000002, -4.223309999999996], [-8.0, -4.9999999999999964], [-7.999999999999998, 11.000000000000002], [-13.999999999999998, 11.000000000000004]], [[-8.000000000000007, -20.999999999999996], [-7.487050000000002, -5.768279999999996], [-14.381410000000002, -5.949329999999993], [-14.000000000000007, -20.999999999999993], [-8.000000000000007, -20.999999999999996]]], "node_id": [0, 1, 2, 3, 4, 5, 6, 7, 8]}