{"corners": [[[0.0, 0.0], [8.50556, 0.91612], [8.0, 15.0], [0.0, 15.0], [0.0, 0.0]], [[8.0, 0.0], [15.92491, 0.87824], [16.0, 15.0], [8.0, 15.0], [8.0, 0.0]], [[9.0, -1.836909530733566e-16], [9.152190000000001, -15.9237], [15.02605, -15.69894], [15.0, 1.836909530733566e-16], [9.0, -1.836909530733566e-16]], [[19.5, 15.0], [19.5, 23.0], [4.5, 23.0], [4.5, 15.000000000000002], [19.5, 15.0]], [[8.0, 23.0], [16.0, 23.0], [16.0, 29.0], [8.0, 29.0], [8.0, 23.0]], [[25.5, 15.0], [25.5, 23.0], [19.5, 23.0], [19.5, 15.0], [25.5, 15.0]], [[25.5, 16.0], [33.58102, 16.81817], [32.64473, 22.14347], [25.5, 22.0], [25.5, 16.0]], [[-2.4492127076447545e-16, 3.5], [0.6832800000000002, 12.43181], [-15.28794, 12.319670000000002], [-15.0, 3.500000000000001], [-2.4492127076447545e-16, 3.5]], [[8.0, -22.0], [16.88952, -22.54016], [16.0, -16.0], [8.0, -16.0], [8.0, -22.0]]], "node_id": [0, 1, 2, 3, 4, 5, 6, 7, 8]}