{"corners": [[[0.0, 0.0], [15.42429, -0.14344], [16.92141, 6.8594100000000005], [0.0, 6.0], [0.0, 0.0]], [[-8.0, -4.5], [0.21313, -4.41525], [0.0, 10.5], [-8.0, 10.5], [-8.0, -4.5]], [[16.0, 12.0], [0.0, 12.000000000000002], [0.0, 6.000000000000002], [16.0, 6.0], [16.0, 12.0]], [[12.0, 18.0], [3.68105, 17.25595], [4.0, 12.0], [12.0, 12.0], [12.0, 18.0]], [[-12.0, -10.5], [4.8784600000000005, -9.61608], [4.76619, -3.91769], [-12.0, -4.5], [-12.0, -10.5]]], "node_id": [0, 1, 2, 3, 4]}