{"corners": [[[0.0, 0.0], [16.42584, -0.99185], [16.25329, 6.00589], [0.0, 6.0], [0.0, 0.0]], [[16.0, 0.0], [32.06802, 0.29988], [32.0, 6.0], [16.0, 6.0], [16.0, 0.0]], [[20.0, 6.0], [28.0, 6.0], [28.0, 12.0], [20.0, 12.0], [20.0, 6.0]], [[21.0, 28.0], [20.50649, 11.28079], [26.53855, 12.50415], [27.0, 28.0], [21.0, 28.0]], [[0.0, 6.0], [16.0, 6.0], [16.0, 12.0], [0.0, 12.0], [0.0, 6.0]], [[13.0, 17.0], [21.0, 17.0], [21.0, 23.0], [13.0, 23.0], [13.0, 17.0]], [[21.0, 29.0], [13.0, 29.0], [13.0, 23.0], [21.0, 23.0], [21.0, 29.0]], [[47.0, -1.0000000000000009], [46.51197, 7.967819999999999], [32.0, 7.000000000000001], [32.0, -1.0], [47.0, -1.0000000000000009]], [[13.0, 29.0], [-2.05947, 29.626630000000002], [-3.0, 23.0], [13.0, 23.0], [13.0, 29.0]]], "node_id": [0, 1, 2, 3, 4, 5, 6, 7, 8]}