{"corners": [[[0.0, 0.0], [7.16185, 0.57771], [8.0, 6.0], [0.0, 6.0], [0.0, 0.0]], [[-8.0, -4.5], [-0.38959, -5.1921800000000005], [-0.52297, 10.15679], [-8.0, 10.5], [-8.0, -4.5]], [[8.0, 7.0], [8.700990000000001, -0.44314], [13.183019999999999, -1.2775400000000001], [14.0, 7.0], [8.0, 7.0]], [[0.0, -4.500000000000001], [-8.61982, -3.81356], [-8.000000000000002, -19.5], [-1.836909530733566e-15, -19.5], [0.0, -4.500000000000001]], [[-8.000000000000005, -34.5], [-5.329070518200751e-15, -34.5], [-1.7763568394002505e-15, -19.5], [-8.000000000000002, -19.5], [-8.000000000000005, -34.5]]], "node_id": [0, 1, 2, 3, 4]}