{"corners": [[[0.312905, 0.23228], [8.312905, 0.23228], [8.312905, 15.23228], [0.312905, 15.23228], [0.312905, 0.23228]], [[0.3837499999999995, -0.24377500000000002], [0.3837500000000005, 15.756225], [-5.61625, 15.756225], [-5.616250000000001, -0.24377499999999963], [0.3837499999999995, -0.24377500000000002]], [[8.15296, 11.584015], [8.15296, 3.584015], [23.15296, 3.584015000000001], [23.15296, 11.584015000000003], [8.15296, 11.584015]], [[23.130445, 4.688860000000001], [39.130445, 4.688860000000001], [39.130445, 10.68886], [23.130445, 10.68886], [23.130445, 4.688860000000001]], [[-11.617155, 11.7181], [-11.617155000000002, 3.7181], [-5.617155000000002, 3.7180999999999984], [-5.617155, 11.718099999999998], [-11.617155, 11.7181]], [[27.356425, -10.319595], [35.356425, -10.319595], [35.356425, 4.680405], [27.356425, 4.680405], [27.356425, -10.319595]], [[38.953445, -18.055355], [38.953445, -10.055355], [23.953445, -10.055354999999999], [23.953445, -18.055355], [38.953445, -18.055355]], [[12.633905, 27.65105], [12.633905000000002, 11.65105], [18.633905, 11.65105], [18.633905, 27.65105], [12.633905, 27.65105]], [[46.98073, -6.507555000000001], [38.98073, -6.507555], [38.98073, -21.507555], [46.98073, -21.507555], [46.98073, -6.507555000000001]]], "node_id": [0, 1, 2, 3, 4, 5, 6, 7, 8]}