{"corners": [[[0.0, 0.0], [7.60268, 0.08395], [8.11856, 5.88257], [0.0, 6.0], [0.0, 0.0]], [[12.0, 12.0], [-4.45765, 11.702310000000002], [-4.0, 6.000000000000002], [12.0, 6.0], [12.0, 12.0]], [[-16.0, 0.0], [0.0, 0.0], [0.0, 6.0], [-16.0, 6.0], [-16.0, 0.0]], [[28.0, 11.999999999999998], [12.0, 12.0], [12.0, 6.0], [28.0, 5.999999999999998], [28.0, 11.999999999999998]], [[-22.0, 7.0], [-21.48674, -1.73446], [-16.0, -1.0], [-16.0, 7.0], [-22.0, 7.0]], [[-23.0, 7.0], [-15.44229, 6.78429], [-15.1772, 12.51863], [-23.0, 13.0], [-23.0, 7.0]], [[-16.0, -9.0], [-15.52493, -0.08375999999999995], [-21.2287, -0.46836], [-22.0, -9.0], [-16.0, -9.0]], [[-3.999999999999999, 12.0], [-11.50825, 11.236610000000002], [-12.0, 6.000000000000001], [-4.0, 6.0], [-3.999999999999999, 12.0]], [[-11.0, -1.836909530733566e-16], [-10.54814, -8.3443], [-4.999999999999999, -8.0], [-5.0, 1.836909530733566e-16], [-11.0, -1.836909530733566e-16]]], "node_id": [0, 1, 2, 3, 4, 5, 6, 7, 8]}