{"corners": [[[0.0, 0.0], [15.42748, -0.82735], [16.0, 6.0], [0.0, 6.0], [0.0, 0.0]], [[31.0, -1.0000000000000009], [31.0, 6.999999999999999], [16.0, 7.000000000000001], [16.0, -1.0], [31.0, -1.0000000000000009]], [[-8.0, -4.5], [0.0, -4.5], [0.0, 10.5], [-8.0, 10.5], [-8.0, -4.5]], [[16.0, 15.0], [15.999999999999998, 7.0], [31.0, 6.9999999999999964], [31.0, 14.999999999999996], [16.0, 15.0]], [[39.0, 18.499999999999996], [31.0, 18.499999999999996], [31.0, 3.4999999999999982], [39.0, 3.4999999999999964], [39.0, 18.499999999999996]]], "node_id": [0, 1, 2, 3, 4]}