{"corners": [[[0.0, 0.0], [8.82278, 0.15379], [8.0, 15.0], [0.0, 15.0], [0.0, 0.0]], [[16.0, 10.5], [8.0, 10.500000000000002], [8.0, 4.500000000000001], [16.0, 4.5], [16.0, 10.5]], [[11.5, 15.0], [11.5, 23.0], [-3.5, 23.0], [-3.5, 15.000000000000002], [11.5, 15.0]], [[17.5, 11.0], [18.04483, 26.49906], [11.5, 27.0], [11.5, 11.0], [17.5, 11.0]], [[-3.5, -4.592273826833915e-16], [-3.4999999999999996, -8.0], [11.5, -8.0], [11.5, 4.592273826833915e-16], [-3.5, -4.592273826833915e-16]], [[7.0, -24.0], [6.852590000000001, -7.1969899999999996], [1.0000000000000009, -8.0], [1.0, -24.0], [7.0, -24.0]], [[-3.5, -8.0], [-2.5679199999999995, 0.80355], [-18.5, 1.7763568394002505e-15], [-18.5, -7.999999999999999], [-3.5, -8.0]], [[7.000000000000001, -23.5], [14.39307, -24.12155], [15.32565, -7.65895], [7.000000000000001, -8.5], [7.000000000000001, -23.5]], [[8.0, -24.0], [0.0, -24.0], [-1.7763568394002505e-15, -39.0], [7.999999999999998, -39.0], [8.0, -24.0]]], "node_id": [0, 1, 2, 3, 4, 5, 6, 7, 8]}