{"corners": [[[0.0, 0.0], [15.49806, -0.97166], [16.0, 6.0], [0.0, 6.0], [0.0, 0.0]], [[32.0, 5.999999999999998], [16.64323, 5.37441], [16.32656, 0.51548], [32.0, -1.7763568394002505e-15], [32.0, 5.999999999999998]], [[-2.4492127076447545e-16, -1.0], [2.4492127076447545e-16, 7.0], [-5.999999999999999, 7.0], [-6.0, -0.9999999999999997], [-2.4492127076447545e-16, -1.0]], [[32.0, 10.999999999999998], [31.999999999999996, -5.000000000000002], [38.0, -5.000000000000002], [38.0, 10.999999999999996], [32.0, 10.999999999999998]], [[4.0, -15.0], [12.62062, -14.66681], [11.48833, -0.28919], [4.0, 0.0], [4.0, -15.0]], [[44.0, -1.0000000000000053], [43.24356, 7.102589999999995], [38.0, 6.9999999999999964], [38.0, -1.0000000000000036], [44.0, -1.0000000000000053]], [[27.0, 11.0], [43.32434, 10.318479999999996], [43.0, 16.999999999999996], [27.0, 17.0], [27.0, 11.0]], [[38.0, -1.000000000000003], [38.55059, -8.507810000000003], [43.6904, -8.381200000000005], [44.0, -1.0000000000000058], [38.0, -1.000000000000003]], [[44.0, -8.000000000000005], [52.44173, -7.164380000000008], [51.531, -1.027190000000009], [44.0, -2.0000000000000053], [44.0, -8.000000000000005]]], "node_id": [0, 1, 2, 3, 4, 5, 6, 7, 8]}