{"corners": [[[0.0, 0.0], [16.03266, 0.42469], [16.0, 6.0], [0.0, 6.0], [0.0, 0.0]], [[16.0, -9.796850830579018e-16], [0.0, 9.796850830579018e-16], [0.0, -5.999999999999999], [16.0, -6.000000000000001], [16.0, -9.796850830579018e-16]], [[22.0, -11.0], [21.4768, 5.59458], [16.0, 5.0], [16.0, -11.0], [22.0, -11.0]], [[9.18454765366783e-16, 4.500000000000001], [-7.999999999999999, 4.500000000000002], [-8.0, -10.499999999999996], [-9.18454765366783e-16, -10.5], [9.18454765366783e-16, 4.500000000000001]], [[-16.0, -10.499999999999996], [-8.0, -10.499999999999998], [-7.9999999999999964, 4.500000000000002], [-15.999999999999996, 4.5000000000000036], [-16.0, -10.499999999999996]]], "node_id": [0, 1, 2, 3, 4]}