{"corners": [[[0.0, 0.0], [8.85936, -0.30019], [7.24943, 5.79927], [0.0, 6.0], [0.0, 0.0]], [[14.0, -1.0], [14.0, 7.0], [8.0, 7.0], [8.0, -0.9999999999999997], [14.0, -1.0]], [[8.0, -0.9999999999999992], [7.999999999999997, -17.0], [13.999999999999996, -17.0], [14.0, -1.0000000000000002], [8.0, -0.9999999999999992]], [[8.000000000000002, 21.0], [-0.6899599999999982, 21.1609], [-0.50126, 5.300200000000002], [8.0, 6.0], [8.000000000000002, 21.0]], [[12.000000000000002, 27.0], [-4.778059999999998, 27.565560000000005], [-3.9999999999999982, 21.0], [12.000000000000002, 21.0], [12.000000000000002, 27.0]], [[28.999999999999996, -13.000000000000007], [29.65005, -5.753780000000007], [14.119019999999999, -4.728040000000002], [13.999999999999996, -13.000000000000002], [28.999999999999996, -13.000000000000007]], [[12.0, 16.5], [20.0, 16.499999999999996], [20.000000000000004, 31.5], [12.000000000000004, 31.5], [12.0, 16.5]], [[-4.898425415289509e-16, -5.0], [0.9754600000000004, 10.71122], [-6.0, 11.0], [-6.000000000000001, -5.0], [-4.898425415289509e-16, -5.0]], [[24.499999999999993, -29.000000000000007], [24.320129999999995, -13.095740000000006], [18.94594, -13.020570000000003], [18.499999999999993, -29.000000000000004], [24.499999999999993, -29.000000000000007]]], "node_id": [0, 1, 2, 3, 4, 5, 6, 7, 8]}