{"corners": [[[0.4304, 0.114035], [16.4304, 0.114035], [16.4304, 6.114035], [0.4304, 6.114035], [0.4304, 0.114035]], [[5.174045, 22.362265], [5.174045, 6.362265], [11.174045, 6.362265], [11.174045, 22.362265], [5.174045, 22.362265]], [[12.317929999999999, 28.194325], [4.317929999999998, 28.194325], [4.317929999999999, 22.194325], [12.317929999999999, 22.194325], [12.317929999999999, 28.194325]], [[4.144164999999997, 28.303485], [-3.8558350000000017, 28.303485], [-3.8558350000000017, 22.303485], [4.144164999999998, 22.303485], [4.144164999999997, 28.303485]], [[19.131835, 17.493035], [11.131835, 17.493035], [11.131835, 11.493035], [19.131835, 11.493035], [19.131835, 17.493035]], [[16.46323, 0.44528], [32.46323, 0.44528], [32.46323, 6.44528], [16.46323, 6.44528], [16.46323, 0.44528]], [[12.449035, 33.162315], [12.449035000000002, 17.162315], [18.449035, 17.162315], [18.449035, 33.162315], [12.449035, 33.162315]], [[12.488865, 0.4575899999999995], [4.488865, 0.4575900000000005], [4.488865, -5.54241], [12.488865, -5.542410000000001], [12.488865, 0.4575899999999995]], [[32.17953, 11.41744], [32.17953, -4.58256], [38.17953, -4.58256], [38.17953, 11.41744], [32.17953, 11.41744]]], "node_id": [0, 1, 2, 3, 4, 5, 6, 7, 8]}