{"corners": [[[0.0, 0.0], [8.06181, 0.00325], [7.99144, 15.23957], [0.0, 15.0], [0.0, 0.0]], [[1.0, -1.836909530733566e-16], [1.4250600000000009, -16.12395], [7.000000000000001, -16.0], [7.0, 1.836909530733566e-16], [1.0, -1.836909530733566e-16]], [[8.0, 4.5], [15.91492, 4.55855], [16.0, 10.5], [8.0, 10.5], [8.0, 4.5]], [[-7.0, -11.0], [1.0, -11.0], [1.0, -5.0], [-7.0, -5.0], [-7.0, -11.0]], [[0.0, -5.0], [4.898425415289509e-16, 3.0], [-5.999999999999999, 3.0], [-6.0, -5.0], [0.0, -5.0]], [[-7.0, -5.0], [-23.56955, -4.855799999999999], [-22.54896, -10.774009999999999], [-7.000000000000001, -11.0], [-7.0, -5.0]], [[8.0, -16.0], [0.0, -16.0], [8.881784197001252e-16, -22.0], [8.0, -22.0], [8.0, -16.0]], [[8.0, 21.0], [0.0, 21.0], [0.0, 15.0], [7.999999999999999, 15.0], [8.0, 21.0]], [[23.0, -4.999999999999998], [6.24252, -4.53953], [7.0, -11.0], [23.0, -10.999999999999998], [23.0, -4.999999999999998]]], "node_id": [0, 1, 2, 3, 4, 5, 6, 7, 8]}