{"corners": [[[0.022985, 0.044045], [8.022985, 0.044045], [8.022985, 15.044045], [0.022985, 15.044045], [0.022985, 0.044045]], [[7.43407, 15.213615], [7.434070000000001, 31.213615], [1.4340700000000008, 31.213615], [1.43407, 15.213615], [7.43407, 15.213615]], [[1.1312200000000017, 30.944715], [-6.868779999999998, 30.944715], [-6.86878, 15.944715000000002], [1.13122, 15.944715], [1.1312200000000017, 30.944715]], [[-3.414455, 0.20899999999999952], [-3.4144549999999994, -7.791], [11.585545, -7.791], [11.585545, 0.20900000000000046], [-3.414455, 0.20899999999999952]], [[-18.459395, 0.17401999999999823], [-18.459395, -7.825980000000002], [-3.4593949999999998, -7.82598], [-3.4593949999999998, 0.17401999999999915], [-18.459395, 0.17401999999999823]], [[-6.966900000000002, 15.099909999999998], [-14.966900000000003, 15.099909999999996], [-14.9669, 0.09990999999999645], [-6.9669, 0.09990999999999822], [-6.966900000000002, 15.099909999999998]], [[-6.615134999999999, 30.698055], [1.3848650000000018, 30.698054999999997], [1.3848650000000053, 45.698055], [-6.615134999999995, 45.698055], [-6.615134999999999, 30.698055]], [[-7.807645000000002, 15.364929999999998], [-7.807645000000005, 31.36493], [-13.807645000000004, 31.364929999999998], [-13.807645000000003, 15.364929999999996], [-7.807645000000002, 15.364929999999998]], [[-19.593865000000005, 31.049424999999996], [-19.593865000000005, 15.049424999999996], [-13.593865000000003, 15.049424999999996], [-13.593865000000003, 31.049424999999996], [-19.593865000000005, 31.049424999999996]]], "node_id": [0, 1, 2, 3, 4, 5, 6, 7, 8]}