{"corners": [[[0.143075, 0.465525], [8.143075, 0.465525], [8.143075, 15.465525], [0.143075, 15.465525], [0.143075, 0.465525]], [[24.255415, 10.716334999999999], [8.255415, 10.716335], [8.255415, 4.716335], [24.255415, 4.716334999999998], [24.255415, 10.716334999999999]], [[7.299979999999999, -15.92482], [7.29998, 0.07518], [1.2999800000000001, 0.07518], [1.2999799999999992, -15.92482], [7.299979999999999, -15.92482]], [[15.15148, -4.885300000000001], [7.15148, -4.8853], [7.15148, -10.8853], [15.15148, -10.8853], [15.15148, -4.885300000000001]], [[40.02917, 10.511514999999996], [24.02917, 10.511514999999997], [24.02917, 4.511514999999998], [40.02917, 4.511514999999997], [40.02917, 10.511514999999996]]], "node_id": [0, 1, 2, 3, 4]}