{"corners": [[[0.300055, 0.39039], [8.300055, 0.39039], [8.300055, 15.39039], [0.300055, 15.39039], [0.300055, 0.39039]], [[7.1862699999999995, -15.618575], [7.18627, 0.381425], [1.18627, 0.381425], [1.186269999999999, -15.618575], [7.1862699999999995, -15.618575]], [[12.03595, -15.729925], [-3.96405, -15.729924999999998], [-3.96405, -21.729925], [12.03595, -21.729925], [12.03595, -15.729925]], [[12.057375, -14.73038], [12.057374999999999, -22.73038], [18.057375, -22.73038], [18.057375, -14.730380000000002], [12.057375, -14.73038]], [[12.223094999999999, -22.73303], [12.223094999999995, -38.73303], [18.223094999999997, -38.73303], [18.223095, -22.73303], [12.223094999999999, -22.73303]], [[18.366349999999997, -26.0306], [26.366349999999997, -26.030600000000003], [26.36635, -11.030600000000002], [18.36635, -11.0306], [18.366349999999997, -26.0306]], [[-3.7586099999999996, -15.943335], [-11.758610000000001, -15.943334999999998], [-11.758610000000001, -21.943335], [-3.75861, -21.943335], [-3.7586099999999996, -15.943335]], [[7.663804999999995, -38.654695], [7.663804999999993, -46.654695], [22.663804999999993, -46.654695], [22.663804999999993, -38.654695], [7.663804999999995, -38.654695]], [[-11.99307, -26.876825], [-11.993069999999998, -10.876825], [-17.99307, -10.876825], [-17.99307, -26.876825], [-11.99307, -26.876825]]], "node_id": [0, 1, 2, 3, 4, 5, 6, 7, 8]}