{"corners": [[[0.0, 0.0], [7.24852, 0.10146], [7.53934, 14.70161], [0.0, 15.0], [0.0, 0.0]], [[6.999999999999999, -16.0], [7.0, 0.0], [1.0, 0.0], [0.9999999999999991, -16.0], [6.999999999999999, -16.0]], [[12.0, -16.0], [-4.93001, -15.770719999999999], [-4.29319, -21.06716], [12.0, -22.0], [12.0, -16.0]], [[12.0, -15.0], [11.999999999999998, -23.0], [18.0, -23.0], [18.0, -15.000000000000002], [12.0, -15.0]], [[11.999999999999998, -23.0], [11.815279999999994, -38.44349], [18.759489999999996, -39.57685], [18.0, -23.0], [11.999999999999998, -23.0]], [[17.999999999999996, -26.5], [26.381209999999996, -27.47227], [26.0, -11.500000000000002], [18.0, -11.5], [17.999999999999996, -26.5]], [[-3.9999999999999996, -16.0], [-12.0, -15.999999999999998], [-12.0, -22.0], [-4.0, -22.0], [-3.9999999999999996, -16.0]], [[7.499999999999995, -39.0], [8.127939999999994, -47.0408], [22.499999999999993, -47.0], [22.499999999999993, -39.0], [7.499999999999995, -39.0]], [[-12.0, -27.0], [-11.489909999999998, -10.45458], [-18.0, -11.0], [-18.0, -27.0], [-12.0, -27.0]]], "node_id": [0, 1, 2, 3, 4, 5, 6, 7, 8]}