{"corners": [[[0.198475, 0.199025], [16.198475, 0.199025], [16.198475, 6.199025], [0.198475, 6.199025], [0.198475, 0.199025]], [[-5.73247, 7.22984], [-5.732469999999999, -0.77016], [0.2675300000000009, -0.77016], [0.26753, 7.22984], [-5.73247, 7.22984]], [[-13.798495, -4.2699], [-5.798495, -4.2699], [-5.798495, 10.7301], [-13.798495, 10.7301], [-13.798495, -4.2699]], [[-13.81609, -0.81402], [-13.81609, 7.18598], [-28.81609, 7.185980000000002], [-28.81609, -0.8140199999999991], [-13.81609, -0.81402]], [[-5.922905, -4.189095000000001], [-13.922905, -4.189095], [-13.922905, -10.189095], [-5.922905000000001, -10.189095], [-5.922905, -4.189095000000001]]], "node_id": [0, 1, 2, 3, 4]}