{"corners": [[[0.0, 0.0], [16.30183, 0.42925], [16.0, 6.0], [0.0, 6.0], [0.0, 0.0]], [[-6.0, 7.0], [-6.080639999999999, -1.19398], [8.881784197001252e-16, -1.0], [0.0, 7.0], [-6.0, 7.0]], [[-14.0, -4.5], [-5.18848, -4.52996], [-6.0, 10.5], [-14.0, 10.5], [-14.0, -4.5]], [[-14.0, -1.0], [-14.0, 7.0], [-29.0, 7.000000000000002], [-29.0, -0.9999999999999991], [-14.0, -1.0]], [[-6.0, -4.500000000000001], [-14.0, -4.5], [-14.0, -10.5], [-6.000000000000001, -10.5], [-6.0, -4.500000000000001]]], "node_id": [0, 1, 2, 3, 4]}