{"corners": [[[0.0, 0.0], [8.02666, 0.54602], [8.0, 15.0], [0.0, 15.0], [0.0, 0.0]], [[-8.0, 4.5], [0.46194, 5.38651], [-0.41639, 9.75296], [-8.0, 10.5], [-8.0, 4.5]], [[-8.0, 10.5], [0.72621, 10.61858], [0.0, 25.5], [-8.0, 25.5], [-8.0, 10.5]], [[0.0, -6.0], [7.1266300000000005, -6.16212], [8.0, 0.0], [0.0, 0.0], [0.0, -6.0]], [[8.881784197001252e-16, 31.5], [-7.999999999999999, 31.5], [-7.999999999999999, 25.5], [1.5341460740669888e-16, 25.5], [8.881784197001252e-16, 31.5]], [[24.0, 10.499999999999998], [7.83578, 9.87046], [8.0, 4.5], [24.0, 4.499999999999998], [24.0, 10.499999999999998]], [[-8.0, -0.5], [-7.082979999999999, 15.58631], [-14.0, 15.5], [-14.0, -0.4999999999999996], [-8.0, -0.5]], [[-0.9999999999999991, 31.5], [-1.781489999999998, 48.34883], [-6.999999999999998, 47.5], [-6.999999999999999, 31.5], [-0.9999999999999991, 31.5]], [[14.000000000000002, 35.5], [14.461700000000002, 44.37208], [-0.5804199999999982, 44.42966], [-0.9999999999999982, 35.5], [14.000000000000002, 35.5]]], "node_id": [0, 1, 2, 3, 4, 5, 6, 7, 8]}