{"corners": [[[0.10034, 0.187595], [8.10034, 0.187595], [8.10034, 6.187595], [0.10034, 6.187595], [0.10034, 0.187595]], [[0.3152549999999998, -0.5452250000000001], [0.31525500000000023, 7.454775], [-5.6847449999999995, 7.454775], [-5.684745, -0.5452249999999996], [0.3152549999999998, -0.5452250000000001]], [[-11.878544999999999, 11.445535000000001], [-11.878545000000003, -4.554464999999999], [-5.878545000000001, -4.554464999999999], [-5.878544999999998, 11.445535], [-11.878544999999999, 11.445535000000001]], [[-0.7944900000000018, -4.508884999999999], [-16.79449, -4.508884999999998], [-16.79449, -10.508884999999996], [-0.7944900000000025, -10.508885], [-0.7944900000000018, -4.508884999999999]], [[8.29205, 0.4630949999999995], [0.29205, 0.4630950000000005], [0.29205, -5.536905], [8.29205, -5.536905000000001], [8.29205, 0.4630949999999995]], [[-5.661285000000002, -18.80492], [-5.661285000000001, -10.80492], [-11.661285, -10.80492], [-11.661285000000001, -18.80492], [-5.661285000000002, -18.80492]], [[8.09656, 0.458035], [24.09656, 0.458035], [24.09656, 6.458035], [8.09656, 6.458035], [8.09656, 0.458035]], [[24.17496, 12.10683], [8.17496, 12.106830000000002], [8.17496, 6.106830000000002], [24.17496, 6.10683], [24.17496, 12.10683]], [[-22.759825, -3.9419699999999964], [-22.759825, -11.941969999999996], [-16.759825, -11.941969999999998], [-16.759825, -3.9419699999999973], [-22.759825, -3.9419699999999964]]], "node_id": [0, 1, 2, 3, 4, 5, 6, 7, 8]}