{"corners": [[[0.0, 0.0], [8.0, 0.0], [8.0, 6.0], [0.0, 6.0], [0.0, 0.0]], [[-2.4492127076447545e-16, -1.0], [2.4492127076447545e-16, 7.0], [-5.999999999999999, 7.0], [-6.0, -0.9999999999999997], [-2.4492127076447545e-16, -1.0]], [[-11.999999999999998, 11.000000000000002], [-11.965670000000001, -5.132169999999999], [-6.000000000000001, -4.999999999999998], [-5.999999999999998, 11.0], [-11.999999999999998, 11.000000000000002]], [[-1.0000000000000018, -4.999999999999999], [-17.0, -4.999999999999997], [-17.0, -10.999999999999996], [-1.0000000000000024, -11.0], [-1.0000000000000018, -4.999999999999999]], [[8.0, -4.898425415289509e-16], [0.0, 4.898425415289509e-16], [0.0, -6.0], [7.999999999999999, -6.000000000000001], [8.0, -4.898425415289509e-16]], [[-6.000000000000002, -19.0], [-6.000000000000001, -11.0], [-12.0, -11.0], [-12.000000000000002, -19.0], [-6.000000000000002, -19.0]], [[8.0, 0.0], [23.3426, -0.53709], [24.0, 6.0], [8.0, 6.0], [8.0, 0.0]], [[24.0, 12.0], [8.0, 12.000000000000002], [8.0, 6.000000000000002], [24.0, 6.0], [24.0, 12.0]], [[-23.0, -3.9999999999999964], [-23.0, -11.999999999999996], [-17.0, -11.999999999999998], [-17.0, -3.9999999999999973], [-23.0, -3.9999999999999964]]], "node_id": [0, 1, 2, 3, 4, 5, 6, 7, 8]}