{"corners": [[[0.477145, 0.376185], [8.477145, 0.376185], [8.477145, 15.376185], [0.477145, 15.376185], [0.477145, 0.376185]], [[8.40308, 0.25675], [16.40308, 0.25675], [16.40308, 15.25675], [8.40308, 15.25675], [8.40308, 0.25675]], [[1.061135, 0.05559499999999982], [1.0611350000000008, -15.944405], [7.061135000000001, -15.944405], [7.061135, 0.05559500000000018], [1.061135, 0.05559499999999982]], [[-4.64466, 0.010085], [-4.644659999999999, -15.989915], [1.3553400000000009, -15.989915], [1.35534, 0.010085000000000368], [-4.64466, 0.010085]], [[16.397945, 0.1757449999999995], [8.397945, 0.1757450000000005], [8.397944999999998, -14.824254999999999], [16.397945, -14.824255], [16.397945, 0.1757449999999995]], [[16.123234999999998, -3.109915000000001], [16.123234999999998, -11.109915], [31.123234999999998, -11.109915000000004], [31.123235, -3.1099150000000035], [16.123234999999998, -3.109915000000001]], [[-3.691305, 15.22047], [12.308695, 15.22047], [12.308695, 21.22047], [-3.691305, 21.22047], [-3.691305, 15.22047]], [[39.34116, 0.4284449999999956], [31.34116, 0.4284449999999966], [31.34116, -14.571555000000004], [39.34116, -14.571555000000004], [39.34116, 0.4284449999999956]], [[43.43908, 6.297454999999996], [27.43908, 6.297454999999998], [27.43908, 0.29745499999999736], [43.43908, 0.2974549999999956], [43.43908, 6.297454999999996]]], "node_id": [0, 1, 2, 3, 4, 5, 6, 7, 8]}