{"corners": [[[0.0, 0.0], [8.224, 0.08779], [7.9003, 14.95006], [0.0, 15.0], [0.0, 0.0]], [[1.0, -1.836909530733566e-16], [1.8456300000000008, -15.8981], [7.000000000000001, -16.0], [7.0, 1.836909530733566e-16], [1.0, -1.836909530733566e-16]], [[-2.4492127076447545e-16, 3.5], [2.4492127076447545e-16, 11.5], [-15.0, 11.500000000000002], [-15.0, 3.500000000000001], [-2.4492127076447545e-16, 3.5]], [[-4.0, 15.0], [11.81027, 15.09641], [12.0, 21.0], [-4.0, 21.0], [-4.0, 15.0]], [[12.0, 10.5], [19.79416, 11.46956], [20.25605, 25.11285], [12.0, 25.5], [12.0, 10.5]]], "node_id": [0, 1, 2, 3, 4]}