{"corners": [[[0.0, 0.0], [15.84859, 0.50763], [16.0, 6.0], [0.0, 6.0], [0.0, 0.0]], [[12.0, -4.898425415289509e-16], [4.1212, 0.7223400000000004], [3.9999999999999982, -14.999999999999998], [11.999999999999998, -15.0], [12.0, -4.898425415289509e-16]], [[15.999999999999998, -15.000000000000002], [0.3247699999999982, -14.74753], [-1.7763568394002505e-15, -21.0], [15.999999999999998, -21.0], [15.999999999999998, -15.000000000000002]], [[15.5, 5.999999999999999], [15.98919, 13.83944], [0.5, 14.0], [0.5, 6.0], [15.5, 5.999999999999999]], [[15.999999999999998, -21.0], [32.0, -21.000000000000004], [32.0, -15.000000000000004], [16.0, -15.0], [15.999999999999998, -21.0]], [[11.999999999999998, -21.0], [3.9999999999999982, -21.0], [3.9999999999999964, -36.0], [11.999999999999996, -36.0], [11.999999999999998, -21.0]], [[28.000000000000007, -3.552713678800501e-15], [20.39233000000001, -0.7739100000000007], [20.0, -15.0], [28.0, -15.000000000000004], [28.000000000000007, -3.552713678800501e-15]], [[20.0, -4.500000000000002], [11.19736, -3.7669200000000007], [12.0, -10.5], [20.0, -10.500000000000002], [20.0, -4.500000000000002]], [[28.0, -21.000000000000004], [20.99955, -20.02788], [20.0, -27.0], [27.999999999999996, -27.000000000000004], [28.0, -21.000000000000004]]], "node_id": [0, 1, 2, 3, 4, 5, 6, 7, 8]}