{"corners": [[[0.0, 0.0], [16.04921, 0.45897], [16.0, 6.0], [0.0, 6.0], [0.0, 0.0]], [[4.999999999999999, 22.0], [5.0, 6.0], [11.0, 6.0], [11.0, 22.0], [4.999999999999999, 22.0]], [[11.0, 6.5], [18.02913, 7.3737200000000005], [18.8946, 21.58572], [11.0, 21.5], [11.0, 6.5]], [[-8.0, -4.5], [-0.94874, -3.7135], [0.68462, 10.17535], [-8.0, 10.5], [-8.0, -4.5]], [[-8.881784197001252e-16, 22.0], [16.48321, 22.51184], [15.359539999999999, 28.81941], [-8.881784197001252e-16, 28.0], [-8.881784197001252e-16, 22.0]], [[12.0, -4.898425415289509e-16], [4.0, 4.898425415289509e-16], [4.0, -6.0], [12.0, -6.000000000000001], [12.0, -4.898425415289509e-16]], [[8.881784197001252e-16, 16.5], [-7.326289999999999, 16.33267], [-7.999999999999999, 10.5], [1.5341460740669888e-16, 10.5], [8.881784197001252e-16, 16.5]], [[4.999999999999998, 44.0], [4.999999999999999, 28.0], [11.0, 28.0], [10.999999999999998, 44.0], [4.999999999999998, 44.0]], [[24.0, 28.0], [16.19671, 28.83301], [15.73686, 22.30399], [24.0, 22.0], [24.0, 28.0]]], "node_id": [0, 1, 2, 3, 4, 5, 6, 7, 8]}