{"corners": [[[0.03167, 0.24886], [16.03167, 0.24886], [16.03167, 6.24886], [0.03167, 6.24886], [0.03167, 0.24886]], [[11.092565, 6.466525], [11.092565, 14.466525], [5.0925650000000005, 14.466525], [5.092565, 6.466525], [11.092565, 6.466525]], [[-2.929085, 7.133025], [5.070915, 7.133025], [5.070915, 13.133025], [-2.929085, 13.133025], [-2.929085, 7.133025]], [[-8.61022, 14.36001], [-8.61022, 6.36001], [-2.610219999999999, 6.36001], [-2.61022, 14.36001], [-8.61022, 14.36001]], [[4.397585, 13.47189], [4.397585000000001, 21.47189], [-1.602414999999999, 21.47189], [-1.602415, 13.47189], [4.397585, 13.47189]], [[-1.62972, 6.183865000000001], [-9.62972, 6.183865], [-9.62972, 0.183865], [-1.6297199999999994, 0.1838650000000009], [-1.62972, 6.183865000000001]], [[-13.35769, 0.10896499999999955], [-13.35769, -7.891035], [1.64231, -7.891035], [1.64231, 0.10896500000000046], [-13.35769, 0.10896499999999955]], [[-24.55843, 7.315765], [-8.55843, 7.315765], [-8.55843, 13.315765], [-24.55843, 13.315765], [-24.55843, 7.315765]], [[-2.86864, -23.64338], [-2.868639999999999, -7.64338], [-8.86864, -7.64338], [-8.86864, -23.64338], [-2.86864, -23.64338]]], "node_id": [0, 1, 2, 3, 4, 5, 6, 7, 8]}