{"corners": [[[0.234535, 0.123285], [16.234535, 0.123285], [16.234535, 6.123285], [0.234535, 6.123285], [0.234535, 0.123285]], [[32.27188, 6.286969999999998], [16.27188, 6.28697], [16.27188, 0.28697], [32.27188, 0.2869699999999982], [32.27188, 6.286969999999998]], [[32.006555, 12.108364999999997], [16.006555, 12.108365], [16.006555, 6.108365], [32.006555, 6.108364999999998], [32.006555, 12.108364999999997]], [[28.13974, 18.458175], [20.13974, 18.458175], [20.13974, 12.458175], [28.13974, 12.458175], [28.13974, 18.458175]], [[11.382865, -7.9202], [11.382865, 0.0798], [5.382865000000001, 0.0798], [5.382865, -7.9202], [11.382865, -7.9202]]], "node_id": [0, 1, 2, 3, 4]}