{"corners": [[[0.0, 0.0], [8.53143, -0.76527], [8.0, 15.0], [0.0, 15.0], [0.0, 0.0]], [[8.0, -4.898425415289509e-16], [-0.5104, 0.3693700000000005], [0.0, -6.0], [7.999999999999999, -6.000000000000001], [8.0, -4.898425415289509e-16]], [[8.0, 21.0], [0.0, 21.0], [0.0, 15.0], [7.999999999999999, 15.0], [8.0, 21.0]], [[8.000000000000002, 36.0], [1.7763568394002505e-15, 36.0], [0.0, 21.0], [8.0, 21.0], [8.000000000000002, 36.0]], [[7.000000000000002, 36.0], [6.6634100000000025, 44.39303], [1.0000000000000027, 44.0], [1.0000000000000018, 36.0], [7.000000000000002, 36.0]], [[7.999999999999999, 25.5], [24.12699, 25.492419999999996], [24.0, 31.499999999999996], [8.0, 31.5], [7.999999999999999, 25.5]], [[3.673819061467132e-16, 21.0], [-15.99732, 21.874860000000005], [-15.00704, 15.650210000000001], [-3.673819061467132e-16, 15.0], [3.673819061467132e-16, 21.0]], [[-8.0, 25.5], [-0.60468, 26.056889999999996], [1.7763568394002505e-15, 31.5], [-7.999999999999998, 31.5], [-8.0, 25.5]], [[1.0000000000000022, 43.0], [-6.910779999999998, 42.89027], [-7.681659999999998, 37.9182], [1.0000000000000016, 37.0], [1.0000000000000022, 43.0]], [[7.000000000000003, 44.0], [7.000000000000001, 36.0], [13.0, 36.0], [13.000000000000004, 44.0], [7.000000000000003, 44.0]]], "node_id": [0, 1, 2, 3, 4, 5, 6, 7, 8, 9]}