{"corners": [[[0.0, 0.0], [7.36263, -0.64534], [8.0, 15.0], [0.0, 15.0], [0.0, 0.0]], [[0.0, -15.0], [7.58414, -14.76823], [8.0, 0.0], [0.0, 0.0], [0.0, -15.0]], [[11.5, 15.0], [10.89135, 22.92038], [-2.5668800000000003, 22.07277], [-3.5, 15.000000000000002], [11.5, 15.0]], [[19.5, 22.0], [11.5, 22.0], [11.5, 16.0], [19.5, 16.0], [19.5, 22.0]], [[11.499999999999996, 1.0000000000000018], [19.499999999999996, 0.9999999999999998], [19.5, 16.0], [11.5, 16.0], [11.499999999999996, 1.0000000000000018]], [[11.5, 23.0], [10.96364, 30.77651], [-3.65749, 31.75566], [-3.5, 23.0], [11.5, 23.0]], [[-8.0, -10.5], [0.0, -10.5], [0.0, -4.5], [-8.0, -4.5], [-8.0, -10.5]], [[19.5, 5.5], [35.23035, 6.277479999999996], [36.02831, 10.781799999999997], [19.5, 11.5], [19.5, 5.5]], [[30.5, 11.499999999999996], [30.500000000000004, 27.499999999999996], [24.500000000000007, 27.5], [24.5, 11.499999999999998], [30.5, 11.499999999999996]], [[-18.5, 23.000000000000004], [-19.45846, 14.785070000000003], [-3.5000000000000018, 15.0], [-3.5, 23.0], [-18.5, 23.000000000000004]]], "node_id": [0, 1, 2, 3, 4, 5, 6, 7, 8, 9]}