{"corners": [[[0.0, 0.0], [7.02302, -0.29887], [8.0, 15.0], [0.0, 15.0], [0.0, 0.0]], [[-3.500000000000001, 23.0], [-4.363440000000001, 14.26192], [12.08743, 15.85792], [11.5, 23.0], [-3.500000000000001, 23.0]], [[1.0, -1.836909530733566e-16], [1.3105800000000005, -8.2424], [6.917800000000001, -8.6726], [7.0, 1.836909530733566e-16], [1.0, -1.836909530733566e-16]], [[-2.4492127076447545e-16, 3.5], [0.9815200000000002, 11.73691], [-5.812359999999999, 11.84443], [-6.0, 3.5000000000000004], [-2.4492127076447545e-16, 3.5]], [[-21.0, 11.500000000000004], [-21.89649, 4.276350000000003], [-6.000000000000002, 3.5], [-6.0, 11.5], [-21.0, 11.500000000000004]], [[7.0, -7.0], [14.78659, -7.75233], [14.430250000000001, -1.09863], [7.0, -1.0], [7.0, -7.0]], [[-14.0, -8.881784197001252e-16], [-13.95136, -7.43138], [0.63966, -8.17616], [1.0, 3.027634566665771e-17], [-14.0, -8.881784197001252e-16]], [[-27.0, 15.500000000000005], [-26.851760000000002, -0.9946299999999947], [-21.983450000000005, -0.6740899999999946], [-21.0, 15.500000000000004], [-27.0, 15.500000000000005]], [[-27.0, 3.5000000000000053], [-26.029659999999996, 11.792160000000006], [-32.24631, 11.766580000000006], [-33.0, 3.500000000000007], [-27.0, 3.5000000000000053]], [[-16.000000000000004, -0.49999999999999567], [-32.05428, -0.45749999999999375], [-32.55355, -6.695239999999994], [-16.000000000000004, -6.499999999999996], [-16.000000000000004, -0.49999999999999567]]], "node_id": [0, 1, 2, 3, 4, 5, 6, 7, 8, 9]}