{"corners": [[[0.0, 0.0], [15.35797, 0.38626], [16.0, 6.0], [0.0, 6.0], [0.0, 0.0]], [[-4.898425415289509e-16, -5.0], [0.5136800000000005, 10.45719], [-6.87688, 11.26049], [-6.000000000000001, -5.0], [-4.898425415289509e-16, -5.0]], [[4.5, 11.0], [4.526070000000001, 19.33791], [-10.5, 19.0], [-10.5, 11.000000000000002], [4.5, 11.0]], [[16.0, 7.0], [16.0, -1.0], [22.0, -1.0], [22.0, 7.0], [16.0, 7.0]], [[-6.000000000000001, -5.0], [-6.0, 11.0], [-12.0, 11.0], [-12.0, -5.0], [-6.000000000000001, -5.0]], [[-12.0, 6.0], [-19.1802, 5.243460000000001], [-19.00871, -0.5503499999999991], [-12.0, 0.0], [-12.0, 6.0]], [[22.0, 4.440892098500626e-16], [38.0, 4.440892098500626e-16], [38.0, 6.0], [22.0, 6.0], [22.0, 4.440892098500626e-16]], [[-5.9999999999999964, 35.0], [-6.714599999999999, 18.98063], [0.6715500000000009, 19.09479], [3.552713678800501e-15, 35.0], [-5.9999999999999964, 35.0]], [[-1.5000000000000009, -13.0], [-1.5000000000000004, -5.0], [-16.5, -4.999999999999998], [-16.5, -12.999999999999998], [-1.5000000000000009, -13.0]], [[-13.0, 6.000000000000001], [-12.895529999999999, 22.43857], [-18.34128, 21.53501], [-19.0, 6.000000000000001], [-13.0, 6.000000000000001]]], "node_id": [0, 1, 2, 3, 4, 5, 6, 7, 8, 9]}