{"corners": [[[0.0, 0.0], [16.0, 0.0], [16.0, 6.0], [0.0, 6.0], [0.0, 0.0]], [[-6.000000000000001, 11.0], [-5.05936, -5.31824], [0.0, -5.0], [-8.881784197001252e-16, 11.0], [-6.000000000000001, 11.0]], [[12.000000000000002, 21.0], [3.1296000000000017, 21.00846], [4.41086, 6.649740000000001], [12.0, 6.0], [12.000000000000002, 21.0]], [[5.000000000000005, 37.0], [5.899360000000002, 20.93499], [10.339320000000004, 20.75921], [11.000000000000005, 37.0], [5.000000000000005, 37.0]], [[32.0, 5.999999999999998], [16.0, 6.0], [16.0, 0.0], [32.0, -1.7763568394002505e-15], [32.0, 5.999999999999998]], [[27.0, 9.5], [27.0, 17.5], [12.0, 17.5], [12.0, 9.500000000000002], [27.0, 9.5]], [[-21.0, 6.999999999999999], [-21.09972, -1.3323200000000008], [-6.9186, -0.5681499999999999], [-6.0, 7.0], [-21.0, 6.999999999999999]], [[-17.5, 7.0], [-9.25574, 6.01038], [-9.5, 22.0], [-17.5, 22.0], [-17.5, 7.0]], [[11.000000000000002, 21.5], [19.0, 21.499999999999996], [19.000000000000007, 36.5], [11.000000000000005, 36.5], [11.000000000000002, 21.5]], [[4.000000000000005, 37.0], [11.615980000000006, 36.12919], [12.000000000000007, 43.0], [4.000000000000007, 43.0], [4.000000000000005, 37.0]]], "node_id": [0, 1, 2, 3, 4, 5, 6, 7, 8, 9]}