{"corners": [[[0.0, 0.0], [7.17535, -0.06787], [7.11655, 6.81029], [0.0, 6.0], [0.0, 0.0]], [[-15.0, 6.999999999999999], [-15.55588, -1.6855300000000009], [-0.7927, -1.2359], [0.0, 7.0], [-15.0, 6.999999999999999]], [[23.0, -1.0000000000000009], [22.7253, 6.529749999999999], [8.0, 7.000000000000001], [8.0, -1.0], [23.0, -1.0000000000000009]], [[11.5, 6.999999999999999], [19.5, 6.999999999999999], [19.5, 13.0], [11.5, 13.0], [11.5, 6.999999999999999]], [[-3.5000000000000018, 22.0], [-11.824330000000002, 22.53601], [-11.5, 6.999999999999998], [-3.5, 7.0], [-3.5000000000000018, 22.0]], [[11.5, 13.0], [3.5, 13.000000000000002], [3.5, 7.000000000000001], [11.5, 7.0], [11.5, 13.0]], [[11.500000000000002, 28.0], [2.7366900000000016, 28.78487], [2.6624600000000003, 12.039910000000003], [11.5, 13.0], [11.500000000000002, 28.0]], [[-15.000000000000004, 30.0], [-15.783260000000004, 22.20601], [0.21608999999999645, 21.60086], [-3.552713678800501e-15, 30.0], [-15.000000000000004, 30.0]], [[11.5, 24.5], [11.499999999999998, 16.5], [17.5, 16.5], [17.5, 24.5], [11.5, 24.5]], [[-21.000000000000004, 30.0], [-20.542310000000004, 22.0203], [-14.628710000000003, 22.15956], [-15.000000000000004, 30.0], [-21.000000000000004, 30.0]]], "node_id": [0, 1, 2, 3, 4, 5, 6, 7, 8, 9]}