{"corners": [[[0.0, 0.0], [16.0, 0.0], [16.0, 6.0], [0.0, 6.0], [0.0, 0.0]], [[4.0, -15.0], [12.49431, -15.2008], [12.35603, 0.62294], [4.0, 0.0], [4.0, -15.0]], [[0.4999999999999991, 14.0], [0.4999999999999996, 6.0], [15.5, 6.000000000000001], [15.5, 14.000000000000002], [0.4999999999999991, 14.0]], [[32.0, 5.999999999999998], [15.35702, 6.84833], [16.0, 0.0], [32.0, -1.7763568394002505e-15], [32.0, 5.999999999999998]], [[27.0, -16.0], [27.0, 0.0], [21.0, 0.0], [21.0, -16.0], [27.0, -16.0]]], "node_id": [0, 1, 2, 3, 4]}