{"corners": [[[0.0, 0.0], [15.55027, 0.04667], [15.22816, 6.20666], [0.0, 6.0], [0.0, 0.0]], [[5.0, -1.836909530733566e-16], [5.000000000000001, -8.0], [11.0, -8.0], [11.0, 1.836909530733566e-16], [5.0, -1.836909530733566e-16]], [[-1.0, -4.440892098500626e-16], [-1.8629799999999994, -8.73532], [5.000000000000001, -8.0], [5.0, -7.670730370334944e-17], [-1.0, -4.440892098500626e-16]], [[11.0, -24.0], [10.772280000000002, -8.03704], [5.000000000000001, -8.0], [5.0, -24.0], [11.0, -24.0]], [[-16.0, -8.881784197001252e-16], [-15.59356, -7.81684], [-1.0, -8.0], [-1.0, 3.027634566665771e-17], [-16.0, -8.881784197001252e-16]]], "node_id": [0, 1, 2, 3, 4]}