{"corners": [[[0.0, 0.0], [7.5804, 0.98285], [8.91072, 6.67117], [0.0, 6.0], [0.0, 0.0]], [[0.0, -6.0], [8.0, -6.0], [8.0, 0.0], [0.0, 0.0], [0.0, -6.0]], [[8.0, 0.0], [15.40291, 0.18954], [16.0, 6.0], [8.0, 6.0], [8.0, 0.0]], [[0.0, -21.0], [8.0, -21.0], [8.0, -6.0], [0.0, -6.0], [0.0, -21.0]], [[-3.500000000000001, 14.0], [-3.5000000000000004, 6.0], [11.5, 6.000000000000001], [11.5, 14.000000000000002], [-3.500000000000001, 14.0]], [[8.0, -21.0], [-0.39957, -20.89119], [0.0, -27.0], [7.999999999999999, -27.0], [8.0, -21.0]], [[3.673819061467132e-16, -10.5], [-7.38207, -10.162219999999998], [-8.08393, -15.65407], [-3.673819061467132e-16, -16.5], [3.673819061467132e-16, -10.5]], [[8.0, -9.5], [8.51529, -17.68842], [14.0, -17.5], [14.0, -9.5], [8.0, -9.5]], [[14.0, -16.5], [22.24494, -16.63504], [21.71744, -9.72915], [14.0, -10.5], [14.0, -16.5]], [[11.5, 14.0], [12.25019, 6.14284], [17.5, 6.0], [17.5, 14.0], [11.5, 14.0]]], "node_id": [0, 1, 2, 3, 4, 5, 6, 7, 8, 9]}