{"corners": [[[0.0, 0.0], [8.0, 0.0], [8.0, 6.0], [0.0, 6.0], [0.0, 0.0]], [[8.0, 12.0], [0.23661, 11.393960000000002], [0.0, 6.000000000000001], [7.999999999999999, 6.0], [8.0, 12.0]], [[-3.4999999999999982, 20.0], [-4.03736, 12.42153], [11.5, 11.999999999999996], [11.500000000000002, 19.999999999999996], [-3.4999999999999982, 20.0]], [[11.500000000000002, 19.999999999999996], [12.17137, 12.330219999999997], [17.5, 11.999999999999995], [17.5, 19.999999999999996], [11.500000000000002, 19.999999999999996]], [[9.18454765366783e-16, 10.5], [-7.999999999999999, 10.500000000000002], [-8.0, -4.499999999999998], [-9.18454765366783e-16, -4.5], [9.18454765366783e-16, 10.5]], [[8.0, 0.0], [16.0, 0.0], [16.0, 6.0], [8.0, 6.0], [8.0, 0.0]], [[-8.881784197001252e-16, -4.500000000000001], [-8.41895, -5.3949], [-8.000000000000004, -19.5], [-2.725087950433691e-15, -19.5], [-8.881784197001252e-16, -4.500000000000001]], [[6.999999999999999, -16.0], [7.0, 0.0], [1.0, 0.0], [0.9999999999999991, -16.0], [6.999999999999999, -16.0]], [[-8.881784197001252e-16, -31.0], [7.3846799999999995, -30.02498], [7.999999999999999, -16.0], [-8.881784197001252e-16, -16.0], [-8.881784197001252e-16, -31.0]], [[-8.0, 6.000000000000001], [-15.92601, 5.886030000000002], [-15.38015, 0.06656000000000177], [-8.0, 8.881784197001252e-16], [-8.0, 6.000000000000001]]], "node_id": [0, 1, 2, 3, 4, 5, 6, 7, 8, 9]}