{"corners": [[[0.0, 0.0], [8.04576, -0.9937], [7.01561, 6.74645], [0.0, 6.0], [0.0, 0.0]], [[8.0, -4.898425415289509e-16], [0.63726, -0.2047599999999995], [0.6382799999999982, -15.384929999999999], [7.999999999999998, -15.0], [8.0, -4.898425415289509e-16]], [[8.0, 12.0], [0.41607, 12.627130000000001], [0.0, 6.000000000000001], [7.999999999999999, 6.0], [8.0, 12.0]], [[-8.0, 0.0], [0.28423, -0.5531], [0.14199, 5.75033], [-8.0, 6.0], [-8.0, 0.0]], [[-8.0, -15.0], [-0.38318, -15.12899], [0.0, 0.0], [-8.0, 0.0], [-8.0, -15.0]], [[3.499999999999999, -23.0], [3.4999999999999996, -15.0], [-11.5, -14.999999999999998], [-11.5, -23.0], [3.499999999999999, -23.0]], [[-16.0, 0.0], [-8.7819, 0.27925], [-7.73803, 6.98609], [-16.0, 6.0], [-16.0, 0.0]], [[7.999999999999999, 6.0], [23.20422, 6.251849999999997], [24.0, 11.999999999999996], [8.0, 12.0], [7.999999999999999, 6.0]], [[-11.5, -23.0], [-11.5, -15.0], [-17.5, -15.0], [-17.5, -23.0], [-11.5, -23.0]], [[7.999999999999998, -10.5], [15.999999999999998, -10.500000000000002], [16.0, -4.500000000000002], [8.0, -4.5], [7.999999999999998, -10.5]]], "node_id": [0, 1, 2, 3, 4, 5, 6, 7, 8, 9]}