{"corners": [[[0.0, 0.0], [7.69433, -0.70889], [7.18449, 14.71087], [0.0, 15.0], [0.0, 0.0]], [[8.0, 21.0], [0.0, 21.0], [0.0, 15.0], [7.999999999999999, 15.0], [8.0, 21.0]], [[-15.0, 11.5], [-14.43142, 3.35071], [0.0, 3.500000000000001], [0.0, 11.500000000000002], [-15.0, 11.5]], [[-31.0, 4.5], [-14.10527, 4.18415], [-15.0, 10.5], [-31.0, 10.5], [-31.0, 4.5]], [[7.999999999999998, 10.5], [15.158379999999998, 10.122819999999999], [16.0, 25.5], [8.000000000000002, 25.5], [7.999999999999998, 10.5]], [[-31.0, 15.0], [-39.82055, 15.257870000000002], [-38.47149, -0.06618999999999822], [-31.000000000000004, 0.0], [-31.0, 15.0]], [[8.000000000000002, 25.5], [16.0, 25.499999999999996], [16.000000000000004, 31.5], [8.000000000000004, 31.5], [8.000000000000002, 25.5]], [[16.0, 36.5], [15.999999999999996, 20.5], [21.999999999999996, 20.5], [22.0, 36.5], [16.0, 36.5]], [[-11.5, 11.5], [-3.97635, 11.45171], [-3.83752, 17.77562], [-11.5, 17.5], [-11.5, 11.5]], [[0.0, 21.0], [8.0, 20.999999999999996], [8.000000000000002, 27.0], [1.4695276245868527e-15, 27.0], [0.0, 21.0]]], "node_id": [0, 1, 2, 3, 4, 5, 6, 7, 8, 9]}