{"corners": [[[0.0, 0.0], [16.61848, 0.46576], [16.0, 6.0], [0.0, 6.0], [0.0, 0.0]], [[-6.000000000000001, 11.0], [-6.72265, -5.71005], [0.0, -5.0], [-8.881784197001252e-16, 11.0], [-6.000000000000001, 11.0]], [[31.0, -1.0000000000000009], [31.0, 6.999999999999999], [16.0, 7.000000000000001], [16.0, -1.0], [31.0, -1.0000000000000009]], [[-6.0, 6.0], [-13.87387, 5.176079999999999], [-14.0, -8.881784197001252e-16], [-5.999999999999999, 0.0], [-6.0, 6.0]], [[-30.0, -8.881784197001252e-16], [-14.39513, -0.8200700000000009], [-14.0, 5.999999999999999], [-30.0, 5.999999999999999], [-30.0, -8.881784197001252e-16]]], "node_id": [0, 1, 2, 3, 4]}