{"corners": [[[0.0, 0.0], [8.83914, 0.81545], [7.62869, 15.87421], [0.0, 15.0], [0.0, 0.0]], [[8.0, -4.898425415289509e-16], [-0.48004, 0.5361900000000005], [-0.97009, -5.5736], [7.999999999999999, -6.000000000000001], [8.0, -4.898425415289509e-16]], [[-8.0, 0.0], [-0.50965, -0.96378], [0.0, 15.0], [-8.0, 15.0], [-8.0, 0.0]], [[0.9999999999999991, -5.999999999999999], [1.8349399999999962, -21.56423], [7.229349999999997, -22.39558], [6.999999999999999, -6.0], [0.9999999999999991, -5.999999999999999]], [[0.0, 15.0], [8.28689, 15.14338], [8.0, 21.0], [0.0, 21.0], [0.0, 15.0]]], "node_id": [0, 1, 2, 3, 4]}