{"corners": [[[0.0, 0.0], [7.15941, 0.4258], [8.0, 6.0], [0.0, 6.0], [0.0, 0.0]], [[8.0, 7.0], [7.41549, -0.64325], [22.03547, -0.12120999999999915], [23.0, 7.000000000000001], [8.0, 7.0]], [[29.0, -0.9999999999999991], [28.94064, 6.562520000000001], [23.0, 7.000000000000001], [23.0, -0.9999999999999988], [29.0, -0.9999999999999991]], [[0.0, -15.0], [8.0, -15.0], [8.0, 0.0], [0.0, 0.0], [0.0, -15.0]], [[-8.0, -15.0], [0.32476, -14.39281], [0.0, 0.0], [-8.0, 0.0], [-8.0, -15.0]], [[-1.0000000000000004, -23.0], [-0.20731999999999995, -14.98692], [-6.37145, -15.26581], [-7.0, -23.0], [-1.0000000000000004, -23.0]], [[45.0, 5.999999999999999], [28.87621, 5.108640000000001], [28.28494, -0.5815599999999991], [45.0, -8.881784197001252e-16], [45.0, 5.999999999999999]], [[30.0, 13.0], [21.25764, 12.333050000000002], [22.0, 7.000000000000001], [30.0, 7.0], [30.0, 13.0]], [[-23.0, -22.0], [-6.39621, -21.31325], [-6.80952, -16.84485], [-23.0, -16.0], [-23.0, -22.0]], [[12.5, 15.0], [12.44631, 7.47398], [18.5, 7.0], [18.5, 15.0], [12.5, 15.0]]], "node_id": [0, 1, 2, 3, 4, 5, 6, 7, 8, 9]}