{"corners": [[[0.0, 0.0], [7.00226, 0.08827], [7.87588, 14.47449], [0.0, 15.0], [0.0, 0.0]], [[-4.0, 15.0], [12.0, 15.0], [12.0, 21.0], [-4.0, 21.0], [-4.0, 15.0]], [[0.0, -15.0], [8.0, -15.0], [8.0, 0.0], [0.0, 0.0], [0.0, -15.0]], [[0.0, 21.0], [7.46125, 20.54873], [8.0, 27.0], [0.0, 27.0], [0.0, 21.0]], [[-4.0, 14.0], [-4.167999999999999, 22.71488], [-19.0, 22.0], [-19.0, 14.000000000000002], [-4.0, 14.0]]], "node_id": [0, 1, 2, 3, 4]}