{"corners": [[[0.0, 0.0], [7.84742, 0.76836], [8.63627, 5.7267], [0.0, 6.0], [0.0, 0.0]], [[0.0, 6.0], [7.42723, 5.76134], [7.37232, 20.99732], [0.0, 21.0], [0.0, 6.0]], [[8.0, 7.0], [8.94372, -0.65648], [23.50126, -0.028299999999999104], [23.0, 7.000000000000001], [8.0, 7.0]], [[18.5, 7.000000000000001], [19.20531, 15.96389], [11.779959999999999, 14.84012], [12.5, 7.000000000000001], [18.5, 7.000000000000001]], [[8.0, -0.9999999999999996], [8.386, -8.02751], [23.0, -8.999999999999998], [23.0, -0.9999999999999987], [8.0, -0.9999999999999996]]], "node_id": [0, 1, 2, 3, 4]}