{"corners": [[[0.0, 0.0], [8.80657, 0.29333], [8.0, 15.0], [0.0, 15.0], [0.0, 0.0]], [[0.9999999999999996, 23.0], [1.0, 15.0], [7.0, 15.0], [7.0, 23.0], [0.9999999999999996, 23.0]], [[3.673819061467132e-16, 10.5], [-16.0, 10.500000000000002], [-16.0, 4.500000000000002], [-3.673819061467132e-16, 4.5], [3.673819061467132e-16, 10.5]], [[-15.0, 16.0], [0.18664999999999998, 16.9785], [1.0, 22.0], [-15.0, 22.0], [-15.0, 16.0]], [[8.0, 4.5], [24.0, 4.5], [24.0, 10.5], [8.0, 10.5], [8.0, 4.5]], [[7.999999999999998, 29.0], [-0.4910300000000018, 28.54775], [0.37329999999999913, 23.77539], [7.999999999999999, 23.0], [7.999999999999998, 29.0]], [[8.0, -1.5], [24.1322, -1.65013], [24.32681, 4.61392], [8.0, 4.5], [8.0, -1.5]], [[-1.7763568394002505e-15, 29.0], [7.203759999999998, 28.67266], [7.999999999999998, 44.0], [-1.7763568394002505e-15, 44.0], [-1.7763568394002505e-15, 29.0]], [[11.999999999999998, 50.0], [-3.208070000000002, 50.20624], [-4.000000000000002, 44.0], [11.999999999999998, 44.0], [11.999999999999998, 50.0]], [[23.0, 22.000000000000004], [22.7568, 30.511550000000003], [7.999999999999998, 30.0], [8.0, 22.0], [23.0, 22.000000000000004]]], "node_id": [0, 1, 2, 3, 4, 5, 6, 7, 8, 9]}