{"corners": [[[0.0, 0.0], [16.00168, -0.75717], [16.0, 6.0], [0.0, 6.0], [0.0, 0.0]], [[16.0, 7.0], [16.56728, -0.49078], [22.12517, -1.47785], [22.0, 7.0], [16.0, 7.0]], [[3.673819061467132e-16, 6.0], [-8.0, 6.000000000000001], [-8.0, 8.881784197001252e-16], [-3.673819061467132e-16, 0.0], [3.673819061467132e-16, 6.0]], [[12.000000000000002, 21.0], [4.3498800000000015, 20.41469], [4.0, 6.000000000000002], [12.0, 6.0], [12.000000000000002, 21.0]], [[4.0, -6.0], [12.53866, -5.2777], [12.0, 0.0], [4.0, 0.0], [4.0, -6.0]], [[-8.0, -4.999999999999999], [-7.999999999999999, 11.0], [-14.0, 11.0], [-14.0, -4.999999999999999], [-8.0, -4.999999999999999]], [[4.0, 16.5], [-4.0, 16.5], [-4.0, 10.5], [3.999999999999999, 10.5], [4.0, 16.5]], [[16.0, 27.0], [-0.49749, 27.246600000000004], [0.0, 21.0], [16.0, 21.0], [16.0, 27.0]], [[-30.0, 8.881784197001252e-16], [-13.13265, -0.8860199999999991], [-13.55343, 6.343740000000001], [-30.0, 6.000000000000001], [-30.0, 8.881784197001252e-16]], [[22.0, 4.440892098500626e-16], [29.39323, -0.4901399999999996], [30.40789, 5.16793], [22.0, 6.0], [22.0, 4.440892098500626e-16]]], "node_id": [0, 1, 2, 3, 4, 5, 6, 7, 8, 9]}