{"corners": [[[0.0, 0.0], [15.95257, 0.00266], [16.61716, 5.50589], [0.0, 6.0], [0.0, 0.0]], [[16.0, 11.0], [16.36092, -5.03293], [22.3624, -5.92132], [22.0, 11.0], [16.0, 11.0]], [[9.18454765366783e-16, 10.5], [-8.405149999999999, 9.924030000000002], [-8.0, -4.499999999999998], [-9.18454765366783e-16, -4.5], [9.18454765366783e-16, 10.5]], [[4.0, 6.0], [12.0, 6.0], [12.0, 21.0], [4.0, 21.0], [4.0, 6.0]], [[4.0, 21.0], [12.20267, 21.85262], [12.0, 36.0], [4.0, 36.0], [4.0, 21.0]]], "node_id": [0, 1, 2, 3, 4]}