{"corners": [[[0.12696, 0.096615], [16.12696, 0.096615], [16.12696, 6.096615], [0.12696, 6.096615], [0.12696, 0.096615]], [[31.342835, -0.9647900000000009], [31.342835, 7.035209999999999], [16.342835, 7.035210000000001], [16.342835, -0.96479], [31.342835, -0.9647900000000009]], [[31.33803, -4.463195000000001], [39.33803, -4.463195000000001], [39.33803, 10.536805], [31.33803, 10.536805], [31.33803, -4.463195000000001]], [[16.16941, 12.185285], [0.16941, 12.185285000000002], [0.16941, 6.185285000000002], [16.16941, 6.185285], [16.16941, 12.185285]], [[-7.517810000000002, 1.9590800000000035], [0.48218999999999823, 1.9590800000000015], [0.4821900000000018, 16.95908], [-7.517809999999998, 16.959080000000004], [-7.517810000000002, 1.9590800000000035]], [[5.159170000000003, 28.105085], [5.1591700000000005, 12.105085], [11.15917, 12.105085], [11.159170000000003, 28.105085], [5.159170000000003, 28.105085]], [[-6.971605000000002, 1.8473250000000032], [-6.971605000000005, -14.152674999999997], [-0.9716050000000045, -14.152674999999997], [-0.9716050000000018, 1.8473250000000019], [-6.971605000000002, 1.8473250000000032]], [[12.433275000000005, 43.05962], [4.433275000000005, 43.05962], [4.433275000000004, 28.05962], [12.433275000000004, 28.05962], [12.433275000000005, 43.05962]], [[31.111915, 10.701795], [39.111915, 10.701795], [39.111915, 25.701795], [31.111915, 25.701795], [31.111915, 10.701795]], [[39.475725, 26.32952], [39.475725, 10.32952], [45.475725, 10.32952], [45.475725, 26.32952], [39.475725, 26.32952]]], "node_id": [0, 1, 2, 3, 4, 5, 6, 7, 8, 9]}