{"corners": [[[0.40364, 0.35067], [16.40364, 0.35067], [16.40364, 6.35067], [0.40364, 6.35067], [0.40364, 0.35067]], [[12.301705, 0.012839999999999512], [4.301705, 0.01284000000000049], [4.301705, -5.98716], [12.301705, -5.987160000000001], [12.301705, 0.012839999999999512]], [[0.3483150000000004, 6.12319], [-15.651685, 6.123190000000002], [-15.651685, 0.12319000000000177], [0.3483149999999996, 0.12319], [0.3483150000000004, 6.12319]], [[15.73786, 6.104169999999999], [15.73786, 14.10417], [0.73786, 14.10417], [0.73786, 6.10417], [15.73786, 6.104169999999999]], [[12.323335, -5.674445000000001], [4.323335, -5.674445], [4.323334999999998, -20.674445], [12.323334999999998, -20.674445], [12.323335, -5.674445000000001]], [[16.139024999999997, -20.79769], [0.13902499999999823, -20.797689999999996], [0.13902499999999823, -26.79769], [16.139024999999997, -26.79769], [16.139024999999997, -20.79769]], [[-15.98823, 6.009150000000002], [-31.98823, 6.0091500000000035], [-31.98823, 0.009150000000003553], [-15.98823, 0.009150000000001777], [-15.98823, 6.009150000000002]], [[-11.539145000000001, -16.291364999999995], [4.460854999999999, -16.291365], [4.460854999999999, -10.291365], [-11.539145, -10.291364999999997], [-11.539145000000001, -16.291364999999995]], [[-26.53942, -9.102199999999993], [-26.53942, -17.102199999999993], [-11.539420000000002, -17.102199999999996], [-11.53942, -9.102199999999996], [-26.53942, -9.102199999999993]], [[-10.989649999999997, 14.37885], [-10.98965, 6.37885], [-4.98965, 6.378849999999998], [-4.989649999999998, 14.378849999999998], [-10.989649999999997, 14.37885]]], "node_id": [0, 1, 2, 3, 4, 5, 6, 7, 8, 9]}