{"corners": [[[0.0, 0.0], [16.12147, 0.01621], [16.1972, 5.57485], [0.0, 6.0], [0.0, 0.0]], [[15.5, -8.0], [15.00107, -0.90922], [0.5, 1.7763568394002505e-15], [0.5, -7.999999999999999], [15.5, -8.0]], [[22.0, -5.0], [22.22456, 11.39264], [16.0, 11.0], [16.0, -5.0], [22.0, -5.0]], [[22.0, 7.0], [21.93556, -0.69913], [37.0, -1.0000000000000036], [37.0, 6.999999999999997], [22.0, 7.0]], [[45.0, 5.9999999999999964], [36.83141, 5.740379999999997], [37.0, -2.6645352591003757e-15], [45.0, -3.552713678800501e-15], [45.0, 5.9999999999999964]], [[5.0, -7.999999999999998], [4.999999999999998, -15.999999999999998], [10.999999999999998, -16.0], [11.0, -7.999999999999999], [5.0, -7.999999999999998]], [[4.999999999999998, -15.999999999999998], [4.746709999999997, -24.70509], [11.741999999999997, -23.651], [10.999999999999998, -16.0], [4.999999999999998, -15.999999999999998]], [[45.0, -4.5000000000000036], [53.13952, -3.759790000000005], [52.05226, 10.518089999999995], [45.00000000000001, 10.499999999999996], [45.0, -4.5000000000000036]], [[37.0, -9.000000000000004], [37.0, -1.0000000000000036], [22.0, -0.9999999999999982], [22.0, -8.999999999999998], [37.0, -9.000000000000004]], [[57.0, -4.500000000000007], [40.92647, -4.8849800000000005], [41.0, -10.5], [57.0, -10.500000000000007], [57.0, -4.500000000000007]]], "node_id": [0, 1, 2, 3, 4, 5, 6, 7, 8, 9]}