{"corners": [[[0.44343, 0.45398], [16.44343, 0.45398], [16.44343, 6.45398], [0.44343, 6.45398], [0.44343, 0.45398]], [[15.78363, -7.636355], [15.78363, 0.363645], [0.78363, 0.3636450000000018], [0.78363, -7.636354999999999], [15.78363, -7.636355]], [[22.3821, -4.78289], [22.3821, 11.21711], [16.3821, 11.21711], [16.3821, -4.78289], [22.3821, -4.78289]], [[22.358695, 7.125265], [22.358695, -0.874735], [37.358695, -0.8747350000000036], [37.358695, 7.125264999999997], [22.358695, 7.125265]], [[45.022695, 6.213879999999996], [37.022695, 6.213879999999997], [37.022695, 0.21387999999999732], [45.022695, 0.21387999999999643], [45.022695, 6.213879999999996]], [[5.068655, -7.618029999999998], [5.068654999999998, -15.618029999999997], [11.068654999999998, -15.61803], [11.068655, -7.618029999999999], [5.068655, -7.618029999999998]], [[5.233889999999998, -15.674779999999998], [5.233889999999996, -23.67478], [11.233889999999997, -23.67478], [11.233889999999999, -15.67478], [5.233889999999998, -15.674779999999998]], [[45.18424, -4.382935000000003], [53.18424, -4.382935000000005], [53.18424, 10.617064999999995], [45.18424000000001, 10.617064999999997], [45.18424, -4.382935000000003]], [[37.40897, -8.690045000000003], [37.40897, -0.6900450000000036], [22.40897, -0.6900449999999982], [22.40897, -8.690044999999998], [37.40897, -8.690045000000003]], [[57.344595, -4.112810000000007], [41.344595, -4.1128100000000005], [41.344595, -10.11281], [57.344595, -10.112810000000007], [57.344595, -4.112810000000007]]], "node_id": [0, 1, 2, 3, 4, 5, 6, 7, 8, 9]}