{"corners": [[[0.40361, 0.487135], [16.40361, 0.487135], [16.40361, 6.487135], [0.40361, 6.487135], [0.40361, 0.487135]], [[31.336065, -0.7035850000000009], [31.336065, 7.296414999999999], [16.336065, 7.2964150000000005], [16.336065, -0.703585], [31.336065, -0.7035850000000009]], [[-7.926275, 0.00519], [0.073725, 0.00519], [0.073725, 6.00519], [-7.926275, 6.00519], [-7.926275, 0.00519]], [[19.711025, 7.424039999999999], [27.711025, 7.424039999999999], [27.711025, 22.42404], [19.711025, 22.42404], [19.711025, 7.424039999999999]], [[-0.6525400000000005, -7.79484], [-0.65254, 0.20516], [-6.65254, 0.20516], [-6.65254, -7.79484], [-0.6525400000000005, -7.79484]], [[-23.770465, 0.342425], [-7.770465, 0.342425], [-7.770465, 6.342425], [-23.770465, 6.342425], [-23.770465, 0.342425]], [[-12.68346, -15.97809], [-12.683459999999998, 0.02191], [-18.68346, 0.02191], [-18.68346, -15.97809], [-12.68346, -15.97809]], [[0.252215, -7.510395], [-7.747785, -7.510394999999999], [-7.747785, -13.510395], [0.2522149999999993, -13.510395], [0.252215, -7.510395]], [[-33.6703, -3.8526649999999973], [-33.6703, -11.852664999999996], [-18.6703, -11.852665], [-18.6703, -3.852665], [-33.6703, -3.8526649999999973]], [[31.363595, 22.494235], [31.363595, 30.494235], [16.363595, 30.494235], [16.363595, 22.494235], [31.363595, 22.494235]]], "node_id": [0, 1, 2, 3, 4, 5, 6, 7, 8, 9]}