{"corners": [[[0.445945, 0.10085], [16.445945, 0.10085], [16.445945, 6.10085], [0.445945, 6.10085], [0.445945, 0.10085]], [[4.2980599999999995, 6.305995], [12.29806, 6.305995], [12.29806, 21.305995], [4.2980599999999995, 21.305995], [4.2980599999999995, 6.305995]], [[0.14225999999999975, -0.84947], [0.14226000000000025, 7.15053], [-14.85774, 7.150530000000002], [-14.85774, -0.8494699999999991], [0.14225999999999975, -0.84947]], [[0.226885, 21.174105], [16.226885, 21.174105], [16.226885, 27.174105], [0.226885, 27.174105], [0.226885, 21.174105]], [[0.32312, 27.007505], [16.32312, 27.007505], [16.32312, 33.007505], [0.32312, 33.007505], [0.32312, 27.007505]], [[16.081095, 39.14795], [0.081095, 39.14795], [0.081095, 33.14795], [16.081095, 33.14795], [16.081095, 39.14795]], [[-11.659055, 10.5011], [4.340945, 10.5011], [4.340945, 16.5011], [-11.659055, 16.5011], [-11.659055, 10.5011]], [[4.257015, 39.17475], [12.257014999999999, 39.17475], [12.257015000000003, 54.17475], [4.2570150000000035, 54.17475], [4.257015, 39.17475]], [[-29.749325, 7.312365000000003], [-29.749325, -0.6876349999999964], [-14.749325000000002, -0.687635], [-14.749325, 7.312365000000001], [-29.749325, 7.312365000000003]], [[16.22949, 7.33146], [16.22949, -0.66854], [31.22949, -0.6685399999999991], [31.22949, 7.331460000000001], [16.22949, 7.33146]]], "node_id": [0, 1, 2, 3, 4, 5, 6, 7, 8, 9]}