{"corners": [[[0.221525, 0.2829], [8.221525, 0.2829], [8.221525, 15.2829], [0.221525, 15.2829], [0.221525, 0.2829]], [[0.27851, -14.605005], [8.27851, -14.605005], [8.27851, 0.394995], [0.27851, 0.394995], [0.27851, -14.605005]], [[8.079065, 4.533795], [24.079065, 4.533795], [24.079065, 10.533795], [8.079065, 10.533795], [8.079065, 4.533795]], [[8.013165, -3.49171], [8.013165, -11.49171], [14.013165, -11.49171], [14.013165, -3.4917099999999994], [8.013165, -3.49171]], [[24.089725, 11.66742], [24.089725, 3.66742], [39.089725, 3.667420000000001], [39.089725, 11.667420000000002], [24.089725, 11.66742]], [[23.91932, -2.2959799999999992], [39.91932, -2.2959799999999992], [39.91932, 3.7040200000000008], [23.91932, 3.7040200000000008], [23.91932, -2.2959799999999992]], [[23.906185, -8.34238], [39.906185, -8.34238], [39.906185, -2.34238], [23.906185, -2.34238], [23.906185, -8.34238]], [[39.529805, 4.991785000000001], [39.529805, -3.008214999999999], [45.529805, -3.008214999999999], [45.529805, 4.991785000000001], [39.529805, 4.991785000000001]], [[8.89068, 18.99861], [8.89068, 10.99861], [23.89068, 10.99861], [23.89068, 18.99861], [8.89068, 18.99861]], [[23.576845, 3.6822250000000007], [15.576845, 3.6822250000000016], [15.576845, -2.3177749999999984], [23.576845, -2.3177749999999993], [23.576845, 3.6822250000000007]]], "node_id": [0, 1, 2, 3, 4, 5, 6, 7, 8, 9]}