{"corners": [[[0.0, 0.0], [16.0, 0.0], [16.0, 6.0], [0.0, 6.0], [0.0, 0.0]], [[5.0, 14.0], [5.000000000000001, 6.0], [11.0, 6.0], [11.0, 14.0], [5.0, 14.0]], [[4.0, -6.0], [12.0, -6.0], [12.0, 0.0], [4.0, 0.0], [4.0, -6.0]], [[16.0, 11.0], [16.0, -5.0], [22.0, -5.0], [22.0, 11.0], [16.0, 11.0]], [[22.0, 7.0], [21.47638, -0.94854], [37.0, -0.9999999999999991], [37.0, 7.000000000000001], [22.0, 7.0]], [[4.0, 14.0], [11.01494, 14.02706], [12.0, 20.0], [4.0, 20.0], [4.0, 14.0]], [[3.673819061467132e-16, 6.0], [-16.0, 6.000000000000002], [-16.0, 1.7763568394002505e-15], [-3.673819061467132e-16, 0.0], [3.673819061467132e-16, 6.0]], [[16.0, 27.0], [16.40295, 10.05569], [22.01946, 11.84357], [22.0, 27.0], [16.0, 27.0]], [[-12.0, 14.0], [4.95327, 13.33901], [3.47961, 19.10077], [-12.0, 20.0], [-12.0, 14.0]], [[-5.0, -7.999999999999999], [-4.999999999999999, 8.881784197001252e-16], [-11.0, 8.881784197001252e-16], [-11.0, -7.999999999999999], [-5.0, -7.999999999999999]]], "node_id": [0, 1, 2, 3, 4, 5, 6, 7, 8, 9]}