{"corners": [[[0.490375, 0.388995], [8.490375, 0.388995], [8.490375, 15.388995], [0.490375, 15.388995], [0.490375, 0.388995]], [[8.030175, 11.781325], [8.030175, 3.781325], [23.030175, 3.7813250000000007], [23.030175, 11.781325000000002], [8.030175, 11.781325]], [[11.656745, -2.136274999999999], [19.656745, -2.136274999999999], [19.656745, 3.863725000000001], [11.656745, 3.863725000000001], [11.656745, -2.136274999999999]], [[19.981705, 17.64031], [11.981705, 17.64031], [11.981705, 11.64031], [19.981705, 11.64031], [19.981705, 17.64031]], [[31.46758, 15.261645000000001], [23.46758, 15.261645], [23.46758, 0.261645], [31.467580000000005, 0.2616450000000018], [31.46758, 15.261645000000001]], [[19.592335, -2.4596849999999995], [11.592335, -2.4596849999999986], [11.592335, -8.459684999999999], [19.592335, -8.459685], [19.592335, -2.4596849999999995]], [[34.597005, -7.875334999999996], [34.597005, 0.12466500000000355], [19.597005, 0.12466500000000089], [19.597005, -7.875334999999999], [34.597005, -7.875334999999996]], [[31.38636, 4.775830000000002], [47.38636, 4.775830000000002], [47.38636, 10.775830000000003], [31.38636, 10.775830000000003], [31.38636, 4.775830000000002]], [[23.112615, 15.407595000000002], [31.112615, 15.407595000000002], [31.112615, 30.407595], [23.112615, 30.407595], [23.112615, 15.407595000000002]], [[18.948625, 17.62991], [18.948625, 25.62991], [12.948624999999998, 25.62991], [12.948625, 17.62991], [18.948625, 17.62991]]], "node_id": [0, 1, 2, 3, 4, 5, 6, 7, 8, 9]}