{"corners": [[[0.0, 0.0], [8.0, 0.0], [8.0, 15.0], [0.0, 15.0], [0.0, 0.0]], [[-4.0, 15.0], [12.95603, 14.11593], [12.0, 21.0], [-4.0, 21.0], [-4.0, 15.0]], [[-19.0, 22.0], [-19.02584, 13.67407], [-3.4418699999999998, 14.79947], [-4.0, 22.0], [-19.0, 22.0]], [[0.0, -15.0], [8.0, -15.0], [8.0, 0.0], [0.0, 0.0], [0.0, -15.0]], [[-15.5, 22.0], [-6.69275, 22.3257], [-8.05926, 27.73241], [-15.5, 28.0], [-15.5, 22.0]], [[8.0, -15.0], [16.0, -15.0], [16.0, 0.0], [8.0, 0.0], [8.0, -15.0]], [[-2.4492127076447545e-16, 3.5], [0.2729000000000002, 11.38026], [-5.999999999999999, 11.5], [-6.0, 3.5000000000000004], [-2.4492127076447545e-16, 3.5]], [[12.0, 10.5], [20.18431, 11.21996], [20.42669, 25.223], [12.0, 25.5], [12.0, 10.5]], [[-25.0, 22.0], [-25.41652, 13.90786], [-19.51038, 13.28416], [-19.0, 22.0], [-25.0, 22.0]], [[-18.0, 28.0], [-26.0, 28.0], [-26.0, 22.0], [-18.0, 22.0], [-18.0, 28.0]]], "node_id": [0, 1, 2, 3, 4, 5, 6, 7, 8, 9]}