{"corners": [[[0.0, 0.0], [16.07564, -0.685], [16.0, 6.0], [0.0, 6.0], [0.0, 0.0]], [[11.0, -16.0], [10.978660000000001, -0.2618], [5.000000000000001, 0.0], [5.0, -16.0], [11.0, -16.0]], [[-11.0, -11.0], [5.0, -11.0], [5.0, -5.0], [-11.0, -5.0], [-11.0, -11.0]], [[-7.0, -17.0], [1.0, -17.0], [1.0, -11.0], [-7.0, -11.0], [-7.0, -17.0]], [[-11.0, -16.0], [-10.999999999999998, 0.0], [-17.0, 0.0], [-17.0, -16.0], [-11.0, -16.0]], [[27.0, -5.000000000000002], [11.44914, -4.96244], [11.61332, -11.95238], [27.0, -11.000000000000002], [27.0, -5.000000000000002]], [[33.0, -12.000000000000002], [33.0, -4.000000000000002], [27.0, -4.000000000000002], [27.0, -12.000000000000002], [33.0, -12.000000000000002]], [[-4.440892098500626e-16, -25.0], [0.59695, -16.91843], [-6.0, -17.0], [-6.0, -25.0], [-4.440892098500626e-16, -25.0]], [[26.5, -19.0], [26.20979, -11.34776], [10.90646, -11.240599999999999], [11.5, -19.0], [26.5, -19.0]], [[-7.0, -40.0], [1.34201, -39.29536], [1.0, -25.0], [-7.0, -25.0], [-7.0, -40.0]]], "node_id": [0, 1, 2, 3, 4, 5, 6, 7, 8, 9]}