{"corners": [[[0.0, 0.0], [7.77284, -0.41141], [8.92394, 14.04672], [0.0, 15.0], [0.0, 0.0]], [[11.5, -8.0], [11.5, 0.0], [-3.5, 1.7763568394002505e-15], [-3.5, -7.999999999999999], [11.5, -8.0]], [[11.5, 0.0], [11.499999999999998, -8.0], [26.5, -8.000000000000004], [26.5, -2.755364296100349e-15], [11.5, 0.0]], [[11.0, 5.816880180656292e-16], [27.0, -3.337052314165978e-15], [27.0, 5.999999999999997], [11.000000000000002, 6.000000000000001], [11.0, 5.816880180656292e-16]], [[-6.0, 11.5], [-6.476179999999999, 4.3451699999999995], [-0.7721799999999991, 2.74613], [0.0, 11.5], [-6.0, 11.5]], [[26.5, -2.6645352591003757e-15], [26.003, -7.8873900000000035], [41.5, -8.000000000000007], [41.5, -5.4198995552007245e-15], [26.5, -2.6645352591003757e-15]], [[-6.0, 3.5], [-5.3093699999999995, 11.86617], [-12.0, 11.5], [-12.0, 3.5000000000000004], [-6.0, 3.5]], [[-13.0, 11.5], [-5.11468, 10.50977], [-5.0, 26.5], [-13.0, 26.5], [-13.0, 11.5]], [[-13.0, 11.0], [-12.999999999999998, 27.0], [-19.0, 27.0], [-19.0, 11.0], [-13.0, 11.0]], [[30.0, -3.0625323240926483e-15], [38.0, -5.021902490208452e-15], [38.0, 14.999999999999995], [30.000000000000004, 14.999999999999996], [30.0, -3.0625323240926483e-15]]], "node_id": [0, 1, 2, 3, 4, 5, 6, 7, 8, 9]}