{"corners": [[[0.0, 0.0], [8.0, 0.0], [8.0, 15.0], [0.0, 15.0], [0.0, 0.0]], [[7.0, 15.0], [7.0487400000000004, 31.09623], [1.879340000000001, 31.70335], [1.0, 15.0], [7.0, 15.0]], [[8.0, 4.5], [23.79869, 5.2486], [24.0, 10.5], [8.0, 10.5], [8.0, 4.5]], [[13.0, 4.5], [12.85955, -3.8173500000000002], [19.0, -3.5], [19.0, 4.5], [13.0, 4.5]], [[13.0, 19.0], [12.02223, 27.3343], [6.870020000000001, 26.60928], [7.0, 19.0], [13.0, 19.0]], [[24.0, 15.5], [24.39931, -0.4755], [29.58544, -0.13549], [30.0, 15.5], [24.0, 15.5]], [[7.000000000000001, 31.0], [7.000000000000002, 47.0], [1.0000000000000018, 47.0], [1.0000000000000009, 31.0], [7.000000000000001, 31.0]], [[19.0, -19.5], [19.0, -3.5], [13.0, -3.5], [13.0, -19.5], [19.0, -19.5]], [[1.0000000000000007, 19.0], [1.819070000000001, 26.78774], [-5.342579999999998, 27.57391], [-4.999999999999999, 19.0], [1.0000000000000007, 19.0]], [[30.0, 0.0], [38.0, 0.0], [38.0, 15.0], [30.0, 15.0], [30.0, 0.0]]], "node_id": [0, 1, 2, 3, 4, 5, 6, 7, 8, 9]}