{"corners": [[[0.0, 0.0], [7.02614, 0.7617], [8.0, 15.0], [0.0, 15.0], [0.0, 0.0]], [[0.0, 15.0], [8.96375, 14.55268], [8.79533, 30.57759], [0.0, 30.0], [0.0, 15.0]], [[16.0, 10.5], [7.43887, 10.684650000000001], [8.0, 4.500000000000001], [16.0, 4.5], [16.0, 10.5]], [[7.9999999999999964, -10.499999999999996], [15.725019999999997, -9.661779999999998], [16.0, 4.500000000000002], [8.0, 4.5000000000000036], [7.9999999999999964, -10.499999999999996]], [[3.673819061467132e-16, 10.5], [-16.0, 10.500000000000002], [-16.0, 4.500000000000002], [-3.673819061467132e-16, 4.5], [3.673819061467132e-16, 10.5]]], "node_id": [0, 1, 2, 3, 4]}