{"corners": [[[0.0, 0.0], [16.0, 0.0], [16.0, 6.0], [0.0, 6.0], [0.0, 0.0]], [[-2.4492127076447545e-16, -1.0], [-0.5774899999999997, 7.67276], [-5.434759999999999, 6.0612200000000005], [-6.0, -0.9999999999999997], [-2.4492127076447545e-16, -1.0]], [[11.0, -8.0], [11.0, 0.0], [5.000000000000001, 0.0], [5.0, -8.0], [11.0, -8.0]], [[26.0, -8.0], [26.59021, -0.94813], [11.51084, 0.010140000000001776], [11.0, -7.999999999999999], [26.0, -8.0]], [[21.5, -24.0], [21.5, -8.0], [15.5, -8.0], [15.5, -24.0], [21.5, -24.0]], [[26.0, -7.0], [42.44542, -7.68276], [42.0, -1.0], [26.0, -1.0], [26.0, -7.0]], [[31.0, -7.0], [30.69798, -23.44767], [36.8239, -22.90206], [37.0, -7.0], [31.0, -7.0]], [[-14.0, 0.0], [-5.6589, 0.87383], [-6.0, 6.0], [-14.0, 6.0], [-14.0, 0.0]], [[-5.999999999999998, 21.0], [-13.455009999999998, 21.01945], [-14.0, 6.000000000000002], [-6.0, 6.0], [-5.999999999999998, 21.0]], [[-6.0, -4.898425415289509e-16], [-14.97935, 0.7160300000000005], [-14.0, -6.0], [-6.000000000000001, -6.000000000000001], [-6.0, -4.898425415289509e-16]]], "node_id": [0, 1, 2, 3, 4, 5, 6, 7, 8, 9]}