{"corners": [[[0.0, 0.0], [8.0, 0.0], [8.0, 15.0], [0.0, 15.0], [0.0, 0.0]], [[0.0, 15.0], [8.0, 15.0], [8.0, 21.0], [0.0, 21.0], [0.0, 15.0]], [[8.0, 11.5], [8.0, 3.5], [14.0, 3.5], [14.0, 11.5], [8.0, 11.5]], [[22.0, 10.5], [13.0577, 11.091239999999999], [13.7403, 4.229769999999999], [22.0, 4.5], [22.0, 10.5]], [[3.673819061467132e-16, 21.0], [-8.21611, 21.95271], [-8.0, 15.0], [-3.673819061467132e-16, 15.0], [3.673819061467132e-16, 21.0]]], "node_id": [0, 1, 2, 3, 4]}