{"corners": [[[0.0, 0.0], [8.11334, 0.7494], [8.0, 15.0], [0.0, 15.0], [0.0, 0.0]], [[16.0, 15.0], [8.35739, 14.042550000000002], [7.999999999999998, 1.7763568394002505e-15], [15.999999999999998, 0.0], [16.0, 15.0]], [[15.999999999999998, 4.5], [32.72204, 5.277539999999997], [32.0, 10.499999999999996], [16.0, 10.5], [15.999999999999998, 4.5]], [[0.9999999999999991, 31.0], [1.0, 15.0], [7.0, 15.0], [6.999999999999999, 31.0], [0.9999999999999991, 31.0]], [[32.0, 4.4999999999999964], [40.0, 4.499999999999995], [40.0, 10.499999999999995], [32.0, 10.499999999999996], [32.0, 4.4999999999999964]], [[12.0, -9.796850830579018e-16], [-4.29435, 0.458810000000001], [-4.0, -5.999999999999999], [12.0, -6.000000000000001], [12.0, -9.796850830579018e-16]], [[-4.000000000000002, -11.999999999999998], [11.019239999999998, -11.720130000000001], [12.931809999999999, -5.660750000000002], [-4.0, -5.999999999999998], [-4.000000000000002, -11.999999999999998]], [[-3.5000000000000018, -11.999999999999998], [-2.519770000000003, -19.89863], [11.966399999999997, -20.78776], [11.499999999999998, -12.000000000000002], [-3.5000000000000018, -11.999999999999998]], [[40.0, 15.499999999999995], [40.0, -0.5000000000000053], [46.0, -0.5000000000000053], [46.0, 15.499999999999993], [40.0, 15.499999999999995]], [[21.0, 4.499999999999999], [21.0, -3.500000000000001], [27.0, -3.5000000000000027], [27.0, 4.499999999999998], [21.0, 4.499999999999999]]], "node_id": [0, 1, 2, 3, 4, 5, 6, 7, 8, 9]}