{"corners": [[[0.0, 0.0], [16.0, 0.0], [16.0, 6.0], [0.0, 6.0], [0.0, 0.0]], [[3.673819061467132e-16, 6.0], [-16.30328, 6.672770000000002], [-16.0, 1.7763568394002505e-15], [-3.673819061467132e-16, 0.0], [3.673819061467132e-16, 6.0]], [[-15.5, 2.2658605677502996e-15], [-15.751870000000002, -8.750799999999998], [-0.2045000000000018, -8.775530000000002], [-0.5, -4.895037283500492e-16], [-15.5, 2.2658605677502996e-15]], [[16.0, 11.0], [15.74575, -5.95193], [22.06571, -4.80103], [22.0, 11.0], [16.0, 11.0]], [[-15.500000000000002, -7.999999999999998], [-15.57205, 0.16987000000000177], [-21.5, 3.552713678800501e-15], [-21.5, -7.9999999999999964], [-15.500000000000002, -7.999999999999998]], [[23.0, -4.999999999999999], [15.0, -5.0], [15.0, -11.0], [23.0, -11.0], [23.0, -4.999999999999999]], [[0.4999999999999991, 14.0], [1.4557699999999996, 6.52683], [14.55565, 6.693810000000001], [15.5, 14.000000000000002], [0.4999999999999991, 14.0]], [[22.0, 0.0], [30.93217, 0.82388], [30.54867, 5.8903], [22.0, 6.0], [22.0, 0.0]], [[7.0, -15.5], [15.47528, -16.18822], [15.28793, -0.51615], [7.0, -0.5], [7.0, -15.5]], [[-21.5, -7.9999999999999964], [-20.982529999999997, 0.9959600000000035], [-27.499999999999996, 5.329070518200751e-15], [-27.5, -7.999999999999995], [-21.5, -7.9999999999999964]]], "node_id": [0, 1, 2, 3, 4, 5, 6, 7, 8, 9]}