{"corners": [[[0.0, 0.0], [15.17805, -0.59309], [16.9585, 6.73439], [0.0, 6.0], [0.0, 0.0]], [[9.18454765366783e-16, 10.5], [-7.588209999999999, 10.829900000000002], [-7.61413, -5.386549999999998], [-9.18454765366783e-16, -4.5], [9.18454765366783e-16, 10.5]], [[-12.0, 10.500000000000002], [3.45129, 11.138879999999999], [4.0, 16.5], [-11.999999999999998, 16.5], [-12.0, 10.500000000000002]], [[12.0, -4.898425415289509e-16], [3.96038, 0.4059000000000005], [3.9999999999999982, -14.999999999999998], [11.999999999999998, -15.0], [12.0, -4.898425415289509e-16]], [[24.0, 10.5], [16.726210000000002, 10.543100000000003], [15.999999999999998, -4.499999999999998], [23.999999999999996, -4.5], [24.0, 10.5]]], "node_id": [0, 1, 2, 3, 4]}