{"corners": [[[0.0, 0.0], [16.48018, 0.48814], [16.46579, 6.9656400000000005], [0.0, 6.0], [0.0, 0.0]], [[0.4999999999999991, 14.0], [0.4999999999999996, 6.0], [15.5, 6.000000000000001], [15.5, 14.000000000000002], [0.4999999999999991, 14.0]], [[-8.0, -4.5], [-0.21319, -3.7990399999999998], [0.0, 10.5], [-8.0, 10.5], [-8.0, -4.5]], [[11.0, -16.0], [10.068670000000001, 0.0975], [5.000000000000001, 0.0], [5.0, -16.0], [11.0, -16.0]], [[12.0, -16.0], [3.71686, -15.285219999999999], [3.9999999999999982, -31.0], [11.999999999999998, -31.0], [12.0, -16.0]], [[4.999999999999998, -31.0], [5.7657399999999965, -38.71658], [10.156709999999997, -39.98022], [10.999999999999998, -31.0], [4.999999999999998, -31.0]], [[4.9999999999999964, -39.0], [4.999999999999994, -55.0], [10.999999999999993, -55.0], [10.999999999999996, -39.0], [4.9999999999999964, -39.0]], [[-3.0000000000000053, -50.0], [4.999999999999995, -50.0], [4.9999999999999964, -44.0], [-3.000000000000004, -44.0], [-3.0000000000000053, -50.0]], [[-3.0000000000000036, -44.0], [-10.142510000000003, -43.71724], [-11.227130000000006, -50.80956], [-3.0000000000000058, -50.0], [-3.0000000000000036, -44.0]], [[16.0, 7.0], [15.03665, -1.60121], [22.43263, -1.20856], [22.0, 7.0], [16.0, 7.0]]], "node_id": [0, 1, 2, 3, 4, 5, 6, 7, 8, 9]}