{"corners": [[[0.0, 0.0], [8.38888, 0.57136], [7.14469, 15.33408], [0.0, 15.0], [0.0, 0.0]], [[7.0, -8.0], [6.006870000000001, 0.1451], [0.16673000000000093, 0.901], [1.0, -8.0], [7.0, -8.0]], [[8.0, 21.0], [-0.36444, 20.41989], [0.61781, 14.47329], [7.999999999999999, 15.0], [8.0, 21.0]], [[-5.999999999999998, 26.0], [-6.443700000000001, 9.57996], [-8.881784197001252e-16, 10.0], [1.7763568394002505e-15, 26.0], [-5.999999999999998, 26.0]], [[14.0, -0.5], [14.000000000000002, 15.5], [8.0, 15.5], [8.0, -0.4999999999999996], [14.0, -0.5]]], "node_id": [0, 1, 2, 3, 4]}