{"corners": [[[0.0, 0.0], [7.60301, 0.26252], [7.57713, 5.06887], [0.0, 6.0], [0.0, 0.0]], [[7.0, 6.0], [7.000000000000001, 14.0], [1.0000000000000009, 14.0], [1.0, 6.0], [7.0, 6.0]], [[-16.0, 0.0], [0.90558, 0.14367], [0.0, 6.0], [-16.0, 6.0], [-16.0, 0.0]], [[-4.0, -4.898425415289509e-16], [-12.0, 4.898425415289509e-16], [-12.000000000000002, -14.999999999999998], [-4.000000000000002, -15.0], [-4.0, -4.898425415289509e-16]], [[-4.000000000000002, -15.0], [-12.000000000000002, -14.999999999999998], [-12.000000000000002, -21.0], [-4.000000000000003, -21.0], [-4.000000000000002, -15.0]], [[12.0, -9.796850830579018e-16], [-4.33932, 0.313070000000001], [-4.0, -5.999999999999999], [12.0, -6.000000000000001], [12.0, -9.796850830579018e-16]], [[10.999999999999998, -22.0], [10.999999999999998, -14.0], [-4.000000000000002, -13.999999999999998], [-4.000000000000002, -22.0], [10.999999999999998, -22.0]], [[-7.0, 7.0], [0.14427999999999996, 6.60795], [1.0, 13.0], [-7.0, 13.0], [-7.0, 7.0]], [[-24.0, 0.0], [-15.65097, -0.14306], [-15.86587, 5.34283], [-24.0, 6.0], [-24.0, 0.0]], [[-12.000000000000002, -22.0], [-12.000000000000002, -14.0], [-18.0, -14.0], [-18.0, -22.0], [-12.000000000000002, -22.0]]], "node_id": [0, 1, 2, 3, 4, 5, 6, 7, 8, 9]}