{"corners": [[[0.215005, 0.084435], [8.215005, 0.084435], [8.215005, 6.084435], [0.215005, 6.084435], [0.215005, 0.084435]], [[8.27174, 7.392795], [8.27174, -0.607205], [14.27174, -0.607205], [14.27174, 7.392795], [8.27174, 7.392795]], [[-7.8276, -4.342685], [0.1724, -4.342685], [0.1724, 10.657315], [-7.8276, 10.657315], [-7.8276, -4.342685]], [[-22.606885, 7.302559999999999], [-22.606885, -0.697440000000001], [-7.606885, -0.6974400000000001], [-7.606885, 7.30256], [-22.606885, 7.302559999999999]], [[0.24259, 6.33123], [8.24259, 6.33123], [8.24259, 12.33123], [0.24259, 12.33123], [0.24259, 6.33123]], [[8.285535, 0.1597799999999995], [0.285535, 0.1597800000000005], [0.2855349999999982, -14.840219999999999], [8.285534999999998, -14.84022], [8.285535, 0.1597799999999995]], [[0.4767399999999986, -4.33091], [-15.52326, -4.3309099999999985], [-15.52326, -10.330909999999998], [0.47673999999999783, -10.33091], [0.4767399999999986, -4.33091]], [[0.49065999999999643, -20.95655], [8.490659999999997, -20.956550000000004], [8.490659999999998, -14.956550000000002], [0.4906599999999979, -14.95655], [0.49065999999999643, -20.95655]], [[7.048094999999991, -36.9197], [7.0480949999999964, -20.9197], [1.0480949999999964, -20.919699999999995], [1.0480949999999911, -36.9197], [7.048094999999991, -36.9197]], [[14.43612, 0.18829000000000046], [22.43612, 0.18829000000000046], [22.43612, 6.18829], [14.43612, 6.18829], [14.43612, 0.18829000000000046]]], "node_id": [0, 1, 2, 3, 4, 5, 6, 7, 8, 9]}