{"corners": [[[0.21455, 0.028005], [8.21455, 0.028005], [8.21455, 15.028005], [0.21455, 15.028005], [0.21455, 0.028005]], [[0.3345849999999998, 3.76892], [0.33458500000000024, 11.76892], [-5.665414999999999, 11.76892], [-5.665415, 3.7689200000000005], [0.3345849999999998, 3.76892]], [[8.098635, 11.971635], [8.098635, 3.971635], [14.098635, 3.971635], [14.098635, 11.971635], [8.098635, 11.971635]], [[1.47225, 0.17751999999999982], [1.472250000000001, -15.82248], [7.472250000000001, -15.82248], [7.47225, 0.1775200000000002], [1.47225, 0.17751999999999982]], [[1.3197850000000009, -15.6624], [1.3197850000000018, -31.6624], [7.319785000000001, -31.6624], [7.319785000000001, -15.6624], [1.3197850000000009, -15.6624]], [[1.4720450000000012, -27.505435], [1.4720450000000016, -19.505435], [-4.527954999999999, -19.505435], [-4.5279549999999995, -27.505435], [1.4720450000000012, -27.505435]], [[20.352635, 3.920205], [20.352635, 11.920205], [14.352635, 11.920205], [14.352635, 3.9202050000000006], [20.352635, 3.920205]], [[7.489705000000002, -26.51652], [23.489705, -26.51652], [23.489705, -20.51652], [7.489705000000002, -20.51652], [7.489705000000002, -26.51652]], [[8.359835, 3.582235], [8.359835000000002, -12.417765], [14.359835, -12.417765], [14.359835, 3.5822350000000003], [8.359835, 3.582235]], [[1.0537199999999995, 23.402255], [1.05372, 15.402255], [7.05372, 15.402255], [7.05372, 23.402255], [1.0537199999999995, 23.402255]]], "node_id": [0, 1, 2, 3, 4, 5, 6, 7, 8, 9]}