{"corners": [[[0.0, 0.0], [15.23082, 0.92233], [16.95213, 5.76769], [0.0, 6.0], [0.0, 0.0]], [[15.5, -8.0], [15.5, 0.0], [0.5, 1.7763568394002505e-15], [0.5, -7.999999999999999], [15.5, -8.0]], [[12.0, -8.0], [4.0, -7.999999999999999], [3.9999999999999982, -23.0], [11.999999999999998, -23.0], [12.0, -8.0]], [[24.0, 5.999999999999999], [16.48526, 6.70851], [16.0, 0.0], [24.0, -8.881784197001252e-16], [24.0, 5.999999999999999]], [[-2.4492127076447545e-16, -1.0], [2.4492127076447545e-16, 7.0], [-15.0, 7.000000000000002], [-15.0, -0.9999999999999991], [-2.4492127076447545e-16, -1.0]], [[-3.4999999999999973, 22.0], [-12.092619999999997, 22.38767], [-10.504950000000001, 7.859920000000002], [-3.499999999999999, 7.0], [-3.4999999999999973, 22.0]], [[3.9999999999999987, -12.5], [-12.000000000000002, -12.499999999999998], [-12.000000000000002, -18.5], [3.999999999999998, -18.5], [3.9999999999999987, -12.5]], [[15.5, -7.0], [31.58162, -7.81422], [31.5, -1.0], [15.5, -1.0], [15.5, -7.0]], [[-21.0, 11.000000000000004], [-20.688220000000005, -5.771569999999996], [-15.000000000000004, -4.9999999999999964], [-15.0, 11.000000000000002], [-21.0, 11.000000000000004]], [[4.999999999999998, -23.0], [4.9610299999999965, -31.60872], [10.999999999999996, -31.0], [10.999999999999998, -23.0], [4.999999999999998, -23.0]]], "node_id": [0, 1, 2, 3, 4, 5, 6, 7, 8, 9]}