{"corners": [[[0.0, 0.0], [16.37983, -0.83601], [15.06019, 6.60911], [0.0, 6.0], [0.0, 0.0]], [[12.0, -4.898425415289509e-16], [3.24838, 0.7509100000000004], [3.51673, -5.04698], [12.0, -6.000000000000001], [12.0, -4.898425415289509e-16]], [[28.0, -2.220446049250313e-15], [12.0, -2.6107588313450947e-16], [12.0, -6.0], [28.0, -6.000000000000002], [28.0, -2.220446049250313e-15]], [[4.0, 6.0], [12.19321, 5.92958], [12.0, 12.0], [4.0, 12.0], [4.0, 6.0]], [[12.0, 6.0], [20.97056, 6.55755], [19.109, 12.75963], [12.0, 12.0], [12.0, 6.0]]], "node_id": [0, 1, 2, 3, 4]}