{"corners": [[[0.0, 0.0], [8.57125, 0.12243], [8.0, 6.0], [0.0, 6.0], [0.0, 0.0]], [[0.9999999999999991, 22.0], [0.84797, 6.02125], [7.0, 6.0], [6.999999999999999, 22.0], [0.9999999999999991, 22.0]], [[7.0, 11.0], [23.00176, 11.29342], [23.564, 17.74067], [7.0, 17.0], [7.0, 11.0]], [[0.0, -15.0], [8.0, -15.0], [8.0, 0.0], [0.0, 0.0], [0.0, -15.0]], [[8.0, 0.0], [23.58082, 0.13481], [24.0, 6.0], [8.0, 6.0], [8.0, 0.0]]], "node_id": [0, 1, 2, 3, 4]}