{"corners": [[[0.0, 0.0], [8.93445, -0.17088], [8.0, 15.0], [0.0, 15.0], [0.0, 0.0]], [[1.0, -1.836909530733566e-16], [1.0000000000000009, -16.0], [7.000000000000001, -16.0], [7.0, 1.836909530733566e-16], [1.0, -1.836909530733566e-16]], [[7.0, -32.0], [6.908210000000001, -16.58776], [1.0000000000000009, -16.0], [1.0, -32.0], [7.0, -32.0]], [[1.0, -5.0], [-14.69956, -5.283560000000001], [-15.56212, -10.256580000000001], [1.0000000000000007, -11.0], [1.0, -5.0]], [[0.0, -38.0], [7.95752, -37.61233], [8.348700000000001, -31.83638], [0.0, -32.0], [0.0, -38.0]], [[7.000000000000002, -20.0], [7.24665, -28.91607], [22.0, -28.000000000000004], [22.0, -20.000000000000004], [7.000000000000002, -20.0]], [[-3.999999999999996, -27.0], [-4.042639999999999, -10.83064], [-9.907349999999997, -11.174090000000001], [-9.999999999999996, -27.0], [-3.999999999999996, -27.0]], [[9.18454765366783e-16, 15.0], [-8.84654, 14.831610000000001], [-8.69925, 0.23230000000000178], [-9.18454765366783e-16, 0.0], [9.18454765366783e-16, 15.0]], [[3.500000000000001, 15.0], [2.6388300000000013, 22.74364], [-11.5, 23.0], [-11.5, 15.000000000000002], [3.500000000000001, 15.0]], [[-11.499999999999998, 26.5], [-20.11197, 25.6215], [-19.5, 11.500000000000002], [-11.5, 11.5], [-11.499999999999998, 26.5]]], "node_id": [0, 1, 2, 3, 4, 5, 6, 7, 8, 9]}