{"corners": [[[0.04307, 0.472455], [16.04307, 0.472455], [16.04307, 6.472455], [0.04307, 6.472455], [0.04307, 0.472455]], [[-7.9074, 0.384065], [0.0926, 0.384065], [0.0926, 6.384065], [-7.9074, 6.384065], [-7.9074, 0.384065]], [[11.27389, 6.440605], [11.273890000000002, 22.440605], [5.273890000000001, 22.440605], [5.27389, 6.440605], [11.27389, 6.440605]], [[-2.915199999999999, 11.16866], [5.084800000000001, 11.16866], [5.084800000000001, 17.16866], [-2.915199999999999, 17.16866], [-2.915199999999999, 11.16866]], [[4.05001, 22.33937], [12.05001, 22.33937], [12.05001, 28.33937], [4.05001, 28.33937], [4.05001, 22.33937]], [[24.277325, 10.56866], [16.277325, 10.568660000000001], [16.277324999999998, -4.431339999999998], [24.277324999999998, -4.43134], [24.277325, 10.56866]], [[4.1537999999999995, 21.001515], [4.1538, 29.001515], [-1.8461999999999996, 29.001515], [-1.8462000000000005, 21.001515], [4.1537999999999995, 21.001515]], [[17.300060000000002, 26.810155], [17.30006, 10.810155], [23.30006, 10.810155], [23.300060000000002, 26.810155], [17.300060000000002, 26.810155]], [[-22.844965, 7.147714999999999], [-22.844965, -0.8522850000000008], [-7.844965, -0.852285], [-7.844965, 7.147715], [-22.844965, 7.147714999999999]], [[-7.840315, 7.019829999999999], [-7.8403149999999995, 15.01983], [-22.840315, 15.01983], [-22.840315, 7.01983], [-7.840315, 7.019829999999999]]], "node_id": [0, 1, 2, 3, 4, 5, 6, 7, 8, 9]}