{"corners": [[[0.0, 0.0], [16.0, 0.0], [16.0, 6.0], [0.0, 6.0], [0.0, 0.0]], [[-8.0, 0.0], [0.88982, -0.62959], [0.53625, 6.09556], [-8.0, 6.0], [-8.0, 0.0]], [[11.0, 6.0], [11.000000000000002, 22.0], [5.000000000000001, 22.0], [5.0, 6.0], [11.0, 6.0]], [[-2.999999999999999, 11.0], [4.411650000000001, 11.13524], [5.000000000000001, 17.0], [-2.999999999999999, 17.0], [-2.999999999999999, 11.0]], [[4.0, 22.0], [12.59017, 22.16008], [11.89853, 28.10677], [4.0, 28.0], [4.0, 22.0]], [[24.0, 10.5], [16.24061, 10.120140000000001], [15.590849999999998, -4.861269999999998], [23.999999999999996, -4.5], [24.0, 10.5]], [[3.9999999999999996, 21.0], [4.0, 29.0], [-1.9999999999999996, 29.0], [-2.0000000000000004, 21.0], [3.9999999999999996, 21.0]], [[17.000000000000004, 26.5], [17.8241, 10.15078], [23.42097, 9.67099], [23.000000000000004, 26.5], [17.000000000000004, 26.5]], [[-23.0, 6.999999999999999], [-22.40986, -0.4601800000000009], [-7.17491, -0.31411], [-8.0, 7.0], [-23.0, 6.999999999999999]], [[-8.0, 6.999999999999999], [-7.816609999999999, 15.00901], [-22.01033, 15.56067], [-23.0, 7.0], [-8.0, 6.999999999999999]]], "node_id": [0, 1, 2, 3, 4, 5, 6, 7, 8, 9]}