{"corners": [[[0.20885, 0.44172], [8.20885, 0.44172], [8.20885, 15.44172], [0.20885, 15.44172], [0.20885, 0.44172]], [[8.248215, 0.2044949999999995], [0.248215, 0.2044950000000005], [0.24821499999999821, -14.795504999999999], [8.248214999999998, -14.795505], [8.248215, 0.2044949999999995]], [[0.24845999999999643, -20.51845], [8.248459999999996, -20.518450000000005], [8.248459999999998, -14.518450000000001], [0.2484599999999979, -14.51845], [0.24845999999999643, -20.51845]], [[-14.970685000000001, -3.0262999999999973], [-14.970685000000003, -11.026299999999996], [0.029314999999996448, -11.026299999999999], [0.029314999999998224, -3.0263], [-14.970685000000001, -3.0262999999999973]], [[-14.967455000000003, -11.034559999999997], [-14.967455000000001, -3.0345599999999964], [-29.967455, -3.034559999999991], [-29.967455000000005, -11.034559999999992], [-14.967455000000003, -11.034559999999997]], [[-35.86827, 0.6851700000000098], [-35.86827000000001, -15.31482999999999], [-29.868270000000006, -15.314829999999994], [-29.86827, 0.6851700000000072], [-35.86827, 0.6851700000000098]], [[-40.76457000000001, -21.183234999999986], [-24.764570000000013, -21.183234999999993], [-24.76457000000001, -15.183234999999993], [-40.76457000000001, -15.183234999999986], [-40.76457000000001, -21.183234999999986]], [[16.072535, -4.394120000000002], [8.072535, -4.394120000000001], [8.072535, -10.39412], [16.072535, -10.394120000000001], [16.072535, -4.394120000000002]], [[-36.9061, 0.8631550000000104], [-28.9061, 0.8631550000000066], [-28.90609999999999, 15.863155000000008], [-36.906099999999995, 15.863155000000011], [-36.9061, 0.8631550000000104]], [[-40.323045000000015, -21.152404999999987], [-40.323045000000015, -29.152404999999987], [-25.32304500000002, -29.152404999999995], [-25.323045000000015, -21.152404999999995], [-40.323045000000015, -21.152404999999987]]], "node_id": [0, 1, 2, 3, 4, 5, 6, 7, 8, 9]}