{"corners": [[[0.360325, 0.255855], [16.360325, 0.255855], [16.360325, 6.255855], [0.360325, 6.255855], [0.360325, 0.255855]], [[-7.96271, 0.35532], [0.03729, 0.35532], [0.03729, 6.35532], [-7.96271, 6.35532], [-7.96271, 0.35532]], [[16.392955, 0.344315], [24.392955, 0.344315], [24.392955, 6.344315], [16.392955, 6.344315], [16.392955, 0.344315]], [[12.367905, 6.324025], [28.367905, 6.324025], [28.367905, 12.324025], [12.367905, 12.324025], [12.367905, 6.324025]], [[12.064975, 12.4319], [-3.935025, 12.431900000000002], [-3.935025, 6.4319000000000015], [12.064975, 6.4319], [12.064975, 12.4319]]], "node_id": [0, 1, 2, 3, 4]}