{"corners": [[[0.330935, 0.11158], [8.330935, 0.11158], [8.330935, 15.11158], [0.330935, 15.11158], [0.330935, 0.11158]], [[7.093225, -7.89106], [7.093225000000001, 0.10894], [1.0932250000000008, 0.10894], [1.093225, -7.89106], [7.093225, -7.89106]], [[8.00987, 15.981065], [8.00987, -0.01893499999999998], [14.00987, -0.01893499999999998], [14.00987, 15.981065], [8.00987, 15.981065]], [[14.040455, 15.903605], [14.040455000000001, 31.903605], [8.040455, 31.903605], [8.040455, 15.903605], [14.040455, 15.903605]], [[20.194485, -0.236165], [20.194485, 15.763835], [14.194485, 15.763835], [14.194485, -0.23616499999999963], [20.194485, -0.236165]], [[14.4905, 31.879055], [14.4905, 39.879055], [8.4905, 39.879055], [8.4905, 31.879055], [14.4905, 31.879055]], [[15.450435, 45.85512], [7.450435, 45.85512], [7.450435, 39.85512], [15.450435, 39.85512], [15.450435, 45.85512]], [[14.19813, -0.10391499999999926], [14.198129999999997, -16.103915], [20.198129999999995, -16.103915], [20.19813, -0.10391500000000031], [14.19813, -0.10391499999999926]], [[14.458544999999997, -16.02551], [14.458544999999994, -32.02551], [20.458544999999994, -32.02551], [20.458544999999997, -16.02551], [14.458544999999997, -16.02551]], [[-3.27391, -7.8992749999999985], [-3.273910000000001, -15.899274999999998], [11.726089999999997, -15.899275], [11.72609, -7.899275000000002], [-3.27391, -7.8992749999999985]]], "node_id": [0, 1, 2, 3, 4, 5, 6, 7, 8, 9]}