{"corners": [[[0.0, 0.0], [15.01199, -0.62127], [16.0, 6.0], [0.0, 6.0], [0.0, 0.0]], [[22.0, -5.0], [22.32219, 10.95031], [16.9148, 10.98241], [16.0, -5.0], [22.0, -5.0]], [[-8.0, 0.0], [-0.55789, 0.64005], [0.0, 6.0], [-8.0, 6.0], [-8.0, 0.0]], [[-8.0, 6.0], [0.0, 6.0], [0.0, 12.0], [-8.0, 12.0], [-8.0, 6.0]], [[22.0, -21.0], [22.13318, -4.57803], [16.89441, -4.04519], [16.0, -21.0], [22.0, -21.0]]], "node_id": [0, 1, 2, 3, 4]}