{"corners": [[[0.42484, 0.386015], [8.42484, 0.386015], [8.42484, 6.386015], [0.42484, 6.386015], [0.42484, 0.386015]], [[8.108615, 0.060405], [16.108615, 0.060405], [16.108615, 6.060405], [8.108615, 6.060405], [8.108615, 0.060405]], [[15.248945, 6.104905], [15.248945000000003, 22.104905], [9.248945, 22.104905], [9.248945, 6.104905], [15.248945, 6.104905]], [[-5.991270000000001, 11.222995], [-5.99127, -4.777005], [0.00873, -4.777005], [0.008729999999999112, 11.222995], [-5.991270000000001, 11.222995]], [[15.075395, 11.056955], [31.075395, 11.056955], [31.075395, 17.056955], [15.075395, 17.056955], [15.075395, 11.056955]], [[31.17014, 18.00748], [31.17014, 10.00748], [37.17014, 10.00748], [37.17014, 18.00748], [31.17014, 18.00748]], [[0.10785, 6.23752], [8.10785, 6.23752], [8.10785, 21.23752], [0.10785, 21.23752], [0.10785, 6.23752]], [[8.33824, -14.632395], [16.33824, -14.632395], [16.33824, 0.367605], [8.33824, 0.367605], [8.33824, -14.632395]], [[16.234545, -3.35293], [16.234545, -11.35293], [22.234545, -11.35293], [22.234545, -3.3529299999999997], [16.234545, -3.35293]], [[22.21769, -19.47391], [22.21769, -11.47391], [16.21769, -11.47391], [16.21769, -19.47391], [22.21769, -19.47391]]], "node_id": [0, 1, 2, 3, 4, 5, 6, 7, 8, 9]}