{"corners": [[[0.0, 0.0], [8.74812, -0.54006], [8.0, 15.0], [0.0, 15.0], [0.0, 0.0]], [[-16.0, 4.5], [0.0, 4.5], [0.0, 10.5], [-16.0, 10.5], [-16.0, 4.5]], [[0.0, 15.0], [8.0, 15.0], [8.0, 30.0], [0.0, 30.0], [0.0, 15.0]], [[11.5, 30.0], [10.81969, 37.81851], [-3.4894, 38.89879], [-3.5, 30.0], [11.5, 30.0]], [[-5.0, 10.5], [-4.973729999999999, 18.03928], [-11.0, 18.5], [-11.0, 10.5], [-5.0, 10.5]]], "node_id": [0, 1, 2, 3, 4]}