{"corners": [[[0.098845, 0.19254], [8.098845, 0.19254], [8.098845, 6.19254], [0.098845, 6.19254], [0.098845, 0.19254]], [[0.4462749999999995, -4.998965], [0.4462750000000005, 11.001035], [-5.553725, 11.001035], [-5.553725000000001, -4.998965], [0.4462749999999995, -4.998965]], [[-5.853905, -4.627934999999999], [-5.853905000000002, -12.627935], [0.14609499999999823, -12.627935], [0.146095, -4.627935], [-5.853905, -4.627934999999999]], [[-5.588645000000003, -16.99394], [-5.588644999999998, -0.99394], [-11.588644999999998, -0.9939399999999965], [-11.588645000000003, -16.993939999999995], [-5.588645000000003, -16.99394]], [[-10.153664999999998, 19.11664], [-10.153665, 11.11664], [4.846335, 11.116639999999997], [4.846335000000002, 19.116639999999997], [-10.153664999999998, 19.11664]], [[24.141505, 6.306854999999998], [8.141505, 6.306855], [8.141505, 0.306855], [24.141505, 0.3068549999999982], [24.141505, 6.306854999999998]], [[-5.680080000000002, -12.68877], [-5.680080000000004, -20.68877], [0.31991999999999643, -20.68877], [0.3199199999999982, -12.688770000000002], [-5.680080000000002, -12.68877]], [[-5.854829999999996, 27.00729], [-5.854829999999998, 19.00729], [0.14517000000000177, 19.00729], [0.14517000000000355, 27.00729], [-5.854829999999996, 27.00729]], [[8.586195000000002, 14.17237], [8.586195, 6.17237], [23.586195, 6.172369999999996], [23.586195, 14.172369999999997], [8.586195000000002, 14.17237]], [[8.246165, 14.012595], [24.246165, 14.012594999999996], [24.246165, 20.012594999999997], [8.246165000000001, 20.012595], [8.246165, 14.012595]]], "node_id": [0, 1, 2, 3, 4, 5, 6, 7, 8, 9]}