{"corners": [[[0.0, 0.0], [15.81022, 0.38658], [16.0, 6.0], [0.0, 6.0], [0.0, 0.0]], [[12.0, -4.898425415289509e-16], [4.0, 4.898425415289509e-16], [3.9999999999999982, -14.999999999999998], [11.999999999999998, -15.0], [12.0, -4.898425415289509e-16]], [[3.999999999999998, -11.5], [3.9999999999999982, -3.5], [-11.000000000000002, -3.4999999999999982], [-11.000000000000002, -11.499999999999998], [3.999999999999998, -11.5]], [[-17.0, -3.4999999999999982], [-16.9859, -12.272839999999999], [-11.000000000000002, -11.5], [-11.0, -3.499999999999999], [-17.0, -3.4999999999999982]], [[-0.5000000000000031, -27.5], [-0.9742600000000021, -10.51123], [-6.500000000000002, -11.5], [-6.5000000000000036, -27.5], [-0.5000000000000031, -27.5]]], "node_id": [0, 1, 2, 3, 4]}