{"corners": [[[0.37484, 0.003485], [8.37484, 0.003485], [8.37484, 6.003485], [0.37484, 6.003485], [0.37484, 0.003485]], [[-7.98054, -4.07169], [0.01946, -4.07169], [0.01946, 10.92831], [-7.98054, 10.92831], [-7.98054, -4.07169]], [[14.337855, -4.54093], [14.337855000000001, 11.45907], [8.337855, 11.45907], [8.337855, -4.54093], [14.337855, -4.54093]], [[8.467960000000001, 19.302285], [8.46796, 11.302285], [14.46796, 11.302284999999998], [14.467960000000001, 19.302285], [8.467960000000001, 19.302285]], [[7.308865, 6.431765], [7.308865000000001, 14.431765], [1.3088650000000008, 14.431765], [1.308865, 6.431765], [7.308865, 6.431765]], [[-0.8706050000000009, -20.29597], [-0.8706049999999999, -4.29597], [-6.870605, -4.29597], [-6.870605000000001, -20.29597], [-0.8706050000000009, -20.29597]], [[0.21933000000000089, 16.986745], [-7.780669999999999, 16.986745], [-7.780669999999999, 10.986744999999999], [0.21933000000000016, 10.986744999999999], [0.21933000000000089, 16.986745]], [[-0.5872650000000013, -28.48402], [-0.5872650000000008, -20.48402], [-6.587265, -20.48402], [-6.587265000000002, -28.48402], [-0.5872650000000013, -28.48402]], [[-7.963965, 6.36556], [-15.963965, 6.365560000000001], [-15.963965, 0.3655600000000009], [-7.963965, 0.36556], [-7.963965, 6.36556]], [[-0.5267049999999991, 16.760945], [-0.5267049999999981, 32.760945], [-6.526704999999998, 32.760945], [-6.526704999999999, 16.760945], [-0.5267049999999991, 16.760945]]], "node_id": [0, 1, 2, 3, 4, 5, 6, 7, 8, 9]}