{"corners": [[[0.0, 0.0], [8.62136, -0.72723], [8.91277, 14.66154], [0.0, 15.0], [0.0, 0.0]], [[16.0, 10.5], [8.0, 10.500000000000002], [8.0, 4.500000000000001], [16.0, 4.5], [16.0, 10.5]], [[16.0, 11.5], [15.999999999999998, 3.5], [22.0, 3.4999999999999982], [22.0, 11.499999999999998], [16.0, 11.5]], [[-8.0, 0.0], [-0.70709, -0.55998], [0.0, 15.0], [-8.0, 15.0], [-8.0, 0.0]], [[22.0, 11.5], [22.0, 3.5], [37.0, 3.4999999999999964], [37.0, 11.499999999999996], [22.0, 11.5]], [[37.0, 11.499999999999996], [37.0, 3.4999999999999964], [52.0, 3.499999999999993], [52.0, 11.499999999999993], [37.0, 11.499999999999996]], [[0.9999999999999996, 23.0], [0.43487, 15.47373], [7.94855, 15.659089999999999], [7.0, 23.0], [0.9999999999999996, 23.0]], [[21.5, -2.5], [38.48271, -2.525290000000004], [37.5, 3.4999999999999964], [21.5, 3.5], [21.5, -2.5]], [[-16.0, 4.5], [-7.28631, 4.88977], [-8.87847, 10.68065], [-16.0, 10.5], [-16.0, 4.5]], [[-7.999999999999998, 25.5], [-16.62651, 25.0517], [-16.0, 10.500000000000002], [-8.0, 10.5], [-7.999999999999998, 25.5]]], "node_id": [0, 1, 2, 3, 4, 5, 6, 7, 8, 9]}