{"corners": [[[0.29437, 0.116795], [8.29437, 0.116795], [8.29437, 15.116795], [0.29437, 15.116795], [0.29437, 0.116795]], [[7.46349, 15.12133], [7.463490000000001, 31.12133], [1.4634900000000008, 31.12133], [1.46349, 15.12133], [7.46349, 15.12133]], [[15.425920000000003, 30.74546], [7.425920000000003, 30.74546], [7.425920000000001, 15.745460000000001], [15.425920000000001, 15.74546], [15.425920000000003, 30.74546]], [[21.3217, 15.103245], [21.3217, 31.103245], [15.3217, 31.103245], [15.3217, 15.103245], [21.3217, 15.103245]], [[25.541655, 31.207215], [25.541655, 39.207215], [10.541655, 39.207215], [10.541655, 31.207215], [25.541655, 31.207215]], [[0.2307400000000009, 31.253255], [8.23074, 31.253255], [8.23074, 46.253255], [0.2307400000000009, 46.253255], [0.2307400000000009, 31.253255]], [[-6.543794999999999, 20.06615], [1.4562050000000009, 20.06615], [1.4562050000000009, 26.06615], [-6.543794999999999, 26.06615], [-6.543794999999999, 20.06615]], [[14.241235000000001, 7.5445], [14.241235000000001, 15.5445], [8.241235000000003, 15.5445], [8.241235000000001, 7.5445], [14.241235000000001, 7.5445]], [[-14.995945, 20.31337], [-6.995945, 20.31337], [-6.995945, 26.31337], [-14.995945, 26.31337], [-14.995945, 20.31337]], [[14.087265, -8.248075], [14.087265000000002, 7.751925], [8.087265, 7.751925], [8.087265, -8.248075], [14.087265, -8.248075]]], "node_id": [0, 1, 2, 3, 4, 5, 6, 7, 8, 9]}