{"corners": [[[0.207225, 0.030905], [8.207225, 0.030905], [8.207225, 15.030905], [0.207225, 15.030905], [0.207225, 0.030905]], [[-3.65555, 15.113925], [12.34445, 15.113925], [12.34445, 21.113925], [-3.65555, 21.113925], [-3.65555, 15.113925]], [[-5.74413, 11.85548], [-5.744129999999999, 3.85548], [0.2558700000000009, 3.85548], [0.25587, 11.85548], [-5.74413, 11.85548]], [[-9.71761, 22.132645], [-9.71761, 14.132645], [-3.717609999999999, 14.132645], [-3.71761, 22.132645], [-9.71761, 22.132645]], [[0.223605, -4.15322], [0.2236050000000005, 3.84678], [-5.776394999999999, 3.84678], [-5.776395, -4.15322], [0.223605, -4.15322]], [[-21.626435, 4.81734], [-5.626435, 4.81734], [-5.626435, 10.81734], [-21.626435, 10.81734], [-21.626435, 4.81734]], [[-17.803195, 15.253075], [-9.803195, 15.253075], [-9.803195, 21.253075], [-17.803195, 21.253075], [-17.803195, 15.253075]], [[-29.98523, 4.719875], [-21.98523, 4.719875], [-21.98523, 10.719875], [-29.98523, 10.719875], [-29.98523, 4.719875]], [[-20.772100000000002, 3.7523750000000025], [-20.772100000000002, -4.2476249999999975], [-5.772100000000002, -4.247625000000001], [-5.7721, 3.752375], [-20.772100000000002, 3.7523750000000025]], [[7.107245, -7.5238], [7.107245000000001, 0.4762], [1.107245000000001, 0.4762], [1.107245, -7.5238], [7.107245, -7.5238]]], "node_id": [0, 1, 2, 3, 4, 5, 6, 7, 8, 9]}