{"corners": [[[0.0, 0.0], [8.25087, 0.80561], [8.0, 15.0], [0.0, 15.0], [0.0, 0.0]], [[-4.0, 15.0], [11.4557, 15.02348], [12.42192, 21.12955], [-4.0, 21.0], [-4.0, 15.0]], [[-6.0, 11.5], [-5.231969999999999, 3.67015], [8.881784197001252e-16, 3.5], [0.0, 11.5], [-6.0, 11.5]], [[-10.0, 22.0], [-10.20343, 14.14529], [-4.389139999999999, 13.26643], [-4.0, 22.0], [-10.0, 22.0]], [[0.0, -4.5], [-0.12048999999999951, 3.41159], [-5.999999999999999, 3.5], [-6.0, -4.5], [0.0, -4.5]], [[-22.0, 4.5], [-6.97138, 4.82085], [-6.6022300000000005, 9.96214], [-22.0, 10.5], [-22.0, 4.5]], [[-18.0, 15.0], [-9.042, 15.8732], [-10.0, 21.0], [-18.0, 21.0], [-18.0, 15.0]], [[-30.0, 4.5], [-21.98438, 4.77423], [-22.21445, 10.91776], [-30.0, 10.5], [-30.0, 4.5]], [[-21.0, 3.5000000000000027], [-20.04002, -4.529679999999997], [-5.603110000000002, -4.2753000000000005], [-6.0, 3.5], [-21.0, 3.5000000000000027]], [[7.0, -8.0], [7.739400000000001, -0.62505], [0.34320000000000084, -0.82024], [1.0, -8.0], [7.0, -8.0]]], "node_id": [0, 1, 2, 3, 4, 5, 6, 7, 8, 9]}