{"corners": [[[0.0, 0.0], [8.82476, -0.25434], [7.79637, 5.21766], [0.0, 6.0], [0.0, 0.0]], [[14.0, -5.0], [14.170000000000002, 10.97154], [7.50835, 11.29517], [8.0, -5.0], [14.0, -5.0]], [[-16.0, 0.0], [0.0, 0.0], [0.0, 6.0], [-16.0, 6.0], [-16.0, 0.0]], [[-4.0, -4.898425415289509e-16], [-12.71496, -0.2393399999999995], [-11.013410000000002, -14.373999999999999], [-4.000000000000002, -15.0], [-4.0, -4.898425415289509e-16]], [[-16.0, 6.0], [-23.97811, 5.353600000000001], [-24.0, 8.881784197001252e-16], [-16.0, 0.0], [-16.0, 6.0]]], "node_id": [0, 1, 2, 3, 4]}