{"corners": [[[0.0, 0.0], [8.0, 0.0], [8.0, 6.0], [0.0, 6.0], [0.0, 0.0]], [[-8.0, 0.0], [0.58787, 0.98621], [0.0, 6.0], [-8.0, 6.0], [-8.0, 0.0]], [[0.9999999999999996, 14.0], [1.37479, 6.42472], [7.0, 6.0], [7.0, 14.0], [0.9999999999999996, 14.0]], [[7.0, 7.0], [22.6805, 7.87382], [23.0, 13.0], [7.0, 13.0], [7.0, 7.0]], [[-16.0, -4.5], [-7.93772, -4.64784], [-7.82647, 9.8831], [-16.0, 10.5], [-16.0, -4.5]]], "node_id": [0, 1, 2, 3, 4]}