{"corners": [[[0.0, 0.0], [8.09297, 0.5308], [8.0, 6.0], [0.0, 6.0], [0.0, 0.0]], [[8.0, 7.0], [7.72238, -1.83651], [14.0, -1.0], [14.0, 7.0], [8.0, 7.0]], [[7.0, 6.0], [7.617560000000001, 22.24141], [1.9065500000000009, 21.56183], [1.0, 6.0], [7.0, 6.0]], [[3.673819061467132e-16, 6.0], [-16.89406, 5.778970000000002], [-16.0, 1.7763568394002505e-15], [-3.673819061467132e-16, 0.0], [3.673819061467132e-16, 6.0]], [[-16.0, 6.000000000000002], [-24.0, 6.000000000000003], [-24.0, 2.6645352591003757e-15], [-16.0, 1.7763568394002505e-15], [-16.0, 6.000000000000002]]], "node_id": [0, 1, 2, 3, 4]}