{"corners": [[[0.189675, 0.399925], [8.189675, 0.399925], [8.189675, 6.399925], [0.189675, 6.399925], [0.189675, 0.399925]], [[11.99025, -7.566895], [11.99025, 0.433105], [-3.00975, 0.4331050000000018], [-3.00975, -7.566894999999999], [11.99025, -7.566895]], [[8.24214, -7.50777], [0.24214, -7.507769999999999], [0.24213999999999822, -22.50777], [8.242139999999997, -22.50777], [8.24214, -7.50777]], [[0.30462500000000037, 6.4699349999999995], [-7.695375, 6.469935000000001], [-7.695375, 0.4699350000000009], [0.3046249999999996, 0.469935], [0.30462500000000037, 6.4699349999999995]], [[-3.2443649999999997, -0.9966099999999991], [-11.244365, -0.9966099999999981], [-11.244365, -6.996609999999999], [-3.2443650000000006, -6.9966099999999996], [-3.2443649999999997, -0.9966099999999991]]], "node_id": [0, 1, 2, 3, 4]}