{"corners": [[[0.376805, 0.24164], [8.376805, 0.24164], [8.376805, 6.24164], [0.376805, 6.24164], [0.376805, 0.24164]], [[-5.50598, 7.213005], [-5.505979999999999, -0.786995], [0.4940200000000009, -0.786995], [0.49402, 7.213005], [-5.50598, 7.213005]], [[8.247805, 11.232065], [8.247805, -4.767935], [14.247805, -4.767935], [14.247805, 11.232065], [8.247805, 11.232065]], [[8.060315, 12.319235], [0.060315, 12.319235000000003], [0.060315, 6.319235000000001], [8.060315, 6.319235], [8.060315, 12.319235]], [[8.366525, -4.71957], [8.366525, -12.71957], [14.366525, -12.71957], [14.366525, -4.71957], [8.366525, -4.71957]], [[18.59725, -20.8909], [18.59725, -12.8909], [3.59725, -12.890899999999998], [3.59725, -20.8909], [18.59725, -20.8909]], [[20.449315, -0.993955], [20.449315, 7.006045], [14.449315, 7.006045], [14.449315, -0.9939549999999997], [20.449315, -0.993955]], [[8.40012, -5.942835], [0.40012, -5.9428350000000005], [0.40012000000000086, -11.942835], [8.40012, -11.942835], [8.40012, -5.942835]], [[15.369665, -20.50275], [7.369665, -20.50275], [7.369664999999999, -35.50275], [15.369664999999998, -35.50275], [15.369665, -20.50275]], [[0.030845000000000736, -12.778195], [0.030844999999999265, -4.778195], [-5.969155000000001, -4.778195000000001], [-5.969154999999999, -12.778195000000002], [0.030845000000000736, -12.778195]]], "node_id": [0, 1, 2, 3, 4, 5, 6, 7, 8, 9]}