{"corners": [[[0.31312, 0.45417], [8.31312, 0.45417], [8.31312, 15.45417], [0.31312, 15.45417], [0.31312, 0.45417]], [[11.70226, 15.28372], [11.70226, 23.28372], [-3.29774, 23.28372], [-3.29774, 15.283720000000002], [11.70226, 15.28372]], [[-3.3040400000000005, 15.415055], [-3.30404, 23.415055], [-18.30404, 23.415055], [-18.30404, 15.415055000000002], [-3.3040400000000005, 15.415055]], [[-13.669915, 15.394515], [-13.669915000000001, 7.394515], [-7.669915000000001, 7.394514999999998], [-7.669915, 15.394514999999998], [-13.669915, 15.394515]], [[17.87956, 11.123295], [17.87956, 27.123295], [11.87956, 27.123295], [11.87956, 11.123295], [17.87956, 11.123295]]], "node_id": [0, 1, 2, 3, 4]}