{"corners": [[[0.0, 0.0], [8.92446, 0.92702], [8.0, 6.0], [0.0, 6.0], [0.0, 0.0]], [[24.0, 5.999999999999998], [8.0, 6.0], [8.0, 0.0], [24.0, -1.7763568394002505e-15], [24.0, 5.999999999999998]], [[19.0, 5.999999999999999], [19.0, 22.0], [13.0, 22.0], [13.0, 5.999999999999999], [19.0, 5.999999999999999]], [[20.0, -1.3780209612290761e-15], [12.0, -3.9833587817117433e-16], [12.0, -6.000000000000001], [20.0, -6.000000000000002], [20.0, -1.3780209612290761e-15]], [[0.0, -6.0], [8.0, -6.0], [8.0, 0.0], [0.0, 0.0], [0.0, -6.0]], [[-6.0, 0.9999999999999996], [-6.564359999999999, -6.6337], [8.881784197001252e-16, -7.0], [0.0, 0.9999999999999999], [-6.0, 0.9999999999999996]], [[-6.000000000000001, 4.5], [-14.58327, 4.601149999999999], [-14.14969, -11.085020000000002], [-5.999999999999999, -10.5], [-6.000000000000001, 4.5]], [[25.0, 6.0], [25.0, 22.0], [19.0, 22.0], [19.0, 6.0], [25.0, 6.0]], [[-13.0, -10.5], [-12.225259999999999, -26.64943], [-7.707779999999999, -26.65105], [-7.0, -10.5], [-13.0, -10.5]], [[-6.999999999999999, -14.5], [-6.489389999999998, -22.29764], [8.0, -22.5], [8.0, -14.499999999999998], [-6.999999999999999, -14.5]]], "node_id": [0, 1, 2, 3, 4, 5, 6, 7, 8, 9]}