{"corners": [[[0.0, 0.0], [8.0, 0.0], [8.0, 15.0], [0.0, 15.0], [0.0, 0.0]], [[16.0, 10.5], [8.69007, 10.804460000000002], [8.0, 4.500000000000001], [16.0, 4.5], [16.0, 10.5]], [[3.673819061467132e-16, 10.5], [-16.0, 10.500000000000002], [-16.0, 4.500000000000002], [-3.673819061467132e-16, 4.5], [3.673819061467132e-16, 10.5]], [[7.0, 15.0], [7.000000000000001, 31.0], [1.0000000000000009, 31.0], [1.0, 15.0], [7.0, 15.0]], [[1.0000000000000018, 30.5], [-6.579609999999998, 29.94405], [-7.0, 15.500000000000002], [0.9999999999999999, 15.5], [1.0000000000000018, 30.5]], [[-22.0, 11.500000000000004], [-21.67721, 3.9382800000000033], [-16.1354, 3.3109800000000016], [-16.0, 11.500000000000002], [-22.0, 11.500000000000004]], [[-26.5, 19.500000000000007], [-26.77722, 11.605090000000008], [-11.500000000000002, 11.500000000000004], [-11.5, 19.500000000000004], [-26.5, 19.500000000000007]], [[-15.0, 3.500000000000003], [-23.0, 3.500000000000004], [-23.0, -2.499999999999996], [-15.0, -2.499999999999997], [-15.0, 3.500000000000003]], [[6.999999999999999, -16.0], [6.50642, -0.10696], [1.05985, -0.92775], [0.9999999999999991, -16.0], [6.999999999999999, -16.0]], [[8.881784197001252e-16, 31.0], [8.0, 31.0], [8.0, 46.0], [8.881784197001252e-16, 46.0], [8.881784197001252e-16, 31.0]]], "node_id": [0, 1, 2, 3, 4, 5, 6, 7, 8, 9]}