{"corners": [[[0.437995, 0.40727], [8.437995, 0.40727], [8.437995, 15.40727], [0.437995, 15.40727], [0.437995, 0.40727]], [[0.210335, 15.22609], [8.210335, 15.22609], [8.210335, 30.22609], [0.210335, 30.22609], [0.210335, 15.22609]], [[-5.847155, 11.56274], [-5.847154999999999, 3.56274], [0.1528450000000009, 3.56274], [0.152845, 11.56274], [-5.847155, 11.56274]], [[7.02518, -7.960485], [7.025180000000001, 0.039515], [1.0251800000000009, 0.039515], [1.02518, -7.960485], [7.02518, -7.960485]], [[8.47062, 19.816885], [16.47062, 19.816885], [16.47062, 25.816885], [8.47062, 25.816885], [8.47062, 19.816885]], [[8.37991, 4.60537], [16.37991, 4.60537], [16.37991, 10.60537], [8.37991, 10.60537], [8.37991, 4.60537]], [[1.36537, -7.878459999999999], [1.3653699999999986, -15.87846], [7.365369999999999, -15.87846], [7.36537, -7.87846], [1.36537, -7.878459999999999]], [[7.337639999999994, -31.551735], [7.3376399999999995, -15.551735], [1.337639999999999, -15.551734999999997], [1.3376399999999937, -31.551734999999997], [7.337639999999994, -31.551735]], [[1.441969999999999, -16.04722], [-6.5580300000000005, -16.047219999999996], [-6.558030000000006, -31.047219999999996], [1.4419699999999938, -31.04722], [1.441969999999999, -16.04722]], [[-5.60124, 10.75507], [-21.60124, 10.755069999999998], [-21.60124, 4.755069999999998], [-5.601239999999999, 4.75507], [-5.60124, 10.75507]]], "node_id": [0, 1, 2, 3, 4, 5, 6, 7, 8, 9]}