{"corners": [[[0.0, 0.0], [16.0, 0.0], [16.0, 6.0], [0.0, 6.0], [0.0, 0.0]], [[-2.4492127076447545e-16, -1.0], [2.4492127076447545e-16, 7.0], [-5.999999999999999, 7.0], [-6.0, -0.9999999999999997], [-2.4492127076447545e-16, -1.0]], [[12.0, 12.0], [4.29625, 11.194090000000001], [4.0, 6.000000000000001], [12.0, 6.0], [12.0, 12.0]], [[-8.881784197001252e-16, -9.0], [0.3926999999999996, -1.95563], [-6.39359, -1.52858], [-6.000000000000001, -9.0], [-8.881784197001252e-16, -9.0]], [[12.000000000000002, 27.0], [3.5396300000000016, 26.18666], [4.0, 12.000000000000002], [12.0, 12.0], [12.000000000000002, 27.0]], [[12.0, 6.0], [28.28617, 6.652949999999996], [28.0, 11.999999999999996], [12.000000000000002, 12.0], [12.0, 6.0]], [[44.0, 11.999999999999991], [28.58031, 11.961409999999997], [28.705849999999998, 5.681609999999997], [44.0, 5.999999999999991], [44.0, 11.999999999999991]], [[3.9999999999999996, 15.5], [4.86441, 22.96327], [-1.9999999999999996, 23.5], [-2.0000000000000004, 15.5], [3.9999999999999996, 15.5]], [[60.0, 11.999999999999986], [44.4395, 11.79134999999999], [44.0, 5.999999999999992], [60.0, 5.999999999999986], [60.0, 11.999999999999986]], [[4.000000000000002, 27.0], [12.000000000000002, 26.999999999999996], [12.000000000000004, 33.0], [4.0000000000000036, 33.0], [4.000000000000002, 27.0]]], "node_id": [0, 1, 2, 3, 4, 5, 6, 7, 8, 9]}