{"corners": [[[0.0, 0.0], [8.0, 0.0], [8.0, 15.0], [0.0, 15.0], [0.0, 0.0]], [[-8.0, 4.5], [-0.34836, 3.59724], [0.0, 10.5], [-8.0, 10.5], [-8.0, 4.5]], [[11.5, 15.0], [11.09763, 23.35639], [-3.5, 23.0], [-3.5, 15.000000000000002], [11.5, 15.0]], [[11.5, 23.0], [11.61709, 30.1878], [-3.5, 31.0], [-3.5, 23.0], [11.5, 23.0]], [[-8.0, -0.5], [-8.96905, 15.37455], [-14.81567, 14.53112], [-14.0, -0.4999999999999996], [-8.0, -0.5]], [[-3.4999999999999996, 22.0], [-11.5, 22.0], [-11.5, 16.0], [-3.5000000000000004, 16.0], [-3.4999999999999996, 22.0]], [[0.0, -6.0], [8.70138, -6.92552], [8.09063, -0.7127], [0.0, 0.0], [0.0, -6.0]], [[-18.5, -0.49999999999999845], [-18.674, -9.200139999999998], [-3.5000000000000018, -8.500000000000002], [-3.5, -0.5000000000000012], [-18.5, -0.49999999999999845]], [[-34.5, -7.499999999999995], [-18.88867, -8.480899999999998], [-18.58639, -1.5498699999999983], [-34.5, -1.4999999999999947], [-34.5, -7.499999999999995]], [[0.0, -21.0], [8.0, -21.0], [8.0, -6.0], [0.0, -6.0], [0.0, -21.0]]], "node_id": [0, 1, 2, 3, 4, 5, 6, 7, 8, 9]}