{"corners": [[[0.0, 0.0], [7.43864, -0.77397], [7.33657, 15.7819], [0.0, 15.0], [0.0, 0.0]], [[8.000000000000002, 30.0], [-0.9188099999999982, 29.32386], [0.26418, 15.249200000000002], [8.0, 15.0], [8.000000000000002, 30.0]], [[-3.5, -4.592273826833915e-16], [-3.5464899999999995, -7.70622], [11.28853, -8.30155], [11.5, 4.592273826833915e-16], [-3.5, -4.592273826833915e-16]], [[7.999999999999999, 19.5], [16.0, 19.499999999999996], [16.0, 25.5], [8.0, 25.5], [7.999999999999999, 19.5]], [[11.500000000000002, 30.0], [11.500000000000002, 38.0], [-3.4999999999999982, 38.0], [-3.4999999999999982, 30.0], [11.500000000000002, 30.0]], [[1.0000000000000058, 54.0], [0.5618700000000029, 38.19245], [7.0000000000000036, 38.0], [7.000000000000005, 54.0], [1.0000000000000058, 54.0]], [[11.5, -16.0], [11.92719, -7.04788], [-2.80706, -8.334739999999998], [-3.5, -15.999999999999998], [11.5, -16.0]], [[-9.499999999999996, 38.0], [-10.147679999999998, 29.16844], [-2.988249999999998, 30.95201], [-3.4999999999999964, 38.0], [-9.499999999999996, 38.0]], [[16.0, 19.5], [8.0, 19.500000000000004], [7.999999999999998, 13.500000000000004], [15.999999999999998, 13.5], [16.0, 19.5]], [[-2.4492127076447545e-16, 3.5], [-0.14662999999999976, 12.25707], [-15.0, 11.500000000000002], [-15.0, 3.500000000000001], [-2.4492127076447545e-16, 3.5]]], "node_id": [0, 1, 2, 3, 4, 5, 6, 7, 8, 9]}