{"corners": [[[0.0, 0.0], [8.11504, 0.79282], [7.94903, 14.35966], [0.0, 15.0], [0.0, 0.0]], [[12.0, 21.0], [-3.82425, 21.559500000000003], [-3.27198, 15.456930000000002], [12.0, 15.0], [12.0, 21.0]], [[7.0, 21.0], [7.000000000000001, 29.0], [1.0000000000000009, 29.0], [1.0, 21.0], [7.0, 21.0]], [[-4.0, 29.0], [12.9416, 28.789], [12.0, 35.0], [-4.0, 35.0], [-4.0, 29.0]], [[-16.0, 4.5], [-0.03734, 3.52182], [0.0, 10.5], [-16.0, 10.5], [-16.0, 4.5]], [[-16.0, 3.5], [-15.76795, 10.87515], [-22.71634, 10.80094], [-22.0, 3.5000000000000004], [-16.0, 3.5]], [[-4.000000000000001, 24.0], [-3.50537, 40.62591], [-10.0, 40.0], [-10.0, 24.0], [-4.000000000000001, 24.0]], [[-12.0, 10.5], [-3.49151, 10.10288], [-4.2846, 15.70891], [-12.0, 16.5], [-12.0, 10.5]], [[-11.5, -4.5], [-11.69458, 4.30429], [-27.49982, 4.230270000000002], [-26.5, -4.499999999999999], [-11.5, -4.5]], [[27.0, 28.0], [27.0, 36.0], [12.0, 36.0], [12.0, 28.0], [27.0, 28.0]]], "node_id": [0, 1, 2, 3, 4, 5, 6, 7, 8, 9]}