{"corners": [[[0.24754, 0.212685], [8.24754, 0.212685], [8.24754, 15.212685], [0.24754, 15.212685], [0.24754, 0.212685]], [[16.18758, 15.147105], [8.18758, 15.147105000000002], [8.187579999999999, 0.1471050000000018], [16.187579999999997, 0.147105], [16.18758, 15.147105]], [[8.125255, 21.49545], [0.125255, 21.49545], [0.125255, 15.49545], [8.125255, 15.49545], [8.125255, 21.49545]], [[8.134254999999996, -5.986504999999999], [16.134254999999996, -5.986505000000001], [16.134255, 0.013494999999999112], [8.134254999999998, 0.013495000000000888], [8.134254999999996, -5.986504999999999]], [[16.334029999999995, -10.155695], [24.33402999999999, -10.155695000000001], [24.33403, 4.8443049999999985], [16.33403, 4.844305], [16.334029999999995, -10.155695]], [[24.249649999999992, -10.402070000000002], [32.249649999999995, -10.402070000000004], [32.249649999999995, 4.597929999999996], [24.249649999999995, 4.597929999999998], [24.249649999999992, -10.402070000000002]], [[-15.58795, 4.64083], [0.41205, 4.64083], [0.41205, 10.64083], [-15.58795, 10.64083], [-15.58795, 4.64083]], [[-10.96001, 18.80152], [-10.96001, 10.80152], [-4.960009999999999, 10.80152], [-4.96001, 18.80152], [-10.96001, 18.80152]], [[-10.797365, 17.609425], [-26.797365, 17.609424999999998], [-26.797365, 11.609424999999998], [-10.797365, 11.609425], [-10.797365, 17.609425]], [[-4.614240000000001, -11.47741], [-4.61424, 4.52259], [-10.61424, 4.52259], [-10.61424, -11.47741], [-4.614240000000001, -11.47741]]], "node_id": [0, 1, 2, 3, 4, 5, 6, 7, 8, 9]}