{"corners": [[[0.25726, 0.40316], [16.25726, 0.40316], [16.25726, 6.40316], [0.25726, 6.40316], [0.25726, 0.40316]], [[15.82117, 6.048009999999999], [15.82117, 14.04801], [0.82117, 14.04801], [0.82117, 6.04801], [15.82117, 6.048009999999999]], [[5.381590000000004, 30.478955], [5.381590000000001, 14.478955], [11.38159, 14.478955], [11.381590000000003, 30.478955], [5.381590000000004, 30.478955]], [[-15.080345, 7.051865], [0.919655, 7.051865], [0.919655, 13.051865], [-15.080345, 13.051865], [-15.080345, 7.051865]], [[-10.422685, 29.416255], [-10.422684999999998, 13.416255], [-4.4226849999999995, 13.416255], [-4.422685, 29.416255], [-10.422685, 29.416255]]], "node_id": [0, 1, 2, 3, 4]}