{"corners": [[[0.0, 0.0], [8.52486, 0.12396], [8.45173, 5.16691], [0.0, 6.0], [0.0, 0.0]], [[8.0, 7.0], [8.15855, -0.69996], [23.0, -0.9999999999999991], [23.0, 7.000000000000001], [8.0, 7.0]], [[3.673819061467132e-16, 6.0], [-16.0, 6.000000000000002], [-16.0, 1.7763568394002505e-15], [-3.673819061467132e-16, 0.0], [3.673819061467132e-16, 6.0]], [[1.0, -1.836909530733566e-16], [0.5876700000000009, -16.54604], [7.581250000000001, -15.93609], [7.0, 1.836909530733566e-16], [1.0, -1.836909530733566e-16]], [[-11.0, 1.439251278920195e-15], [-11.956350000000002, -7.737489999999998], [-5.000000000000002, -8.0], [-5.0, 3.3710556048005547e-16], [-11.0, 1.439251278920195e-15]], [[0.0, 6.0], [8.76988, 5.2867], [8.0, 21.0], [0.0, 21.0], [0.0, 6.0]], [[29.0, -0.9999999999999991], [29.75126, 7.149020000000001], [23.81294, 6.981000000000001], [23.0, -0.9999999999999988], [29.0, -0.9999999999999991]], [[8.0, 17.5], [8.0, 9.5], [23.0, 9.5], [23.0, 17.5], [8.0, 17.5]], [[29.0, 8.881784197001252e-16], [45.80266, 0.6847100000000009], [45.0, 6.000000000000001], [29.0, 6.000000000000001], [29.0, 8.881784197001252e-16]], [[-24.0, 3.552713678800501e-15], [-16.64179, -0.6320499999999984], [-15.999999999999998, 6.000000000000002], [-24.0, 6.0000000000000036], [-24.0, 3.552713678800501e-15]]], "node_id": [0, 1, 2, 3, 4, 5, 6, 7, 8, 9]}