{"corners": [[[0.42985, 0.49355], [16.42985, 0.49355], [16.42985, 6.49355], [0.42985, 6.49355], [0.42985, 0.49355]], [[22.33992, -0.59875], [22.33992, 7.40125], [16.33992, 7.40125], [16.33992, -0.5987499999999997], [22.33992, -0.59875]], [[15.327895, -15.536735], [23.327895, -15.536735], [23.327895, -0.536735], [15.327895, -0.536735], [15.327895, -15.536735]], [[0.2929200000000004, 6.317335], [-7.70708, 6.317335000000001], [-7.70708, 0.31733500000000087], [0.2929199999999996, 0.317335], [0.2929200000000004, 6.317335]], [[-11.712495, 6.338045000000003], [4.287505, 6.338044999999999], [4.287505, 12.338045], [-11.712494999999999, 12.338045000000003], [-11.712495, 6.338045000000003]]], "node_id": [0, 1, 2, 3, 4]}