{"corners": [[[0.0, 0.0], [7.3648, 0.61136], [8.64215, 5.28421], [0.0, 6.0], [0.0, 0.0]], [[7.0, -8.0], [7.000000000000001, 0.0], [1.0000000000000009, 0.0], [1.0, -8.0], [7.0, -8.0]], [[22.0, -8.0], [22.69154, -0.38345], [6.46445, -0.9916099999999982], [7.0, -7.999999999999999], [22.0, -8.0]], [[-4.0, 6.0], [11.09981, 6.84373], [11.05806, 11.26822], [-4.0, 12.0], [-4.0, 6.0]], [[16.0, 5.999999999999999], [8.0, 6.0], [8.0, 0.0], [16.0, -8.881784197001252e-16], [16.0, 5.999999999999999]], [[22.0, -7.0], [29.8167, -6.20477], [30.08462, -1.6136599999999999], [22.0, -1.0], [22.0, -7.0]], [[-4.0, -14.0], [12.0, -14.0], [12.0, -8.0], [-4.0, -8.0], [-4.0, -14.0]], [[0.9999999999999996, 20.0], [1.0, 12.0], [7.0, 12.0], [7.0, 20.0], [0.9999999999999996, 20.0]], [[0.0, -20.0], [8.0, -20.0], [8.0, -14.0], [0.0, -14.0], [0.0, -20.0]], [[3.673819061467132e-16, 6.0], [-7.78738, 5.308440000000001], [-8.0, 8.881784197001252e-16], [-3.673819061467132e-16, 0.0], [3.673819061467132e-16, 6.0]]], "node_id": [0, 1, 2, 3, 4, 5, 6, 7, 8, 9]}