{"corners": [[[0.0, 0.0], [7.9358, 0.26501], [8.0, 6.0], [0.0, 6.0], [0.0, 0.0]], [[7.0, 6.0], [7.000000000000001, 22.0], [1.0000000000000009, 22.0], [1.0, 6.0], [7.0, 6.0]], [[-15.0, 11.0], [1.0, 11.0], [1.0, 17.0], [-15.0, 17.0], [-15.0, 11.0]], [[-15.0, 17.0], [1.0, 17.0], [1.0, 23.0], [-15.0, 23.0], [-15.0, 17.0]], [[-11.0, 5.0], [-2.5042, 5.10406], [-3.0, 11.0], [-11.0, 11.0], [-11.0, 5.0]]], "node_id": [0, 1, 2, 3, 4]}