{"corners": [[[0.0, 0.0], [15.87121, 0.00926], [16.0, 6.0], [0.0, 6.0], [0.0, 0.0]], [[4.0, 6.0], [12.71304, 5.95359], [12.15984, 21.9623], [4.0, 21.0], [4.0, 6.0]], [[-6.0, 7.0], [-5.999999999999999, -1.0], [8.881784197001252e-16, -1.0], [0.0, 7.0], [-6.0, 7.0]], [[32.0, 5.999999999999998], [16.0, 6.0], [16.0, 0.0], [32.0, -1.7763568394002505e-15], [32.0, 5.999999999999998]], [[21.0, -3.3710556048005547e-16], [21.16501, -8.10977], [27.39159, -8.423910000000001], [27.0, -1.439251278920195e-15], [21.0, -3.3710556048005547e-16]], [[-12.0, 7.0], [-11.52582, -1.24137], [-6.094979999999999, -1.8904999999999998], [-6.0, 7.0], [-12.0, 7.0]], [[28.0, 16.5], [12.29931, 15.712440000000004], [12.82679, 10.330700000000002], [28.0, 10.5], [28.0, 16.5]], [[16.0, 16.5], [23.89321, 16.320369999999997], [24.0, 22.5], [16.0, 22.5], [16.0, 16.5]], [[-7.0, 7.0], [0.87136, 6.96477], [0.50366, 21.19217], [-7.0, 22.0], [-7.0, 7.0]], [[-7.0, 17.5], [-14.55836, 17.10743], [-15.0, 11.5], [-7.000000000000001, 11.5], [-7.0, 17.5]]], "node_id": [0, 1, 2, 3, 4, 5, 6, 7, 8, 9]}