{"corners": [[[0.0, 0.0], [7.68707, 0.94501], [8.0, 6.0], [0.0, 6.0], [0.0, 0.0]], [[0.0, -6.0], [8.18413, -5.07323], [8.42144, 0.76876], [0.0, 0.0], [0.0, -6.0]], [[16.0, 4.499999999999999], [8.0, 4.5], [7.999999999999998, -10.5], [15.999999999999998, -10.5], [16.0, 4.499999999999999]], [[3.673819061467132e-16, 0.0], [-7.19185, -0.471679999999999], [-8.0, -5.999999999999999], [-3.673819061467132e-16, -6.0], [3.673819061467132e-16, 0.0]], [[15.999999999999996, -10.5], [23.999999999999996, -10.500000000000002], [24.0, 4.499999999999998], [16.0, 4.5], [15.999999999999996, -10.5]], [[-7.000000000000001, -5.999999999999998], [-7.000000000000003, -13.999999999999998], [-1.0000000000000027, -14.0], [-1.0000000000000009, -5.999999999999999], [-7.000000000000001, -5.999999999999998]], [[9.000000000000004, 20.5], [9.0, 4.5], [15.0, 4.5], [15.000000000000004, 20.5], [9.000000000000004, 20.5]], [[4.499999999999998, -10.499999999999998], [3.8830099999999965, -17.57269], [20.378809999999998, -18.96928], [19.5, -10.500000000000002], [4.499999999999998, -10.499999999999998]], [[-16.0, -5.999999999999997], [-7.03376, -6.813979999999999], [-7.999999999999998, 8.881784197001252e-16], [-15.999999999999998, 2.6645352591003757e-15], [-16.0, -5.999999999999997]], [[20.000000000000004, 26.5], [4.957160000000004, 26.485390000000002], [4.0000000000000036, 20.5], [20.000000000000004, 20.5], [20.000000000000004, 26.5]]], "node_id": [0, 1, 2, 3, 4, 5, 6, 7, 8, 9]}