{"corners": [[[0.0, 0.0], [8.56483, -0.48971], [8.0, 15.0], [0.0, 15.0], [0.0, 0.0]], [[8.0, 4.5], [24.0, 4.5], [24.0, 10.5], [8.0, 10.5], [8.0, 4.5]], [[-4.0, -6.0], [12.0, -6.0], [12.0, 0.0], [-4.0, 0.0], [-4.0, -6.0]], [[12.0, 1.0], [11.18366, -7.23954], [17.9027, -6.32449], [18.0, 1.0000000000000004], [12.0, 1.0]], [[3.673819061467132e-16, 10.5], [-8.3852, 9.697260000000002], [-7.43323, 4.980110000000001], [-3.673819061467132e-16, 4.5], [3.673819061467132e-16, 10.5]], [[-12.0, -10.5], [-4.0, -10.5], [-4.0, 4.5], [-12.0, 4.5], [-12.0, -10.5]], [[20.0, 16.5], [11.51587, 15.50842], [12.38485, 11.28418], [20.0, 10.5], [20.0, 16.5]], [[20.0, 31.5], [12.0, 31.5], [11.999999999999998, 16.5], [19.999999999999996, 16.5], [20.0, 31.5]], [[18.0, 1.0000000000000004], [18.60855, -7.84649], [24.0, -7.0], [24.0, 1.0000000000000009], [18.0, 1.0000000000000004]], [[-0.5000000000000009, -18.5], [0.2945399999999996, -9.79239], [-15.5, -10.499999999999998], [-15.5, -18.5], [-0.5000000000000009, -18.5]]], "node_id": [0, 1, 2, 3, 4, 5, 6, 7, 8, 9]}