{"corners": [[[0.0, 0.0], [15.82523, 0.73337], [16.0, 6.0], [0.0, 6.0], [0.0, 0.0]], [[5.0, 14.0], [4.618240000000001, 5.45022], [11.25459, 5.72048], [11.0, 14.0], [5.0, 14.0]], [[-16.0, 0.0], [0.0, 0.0], [0.0, 6.0], [-16.0, 6.0], [-16.0, 0.0]], [[11.0, -16.0], [11.789320000000002, -0.06311], [4.965090000000001, 0.08585], [5.0, -16.0], [11.0, -16.0]], [[-5.0, 6.0], [-4.999999999999999, 22.0], [-11.0, 22.0], [-11.0, 6.0], [-5.0, 6.0]], [[11.0, -32.0], [10.691200000000002, -15.61042], [5.000000000000001, -16.0], [5.0, -32.0], [11.0, -32.0]], [[-16.0, -1.0], [-15.00915, 7.22569], [-30.39802, 7.191900000000002], [-31.0, -0.9999999999999991], [-16.0, -1.0]], [[-2.999999999999999, -27.0], [5.000000000000001, -27.0], [5.000000000000001, -21.0], [-2.999999999999999, -21.0], [-2.999999999999999, -27.0]], [[-47.0, 8.881784197001252e-16], [-31.0, 8.881784197001252e-16], [-31.0, 6.000000000000001], [-47.0, 6.000000000000001], [-47.0, 8.881784197001252e-16]], [[-5.000000000000001, -16.0], [-4.48147, -0.84033], [-11.0, 0.0], [-11.0, -16.0], [-5.000000000000001, -16.0]]], "node_id": [0, 1, 2, 3, 4, 5, 6, 7, 8, 9]}