{"corners": [[[0.0, 0.0], [15.06749, -0.85502], [16.0, 6.0], [0.0, 6.0], [0.0, 0.0]], [[24.0, 5.999999999999999], [15.89137, 5.0634], [15.45263, -0.24351], [24.0, -8.881784197001252e-16], [24.0, 5.999999999999999]], [[24.0, -4.898425415289509e-16], [15.95485, 0.3770400000000005], [16.0, -6.0], [24.0, -6.000000000000001], [24.0, -4.898425415289509e-16]], [[5.0, -1.836909530733566e-16], [4.110830000000001, -16.30842], [11.8968, -16.12815], [11.0, 1.836909530733566e-16], [5.0, -1.836909530733566e-16]], [[16.0, 6.000000000000001], [24.0, 5.999999999999999], [24.000000000000004, 21.0], [16.000000000000004, 21.0], [16.0, 6.000000000000001]]], "node_id": [0, 1, 2, 3, 4]}