{"corners": [[[0.165955, 0.341395], [8.165955, 0.341395], [8.165955, 15.341395], [0.165955, 15.341395], [0.165955, 0.341395]], [[-7.624325, 0.449755], [0.375675, 0.449755], [0.375675, 15.449755], [-7.624325, 15.449755], [-7.624325, 0.449755]], [[11.570235, -7.79452], [11.570235, 0.20548], [-3.429765, 0.20548000000000177], [-3.429765, -7.7945199999999994], [11.570235, -7.79452]], [[8.16496, -7.75029], [0.16496, -7.750289999999999], [0.16495999999999822, -22.75029], [8.164959999999999, -22.75029], [8.16496, -7.75029]], [[1.3362749999999997, 23.393345], [1.336275, 15.393345], [7.336275, 15.393345], [7.336275, 23.393345], [1.3362749999999997, 23.393345]], [[8.353434999999998, -22.53259], [0.3534349999999982, -22.53259], [0.3534349999999982, -28.53259], [8.353434999999998, -28.53259], [8.353434999999998, -22.53259]], [[8.281279999999999, -21.95922], [8.281279999999997, -29.95922], [14.281279999999997, -29.95922], [14.28128, -21.95922], [8.281279999999999, -21.95922]], [[-6.526475000000001, 31.49697], [-6.526475, 15.49697], [-0.526475, 15.49697], [-0.5264750000000009, 31.49697], [-6.526475000000001, 31.49697]], [[4.170204999999998, 37.096295], [-11.829795000000003, 37.096295], [-11.829795000000003, 31.096295], [4.170204999999999, 31.096295], [4.170204999999998, 37.096295]], [[-6.70833, 19.355795], [-6.708329999999999, 27.355795], [-21.70833, 27.355795], [-21.70833, 19.355795], [-6.70833, 19.355795]]], "node_id": [0, 1, 2, 3, 4, 5, 6, 7, 8, 9]}