{"corners": [[[0.0, 0.0], [8.62601, 0.94905], [8.33825, 6.8228100000000005], [0.0, 6.0], [0.0, 0.0]], [[3.673819061467132e-16, 6.0], [-15.23023, 6.349330000000002], [-15.02707, 0.37060000000000176], [-3.673819061467132e-16, 0.0], [3.673819061467132e-16, 6.0]], [[11.5, -8.0], [11.09225, 0.02607], [-3.5, 1.7763568394002505e-15], [-3.5, -7.999999999999999], [11.5, -8.0]], [[-12.0, 6.000000000000002], [-4.0, 6.0], [-3.9999999999999964, 21.0], [-11.999999999999996, 21.0], [-12.0, 6.000000000000002]], [[-22.0, 7.000000000000003], [-21.24047, -1.0053799999999973], [-16.0, -0.9999999999999991], [-16.0, 7.000000000000002], [-22.0, 7.000000000000003]], [[16.0, 5.999999999999999], [7.9006, 6.70242], [7.43053, 0.11004], [16.0, -8.881784197001252e-16], [16.0, 5.999999999999999]], [[11.5, 0.0], [12.073719999999998, -7.81521], [26.56224, -7.261860000000004], [26.5, -2.755364296100349e-15], [11.5, 0.0]], [[8.0, 12.0], [0.0, 12.000000000000002], [0.0, 6.000000000000001], [7.999999999999999, 6.0], [8.0, 12.0]], [[-27.0, -6.999999999999996], [-11.67795, -6.8548599999999995], [-11.0, -0.9999999999999991], [-27.0, -0.9999999999999956], [-27.0, -6.999999999999996]], [[-22.0, -6.9999999999999964], [-21.875460000000004, -23.800649999999997], [-16.743440000000003, -23.739019999999996], [-16.0, -6.999999999999997], [-22.0, -6.9999999999999964]]], "node_id": [0, 1, 2, 3, 4, 5, 6, 7, 8, 9]}