{"corners": [[[0.252, 0.44805], [8.252, 0.44805], [8.252, 6.44805], [0.252, 6.44805], [0.252, 0.44805]], [[0.09185499999999976, -0.538145], [0.09185500000000026, 7.461855], [-5.908144999999999, 7.461855], [-5.908145, -0.5381449999999997], [0.09185499999999976, -0.538145]], [[23.387155, -0.7066900000000009], [23.387155, 7.293309999999999], [8.387155, 7.293310000000001], [8.387155, -0.70669], [23.387155, -0.7066900000000009]], [[8.495520000000003, 15.144485], [8.49552, 7.144485], [23.49552, 7.144484999999997], [23.49552, 15.144484999999996], [8.495520000000003, 15.144485]], [[12.702075000000006, 31.492645], [12.702075000000002, 15.492645], [18.702075000000004, 15.492645], [18.702075000000008, 31.492645], [12.702075000000006, 31.492645]], [[-5.926964999999999, 10.51309], [-13.926965, 10.513090000000002], [-13.926965, -4.486909999999998], [-5.926965000000001, -4.48691], [-5.926964999999999, 10.51309]], [[18.618920000000003, 20.346255], [34.61892, 20.346254999999996], [34.61892, 26.346254999999996], [18.618920000000003, 26.346255], [18.618920000000003, 20.346255]], [[-12.549084999999996, 26.912685], [-12.549085, 10.912685], [-6.549084999999999, 10.912685], [-6.549084999999996, 26.912685], [-12.549084999999996, 26.912685]], [[12.958410000000004, 26.172605], [4.958410000000003, 26.172605], [4.958410000000003, 20.172605], [12.958410000000004, 20.172605], [12.958410000000004, 26.172605]], [[31.264695, 18.823084999999995], [23.264695, 18.823084999999995], [23.264695, 3.823084999999998], [31.264694999999996, 3.8230849999999963], [31.264695, 18.823084999999995]]], "node_id": [0, 1, 2, 3, 4, 5, 6, 7, 8, 9]}