{"corners": [[[0.0, 0.0], [7.43869, -0.75193], [8.39522, 5.27439], [0.0, 6.0], [0.0, 0.0]], [[-2.4492127076447545e-16, -1.0], [2.4492127076447545e-16, 7.0], [-5.999999999999999, 7.0], [-6.0, -0.9999999999999997], [-2.4492127076447545e-16, -1.0]], [[23.0, -1.0000000000000009], [22.25951, 7.5253499999999995], [7.6374, 6.016910000000001], [8.0, -1.0], [23.0, -1.0000000000000009]], [[8.000000000000002, 15.0], [7.29214, 6.05237], [23.0, 6.9999999999999964], [23.0, 14.999999999999996], [8.000000000000002, 15.0]], [[12.500000000000005, 31.0], [12.500000000000002, 15.0], [18.500000000000004, 15.0], [18.500000000000007, 31.0], [12.500000000000005, 31.0]], [[-5.999999999999999, 10.5], [-13.61497, 11.303660000000002], [-14.0, -4.499999999999998], [-6.000000000000001, -4.5], [-5.999999999999999, 10.5]], [[18.500000000000004, 20.0], [34.19042, 20.058769999999996], [34.5, 25.999999999999996], [18.500000000000004, 26.0], [18.500000000000004, 20.0]], [[-12.999999999999996, 26.5], [-12.51415, 10.9549], [-6.868229999999999, 10.10456], [-6.9999999999999964, 26.5], [-12.999999999999996, 26.5]], [[12.500000000000004, 26.0], [3.5157900000000035, 26.97883], [4.5541500000000035, 19.68379], [12.500000000000004, 20.0], [12.500000000000004, 26.0]], [[31.0, 18.499999999999996], [23.0, 18.499999999999996], [23.0, 3.4999999999999982], [30.999999999999996, 3.4999999999999964], [31.0, 18.499999999999996]]], "node_id": [0, 1, 2, 3, 4, 5, 6, 7, 8, 9]}