{"corners": [[[0.425005, 0.06124], [8.425005, 0.06124], [8.425005, 6.06124], [0.425005, 6.06124], [0.425005, 0.06124]], [[12.092485, 12.193265], [-3.907515, 12.193265000000002], [-3.907515, 6.193265000000002], [12.092485, 6.193265], [12.092485, 12.193265]], [[1.1666650000000032, 28.493225], [1.1666650000000003, 12.493225], [7.166665, 12.493225], [7.166665000000004, 28.493225], [1.1666650000000032, 28.493225]], [[-11.73469, 6.036300000000003], [-3.73469, 6.0363000000000016], [-3.7346899999999983, 12.036300000000002], [-11.734689999999999, 12.036300000000004], [-11.73469, 6.036300000000003]], [[12.093710000000003, 34.37752], [-3.9062899999999963, 34.37752], [-3.9062899999999963, 28.37752], [12.093710000000003, 28.37752], [12.093710000000003, 34.37752]], [[-3.879599999999997, 27.068745], [-3.8795999999999964, 35.068745], [-9.879599999999996, 35.068745], [-9.879599999999996, 27.068745], [-3.879599999999997, 27.068745]], [[-9.529844999999996, 34.164415], [-17.529844999999998, 34.164415], [-17.529844999999998, 28.164415], [-9.529844999999996, 28.164415], [-9.529844999999996, 34.164415]], [[-10.737594999999997, 34.24072], [-10.737594999999995, 50.24072], [-16.737594999999995, 50.24072], [-16.737594999999995, 34.24072], [-10.737594999999997, 34.24072]], [[5.051690000000003, 45.486725], [-10.948309999999996, 45.486725], [-10.948309999999996, 39.486725], [5.0516900000000025, 39.486725], [5.051690000000003, 45.486725]], [[-23.880784999999992, 39.19331], [-23.880784999999996, 23.19331], [-17.880784999999996, 23.19331], [-17.880784999999992, 39.19331], [-23.880784999999992, 39.19331]], [[-10.742449999999996, 21.36841], [-2.7424499999999963, 21.36841], [-2.7424499999999963, 27.36841], [-10.742449999999996, 27.36841], [-10.742449999999996, 21.36841]]], "node_id": [0, 1, 2, 3, 4, 5, 6, 7, 8, 9, 10]}