{"corners": [[[0.0, 0.0], [8.34318, -0.57902], [7.94904, 6.66134], [0.0, 6.0], [0.0, 0.0]], [[0.0, 6.0], [7.78138, 6.42068], [8.0, 12.0], [0.0, 12.0], [0.0, 6.0]], [[8.0, 13.0], [8.0, 5.0], [23.0, 5.000000000000001], [23.0, 13.000000000000002], [8.0, 13.0]], [[-8.0, 0.0], [0.0, 0.0], [0.0, 6.0], [-8.0, 6.0], [-8.0, 0.0]], [[-7.000000000000001, 22.0], [-6.69047, 6.96008], [-1.0, 6.0], [-1.0000000000000009, 22.0], [-7.000000000000001, 22.0]]], "node_id": [0, 1, 2, 3, 4]}