{"corners": [[[0.0, 0.0], [8.0, 0.0], [8.0, 15.0], [0.0, 15.0], [0.0, 0.0]], [[-8.0, 0.0], [0.29225, 0.88409], [0.01246, 14.25693], [-8.0, 15.0], [-8.0, 0.0]], [[-12.0, 15.0], [3.12237, 14.49404], [3.33811, 21.4132], [-12.0, 21.0], [-12.0, 15.0]], [[-18.0, 22.0], [-18.0, 14.0], [-12.0, 14.0], [-12.0, 22.0], [-18.0, 22.0]], [[-8.0, 21.0], [0.0, 21.0], [0.0, 36.0], [-8.0, 36.0], [-8.0, 21.0]]], "node_id": [0, 1, 2, 3, 4]}