{"corners": [[[0.0, 0.0], [7.74069, 0.79396], [7.60361, 5.63391], [0.0, 6.0], [0.0, 0.0]], [[-8.0, -4.5], [-0.21668, -5.43373], [-0.05188, 9.90568], [-8.0, 10.5], [-8.0, -4.5]], [[-1.0000000000000009, -20.5], [-0.4959499999999999, -4.4251], [-7.16013, -4.83306], [-7.000000000000001, -20.5], [-1.0000000000000009, -20.5]], [[3.4999999999999982, -28.5], [2.6259399999999986, -20.8377], [-11.500000000000002, -20.5], [-11.500000000000002, -28.5], [3.4999999999999982, -28.5]], [[-8.000000000000002, -34.5], [-1.7763568394002505e-15, -34.5], [-1.7763568394002505e-15, -28.5], [-8.000000000000002, -28.5], [-8.000000000000002, -34.5]]], "node_id": [0, 1, 2, 3, 4]}