{"corners": [[[0.0, 0.0], [15.88342, -0.01406], [16.0, 6.0], [0.0, 6.0], [0.0, 0.0]], [[5.0, -1.836909530733566e-16], [5.286060000000001, -16.72042], [10.08552, -16.22377], [11.0, 1.836909530733566e-16], [5.0, -1.836909530733566e-16]], [[3.673819061467132e-16, 6.0], [-7.7372, 5.554920000000001], [-7.46673, 0.2121500000000009], [-3.673819061467132e-16, 0.0], [3.673819061467132e-16, 6.0]], [[16.0, -15.999999999999998], [0.0, -16.0], [0.0, -22.0], [16.0, -22.0], [16.0, -15.999999999999998]], [[11.0, 6.0], [10.971400000000001, 22.10531], [5.000000000000001, 22.0], [5.0, 6.0], [11.0, 6.0]], [[5.000000000000001, 10.0], [5.888200000000002, 17.95126], [-1.9276299999999982, 17.18726], [-0.9999999999999991, 10.0], [5.000000000000001, 10.0]], [[-0.9999999999999996, 6.000000000000001], [-1.6131599999999986, 21.37374], [-6.162359999999998, 22.16598], [-7.0, 6.000000000000001], [-0.9999999999999996, 6.000000000000001]], [[-6.999999999999996, 38.0], [-7.361489999999998, 21.90857], [-0.9999999999999982, 22.0], [-0.9999999999999956, 38.0], [-6.999999999999996, 38.0]], [[-6.999999999999998, 17.0], [-14.166049999999998, 16.64009], [-14.973739999999998, 10.50751], [-6.999999999999999, 11.0], [-6.999999999999998, 17.0]], [[16.0, -22.0], [24.0, -22.0], [24.0, -16.0], [16.0, -16.0], [16.0, -22.0]], [[-8.0, -26.5], [0.0, -26.5], [0.0, -11.5], [-8.0, -11.5], [-8.0, -26.5]]], "node_id": [0, 1, 2, 3, 4, 5, 6, 7, 8, 9, 10]}