{"corners": [[[0.464015, 0.24836], [8.464015, 0.24836], [8.464015, 6.24836], [0.464015, 6.24836], [0.464015, 0.24836]], [[-5.998515, 7.23215], [-5.998514999999999, -0.76785], [0.0014850000000008882, -0.76785], [0.001485, 7.23215], [-5.998515, 7.23215]], [[-5.760835, 6.300745], [-21.760835, 6.300744999999998], [-21.760835, 0.3007449999999982], [-5.760834999999999, 0.300745], [-5.760835, 6.300745]], [[24.34246, 6.207439999999998], [8.342459999999999, 6.20744], [8.342459999999999, 0.20744], [24.34246, 0.20743999999999824], [24.34246, 6.207439999999998]], [[-5.874195000000001, 23.10275], [-5.874195, 7.10275], [0.125805, 7.10275], [0.1258049999999991, 23.10275], [-5.874195000000001, 23.10275]], [[-21.824245, 6.1433399999999985], [-37.824245, 6.143339999999997], [-37.824245, 0.14333999999999644], [-21.824245, 0.14333999999999822], [-21.824245, 6.1433399999999985]], [[-26.699219999999997, -15.626180000000003], [-26.69922, 0.37381999999999643], [-32.69922, 0.37381999999999466], [-32.69922, -15.626180000000003], [-26.699219999999997, -15.626180000000003]], [[-6.7299050000000005, 23.126965], [1.270094999999999, 23.126965], [1.270094999999999, 38.126965], [-6.7299050000000005, 38.126965], [-6.7299050000000005, 23.126965]], [[-12.949695, 34.85835], [-12.949695, 26.85835], [-6.949694999999999, 26.85835], [-6.949695, 34.85835], [-12.949695, 34.85835]], [[-37.850865, 6.3464699999999965], [-45.850865, 6.346469999999996], [-45.850865, 0.34646999999999556], [-37.850865, 0.34646999999999645], [-37.850865, 6.3464699999999965]], [[6.093685, 11.34029], [6.093685000000001, 19.34029], [0.09368500000000089, 19.34029], [0.093685, 11.34029], [6.093685, 11.34029]]], "node_id": [0, 1, 2, 3, 4, 5, 6, 7, 8, 9, 10]}