{"corners": [[[0.42908, 0.374735], [8.42908, 0.374735], [8.42908, 6.374735], [0.42908, 6.374735], [0.42908, 0.374735]], [[14.21181, -0.870275], [14.21181, 7.129725], [8.21181, 7.129725], [8.21181, -0.8702749999999997], [14.21181, -0.870275]], [[30.05785, 6.223024999999998], [14.05785, 6.223025], [14.05785, 0.223025], [30.05785, 0.22302499999999822], [30.05785, 6.223024999999998]], [[19.178875, 14.30483], [19.178875, 6.30483], [25.178875, 6.304829999999998], [25.178875, 14.304829999999999], [19.178875, 14.30483]], [[25.177255, 7.261385], [33.177255, 7.261384999999998], [33.177255, 13.261384999999999], [25.177255, 13.261385], [25.177255, 7.261385]], [[8.237635, 0.3745949999999995], [0.237635, 0.3745950000000005], [0.23763499999999824, -14.625404999999999], [8.237634999999997, -14.625405], [8.237635, 0.3745949999999995]], [[41.23518, 13.140219999999994], [33.23518, 13.140219999999998], [33.23518, 7.140219999999998], [41.23518, 7.140219999999995], [41.23518, 13.140219999999994]], [[33.399645, 13.237889999999998], [41.399645, 13.237889999999995], [41.399645, 19.237889999999993], [33.399645, 19.23789], [33.399645, 13.237889999999998]], [[41.343785, 13.446714999999994], [57.343785, 13.446714999999987], [57.343785, 19.446714999999987], [41.343785, 19.446714999999994], [41.343785, 13.446714999999994]], [[41.64229, 27.293434999999995], [41.64229, 19.293434999999995], [56.64229, 19.293434999999988], [56.64229, 27.293434999999988], [41.64229, 27.293434999999995]], [[25.4081, 13.124905000000002], [33.4081, 13.124905], [33.4081, 19.124905], [25.4081, 19.124905], [25.4081, 13.124905000000002]]], "node_id": [0, 1, 2, 3, 4, 5, 6, 7, 8, 9, 10]}