{"corners": [[[0.44179, 0.429375], [16.44179, 0.429375], [16.44179, 6.429375], [0.44179, 6.429375], [0.44179, 0.429375]], [[11.23351, 6.14505], [11.23351, 14.14505], [5.233510000000001, 14.14505], [5.23351, 6.14505], [11.23351, 6.14505]], [[5.30963, 0.06199499999999982], [5.309630000000001, -7.938005], [11.30963, -7.938005], [11.30963, 0.06199500000000018], [5.30963, 0.06199499999999982]], [[11.04637, 14.11206], [11.04637, 22.11206], [5.0463700000000005, 22.11206], [5.04637, 14.11206], [11.04637, 14.11206]], [[31.213365, -0.9789100000000008], [31.213365, 7.021089999999999], [16.213365, 7.021090000000001], [16.213365, -0.97891], [31.213365, -0.9789100000000008]]], "node_id": [0, 1, 2, 3, 4]}