{"corners": [[[0.0, 0.0], [16.81109, 0.90442], [16.0, 6.0], [0.0, 6.0], [0.0, 0.0]], [[32.0, 5.999999999999998], [15.37121, 5.089], [16.0, 0.0], [32.0, -1.7763568394002505e-15], [32.0, 5.999999999999998]], [[-8.0, 0.0], [-0.32629, -0.16137], [-0.76889, 5.43064], [-8.0, 6.0], [-8.0, 0.0]], [[16.0, 6.000000000000001], [32.24966, 6.949399999999997], [32.0, 11.999999999999996], [16.0, 12.0], [16.0, 6.000000000000001]], [[1.7763568394002505e-15, 21.0], [-7.439089999999998, 20.19126], [-7.69148, 6.424230000000001], [-6.055269133331542e-17, 6.0], [1.7763568394002505e-15, 21.0]], [[28.0, -1.3780209612290761e-15], [20.42568, -0.5916500000000005], [20.0, -15.0], [27.999999999999996, -15.000000000000002], [28.0, -1.3780209612290761e-15]], [[-8.0, 6.0], [-15.58719, 5.528780000000001], [-16.0, 8.881784197001252e-16], [-8.0, 0.0], [-8.0, 6.0]], [[20.0, -8.881784197001252e-16], [12.0, 9.150666335777657e-17], [11.999999999999998, -15.0], [19.999999999999996, -15.0], [20.0, -8.881784197001252e-16]], [[12.999999999999998, -15.0], [12.746209999999994, -31.24951], [18.303659999999997, -31.46431], [19.0, -15.000000000000002], [12.999999999999998, -15.0]], [[26.999999999999996, -20.0], [18.935599999999997, -19.43493], [18.999999999999996, -26.0], [26.999999999999996, -26.0], [26.999999999999996, -20.0]], [[-4.0, -9.150666335777657e-17], [-19.20894, -0.8658999999999981], [-20.0, -5.999999999999998], [-4.000000000000001, -6.0], [-4.0, -9.150666335777657e-17]]], "node_id": [0, 1, 2, 3, 4, 5, 6, 7, 8, 9, 10]}