{"corners": [[[0.22667, 0.130385], [16.22667, 0.130385], [16.22667, 6.130385], [0.22667, 6.130385], [0.22667, 0.130385]], [[32.294155, 6.092799999999999], [16.294155, 6.0928], [16.294155, 0.0928], [32.294155, 0.09279999999999822], [32.294155, 6.092799999999999]], [[-7.97775, 0.44486], [0.02225, 0.44486], [0.02225, 6.44486], [-7.97775, 6.44486], [-7.97775, 0.44486]], [[16.16843, 6.209655000000001], [32.16843, 6.209654999999997], [32.16843, 12.209654999999996], [16.16843, 12.209655], [16.16843, 6.209655000000001]], [[0.057780000000001774, 21.10766], [-7.942219999999998, 21.10766], [-7.94222, 6.107660000000002], [0.057779999999999936, 6.10766], [0.057780000000001774, 21.10766]], [[28.128865, 0.05348499999999862], [20.128865, 0.0534849999999996], [20.128865, -14.946515], [28.128864999999998, -14.946515000000002], [28.128865, 0.05348499999999862]], [[-7.844735, 6.390225], [-15.844735, 6.390225000000001], [-15.844735, 0.3902250000000009], [-7.844735, 0.390225], [-7.844735, 6.390225]], [[20.047815, 0.3271299999999991], [12.047815, 0.3271300000000001], [12.047814999999998, -14.67287], [20.047814999999996, -14.67287], [20.047815, 0.3271299999999991]], [[13.356054999999998, -14.792545], [13.356054999999994, -30.792545], [19.356054999999998, -30.792545], [19.356055, -14.792545000000002], [13.356054999999998, -14.792545]], [[27.117464999999996, -19.87975], [19.117464999999996, -19.87975], [19.117464999999996, -25.87975], [27.117464999999996, -25.87975], [27.117464999999996, -19.87975]], [[-3.80694, 0.1393349999999999], [-19.80694, 0.13933500000000185], [-19.80694, -5.860664999999998], [-3.806940000000001, -5.860665], [-3.80694, 0.1393349999999999]]], "node_id": [0, 1, 2, 3, 4, 5, 6, 7, 8, 9, 10]}