{"corners": [[[0.0, 0.0], [8.02192, 0.67904], [8.0, 15.0], [0.0, 15.0], [0.0, 0.0]], [[11.5, -8.0], [10.78058, -0.43446], [-3.5, 1.7763568394002505e-15], [-3.5, -7.999999999999999], [11.5, -8.0]], [[8.0, 0.0], [16.0, 0.0], [16.0, 15.0], [8.0, 15.0], [8.0, 0.0]], [[20.0, 21.0], [4.0, 21.000000000000004], [4.0, 15.000000000000002], [20.0, 15.0], [20.0, 21.0]], [[-3.4999999999999996, -0.9999999999999991], [-10.98446, -1.518549999999998], [-11.5, -6.999999999999998], [-3.5000000000000004, -6.999999999999999], [-3.4999999999999996, -0.9999999999999991]]], "node_id": [0, 1, 2, 3, 4]}