{"corners": [[[0.0, 0.0], [8.55056, -0.15535], [8.79958, 15.01594], [0.0, 15.0], [0.0, 0.0]], [[-2.4492127076447545e-16, 3.5], [0.18346000000000026, 11.32107], [-5.999999999999999, 11.5], [-6.0, 3.5000000000000004], [-2.4492127076447545e-16, 3.5]], [[-21.0, 11.500000000000004], [-21.33646, 4.316950000000004], [-5.0310700000000015, 3.46676], [-6.0, 11.5], [-21.0, 11.500000000000004]], [[7.999999999999999, 15.5], [8.02111, -0.14065], [14.78809, -1.49352], [14.0, 15.5], [7.999999999999999, 15.5]], [[29.0, 3.499999999999999], [29.88215, 10.50859], [14.09102, 11.83227], [14.0, 3.5], [29.0, 3.499999999999999]]], "node_id": [0, 1, 2, 3, 4]}