{"corners": [[[0.189955, 0.44178], [8.189955, 0.44178], [8.189955, 6.44178], [0.189955, 6.44178], [0.189955, 0.44178]], [[14.11239, -4.66777], [14.112390000000001, 11.33223], [8.11239, 11.33223], [8.11239, -4.66777], [14.11239, -4.66777]], [[15.397265, -4.630990000000001], [7.397265, -4.63099], [7.397264999999998, -19.63099], [15.397264999999997, -19.63099], [15.397265, -4.630990000000001]], [[14.025215, 0.418515], [30.025215, 0.418515], [30.025215, 6.418515], [14.025215, 6.418515], [14.025215, 0.418515]], [[1.3727399999999992, 22.488405], [1.37274, 6.488405], [7.37274, 6.488405], [7.372739999999999, 22.488405], [1.3727399999999992, 22.488405]], [[14.316195, 11.24082], [14.316195, 19.24082], [8.316195, 19.24082], [8.316195, 11.24082], [14.316195, 11.24082]], [[31.123465, -9.073430000000002], [15.123465, -9.07343], [15.123465, -15.07343], [31.123465, -15.073430000000002], [31.123465, -9.073430000000002]], [[29.108025, 11.13228], [29.108025, 19.13228], [14.108025, 19.13228], [14.108025, 11.132280000000002], [29.108025, 11.13228]], [[1.4461299999999992, 17.30516], [-14.55387, 17.305159999999997], [-14.55387, 11.305159999999999], [1.4461300000000001, 11.30516], [1.4461299999999992, 17.30516]], [[14.145105, 19.14073], [14.145105, 27.14073], [8.145105, 27.14073], [8.145105, 19.14073], [14.145105, 19.14073]], [[30.205515, 7.43972], [30.205515, -0.56028], [36.205515, -0.56028], [36.205515, 7.43972], [30.205515, 7.43972]]], "node_id": [0, 1, 2, 3, 4, 5, 6, 7, 8, 9, 10]}