{"corners": [[[0.199395, 0.229495], [8.199394999999999, 0.229495], [8.199394999999999, 15.229495], [0.199395, 15.229495], [0.199395, 0.229495]], [[0.19481500000000035, 10.658725], [-15.805185, 10.658725000000002], [-15.805185, 4.658725000000002], [0.19481499999999963, 4.6587250000000004], [0.19481500000000035, 10.658725]], [[12.311495, 21.205005], [-3.688505, 21.205005000000003], [-3.688505, 15.205005000000002], [12.311495, 15.205005], [12.311495, 21.205005]], [[1.49905, 0.36868999999999985], [1.4990500000000004, -7.63131], [7.49905, -7.63131], [7.49905, 0.3686900000000002], [1.49905, 0.36868999999999985]], [[-4.89667, 10.538810000000002], [-4.896669999999999, 26.53881], [-10.89667, 26.53881], [-10.89667, 10.538810000000002], [-4.89667, 10.538810000000002]]], "node_id": [0, 1, 2, 3, 4]}