{"corners": [[[0.0, 0.0], [16.99697, 0.69776], [16.0, 6.0], [0.0, 6.0], [0.0, 0.0]], [[-4.898425415289509e-16, -5.0], [-0.2308199999999995, 10.3918], [-6.0, 11.0], [-6.000000000000001, -5.0], [-4.898425415289509e-16, -5.0]], [[-6.000000000000001, -5.0], [-6.01477, 10.65615], [-12.0, 11.0], [-12.0, -5.0], [-6.000000000000001, -5.0]], [[32.0, 5.999999999999998], [15.35688, 6.51182], [15.3038, -0.92958], [32.0, -1.7763568394002505e-15], [32.0, 5.999999999999998]], [[4.0, 6.0], [11.08448, 6.4727], [12.0, 12.0], [4.0, 12.0], [4.0, 6.0]], [[32.0, -1.7763568394002505e-15], [48.75841, 0.8421199999999943], [48.0, 5.999999999999995], [32.0, 5.999999999999998], [32.0, -1.7763568394002505e-15]], [[4.0, 12.0], [12.65293, 12.91415], [11.17625, 26.95208], [4.0, 27.0], [4.0, 12.0]], [[21.0, -3.3710556048005547e-16], [21.391199999999998, -16.30869], [26.118129999999997, -16.87351], [27.0, -1.439251278920195e-15], [21.0, -3.3710556048005547e-16]], [[-11.0, -11.0], [4.95708, -11.95802], [5.0, -5.0], [-11.0, -5.0], [-11.0, -11.0]], [[5.0, -1.836909530733566e-16], [5.994910000000001, -7.3489], [10.48949, -8.14137], [11.0, 1.836909530733566e-16], [5.0, -1.836909530733566e-16]], [[48.0, 10.999999999999995], [47.0398, -5.623300000000006], [54.42743, -4.010380000000005], [54.0, 10.999999999999993], [48.0, 10.999999999999995]]], "node_id": [0, 1, 2, 3, 4, 5, 6, 7, 8, 9, 10]}