{"corners": [[[0.0, 0.0], [7.22496, -0.69308], [8.0, 15.0], [0.0, 15.0], [0.0, 0.0]], [[-15.0, 11.5], [-14.52945, 4.44782], [0.25582, 3.3019700000000007], [0.0, 11.500000000000002], [-15.0, 11.5]], [[1.0, -1.836909530733566e-16], [1.0000000000000009, -16.0], [7.000000000000001, -16.0], [7.0, 1.836909530733566e-16], [1.0, -1.836909530733566e-16]], [[8.0, 4.5], [16.0, 4.5], [16.0, 10.5], [8.0, 10.5], [8.0, 4.5]], [[7.0, -24.0], [6.985330000000001, -16.09723], [0.1867900000000009, -15.46648], [1.0, -24.0], [7.0, -24.0]]], "node_id": [0, 1, 2, 3, 4]}