{"corners": [[[0.0, 0.0], [8.84053, 0.94112], [8.0, 15.0], [0.0, 15.0], [0.0, 0.0]], [[8.0, 21.0], [0.98557, 21.86912], [-0.24368, 15.95959], [7.999999999999999, 15.0], [8.0, 21.0]], [[0.0, -15.0], [7.81776, -14.75229], [8.0, 0.0], [0.0, 0.0], [0.0, -15.0]], [[24.0, 10.499999999999998], [8.994299999999999, 11.37575], [7.6274, 4.44613], [24.0, 4.499999999999998], [24.0, 10.499999999999998]], [[7.0, -23.0], [7.000000000000001, -15.0], [1.0000000000000009, -15.0], [1.0, -23.0], [7.0, -23.0]], [[39.0, 3.4999999999999973], [39.0, 11.499999999999996], [24.0, 11.5], [24.0, 3.4999999999999982], [39.0, 3.4999999999999973]], [[45.0, -0.5000000000000027], [45.0, 15.499999999999996], [39.0, 15.499999999999996], [39.0, -0.5000000000000023], [45.0, -0.5000000000000027]], [[38.0, -6.500000000000003], [46.41963, -7.056930000000003], [46.17285, -0.9684000000000026], [38.0, -0.5000000000000027], [38.0, -6.500000000000003]], [[50.0, 21.499999999999996], [33.99152, 21.88586], [34.0, 15.499999999999998], [50.0, 15.499999999999996], [50.0, 21.499999999999996]], [[-4.0, 21.000000000000004], [12.0, 21.0], [12.0, 27.0], [-3.9999999999999987, 27.000000000000004], [-4.0, 21.000000000000004]], [[45.0, 4.499999999999997], [61.0, 4.499999999999997], [61.0, 10.499999999999996], [45.0, 10.499999999999996], [45.0, 4.499999999999997]]], "node_id": [0, 1, 2, 3, 4, 5, 6, 7, 8, 9, 10]}