{"corners": [[[0.0, 0.0], [8.3562, 0.88243], [8.0, 15.0], [0.0, 15.0], [0.0, 0.0]], [[8.0, 11.5], [8.81958, 4.31996], [22.38914, 2.962990000000001], [23.0, 11.500000000000002], [8.0, 11.5]], [[12.5, 27.5], [12.500000000000002, 11.5], [18.5, 11.5], [18.5, 27.5], [12.5, 27.5]], [[12.0, -9.796850830579018e-16], [-4.0, 9.796850830579018e-16], [-4.0, -5.999999999999999], [12.0, -6.000000000000001], [12.0, -9.796850830579018e-16]], [[8.0, -6.000000000000001], [-0.70537, -6.4748], [-1.7763568394002505e-15, -21.0], [7.999999999999998, -21.0], [8.0, -6.000000000000001]]], "node_id": [0, 1, 2, 3, 4]}