{"corners": [[[0.0, 0.0], [7.63002, -0.42062], [8.8341, 5.46385], [0.0, 6.0], [0.0, 0.0]], [[7.0, 6.0], [6.101540000000001, 14.0087], [1.0000000000000009, 14.0], [1.0, 6.0], [7.0, 6.0]], [[6.999999999999999, -16.0], [7.18484, 0.66663], [0.58584, 0.22784], [0.9999999999999991, -16.0], [6.999999999999999, -16.0]], [[-14.0, -3.9999999999999973], [-13.467750000000002, -11.216379999999997], [0.4686899999999983, -12.96139], [1.0, -4.0], [-14.0, -3.9999999999999973]], [[7.999999999999999, -16.0], [0.6039999999999991, -16.272329999999997], [-0.14026000000000266, -30.81353], [7.999999999999997, -31.0], [7.999999999999999, -16.0]]], "node_id": [0, 1, 2, 3, 4]}