{"corners": [[[0.469235, 0.40331], [8.469235, 0.40331], [8.469235, 15.40331], [0.469235, 15.40331], [0.469235, 0.40331]], [[7.108784999999999, -15.515405], [7.108785, 0.484595], [1.108785, 0.484595], [1.108784999999999, -15.515405], [7.108784999999999, -15.515405]], [[7.309674999999999, -23.800405], [7.3096749999999995, -15.800405], [1.309674999999999, -15.800405], [1.3096749999999981, -23.800405], [7.309674999999999, -23.800405]], [[-3.3008900000000008, 23.319135], [-3.3008900000000003, 15.319135], [11.69911, 15.319135], [11.69911, 23.319135], [-3.3008900000000008, 23.319135]], [[-5.647995, 11.89007], [-5.647994999999999, 3.89007], [0.3520050000000009, 3.89007], [0.352005, 11.89007], [-5.647995, 11.89007]], [[16.04133, 10.931095], [8.04133, 10.931095000000003], [8.04133, 4.931095000000001], [16.04133, 4.931095], [16.04133, 10.931095]], [[11.868665, 11.571425], [19.868665, 11.571425], [19.868665, 26.571425], [11.868665, 26.571425], [11.868665, 11.571425]], [[16.324475, 4.672115], [24.324475, 4.672114999999998], [24.324475, 10.672114999999998], [16.324475, 10.672115], [16.324475, 4.672115]], [[-9.48428, 23.299055], [-9.48428, 15.299055], [-3.484279999999999, 15.299055], [-3.48428, 23.299055], [-9.48428, 23.299055]], [[32.47835, 15.410944999999996], [24.47835, 15.410945], [24.478349999999992, 0.410945], [32.47834999999999, 0.41094499999999645], [32.47835, 15.410944999999996]], [[24.06495, 4.956184999999997], [16.06495, 4.956185], [16.06495, -1.043815], [24.064949999999996, -1.0438150000000026], [24.06495, 4.956184999999997]]], "node_id": [0, 1, 2, 3, 4, 5, 6, 7, 8, 9, 10]}