{"corners": [[[0.0, 0.0], [8.61323, -0.56487], [8.0, 15.0], [0.0, 15.0], [0.0, 0.0]], [[6.999999999999999, -16.0], [7.93191, 0.23019], [1.17009, -0.8123], [0.9999999999999991, -16.0], [6.999999999999999, -16.0]], [[6.999999999999998, -24.0], [7.560269999999999, -16.83467], [1.7243799999999991, -15.52533], [0.9999999999999982, -24.0], [6.999999999999998, -24.0]], [[-3.500000000000001, 23.0], [-3.5000000000000004, 15.0], [11.5, 15.0], [11.5, 23.0], [-3.500000000000001, 23.0]], [[-6.0, 11.5], [-5.702099999999999, 3.18846], [8.881784197001252e-16, 3.5], [0.0, 11.5], [-6.0, 11.5]], [[16.0, 10.5], [8.0, 10.500000000000002], [8.0, 4.500000000000001], [16.0, 4.5], [16.0, 10.5]], [[11.5, 11.5], [19.69622, 12.4134], [19.5, 26.5], [11.5, 26.5], [11.5, 11.5]], [[16.0, 4.5], [23.2598, 5.324749999999998], [23.84115, 10.305399999999999], [16.0, 10.5], [16.0, 4.5]], [[-9.5, 23.0], [-9.95872, 15.33857], [-3.499999999999999, 15.0], [-3.5, 23.0], [-9.5, 23.0]], [[32.0, 14.999999999999996], [24.15008, 15.4627], [23.345229999999994, 0.58825], [31.999999999999993, -3.552713678800501e-15], [32.0, 14.999999999999996]], [[24.0, 4.499999999999997], [16.0, 4.5], [15.999999999999998, -1.5], [23.999999999999996, -1.5000000000000027], [24.0, 4.499999999999997]]], "node_id": [0, 1, 2, 3, 4, 5, 6, 7, 8, 9, 10]}