{"corners": [[[0.0, 0.0], [15.90346, 0.4828], [16.0, 6.0], [0.0, 6.0], [0.0, 0.0]], [[4.0, -15.0], [12.0, -15.0], [12.0, 0.0], [4.0, 0.0], [4.0, -15.0]], [[3.9999999999999996, -11.5], [4.0, -3.5], [-11.0, -3.4999999999999982], [-11.0, -11.499999999999998], [3.9999999999999996, -11.5]], [[-2.4492127076447545e-16, -1.0], [-0.04477999999999976, 7.47371], [-15.0, 7.000000000000002], [-15.0, -0.9999999999999991], [-2.4492127076447545e-16, -1.0]], [[-11.0, -4.499999999999999], [-27.0, -4.499999999999997], [-27.0, -10.499999999999996], [-11.0, -10.5], [-11.0, -4.499999999999999]], [[11.0, -31.0], [11.669230000000002, -14.2076], [5.000000000000001, -15.0], [5.0, -31.0], [11.0, -31.0]], [[-11.0, -26.0], [5.56058, -25.66315], [5.67895, -19.53748], [-11.0, -20.0], [-11.0, -26.0]], [[16.0, 0.0], [32.3535, -0.2758], [32.0, 6.0], [16.0, 6.0], [16.0, 0.0]], [[12.0, -10.5], [28.35116, -9.52078], [28.0, -4.5], [12.0, -4.5], [12.0, -10.5]], [[-4.499999999999999, 7.0], [-4.806129999999998, 22.33456], [-10.499999999999998, 23.0], [-10.5, 7.0], [-4.499999999999999, 7.0]], [[-14.999999999999996, 31.0], [-14.999999999999998, 23.0], [1.7763568394002505e-15, 22.999999999999996], [3.552713678800501e-15, 30.999999999999996], [-14.999999999999996, 31.0]]], "node_id": [0, 1, 2, 3, 4, 5, 6, 7, 8, 9, 10]}