{"corners": [[[0.454215, 0.22854], [8.454215, 0.22854], [8.454215, 6.22854], [0.454215, 6.22854], [0.454215, 0.22854]], [[0.20963000000000093, 10.75454], [-7.790369999999999, 10.754540000000002], [-7.79037, -4.245459999999998], [0.2096299999999991, -4.24546], [0.20963000000000093, 10.75454]], [[-13.680574999999997, 11.118015000000003], [-13.680575000000001, -4.881984999999997], [-7.680575, -4.881984999999997], [-7.680574999999998, 11.118015000000002], [-13.680574999999997, 11.118015000000003]], [[8.09478, 7.4027899999999995], [8.09478, -0.59721], [23.09478, -0.5972099999999991], [23.09478, 7.402790000000001], [8.09478, 7.4027899999999995]], [[7.558715, 7.2425250000000005], [23.558715, 7.2425250000000005], [23.558715, 13.242525], [7.558715, 13.242525], [7.558715, 7.2425250000000005]], [[23.062115, 7.306125000000001], [23.062115, -0.6938749999999991], [29.062115, -0.6938749999999991], [29.062115, 7.306125000000001], [23.062115, 7.306125000000001]], [[-6.802155000000001, -4.427184999999999], [-6.8021550000000035, -20.427185], [-0.8021550000000035, -20.427185], [-0.8021550000000008, -4.427185], [-6.802155000000001, -4.427184999999999]], [[-13.528210000000001, -0.5729049999999964], [-13.52821, 7.427095000000003], [-19.52821, 7.427095000000005], [-19.52821, -0.5729049999999946], [-13.528210000000001, -0.5729049999999964]], [[23.50075, 7.11034], [31.50075, 7.11034], [31.50075, 13.11034], [23.50075, 13.11034], [23.50075, 7.11034]], [[47.599495, 13.210899999999999], [31.599495, 13.2109], [31.599495, 7.2109], [47.599495, 7.210899999999998], [47.599495, 13.210899999999999]], [[23.22882, 13.360475], [23.22882, 21.360475], [8.22882, 21.360475], [8.22882, 13.360475000000001], [23.22882, 13.360475]]], "node_id": [0, 1, 2, 3, 4, 5, 6, 7, 8, 9, 10]}