{"corners": [[[0.0, 0.0], [15.24719, 0.93858], [16.54073, 6.12221], [0.0, 6.0], [0.0, 0.0]], [[-2.4492127076447545e-16, -1.0], [-0.2514399999999998, 6.36539], [-5.999999999999999, 7.0], [-6.0, -0.9999999999999997], [-2.4492127076447545e-16, -1.0]], [[0.0, 7.0], [4.898425415289509e-16, 15.0], [-5.999999999999999, 15.0], [-6.0, 7.0], [0.0, 7.0]], [[-7.0, -16.0], [1.0, -16.0], [1.0, -1.0], [-7.0, -1.0], [-7.0, -16.0]], [[5.0, 21.0], [-10.06646, 21.730390000000003], [-11.69693, 14.968050000000002], [4.999999999999999, 15.0], [5.0, 21.0]], [[-7.0, 21.0], [0.49083, 20.968629999999997], [1.0000000000000036, 36.0], [-6.9999999999999964, 36.0], [-7.0, 21.0]], [[-22.0, 8.0], [-6.0, 8.0], [-6.0, 14.0], [-22.0, 14.0], [-22.0, 8.0]], [[-5.999999999999995, 44.0], [-5.451829999999997, 35.27811], [-0.46712999999999644, 36.97737], [5.329070518200751e-15, 44.0], [-5.999999999999995, 44.0]], [[4.499999999999999, -24.0], [4.5, -16.0], [-10.5, -15.999999999999998], [-10.5, -24.0], [4.499999999999999, -24.0]], [[-18.5, -23.0], [-10.5, -23.0], [-10.5, -17.0], [-18.5, -17.0], [-18.5, -23.0]], [[-19.0, 15.000000000000002], [-10.05263, 15.81936], [-10.304569999999998, 21.95036], [-19.0, 21.0], [-19.0, 15.000000000000002]]], "node_id": [0, 1, 2, 3, 4, 5, 6, 7, 8, 9, 10]}