{"corners": [[[0.29633, 0.26253], [16.29633, 0.26253], [16.29633, 6.26253], [0.29633, 6.26253], [0.29633, 0.26253]], [[0.22369999999999976, -0.788685], [0.22370000000000026, 7.211315], [-5.776299999999999, 7.211315], [-5.7763, -0.7886849999999996], [0.22369999999999976, -0.788685]], [[0.247745, 7.18714], [0.2477450000000005, 15.18714], [-5.752254999999999, 15.18714], [-5.752255, 7.18714], [0.247745, 7.18714]], [[-6.90865, -15.88408], [1.09135, -15.88408], [1.09135, -0.88408], [-6.90865, -0.88408], [-6.90865, -15.88408]], [[5.10069, 21.483385], [-10.89931, 21.483385000000002], [-10.89931, 15.483385000000002], [5.100689999999999, 15.483385], [5.10069, 21.483385]], [[-6.567405, 21.075765], [1.432595, 21.075764999999997], [1.4325950000000036, 36.075765], [-6.567404999999996, 36.075765], [-6.567405, 21.075765]], [[-21.75799, 8.431825], [-5.75799, 8.431825], [-5.75799, 14.431825], [-21.75799, 14.431825], [-21.75799, 8.431825]], [[-5.877294999999995, 44.24216], [-5.877294999999997, 36.24216], [0.12270500000000355, 36.24216], [0.12270500000000532, 44.24216], [-5.877294999999995, 44.24216]], [[4.508524999999999, -23.612955], [4.508525, -15.612955], [-10.491475, -15.612954999999998], [-10.491475, -23.612955], [4.508524999999999, -23.612955]], [[-18.43047, -22.866785], [-10.43047, -22.866785], [-10.43047, -16.866785], [-18.43047, -16.866785], [-18.43047, -22.866785]], [[-18.505655, 15.087280000000002], [-10.505655, 15.08728], [-10.505654999999999, 21.08728], [-18.505655, 21.08728], [-18.505655, 15.087280000000002]]], "node_id": [0, 1, 2, 3, 4, 5, 6, 7, 8, 9, 10]}