{"corners": [[[0.0, 0.0], [7.79435, -0.94618], [8.0, 6.0], [0.0, 6.0], [0.0, 0.0]], [[23.0, -1.0000000000000009], [22.15375, 6.377019999999999], [7.71835, 7.532340000000001], [8.0, -1.0], [23.0, -1.0000000000000009]], [[19.5, 22.0], [11.5, 22.0], [11.499999999999998, 7.000000000000002], [19.499999999999996, 7.0], [19.5, 22.0]], [[12.500000000000004, 38.0], [12.73613, 22.94485], [18.5, 22.0], [18.500000000000004, 38.0], [12.500000000000004, 38.0]], [[4.500000000000002, 27.0], [12.500000000000002, 26.999999999999996], [12.500000000000004, 33.0], [4.5000000000000036, 33.0], [4.500000000000002, 27.0]]], "node_id": [0, 1, 2, 3, 4]}