{"corners": [[[0.25718, 0.362925], [8.25718, 0.362925], [8.25718, 15.362925], [0.25718, 15.362925], [0.25718, 0.362925]], [[8.404205, 4.516035], [16.404205, 4.516035], [16.404205, 10.516035], [8.404205, 10.516035], [8.404205, 4.516035]], [[16.187585, 4.653605], [24.187585, 4.653605], [24.187585, 10.653605], [16.187585, 10.653605], [16.187585, 4.653605]], [[9.0119, 4.88714], [9.0119, -3.11286], [15.0119, -3.11286], [15.0119, 4.88714], [9.0119, 4.88714]], [[30.204645, 3.51761], [30.204645, 11.51761], [24.204645, 11.51761], [24.204645, 3.5176100000000003], [30.204645, 3.51761]]], "node_id": [0, 1, 2, 3, 4]}