{"corners": [[[0.0, 0.0], [8.0, 0.0], [8.0, 15.0], [0.0, 15.0], [0.0, 0.0]], [[-3.5, -4.592273826833915e-16], [-2.5646899999999997, -7.29834], [10.62401, -8.18203], [11.5, 4.592273826833915e-16], [-3.5, -4.592273826833915e-16]], [[-2.4492127076447545e-16, 3.5], [-0.7043099999999998, 12.32826], [-15.0, 11.500000000000002], [-15.0, 3.500000000000001], [-2.4492127076447545e-16, 3.5]], [[-15.0, 3.500000000000001], [-15.98897, 11.53277], [-21.0, 11.5], [-21.0, 3.5000000000000013], [-15.0, 3.500000000000001]], [[12.0, 21.0], [-4.0, 21.000000000000004], [-4.0, 15.000000000000002], [12.0, 15.0], [12.0, 21.0]], [[-3.5, 3.5], [-10.95942, 3.4052800000000008], [-11.500000000000002, -11.499999999999998], [-3.5000000000000018, -11.5], [-3.5, 3.5]], [[-27.5, -6.999999999999995], [-11.5, -6.999999999999998], [-11.5, -0.9999999999999982], [-27.5, -0.9999999999999947], [-27.5, -6.999999999999995]], [[11.5, 21.0], [11.5, 29.0], [-3.5, 29.0], [-3.5, 21.0], [11.5, 21.0]], [[-10.499999999999996, 27.5], [-9.89108, 11.53757], [-4.499999999999999, 11.5], [-4.4999999999999964, 27.5], [-10.499999999999996, 27.5]], [[28.0, 21.0], [12.0, 21.000000000000004], [12.0, 15.000000000000002], [28.0, 15.0], [28.0, 21.0]], [[8.000000000000002, 35.0], [1.7763568394002505e-15, 35.0], [1.7763568394002505e-15, 29.0], [8.000000000000002, 29.0], [8.000000000000002, 35.0]]], "node_id": [0, 1, 2, 3, 4, 5, 6, 7, 8, 9, 10]}