{"corners": [[[0.0, 0.0], [7.34899, -0.52725], [7.12509, 15.99928], [0.0, 15.0], [0.0, 0.0]], [[-6.000000000000001, 15.5], [-5.22192, 0.21331999999999995], [0.0, -0.5], [-8.881784197001252e-16, 15.5], [-6.000000000000001, 15.5]], [[8.000000000000002, 30.0], [-0.9333599999999982, 29.32038], [0.311, 14.307220000000001], [8.0, 15.0], [8.000000000000002, 30.0]], [[4.499999999999999, -8.5], [4.3653, -0.38328], [-10.5, -0.4999999999999982], [-10.5, -8.499999999999998], [4.499999999999999, -8.5]], [[-10.5, -12.5], [-11.496059999999998, 4.0425], [-16.5, 3.5], [-16.5, -12.5], [-10.5, -12.5]]], "node_id": [0, 1, 2, 3, 4]}