{"corners": [[[0.0, 0.0], [8.0, 0.0], [8.0, 15.0], [0.0, 15.0], [0.0, 0.0]], [[24.0, 10.499999999999998], [8.50795, 10.6948], [8.0, 4.5], [24.0, 4.499999999999998], [24.0, 10.499999999999998]], [[-2.4492127076447545e-16, 3.5], [0.11817000000000025, 10.82204], [-15.0, 11.500000000000002], [-15.0, 3.500000000000001], [-2.4492127076447545e-16, 3.5]], [[8.881784197001252e-16, 11.5], [-0.4329599999999986, 20.44003], [-14.46666, 18.80009], [-15.0, 11.500000000000002], [8.881784197001252e-16, 11.5]], [[24.0, 11.499999999999998], [23.87046, 3.558269999999998], [30.0, 3.4999999999999964], [30.0, 11.499999999999996], [24.0, 11.499999999999998]], [[-15.0, 18.5], [-30.66272, 19.423670000000005], [-31.0, 12.500000000000002], [-15.0, 12.5], [-15.0, 18.5]], [[-15.5, 18.5], [-15.66793, 25.96828], [-30.5, 26.5], [-30.5, 18.5], [-15.5, 18.5]], [[0.0, -15.0], [7.65229, -15.65565], [8.55579, -0.50766], [0.0, 0.0], [0.0, -15.0]], [[29.999999999999996, -2.6645352591003757e-15], [37.76643, 0.7721999999999953], [38.80954, 14.700529999999997], [30.0, 14.999999999999996], [29.999999999999996, -2.6645352591003757e-15]], [[8.5, 4.500000000000001], [8.499999999999998, -3.499999999999999], [23.5, -3.5000000000000027], [23.5, 4.499999999999998], [8.5, 4.500000000000001]], [[12.999999999999998, -3.5000000000000004], [13.841249999999995, -20.06348], [18.080339999999996, -19.08606], [19.0, -3.5000000000000013], [12.999999999999998, -3.5000000000000004]]], "node_id": [0, 1, 2, 3, 4, 5, 6, 7, 8, 9, 10]}