{"corners": [[[0.257005, 0.424575], [8.257005, 0.424575], [8.257005, 6.424575], [0.257005, 6.424575], [0.257005, 0.424575]], [[16.375065, 6.052369999999999], [8.375065, 6.05237], [8.375065, 0.05237], [16.375065, 0.05236999999999911], [16.375065, 6.052369999999999]], [[8.223665, 12.298605], [0.223665, 12.298605000000002], [0.223665, 6.298605000000001], [8.223664999999999, 6.298605], [8.223665, 12.298605]], [[8.022939999999998, 6.33264], [16.02294, 6.332639999999998], [16.02294, 12.332639999999998], [8.02294, 12.33264], [8.022939999999998, 6.33264]], [[16.053155, 13.343184999999998], [16.053154999999997, 5.343184999999998], [31.053155, 5.343184999999995], [31.053155, 13.343184999999995], [16.053155, 13.343184999999998]]], "node_id": [0, 1, 2, 3, 4]}