{"corners": [[[0.0, 0.0], [8.0, 0.0], [8.0, 15.0], [0.0, 15.0], [0.0, 0.0]], [[16.0, 15.0], [8.88777, 14.552320000000002], [7.046639999999998, 0.7933300000000018], [15.999999999999998, 0.0], [16.0, 15.0]], [[-6.000000000000001, 15.5], [-5.2804, 0.44432000000000005], [-0.98159, -0.36031], [-8.881784197001252e-16, 15.5], [-6.000000000000001, 15.5]], [[15.999999999999998, 11.5], [16.524339999999995, 2.8299], [30.999999999999996, 3.4999999999999964], [31.0, 11.499999999999996], [15.999999999999998, 11.5]], [[39.0, 10.499999999999996], [30.43814, 11.121159999999998], [31.3466, 3.5426599999999975], [39.0, 4.4999999999999964], [39.0, 10.499999999999996]], [[8.000000000000002, 30.0], [1.7763568394002505e-15, 30.0], [0.0, 15.000000000000002], [8.0, 15.0], [8.000000000000002, 30.0]], [[55.0, 10.499999999999995], [38.17025, 11.080089999999997], [38.69982, 3.5854499999999963], [55.0, 4.499999999999995], [55.0, 10.499999999999995]], [[7.000000000000002, 30.0], [6.491720000000003, 38.88514], [0.25198000000000265, 37.48456], [1.0000000000000018, 30.0], [7.000000000000002, 30.0]], [[7.000000000000003, 38.0], [7.000000000000001, 30.0], [22.0, 29.999999999999996], [22.000000000000004, 38.0], [7.000000000000003, 38.0]], [[38.0, 37.0], [22.14841, 37.81553], [21.03262, 31.1063], [38.0, 31.0], [38.0, 37.0]], [[14.0, 18.5], [14.0, 26.5], [8.0, 26.5], [8.0, 18.5], [14.0, 18.5]]], "node_id": [0, 1, 2, 3, 4, 5, 6, 7, 8, 9, 10]}