{"corners": [[[0.01155, 0.463865], [8.01155, 0.463865], [8.01155, 15.463865], [0.01155, 15.463865], [0.01155, 0.463865]], [[16.47194, 15.13808], [8.47194, 15.138080000000002], [8.471939999999998, 0.13808000000000178], [16.471939999999996, 0.13808], [16.47194, 15.13808]], [[-5.988340000000001, 15.948335], [-5.98834, -0.051665000000000016], [0.01166, -0.051665000000000016], [0.011659999999999112, 15.948335], [-5.988340000000001, 15.948335]], [[16.263305, 11.84089], [16.263304999999995, 3.84089], [31.263304999999995, 3.8408899999999964], [31.263305, 11.840889999999996], [16.263305, 11.84089]], [[39.223095, 10.545244999999996], [31.223095, 10.545244999999998], [31.223095, 4.545244999999998], [39.223095, 4.545244999999997], [39.223095, 10.545244999999996]], [[8.399780000000002, 30.381085], [0.3997800000000018, 30.381085], [0.39978, 15.381085000000002], [8.39978, 15.381085], [8.399780000000002, 30.381085]], [[55.082475, 10.833789999999995], [39.082475, 10.833789999999997], [39.082475, 4.833789999999996], [55.082475, 4.833789999999994], [55.082475, 10.833789999999995]], [[7.165905000000002, 30.14472], [7.165905000000003, 38.14472], [1.1659050000000026, 38.14472], [1.1659050000000017, 30.14472], [7.165905000000002, 30.14472]], [[7.144905000000002, 38.065225], [7.1449050000000005, 30.065225], [22.144905, 30.065224999999998], [22.144905000000005, 38.065225], [7.144905000000002, 38.065225]], [[38.29213, 37.30388], [22.29213, 37.30388], [22.29213, 31.30388], [38.29213, 31.30388], [38.29213, 37.30388]], [[14.22797, 18.81308], [14.22797, 26.81308], [8.22797, 26.81308], [8.22797, 18.81308], [14.22797, 18.81308]]], "node_id": [0, 1, 2, 3, 4, 5, 6, 7, 8, 9, 10]}