{"corners": [[[0.0, 0.0], [8.10562, -0.06345], [8.94132, 6.15266], [0.0, 6.0], [0.0, 0.0]], [[1.0, -1.836909530733566e-16], [1.5108300000000008, -16.44006], [7.333560000000001, -15.01914], [7.0, 1.836909530733566e-16], [1.0, -1.836909530733566e-16]], [[0.0, 6.0], [8.0, 6.0], [8.0, 21.0], [0.0, 21.0], [0.0, 6.0]], [[11.5, 21.0], [10.92982, 28.9589], [-3.5, 29.0], [-3.5, 21.0], [11.5, 21.0]], [[-7.0, -15.5], [1.0, -15.5], [1.0, -0.5], [-7.0, -0.5], [-7.0, -15.5]], [[15.0, -0.4999999999999991], [7.14717, -1.19278], [7.000000000000002, -15.5], [15.000000000000002, -15.5], [15.0, -0.4999999999999991]], [[-19.5, 22.0], [-3.44871, 21.87249], [-3.5, 28.0], [-19.5, 28.0], [-19.5, 22.0]], [[8.0, 0.0], [24.0, 0.0], [24.0, 6.0], [8.0, 6.0], [8.0, 0.0]], [[11.500000000000002, 33.0], [11.499999999999998, 17.0], [17.5, 17.0], [17.5, 33.0], [11.500000000000002, 33.0]], [[-7.0, -30.5], [0.85507, -29.59279], [1.29153, -15.49346], [-7.0, -15.5], [-7.0, -30.5]], [[-14.5, 22.0], [-14.499999999999998, 6.0], [-8.5, 6.0], [-8.5, 22.0], [-14.5, 22.0]]], "node_id": [0, 1, 2, 3, 4, 5, 6, 7, 8, 9, 10]}