{"corners": [[[0.465375, 0.303695], [8.465375, 0.303695], [8.465375, 6.303695], [0.465375, 6.303695], [0.465375, 0.303695]], [[-15.553245, 0.083795], [0.446755, 0.083795], [0.446755, 6.083795], [-15.553245, 6.083795], [-15.553245, 0.083795]], [[7.465179999999999, -15.651655], [7.46518, 0.348345], [1.46518, 0.348345], [1.465179999999999, -15.651655], [7.465179999999999, -15.651655]], [[8.423925, 7.29131], [8.423925, -0.70869], [14.423925, -0.70869], [14.423925, 7.29131], [8.423925, 7.29131]], [[1.0803399999999999, -11.854475], [1.0803400000000003, -3.854475], [-13.91966, -3.854474999999998], [-13.91966, -11.854474999999999], [1.0803399999999999, -11.854475]], [[7.49311, 7.447035], [15.49311, 7.447035], [15.49311, 13.447035], [7.49311, 13.447035], [7.49311, 7.447035]], [[23.28697, 17.631055], [15.28697, 17.631055], [15.286969999999998, 2.6310550000000017], [23.286969999999997, 2.631055], [23.28697, 17.631055]], [[7.483215, 6.473365], [7.483215000000001, 14.473365], [1.4832150000000008, 14.473365], [1.483215, 6.473365], [7.483215, 6.473365]], [[11.939325, 14.11937], [11.939325, 22.11937], [-3.060675, 22.11937], [-3.060675, 14.119370000000002], [11.939325, 14.11937]], [[38.467325, 6.232284999999999], [38.467325, 14.232285], [23.467325, 14.232285], [23.467325, 6.232285], [38.467325, 6.232284999999999]], [[34.621915, 6.194029999999999], [26.621915, 6.19403], [26.621915, 0.19403], [34.621915, 0.19402999999999912], [34.621915, 6.194029999999999]]], "node_id": [0, 1, 2, 3, 4, 5, 6, 7, 8, 9, 10]}