{"corners": [[[0.0, 0.0], [8.21478, 0.78702], [8.0, 6.0], [0.0, 6.0], [0.0, 0.0]], [[-16.0, 0.0], [0.0, 0.0], [0.0, 6.0], [-16.0, 6.0], [-16.0, 0.0]], [[6.999999999999999, -16.0], [7.86071, 0.39338], [1.0, 0.0], [0.9999999999999991, -16.0], [6.999999999999999, -16.0]], [[8.0, 7.0], [8.0, -1.0], [14.0, -1.0], [14.0, 7.0], [8.0, 7.0]], [[0.9999999999999998, -12.0], [1.6181400000000004, -4.78678], [-13.32002, -3.947459999999998], [-14.0, -11.999999999999998], [0.9999999999999998, -12.0]], [[7.0, 7.0], [15.5735, 7.68238], [14.32563, 13.26181], [7.0, 13.0], [7.0, 7.0]], [[23.0, 17.5], [14.47747, 18.36929], [14.929139999999999, 1.9876600000000018], [22.999999999999996, 2.5], [23.0, 17.5]], [[7.0, 6.0], [6.601750000000001, 13.37626], [1.0000000000000009, 14.0], [1.0, 6.0], [7.0, 6.0]], [[11.5, 14.0], [11.5, 22.0], [-3.5, 22.0], [-3.5, 14.000000000000002], [11.5, 14.0]], [[38.0, 5.999999999999999], [37.08432, 14.01252], [23.0, 14.0], [23.0, 6.0], [38.0, 5.999999999999999]], [[34.5, 5.999999999999999], [26.29776, 6.25933], [25.63919, 0.00474], [34.5, -8.881784197001252e-16], [34.5, 5.999999999999999]]], "node_id": [0, 1, 2, 3, 4, 5, 6, 7, 8, 9, 10]}