{"corners": [[[0.0, 0.0], [7.46179, 0.40007], [8.0, 15.0], [0.0, 15.0], [0.0, 0.0]], [[11.5, 15.0], [11.5, 23.0], [-3.5, 23.0], [-3.5, 15.000000000000002], [11.5, 15.0]], [[-4.0, -6.0], [12.64095, -5.65104], [12.0, 0.0], [-4.0, 0.0], [-4.0, -6.0]], [[18.0, -7.0], [17.44843, 0.86088], [11.90043, 1.97319], [12.0, -7.0], [18.0, -7.0]], [[17.5, 15.0], [17.49645, 23.63451], [11.5, 23.0], [11.5, 15.0], [17.5, 15.0]], [[18.0, 1.0], [17.35401, -7.97798], [32.84112, -6.685820000000003], [33.0, 0.9999999999999972], [18.0, 1.0]], [[22.0, 23.0], [21.7563, 30.82896], [7.0, 31.0], [7.0, 23.0], [22.0, 23.0]], [[11.0, 1.0], [19.72201, 0.95512], [19.0, 7.0], [11.0, 7.0], [11.0, 1.0]], [[-3.5000000000000004, 11.0], [-4.31703, 26.96367], [-9.5, 27.0], [-9.5, 11.0], [-3.5000000000000004, 11.0]], [[-3.5, 27.0], [-2.9166299999999996, 35.94442], [-9.5, 35.0], [-9.5, 27.0], [-3.5, 27.0]], [[-10.0, 5.0], [-10.741379999999998, -11.47179], [-3.999999999999999, -11.0], [-4.0, 5.0], [-10.0, 5.0]]], "node_id": [0, 1, 2, 3, 4, 5, 6, 7, 8, 9, 10]}