{"corners": [[[0.284275, 0.466445], [8.284275, 0.466445], [8.284275, 15.466445], [0.284275, 15.466445], [0.284275, 0.466445]], [[0.004310000000000918, 15.181495], [-7.995689999999999, 15.181495000000002], [-7.99569, 0.18149500000000177], [0.004309999999999081, 0.181495], [0.004310000000000918, 15.181495]], [[0.089535, 15.03761], [8.089535, 15.03761], [8.089535, 30.03761], [0.089535, 30.03761], [0.089535, 15.03761]], [[1.137475, 0.1388799999999998], [1.1374750000000005, -7.86112], [7.137475000000001, -7.86112], [7.137475, 0.1388800000000002], [1.137475, 0.1388799999999998]], [[24.422895, 10.882714999999997], [8.422895, 10.882715], [8.422895, 4.882715], [24.422895, 4.882714999999998], [24.422895, 10.882714999999997]]], "node_id": [0, 1, 2, 3, 4]}