{"corners": [[[0.0, 0.0], [7.56155, -0.19431], [7.64415, 6.62454], [0.0, 6.0], [0.0, 0.0]], [[1.0, -1.836909530733566e-16], [1.994600000000001, -15.55387], [7.000000000000001, -16.0], [7.0, 1.836909530733566e-16], [1.0, -1.836909530733566e-16]], [[3.673819061467132e-16, 6.0], [-16.0, 6.000000000000002], [-16.0, 1.7763568394002505e-15], [-3.673819061467132e-16, 0.0], [3.673819061467132e-16, 6.0]], [[-0.5, 6.0], [-1.0109199999999996, 14.92639], [-14.67504, 14.670610000000002], [-15.5, 6.000000000000001], [-0.5, 6.0]], [[-0.49999999999999906, 14.0], [0.2501799999999994, 6.03043], [5.499999999999999, 5.999999999999998], [5.500000000000001, 13.999999999999998], [-0.49999999999999906, 14.0]], [[1.0, -16.0], [1.0000000000000009, 0.0], [-4.999999999999999, 0.0], [-5.0, -16.0], [1.0, -16.0]], [[1.0000000000000009, -16.0], [1.0000000000000018, -32.0], [7.000000000000002, -32.0], [7.000000000000001, -16.0], [1.0000000000000009, -16.0]], [[13.0, -12.0], [13.89122, -4.18392], [7.6218900000000005, -4.94695], [7.0, -12.0], [13.0, -12.0]], [[0.9999999999999991, -32.0], [1.95913, -16.64585], [-5.0, -16.0], [-5.000000000000001, -32.0], [0.9999999999999991, -32.0]], [[0.9999999999999987, -40.0], [0.6500399999999991, -31.87712], [-4.74207, -31.86009], [-5.000000000000002, -40.0], [0.9999999999999987, -40.0]], [[-20.0, -3.9999999999999973], [-19.13026, -11.409859999999997], [-4.118100000000002, -11.45767], [-5.0, -4.0], [-20.0, -3.9999999999999973]]], "node_id": [0, 1, 2, 3, 4, 5, 6, 7, 8, 9, 10]}