{"corners": [[[0.0, 0.0], [15.4793, -0.11936], [15.75755, 5.58884], [0.0, 6.0], [0.0, 0.0]], [[-8.0, -4.5], [-0.84526, -4.60126], [0.0, 10.5], [-8.0, 10.5], [-8.0, -4.5]], [[-8.0, -19.5], [0.12395, -20.0015], [0.94829, -5.2335], [-8.0, -4.5], [-8.0, -19.5]], [[15.5, -8.0], [14.61888, -0.86347], [0.5, 1.7763568394002505e-15], [0.5, -7.999999999999999], [15.5, -8.0]], [[4.999999999999999, 22.0], [4.1082, 6.41823], [11.0, 6.0], [11.0, 22.0], [4.999999999999999, 22.0]]], "node_id": [0, 1, 2, 3, 4]}