{"corners": [[[0.0, 0.0], [8.98825, -0.74142], [7.96376, 14.64591], [0.0, 15.0], [0.0, 0.0]], [[-4.898425415289509e-16, -0.5], [0.2618500000000005, 15.22189], [-6.0, 15.5], [-6.000000000000001, -0.4999999999999996], [-4.898425415289509e-16, -0.5]], [[0.0, 15.0], [8.0, 15.0], [8.0, 30.0], [0.0, 30.0], [0.0, 15.0]], [[-16.0, 19.5], [-0.35063, 20.05202], [-0.08164, 26.21099], [-16.0, 25.5], [-16.0, 19.5]], [[-6.0, -0.4999999999999993], [-6.000000000000002, -8.5], [-1.7763568394002505e-15, -8.500000000000002], [0.0, -0.5000000000000003], [-6.0, -0.4999999999999993]], [[-3.9968028886505635e-15, -16.5], [0.6115299999999985, -8.19921], [-6.000000000000002, -8.499999999999998], [-6.0000000000000036, -16.499999999999996], [-3.9968028886505635e-15, -16.5]], [[4.499999999999993, -24.5], [5.355609999999995, -17.08719], [-10.500000000000005, -16.499999999999993], [-10.500000000000007, -24.499999999999996], [4.499999999999993, -24.5]], [[-14.000000000000004, -11.999999999999996], [-6.0000000000000036, -11.999999999999998], [-6.0, 3.0000000000000018], [-14.0, 3.0000000000000036], [-14.000000000000004, -11.999999999999996]], [[1.0, -1.836909530733566e-16], [0.6964000000000009, -16.29595], [7.000000000000001, -16.0], [7.0, 1.836909530733566e-16], [1.0, -1.836909530733566e-16]], [[-5.999999999999995, 18.0], [-13.999999999999995, 18.000000000000004], [-14.0, 3.0000000000000036], [-6.0, 3.0], [-5.999999999999995, 18.0]], [[7.000000000000001, -11.0], [14.55659, -10.79263], [15.98923, -4.74203], [7.000000000000001, -5.0], [7.000000000000001, -11.0]]], "node_id": [0, 1, 2, 3, 4, 5, 6, 7, 8, 9, 10]}