{"corners": [[[0.30255, 0.28672], [8.30255, 0.28672], [8.30255, 15.28672], [0.30255, 15.28672], [0.30255, 0.28672]], [[0.4549149999999995, -0.18311], [0.4549150000000005, 15.81689], [-5.545085, 15.81689], [-5.545085000000001, -0.1831099999999996], [0.4549149999999995, -0.18311]], [[0.01396, 15.315465], [8.01396, 15.315465], [8.01396, 30.315465], [0.01396, 30.315465], [0.01396, 15.315465]], [[-15.81953, 19.518345], [0.18047, 19.518345], [0.18047, 25.518345], [-15.81953, 25.518345], [-15.81953, 19.518345]], [[-5.83766, -0.11199499999999929], [-5.837660000000001, -8.111995], [0.16233999999999824, -8.111995000000002], [0.16234, -0.11199500000000034], [-5.83766, -0.11199499999999929]], [[0.229589999999996, -16.072255], [0.22958999999999843, -8.072255], [-5.770410000000002, -8.072254999999998], [-5.770410000000004, -16.072254999999995], [0.229589999999996, -16.072255]], [[4.921339999999993, -24.277695], [4.921339999999995, -16.277695], [-10.078660000000005, -16.277694999999994], [-10.078660000000006, -24.277694999999998], [4.921339999999993, -24.277695]], [[-13.586450000000003, -11.594944999999996], [-5.586450000000004, -11.594944999999997], [-5.58645, 3.4050550000000017], [-13.58645, 3.4050550000000035], [-13.586450000000003, -11.594944999999996]], [[1.4639, 0.10319999999999982], [1.4639000000000009, -15.8968], [7.463900000000001, -15.8968], [7.4639, 0.10320000000000018], [1.4639, 0.10319999999999982]], [[-5.898474999999995, 18.171815], [-13.898474999999994, 18.171815000000002], [-13.898475, 3.1718150000000036], [-5.898475, 3.171815], [-5.898474999999995, 18.171815]], [[7.081390000000001, -10.99764], [15.08139, -10.99764], [15.08139, -4.99764], [7.081390000000001, -4.99764], [7.081390000000001, -10.99764]]], "node_id": [0, 1, 2, 3, 4, 5, 6, 7, 8, 9, 10]}