{"corners": [[[0.0, 0.0], [7.39652, -0.95078], [8.0, 15.0], [0.0, 15.0], [0.0, 0.0]], [[-4.0, 15.0], [12.35893, 14.01069], [12.0, 21.0], [-4.0, 21.0], [-4.0, 15.0]], [[-10.0, 26.0], [-9.999999999999998, 10.0], [-3.999999999999999, 10.0], [-4.0, 26.0], [-10.0, 26.0]], [[11.5, 21.0], [11.5, 29.0], [-3.5, 29.0], [-3.5, 21.0], [11.5, 21.0]], [[8.0, -4.898425415289509e-16], [0.0, 4.898425415289509e-16], [0.0, -6.0], [7.999999999999999, -6.000000000000001], [8.0, -4.898425415289509e-16]]], "node_id": [0, 1, 2, 3, 4]}