{"corners": [[[0.0, 0.0], [8.0, 0.0], [8.0, 6.0], [0.0, 6.0], [0.0, 0.0]], [[0.0, -6.0], [7.60616, -6.19837], [7.37916, 0.45523], [0.0, 0.0], [0.0, -6.0]], [[8.0, 0.0], [15.69732, -0.95842], [15.45337, 5.1508], [8.0, 6.0], [8.0, 0.0]], [[8.0, -6.000000000000001], [-0.80445, -6.15076], [-1.7763568394002505e-15, -21.0], [7.999999999999998, -21.0], [8.0, -6.000000000000001]], [[16.0, -4.898425415289509e-16], [8.12584, -0.7883999999999995], [8.440189999999998, -14.572099999999999], [15.999999999999998, -15.0], [16.0, -4.898425415289509e-16]]], "node_id": [0, 1, 2, 3, 4]}