{"corners": [[[0.29136, 0.22917], [16.29136, 0.22917], [16.29136, 6.22917], [0.29136, 6.22917], [0.29136, 0.22917]], [[11.02162, -15.95505], [11.021620000000002, 0.04495], [5.021620000000001, 0.04495], [5.02162, -15.95505], [11.02162, -15.95505]], [[4.207165, -21.63397], [12.207165, -21.63397], [12.207165, -15.63397], [4.207165, -15.63397], [4.207165, -21.63397]], [[19.46179, -4.889850000000001], [11.46179, -4.88985], [11.46179, -10.88985], [19.46179, -10.88985], [19.46179, -4.889850000000001]], [[15.56785, 6.0841449999999995], [15.56785, 14.084145], [0.56785, 14.084145], [0.56785, 6.084145], [15.56785, 6.0841449999999995]]], "node_id": [0, 1, 2, 3, 4]}