{"corners": [[[0.0, 0.0], [15.74649, 0.75537], [15.88497, 6.79348], [0.0, 6.0], [0.0, 0.0]], [[11.0, -16.0], [11.464110000000002, 0.84716], [5.000000000000001, 0.0], [5.0, -16.0], [11.0, -16.0]], [[4.0, -22.0], [12.0, -22.0], [12.0, -16.0], [4.0, -16.0], [4.0, -22.0]], [[19.0, -5.000000000000001], [11.0, -5.0], [11.0, -11.0], [19.0, -11.0], [19.0, -5.000000000000001]], [[15.5, 5.999999999999999], [15.5, 14.0], [0.5, 14.0], [0.5, 6.0], [15.5, 5.999999999999999]]], "node_id": [0, 1, 2, 3, 4]}