{"corners": [[[0.0, 0.0], [7.30774, -0.60071], [8.0, 15.0], [0.0, 15.0], [0.0, 0.0]], [[8.0, -4.898425415289509e-16], [-0.76691, -0.7529999999999996], [0.9925199999999982, -14.309209999999998], [7.999999999999998, -15.0], [8.0, -4.898425415289509e-16]], [[7.999999999999998, -10.5], [23.33803, -9.972160000000004], [24.0, -4.5000000000000036], [8.0, -4.5], [7.999999999999998, -10.5]], [[24.0, -10.500000000000004], [32.51458, -10.347920000000006], [32.0, -4.500000000000005], [24.0, -4.5000000000000036], [24.0, -10.500000000000004]], [[-3.500000000000001, 23.0], [-3.6006600000000004, 15.35405], [12.36767, 14.47516], [11.5, 23.0], [-3.500000000000001, 23.0]], [[-2.4492127076447545e-16, 3.5], [-0.3040899999999998, 11.90024], [-5.999999999999999, 11.5], [-6.0, 3.5000000000000004], [-2.4492127076447545e-16, 3.5]], [[7.9999999999999964, -16.5], [23.999999999999996, -16.500000000000004], [23.999999999999996, -10.500000000000004], [7.999999999999998, -10.5], [7.9999999999999964, -16.5]], [[19.999999999999996, -16.500000000000004], [11.717429999999997, -16.66913], [11.999999999999991, -31.5], [19.99999999999999, -31.500000000000004], [19.999999999999996, -16.500000000000004]], [[16.0, 10.5], [7.95626, 11.017010000000003], [8.0, 4.500000000000001], [16.0, 4.5], [16.0, 10.5]], [[25.999999999999993, -28.000000000000007], [26.179859999999998, -20.146610000000006], [20.296519999999997, -19.608480000000007], [19.999999999999993, -28.000000000000004], [25.999999999999993, -28.000000000000007]], [[11.999999999999996, -16.5], [4.130499999999996, -16.823299999999996], [3.999999999999991, -31.499999999999996], [11.999999999999991, -31.5], [11.999999999999996, -16.5]]], "node_id": [0, 1, 2, 3, 4, 5, 6, 7, 8, 9, 10]}