{"corners": [[[0.0, 0.0], [16.0, 0.0], [16.0, 6.0], [0.0, 6.0], [0.0, 0.0]], [[16.0, -4.5], [23.61658, -5.13056], [24.0, 10.5], [16.0, 10.5], [16.0, -4.5]], [[9.18454765366783e-16, 10.5], [-7.625379999999999, 11.169500000000001], [-8.69203, -4.014229999999999], [-9.18454765366783e-16, -4.5], [9.18454765366783e-16, 10.5]], [[-8.000000000000004, -19.5], [-0.26957000000000353, -19.444880000000005], [0.0, -4.500000000000002], [-8.0, -4.5], [-8.000000000000004, -19.5]], [[30.0, -5.0], [30.68494, 11.73949], [24.01721, 11.78354], [24.0, -5.0], [30.0, -5.0]], [[-3.552713678800501e-15, -19.5], [-7.447970000000003, -20.230609999999995], [-8.000000000000005, -25.499999999999996], [-5.75700511568078e-15, -25.5], [-3.552713678800501e-15, -19.5]], [[30.0, -13.0], [29.84369, -5.00437], [24.0, -5.0], [24.0, -13.0], [30.0, -13.0]], [[-6.9999999999999964, 26.5], [-6.999999999999999, 10.5], [-0.9999999999999991, 10.5], [-0.9999999999999964, 26.5], [-6.9999999999999964, 26.5]], [[-15.0, 11.000000000000002], [-6.22484, 11.71318], [-6.694729999999996, 25.07667], [-14.999999999999996, 26.0], [-15.0, 11.000000000000002]], [[30.0, -16.5], [38.39972, -16.93966], [38.06188, -1.14798], [30.0, -1.5], [30.0, -16.5]], [[-3.613266370133816e-15, -19.5], [7.9999999999999964, -19.500000000000004], [8.0, -4.500000000000002], [6.055269133331542e-17, -4.5], [-3.613266370133816e-15, -19.5]]], "node_id": [0, 1, 2, 3, 4, 5, 6, 7, 8, 9, 10]}