{"corners": [[[0.44033, 0.405605], [16.44033, 0.405605], [16.44033, 6.4056049999999995], [0.44033, 6.4056049999999995], [0.44033, 0.405605]], [[-5.950535000000001, 11.11386], [-5.950535, -4.88614], [0.049465, -4.88614], [0.049464999999999114, 11.11386], [-5.950535000000001, 11.11386]], [[-5.680690000000002, 19.385015], [-5.680690000000001, 11.385015], [0.3193099999999991, 11.385015], [0.3193099999999982, 19.385015], [-5.680690000000002, 19.385015]], [[-10.109645000000004, 27.181105], [-10.109645000000004, 19.181105], [4.890354999999996, 19.181105], [4.890354999999996, 27.181105], [-10.109645000000004, 27.181105]], [[-5.563170000000005, 43.27205], [-5.563170000000004, 27.27205], [0.43682999999999644, 27.27205], [0.43682999999999556, 43.27205], [-5.563170000000005, 43.27205]], [[22.49904, -4.78194], [22.49904, 11.21806], [16.49904, 11.21806], [16.49904, -4.78194], [22.49904, -4.78194]], [[4.964469999999996, 43.34674], [4.964469999999997, 51.34674], [-10.035530000000003, 51.34674], [-10.035530000000003, 43.34674], [4.964469999999996, 43.34674]], [[4.532484999999996, 31.464735], [4.532484999999997, 15.464735], [10.532484999999996, 15.464735], [10.532484999999996, 31.464735], [4.532484999999996, 31.464735]], [[12.661659999999996, 50.4814], [4.661659999999997, 50.4814], [4.661659999999997, 44.4814], [12.661659999999996, 44.4814], [12.661659999999996, 50.4814]], [[0.11223999999999912, -20.55109], [0.1122400000000001, -4.55109], [-5.88776, -4.55109], [-5.887760000000001, -20.55109], [0.11223999999999912, -20.55109]], [[4.641094999999998, -28.774475], [4.641094999999999, -20.774475], [-10.358905000000002, -20.774475], [-10.358905000000002, -28.774475], [4.641094999999998, -28.774475]]], "node_id": [0, 1, 2, 3, 4, 5, 6, 7, 8, 9, 10]}