{"corners": [[[0.0, 0.0], [16.0, 0.0], [16.0, 6.0], [0.0, 6.0], [0.0, 0.0]], [[0.4999999999999991, 14.0], [1.1775699999999996, 5.28935], [15.5, 6.000000000000001], [15.5, 14.000000000000002], [0.4999999999999991, 14.0]], [[4.0, -15.0], [12.0, -15.0], [12.0, 0.0], [4.0, 0.0], [4.0, -15.0]], [[-14.5, 14.0], [-14.5, 6.0], [0.5, 6.000000000000001], [0.5, 14.000000000000002], [-14.5, 14.0]], [[0.5, 14.0], [-0.4526699999999996, 21.31402], [-14.5, 22.0], [-14.5, 14.000000000000002], [0.5, 14.0]], [[4.000000000000001, 0.0], [-3.657619999999999, -0.734719999999999], [-4.000000000000001, -14.999999999999998], [3.999999999999999, -15.0], [4.000000000000001, 0.0]], [[16.5, 21.0], [0.5, 21.000000000000004], [0.5, 15.000000000000002], [16.5, 15.0], [16.5, 21.0]], [[-3.000000000000001, -15.0], [-3.888820000000002, -23.33609], [3.3654399999999973, -23.99186], [2.999999999999999, -15.000000000000002], [-3.000000000000001, -15.0]], [[-8.0, 0.0], [0.0, 0.0], [0.0, 6.0], [-8.0, 6.0], [-8.0, 0.0]], [[-3.000000000000003, -23.0], [-3.4312200000000006, -15.71142], [-9.0, -14.999999999999998], [-9.000000000000004, -22.999999999999996], [-3.000000000000003, -23.0]], [[18.0, -11.5], [17.143909999999998, -3.57027], [11.31331, -3.89764], [12.0, -11.5], [18.0, -11.5]]], "node_id": [0, 1, 2, 3, 4, 5, 6, 7, 8, 9, 10]}