{"corners": [[[0.173595, 0.00794], [8.173595, 0.00794], [8.173595, 15.00794], [0.173595, 15.00794], [0.173595, 0.00794]], [[12.124185, 21.43049], [-3.875815, 21.430490000000002], [-3.875815, 15.430490000000002], [12.124185, 15.43049], [12.124185, 21.43049]], [[0.49587000000000037, 10.64076], [-15.50413, 10.640760000000002], [-15.50413, 4.640760000000002], [0.4958699999999996, 4.64076], [0.49587000000000037, 10.64076]], [[-15.946475, 3.673785000000002], [-15.946475, 11.673785000000002], [-30.946475, 11.673785000000004], [-30.946475, 3.6737850000000027], [-15.946475, 3.673785000000002]], [[7.15973, -7.789685], [7.159730000000001, 0.210315], [1.1597300000000008, 0.210315], [1.15973, -7.789685], [7.15973, -7.789685]], [[-3.96873, -13.824155], [12.03127, -13.824155], [12.03127, -7.824155], [-3.96873, -7.824155], [-3.96873, -13.824155]], [[-11.662855, -13.582605], [-3.662855, -13.582605], [-3.662855, -7.582605], [-11.662855, -7.582605], [-11.662855, -13.582605]], [[-26.98935, -6.566050000000001], [-26.98935, -14.56605], [-11.98935, -14.56605], [-11.98935, -6.56605], [-26.98935, -6.566050000000001]], [[-23.323545, -29.603755], [-15.323545, -29.603755], [-15.323545, -14.603755], [-23.323545, -14.603755], [-23.323545, -29.603755]], [[-27.46571, -2.3772199999999977], [-19.46571, -2.3772199999999977], [-19.46571, 3.6227800000000023], [-27.46571, 3.6227800000000023], [-27.46571, -2.3772199999999977]], [[-22.373485, -29.529825], [-22.373485, -37.529825], [-16.373485, -37.529825], [-16.373485, -29.529825], [-22.373485, -29.529825]]], "node_id": [0, 1, 2, 3, 4, 5, 6, 7, 8, 9, 10]}