{"corners": [[[0.0, 0.0], [15.65017, -0.14568], [15.19878, 6.20063], [0.0, 6.0], [0.0, 0.0]], [[-2.4492127076447545e-16, -1.0], [-0.4659799999999998, 6.87617], [-6.443819999999999, 6.4023900000000005], [-6.0, -0.9999999999999997], [-2.4492127076447545e-16, -1.0]], [[-1.3322676295501878e-15, -17.0], [-3.5258254649228604e-16, -1.0], [-6.0, -1.0], [-6.000000000000002, -17.0], [-1.3322676295501878e-15, -17.0]], [[-14.0, -16.5], [-6.0, -16.5], [-6.0, -1.5], [-14.0, -1.5], [-14.0, -16.5]], [[-5.9999999999999964, 23.0], [-6.499469999999999, 7.58577], [-0.6219499999999991, 7.84605], [3.552713678800501e-15, 23.0], [-5.9999999999999964, 23.0]], [[16.0, -9.796850830579018e-16], [0.34165, -0.547189999999999], [0.0, -5.999999999999999], [16.0, -6.000000000000001], [16.0, -9.796850830579018e-16]], [[-6.0, -16.5], [-14.28638, -15.55613], [-14.000000000000002, -31.5], [-6.000000000000002, -31.5], [-6.0, -16.5]], [[-6.000000000000002, -17.0], [-6.751290000000004, -24.61653], [-3.552713678800501e-15, -25.0], [-1.7763568394002505e-15, -17.0], [-6.000000000000002, -17.0]], [[-13.000000000000002, -31.5], [-12.859060000000005, -48.23692], [-6.939930000000005, -46.91777], [-7.000000000000002, -31.5], [-13.000000000000002, -31.5]], [[-30.0, -26.999999999999996], [-13.22345, -27.33801], [-14.40836, -21.64489], [-30.0, -20.999999999999996], [-30.0, -26.999999999999996]], [[4.0, 6.0], [12.0, 6.0], [12.0, 21.0], [4.0, 21.0], [4.0, 6.0]]], "node_id": [0, 1, 2, 3, 4, 5, 6, 7, 8, 9, 10]}