{"corners": [[[0.0, 0.0], [16.0, 0.0], [16.0, 6.0], [0.0, 6.0], [0.0, 0.0]], [[16.0, 0.0], [32.86655, 0.91837], [32.0, 6.0], [16.0, 6.0], [16.0, 0.0]], [[5.0, -1.836909530733566e-16], [4.385720000000001, -15.86201], [11.00722, -15.04791], [11.0, 1.836909530733566e-16], [5.0, -1.836909530733566e-16]], [[-4.898425415289509e-16, -5.0], [-0.5159299999999996, 11.93306], [-6.60262, 11.61374], [-6.000000000000001, -5.0], [-4.898425415289509e-16, -5.0]], [[-6.0, 6.0], [-21.68219, 6.999270000000002], [-22.0, 1.7763568394002505e-15], [-6.000000000000001, 0.0], [-6.0, 6.0]], [[-28.0, 7.000000000000003], [-28.45759, -1.7083399999999973], [-22.0, -0.9999999999999991], [-22.0, 7.000000000000002], [-28.0, 7.000000000000003]], [[-36.0, 4.440892098500626e-15], [-28.0, 2.4815219323848225e-15], [-28.0, 6.000000000000003], [-36.0, 6.000000000000004], [-36.0, 4.440892098500626e-15]], [[32.0, 0.0], [48.57508, -0.57071], [48.95725, 5.95536], [32.0, 6.0], [32.0, 0.0]], [[21.0, -1.836909530733566e-16], [21.0, -16.0], [27.0, -16.0], [27.0, 1.836909530733566e-16], [21.0, -1.836909530733566e-16]], [[16.5, -16.0], [16.5, -24.0], [31.5, -24.0], [31.5, -15.999999999999998], [16.5, -16.0]], [[32.5, -4.592273826833915e-16], [32.5, -8.0], [47.5, -8.0], [47.5, 4.592273826833915e-16], [32.5, -4.592273826833915e-16]]], "node_id": [0, 1, 2, 3, 4, 5, 6, 7, 8, 9, 10]}