{"corners": [[[0.09238, 0.211505], [16.09238, 0.211505], [16.09238, 6.211505], [0.09238, 6.211505], [0.09238, 0.211505]], [[16.483785, 0.28652], [32.483785, 0.28652], [32.483785, 6.28652], [16.483785, 6.28652], [16.483785, 0.28652]], [[5.407365, 0.09642999999999982], [5.407365, -15.90357], [11.407365, -15.90357], [11.407365, 0.09643000000000018], [5.407365, 0.09642999999999982]], [[0.2844949999999995, -4.748195], [0.2844950000000005, 11.251805], [-5.715505, 11.251805], [-5.715505000000001, -4.748195], [0.2844949999999995, -4.748195]], [[-5.511975, 6.44133], [-21.511975, 6.4413300000000016], [-21.511975, 0.4413300000000018], [-5.5119750000000005, 0.44133], [-5.511975, 6.44133]], [[-27.878985, 7.483265000000003], [-27.878985, -0.5167349999999973], [-21.878985, -0.5167349999999991], [-21.878985, 7.483265000000002], [-27.878985, 7.483265000000003]], [[-35.900655, 0.40343500000000443], [-27.900655, 0.4034350000000025], [-27.900655, 6.403435000000003], [-35.900655, 6.403435000000004], [-35.900655, 0.40343500000000443]], [[32.162465, 0.39796], [48.162465, 0.39796], [48.162465, 6.39796], [32.162465, 6.39796], [32.162465, 0.39796]], [[21.280705, 0.1356049999999998], [21.280705, -15.864395], [27.280705, -15.864395], [27.280705, 0.1356050000000002], [21.280705, 0.1356049999999998]], [[16.572915, -15.943465], [16.572915, -23.943465], [31.572915, -23.943465], [31.572915, -15.943464999999998], [16.572915, -15.943465]], [[32.93254, 0.39376999999999956], [32.93254, -7.60623], [47.93254, -7.60623], [47.93254, 0.39377000000000045], [32.93254, 0.39376999999999956]]], "node_id": [0, 1, 2, 3, 4, 5, 6, 7, 8, 9, 10]}