{"corners": [[[0.0, 0.0], [8.11296, 0.68491], [8.0, 6.0], [0.0, 6.0], [0.0, 0.0]], [[-15.0, 6.999999999999999], [-14.64489, -0.7515600000000009], [0.76888, -0.34551], [0.0, 7.0], [-15.0, 6.999999999999999]], [[0.0, 6.0], [8.11291, 5.1124], [8.75089, 12.93456], [0.0, 12.0], [0.0, 6.0]], [[24.0, 5.999999999999998], [8.56247, 5.41868], [7.95392, -0.06318], [24.0, -1.7763568394002505e-15], [24.0, 5.999999999999998]], [[-11.5, -7.0], [-3.5, -7.0], [-3.5, -1.0], [-11.5, -1.0], [-11.5, -7.0]]], "node_id": [0, 1, 2, 3, 4]}