{"corners": [[[0.025165, 0.380505], [16.025165, 0.380505], [16.025165, 6.380505], [0.025165, 6.380505], [0.025165, 0.380505]], [[24.1271, 10.529655], [16.1271, 10.529655000000002], [16.1271, -4.470344999999998], [24.127099999999995, -4.470345], [24.1271, 10.529655]], [[11.35163, -15.718345], [11.351630000000002, 0.281655], [5.351630000000001, 0.281655], [5.35163, -15.718345], [11.35163, -15.718345]], [[12.15856, -15.858725], [4.15856, -15.858724999999998], [4.15856, -21.858725], [12.15856, -21.858725], [12.15856, -15.858725]], [[12.38631, -21.71568], [4.38631, -21.71568], [4.386309999999998, -36.71568], [12.386309999999998, -36.71568], [12.38631, -21.71568]]], "node_id": [0, 1, 2, 3, 4]}