{"corners": [[[0.31185, 0.20137], [8.31185, 0.20137], [8.31185, 6.20137], [0.31185, 6.20137], [0.31185, 0.20137]], [[0.293135, -14.82085], [8.293135, -14.82085], [8.293135, 0.17915], [0.293135, 0.17915], [0.293135, -14.82085]], [[8.297815, -10.14908], [24.297815, -10.14908], [24.297815, -4.14908], [8.297815, -4.14908], [8.297815, -10.14908]], [[12.18673, -4.24038], [20.18673, -4.24038], [20.18673, 1.75962], [12.18673, 1.75962], [12.18673, -4.24038]], [[20.316195, -4.007875], [28.316195, -4.007875], [28.316195, 1.992125], [20.316195, 1.992125], [20.316195, -4.007875]]], "node_id": [0, 1, 2, 3, 4]}