{"corners": [[[0.0, 0.0], [8.23658, 0.16227], [8.0, 6.0], [0.0, 6.0], [0.0, 0.0]], [[8.0, 0.0], [23.89766, 0.29587], [24.0, 6.0], [8.0, 6.0], [8.0, 0.0]], [[39.0, -1.0000000000000009], [39.0, 6.999999999999999], [24.0, 7.000000000000001], [24.0, -1.0], [39.0, -1.0000000000000009]], [[-8.0, -4.5], [-0.38078, -3.98975], [-0.58688, 11.45658], [-8.0, 10.5], [-8.0, -4.5]], [[39.0, -8.881784197001252e-16], [54.5718, -0.5839300000000008], [55.44036, 5.36863], [39.0, 5.999999999999999], [39.0, -8.881784197001252e-16]], [[-8.0, -1.0], [-8.163649999999999, 7.37148], [-14.0, 7.0], [-14.0, -0.9999999999999997], [-8.0, -1.0]], [[-8.0, -9.0], [-7.999999999999999, -1.0], [-14.0, -1.0], [-14.0, -9.0], [-8.0, -9.0]], [[7.0, -8.0], [7.000000000000001, 0.0], [1.0000000000000009, 0.0], [1.0, -8.0], [7.0, -8.0]], [[39.0, 5.999999999999999], [55.30693, 6.339569999999999], [55.0, 12.0], [39.0, 12.0], [39.0, 5.999999999999999]], [[55.0, -4.500000000000001], [62.39217, -4.245610000000001], [63.0, 10.5], [55.0, 10.5], [55.0, -4.500000000000001]], [[-20.0, 7.000000000000001], [-19.37694, -0.657019999999999], [-14.609190000000002, -1.712400000000001], [-14.0, 7.0], [-20.0, 7.000000000000001]]], "node_id": [0, 1, 2, 3, 4, 5, 6, 7, 8, 9, 10]}