{"corners": [[[0.0, 0.0], [8.0, 0.0], [8.0, 15.0], [0.0, 15.0], [0.0, 0.0]], [[8.0, 4.5], [16.0, 4.5], [16.0, 10.5], [8.0, 10.5], [8.0, 4.5]], [[-2.4492127076447545e-16, 3.5], [0.5651500000000003, 12.03222], [-15.0, 11.500000000000002], [-15.0, 3.500000000000001], [-2.4492127076447545e-16, 3.5]], [[-15.0, -0.4999999999999991], [-15.657759999999998, 15.42556], [-20.28379, 15.06099], [-21.0, -0.4999999999999987], [-15.0, -0.4999999999999991]], [[0.9999999999999996, 23.0], [0.27237, 15.92986], [6.05741, 15.01423], [7.0, 23.0], [0.9999999999999996, 23.0]], [[23.0, 22.0], [7.26317, 22.056249999999995], [7.0, 15.999999999999998], [23.0, 16.0], [23.0, 22.0]], [[-10.499999999999996, 27.5], [-10.5, 11.5], [-4.499999999999999, 11.5], [-4.4999999999999964, 27.5], [-10.499999999999996, 27.5]], [[12.0, 30.0], [12.0, 22.0], [18.0, 22.0], [18.0, 30.0], [12.0, 30.0]], [[-11.5, -11.5], [-2.52982, -11.896560000000001], [-4.30784, 4.40654], [-11.5, 3.5], [-11.5, -11.5]], [[-27.5, -7.0], [-11.01394, -6.15717], [-12.49524, -0.94597], [-27.5, -1.0], [-27.5, -7.0]], [[24.0, 10.5], [15.72634, 10.302650000000002], [15.64762, 3.696190000000001], [24.0, 4.5], [24.0, 10.5]]], "node_id": [0, 1, 2, 3, 4, 5, 6, 7, 8, 9, 10]}