{"corners": [[[0.0, 0.0], [16.0, 0.0], [16.0, 6.0], [0.0, 6.0], [0.0, 0.0]], [[-4.898425415289509e-16, -5.0], [0.7175500000000005, 11.22349], [-5.7987, 11.57182], [-6.000000000000001, -5.0], [-4.898425415289509e-16, -5.0]], [[12.0, -4.898425415289509e-16], [3.72351, -0.01230999999999951], [4.0, -6.0], [12.0, -6.000000000000001], [12.0, -4.898425415289509e-16]], [[-7.0, 11.0], [1.0, 11.0], [1.0, 17.0], [-7.0, 17.0], [-7.0, 11.0]], [[4.999999999999999, -5.999999999999999], [4.330289999999997, -14.48752], [10.327329999999996, -13.50625], [11.0, -6.0], [4.999999999999999, -5.999999999999999]]], "node_id": [0, 1, 2, 3, 4]}