{"corners": [[[0.036095, 0.410245], [8.036095, 0.410245], [8.036095, 15.410245], [0.036095, 15.410245], [0.036095, 0.410245]], [[8.400465, 11.92316], [8.400465, 3.92316], [23.400465, 3.923160000000001], [23.400465, 11.923160000000001], [8.400465, 11.92316]], [[7.413695, -7.654955], [7.413695000000001, 0.345045], [1.4136950000000008, 0.345045], [1.413695, -7.654955], [7.413695, -7.654955]], [[12.855105, 3.783335000000001], [12.855105, -4.216664999999999], [18.855105000000002, -4.216664999999999], [18.855105000000002, 3.7833350000000014], [12.855105, 3.783335000000001]], [[8.420685, -7.69866], [0.420685, -7.698659999999999], [0.4206849999999982, -22.69866], [8.420684999999999, -22.69866], [8.420685, -7.69866]], [[24.737725, -4.403459999999998], [24.737725, 3.596540000000002], [18.737725, 3.596540000000002], [18.737725, -4.403459999999998], [24.737725, -4.403459999999998]], [[8.186044999999998, -18.06257], [24.186045, -18.062570000000004], [24.186045, -12.062570000000004], [8.186045, -12.062570000000001], [8.186044999999998, -18.06257]], [[30.298325, -19.012750000000008], [30.298325000000002, -11.012750000000008], [24.298325000000002, -11.012750000000006], [24.298325, -19.012750000000004], [30.298325, -19.012750000000008]], [[11.782725, 15.29491], [11.782725, 23.29491], [-3.217275, 23.29491], [-3.217275, 15.294910000000002], [11.782725, 15.29491]], [[26.72515, 15.09213], [26.72515, 23.09213], [11.72515, 23.09213], [11.72515, 15.092130000000001], [26.72515, 15.09213]], [[17.618505, -10.210834999999998], [25.618505, -10.210834999999998], [25.618505, -4.2108349999999986], [17.618505, -4.2108349999999986], [17.618505, -10.210834999999998]]], "node_id": [0, 1, 2, 3, 4, 5, 6, 7, 8, 9, 10]}