{"corners": [[[0.449765, 0.476655], [8.449765, 0.476655], [8.449765, 6.476655], [0.449765, 6.476655], [0.449765, 0.476655]], [[16.29432, 6.460659999999999], [8.29432, 6.46066], [8.29432, 0.46066], [16.29432, 0.4606599999999991], [16.29432, 6.460659999999999]], [[16.253259999999997, -4.299685000000001], [24.25326, -4.299685000000003], [24.25326, 10.700314999999996], [16.253260000000004, 10.700315], [16.253259999999997, -4.299685000000001]], [[-5.987730000000001, 11.166525], [-5.98773, -4.833475], [0.01227, -4.833475], [0.012269999999999111, 11.166525], [-5.987730000000001, 11.166525]], [[-5.585085, -4.744945], [-5.585084999999999, -20.744945], [0.41491500000000087, -20.744945], [0.414915, -4.744945], [-5.585085, -4.744945]], [[-6.712690000000001, 11.356945], [1.287309999999999, 11.356945], [1.287309999999999, 26.356945], [-6.712690000000001, 26.356945], [-6.712690000000001, 11.356945]], [[17.17954, -4.4885150000000005], [17.17954, -12.488515], [23.17954, -12.488515000000003], [23.17954, -4.488515000000001], [17.17954, -4.4885150000000005]], [[-20.905365, 7.214784999999999], [-20.905365, -0.7852150000000009], [-5.905365, -0.785215], [-5.905365, 7.214785], [-20.905365, 7.214784999999999]], [[-9.45624, -0.7200849999999995], [-17.45624, -0.7200850000000004], [-17.45624, -15.720085], [-9.456239999999998, -15.720085], [-9.45624, -0.7200849999999995]], [[0.4929650000000009, -20.26769], [8.492965, -20.26769], [8.492965, -5.26769], [0.4929650000000009, -5.26769], [0.4929650000000009, -20.26769]], [[9.474544999999999, 0.35050000000000053], [9.474544999999996, -15.6495], [15.474544999999996, -15.6495], [15.474544999999999, 0.3504999999999994], [9.474544999999999, 0.35050000000000053]]], "node_id": [0, 1, 2, 3, 4, 5, 6, 7, 8, 9, 10]}