{"corners": [[[0.0, 0.0], [15.61001, -0.58089], [16.0, 6.0], [0.0, 6.0], [0.0, 0.0]], [[0.4999999999999991, 14.0], [1.1881499999999996, 5.4375599999999995], [15.5, 6.000000000000001], [15.5, 14.000000000000002], [0.4999999999999991, 14.0]], [[0.0, -6.0], [16.0, -6.0], [16.0, 0.0], [0.0, 0.0], [0.0, -6.0]], [[-16.0, -6.0], [0.425, -5.77638], [0.0, 0.0], [-16.0, 0.0], [-16.0, -6.0]], [[-16.0, -12.0], [0.33296, -11.18978], [0.0, -6.0], [-16.0, -6.0], [-16.0, -12.0]], [[-11.0, -12.0], [-11.201059999999998, -27.74747], [-4.999999999999999, -28.0], [-5.0, -12.0], [-11.0, -12.0]], [[-15.5, 7.999999999999999], [-15.53871, 0.5574999999999991], [-0.04518, -0.54864], [-0.5, 8.0], [-15.5, 7.999999999999999]], [[-11.000000000000002, -12.5], [-19.70351, -12.275890000000002], [-18.68011, -26.74813], [-11.0, -27.5], [-11.000000000000002, -12.5]], [[-23.5, 0.9999999999999991], [-15.5, 0.9999999999999991], [-15.5, 6.999999999999999], [-23.5, 6.999999999999999], [-23.5, 0.9999999999999991]], [[-4.000000000000001, 14.0], [-12.0, 13.999999999999998], [-12.0, 7.999999999999999], [-4.0, 8.0], [-4.000000000000001, 14.0]], [[-11.999999999999998, -35.5], [-12.0, -27.5], [-18.0, -27.5], [-18.0, -35.5], [-11.999999999999998, -35.5]]], "node_id": [0, 1, 2, 3, 4, 5, 6, 7, 8, 9, 10]}