{"corners": [[[0.0, 0.0], [7.95498, 0.75583], [8.0, 6.0], [0.0, 6.0], [0.0, 0.0]], [[8.0, 7.0], [8.0, -1.0], [14.0, -1.0], [14.0, 7.0], [8.0, 7.0]], [[22.0, 10.500000000000002], [13.33486, 11.26204], [14.000000000000002, -4.5], [22.000000000000004, -4.499999999999998], [22.0, 10.500000000000002]], [[15.0, -4.499999999999998], [15.000000000000002, -20.5], [21.0, -20.5], [21.0, -4.499999999999998], [15.0, -4.499999999999998]], [[-15.0, 6.999999999999999], [-14.22368, -0.24798000000000087], [0.6799, -1.3554599999999999], [0.0, 7.0], [-15.0, 6.999999999999999]], [[1.0, -1.836909530733566e-16], [1.7037500000000008, -15.77348], [6.943770000000001, -16.53285], [7.0, 1.836909530733566e-16], [1.0, -1.836909530733566e-16]], [[-31.0, -8.881784197001252e-16], [-14.48959, 0.4448199999999991], [-15.09395, 5.636449999999999], [-31.0, 5.999999999999999], [-31.0, -8.881784197001252e-16]], [[15.0, 18.5], [15.21422, 10.91619], [20.16911, 10.77219], [21.0, 18.5], [15.0, 18.5]], [[15.0, -20.5], [15.503430000000002, -36.9958], [21.0, -36.5], [21.0, -20.5], [15.0, -20.5]], [[8.0, -16.0], [0.21789, -16.91825], [0.11258000000000178, -30.46145], [8.000000000000002, -31.0], [8.0, -16.0]], [[-10.5, -1.0000000000000002], [-10.80844, -9.42888], [-4.001129999999999, -9.50009], [-4.5, -0.9999999999999999], [-10.5, -1.0000000000000002]]], "node_id": [0, 1, 2, 3, 4, 5, 6, 7, 8, 9, 10]}