{"corners": [[[0.21173, 0.280685], [8.21173, 0.280685], [8.21173, 6.280685], [0.21173, 6.280685], [0.21173, 0.280685]], [[1.132485, 0.28919999999999985], [1.1324850000000009, -15.7108], [7.132485000000001, -15.7108], [7.132485, 0.2892000000000002], [1.132485, 0.28919999999999985]], [[1.4632399999999999, -4.845595], [-14.53676, -4.845595000000002], [-14.53676, -10.845595000000001], [1.4632400000000008, -10.845595], [1.4632399999999999, -4.845595]], [[-14.86207, -11.540020000000002], [-14.862070000000001, -3.540020000000002], [-29.86207, -3.5400200000000046], [-29.86207, -11.540020000000005], [-14.86207, -11.540020000000002]], [[24.049055, 6.111899999999999], [8.049055, 6.1119], [8.049055, 0.1119], [24.049055, 0.11189999999999822], [24.049055, 6.111899999999999]], [[8.108, 6.365465000000001], [24.108, 6.365464999999998], [24.108, 12.365464999999997], [8.108000000000002, 12.365465], [8.108, 6.365465000000001]], [[13.218020000000001, 20.21478], [13.21802, 12.21478], [19.21802, 12.214779999999998], [19.21802, 20.21478], [13.218020000000001, 20.21478]], [[7.4476850000000026, 20.182705], [7.447685000000001, 12.182705], [13.447685, 12.182704999999999], [13.447685000000003, 20.182705], [7.4476850000000026, 20.182705]], [[0.08181000000000088, -30.668425], [8.08181, -30.668425], [8.08181, -15.668425], [0.08181000000000088, -15.668425], [0.08181000000000088, -30.668425]], [[24.450515, 0.49261499999999825], [40.450515, 0.4926149999999943], [40.450515, 6.4926149999999945], [24.450515, 6.492614999999998], [24.450515, 0.49261499999999825]], [[12.013949999999996, -14.938655], [20.013949999999998, -14.938655000000002], [20.01395, 0.06134499999999822], [12.01395, 0.061345], [12.013949999999996, -14.938655]]], "node_id": [0, 1, 2, 3, 4, 5, 6, 7, 8, 9, 10]}