{"corners": [[[0.0, 0.0], [16.58151, -0.57414], [16.73499, 6.36404], [0.0, 6.0], [0.0, 0.0]], [[-8.0, -4.5], [0.36983, -4.65831], [0.87159, 11.24428], [-8.0, 10.5], [-8.0, -4.5]], [[-24.0, 0.0], [-8.0, 0.0], [-8.0, 6.0], [-24.0, 6.0], [-24.0, 0.0]], [[12.0, -4.898425415289509e-16], [4.37074, -0.9003399999999996], [4.888829999999999, -14.647729999999997], [11.999999999999998, -15.0], [12.0, -4.898425415289509e-16]], [[4.0, -4.500000000000001], [-12.0, -4.499999999999999], [-12.0, -10.5], [3.999999999999999, -10.5], [4.0, -4.500000000000001]], [[-8.000000000000004, -25.5], [-3.552713678800501e-15, -25.500000000000004], [0.0, -10.500000000000002], [-8.0, -10.5], [-8.000000000000004, -25.5]], [[-7.0, 18.5], [-6.1683699999999995, 10.29907], [-0.9999999999999991, 10.5], [-1.0, 18.5], [-7.0, 18.5]], [[-11.999999999999998, 21.0], [-19.79392, 20.9336], [-19.62988, 5.248240000000002], [-12.0, 6.0], [-11.999999999999998, 21.0]], [[-24.0, 21.000000000000004], [-7.21802, 21.37205], [-8.0, 27.0], [-24.0, 27.000000000000004], [-24.0, 21.000000000000004]], [[16.0, 7.0], [16.43627, -0.26893], [31.90872, -1.1076599999999992], [31.0, 7.000000000000001], [16.0, 7.0]], [[-24.0, 6.0], [-40.0, 6.000000000000002], [-40.0, 1.7763568394002505e-15], [-24.0, 0.0], [-24.0, 6.0]]], "node_id": [0, 1, 2, 3, 4, 5, 6, 7, 8, 9, 10]}