{"corners": [[[0.360315, 0.349245], [16.360315, 0.349245], [16.360315, 6.349245], [0.360315, 6.349245], [0.360315, 0.349245]], [[16.253815, 7.1046], [16.253815, -0.8954], [31.253815, -0.8953999999999991], [31.253815, 7.1046000000000005], [16.253815, 7.1046]], [[-7.53374, 0.37723], [0.46626, 0.37723], [0.46626, 6.37723], [-7.53374, 6.37723], [-7.53374, 0.37723]], [[3.8199199999999998, 6.245749999999999], [3.8199200000000006, 14.24575], [-11.18008, 14.24575], [-11.18008, 6.24575], [3.8199199999999998, 6.245749999999999]], [[31.357265, 0.021820000000000887], [39.357265, 0.021820000000000887], [39.357265, 6.021820000000001], [31.357265, 6.021820000000001], [31.357265, 0.021820000000000887]]], "node_id": [0, 1, 2, 3, 4]}