{"corners": [[[0.0, 0.0], [16.01668, -0.38103], [15.87417, 5.21368], [0.0, 6.0], [0.0, 0.0]], [[16.0, 7.0], [16.0, -1.0], [31.0, -0.9999999999999991], [31.0, 7.000000000000001], [16.0, 7.0]], [[-8.0, 0.0], [0.27967, -0.017], [0.0, 6.0], [-8.0, 6.0], [-8.0, 0.0]], [[3.5, 5.999999999999999], [3.1048100000000005, 13.82421], [-12.19383, 14.01729], [-11.5, 6.0], [3.5, 5.999999999999999]], [[31.0, 8.881784197001252e-16], [39.0, 8.881784197001252e-16], [39.0, 6.000000000000001], [31.0, 6.000000000000001], [31.0, 8.881784197001252e-16]]], "node_id": [0, 1, 2, 3, 4]}