{"corners": [[[0.232985, 0.032665], [8.232985, 0.032665], [8.232985, 6.032665], [0.232985, 6.032665], [0.232985, 0.032665]], [[12.196635, 0.389939999999999], [-3.803365, 0.389940000000001], [-3.803365, -5.610059999999999], [12.196635, -5.610060000000001], [12.196635, 0.389939999999999]], [[7.090835, -13.823425], [7.090835000000001, -5.823425], [1.0908350000000009, -5.823425], [1.090835, -13.823425], [7.090835, -13.823425]], [[8.093135, -13.51877], [0.093135, -13.518769999999998], [0.093135, -19.51877], [8.093134999999998, -19.51877], [8.093135, -13.51877]], [[8.09386, -19.521795], [0.09385999999999911, -19.521795], [0.09385999999999733, -34.521795], [8.093859999999998, -34.521795], [8.09386, -19.521795]], [[-9.645199999999999, 1.1061700000000019], [-9.645200000000003, -6.893829999999999], [-3.6452000000000018, -6.89383], [-3.6452, 1.1061700000000008], [-9.645199999999999, 1.1061700000000019]], [[-15.900505000000004, -30.249614999999995], [0.09949499999999645, -30.249615], [0.09949499999999645, -24.249615], [-15.900505000000004, -24.249614999999995], [-15.900505000000004, -30.249614999999995]], [[7.455005, 6.03516], [7.455005000000001, 22.03516], [1.4550050000000008, 22.03516], [1.4550049999999999, 6.03516], [7.455005, 6.03516]], [[8.033319999999998, -30.069815], [16.033319999999996, -30.069815000000002], [16.03332, -24.069815], [8.03332, -24.069815], [8.033319999999998, -30.069815]], [[9.250369999999997, -30.29475], [9.250369999999995, -38.29475], [15.250369999999995, -38.29475], [15.250369999999997, -30.29475], [9.250369999999997, -30.29475]], [[12.263234999999998, -10.473555], [20.263235, -10.473555000000001], [20.263235, 4.526444999999998], [12.263235000000002, 4.526445], [12.263234999999998, -10.473555]]], "node_id": [0, 1, 2, 3, 4, 5, 6, 7, 8, 9, 10]}