{"corners": [[[0.0, 0.0], [8.35306, -0.49281], [8.0, 6.0], [0.0, 6.0], [0.0, 0.0]], [[12.0, -9.796850830579018e-16], [-4.63666, -0.293699999999999], [-4.0, -5.999999999999999], [12.0, -6.000000000000001], [12.0, -9.796850830579018e-16]], [[7.0, -14.0], [7.000000000000001, -6.0], [1.0000000000000009, -6.0], [1.0, -14.0], [7.0, -14.0]], [[8.0, -14.0], [0.92491, -14.624559999999999], [0.0, -20.0], [7.999999999999999, -20.0], [8.0, -14.0]], [[7.999999999999999, -20.0], [0.41919999999999913, -20.57533], [-2.6645352591003757e-15, -35.0], [7.999999999999997, -35.0], [7.999999999999999, -20.0]], [[-10.0, 1.0000000000000018], [-10.000000000000002, -6.999999999999998], [-4.000000000000002, -7.0], [-4.0, 1.0000000000000007], [-10.0, 1.0000000000000018]], [[-16.000000000000004, -30.499999999999996], [0.0015399999999964472, -29.67998], [-0.8593600000000036, -25.36673], [-16.000000000000004, -24.499999999999996], [-16.000000000000004, -30.499999999999996]], [[7.0, 6.0], [7.001470000000001, 21.82101], [1.0000000000000009, 22.0], [1.0, 6.0], [7.0, 6.0]], [[7.999999999999997, -30.5], [16.326009999999997, -29.911000000000005], [16.90399, -23.72336], [7.999999999999999, -24.5], [7.999999999999997, -30.5]], [[8.999999999999996, -30.5], [8.088449999999995, -37.61687], [14.907679999999994, -39.00626], [14.999999999999996, -30.5], [8.999999999999996, -30.5]], [[11.999999999999998, -10.5], [20.0, -10.500000000000002], [20.0, 4.499999999999998], [12.000000000000002, 4.5], [11.999999999999998, -10.5]]], "node_id": [0, 1, 2, 3, 4, 5, 6, 7, 8, 9, 10]}