{"corners": [[[0.0, 0.0], [8.07436, 0.74912], [8.0, 6.0], [0.0, 6.0], [0.0, 0.0]], [[8.0, 0.0], [23.36362, -0.43375], [24.0, 6.0], [8.0, 6.0], [8.0, 0.0]], [[8.0, -6.0], [23.19867, -6.72195], [24.0, 0.0], [8.0, 0.0], [8.0, -6.0]], [[19.0, 6.0], [19.0, 14.0], [13.0, 14.0], [13.0, 6.0], [19.0, 6.0]], [[3.673819061467132e-16, 6.0], [-16.12383, 6.957510000000002], [-16.0, 1.7763568394002505e-15], [-3.673819061467132e-16, 0.0], [3.673819061467132e-16, 6.0]], [[-5.0, -7.999999999999999], [-5.784839999999999, 0.1711300000000009], [-10.74343, -0.2116699999999991], [-11.0, -7.999999999999999], [-5.0, -7.999999999999999]], [[24.0, 1.0], [23.62233, -6.51987], [30.0, -7.0], [30.0, 1.0000000000000004], [24.0, 1.0]], [[38.0, 4.500000000000002], [29.96205, 4.597390000000001], [30.0, -10.5], [38.0, -10.499999999999998], [38.0, 4.500000000000002]], [[31.0, 20.5], [30.82636, 4.47673], [37.14566, 5.31756], [37.0, 20.5], [31.0, 20.5]], [[12.0, 14.0], [20.27729, 14.24513], [20.55912, 28.23382], [12.0, 29.0], [12.0, 14.0]], [[-5.0, -6.999999999999999], [3.0, -6.999999999999999], [3.0, -0.9999999999999991], [-5.0, -0.9999999999999991], [-5.0, -6.999999999999999]]], "node_id": [0, 1, 2, 3, 4, 5, 6, 7, 8, 9, 10]}