{"corners": [[[0.032265, 0.13818], [8.032265, 0.13818], [8.032265, 15.13818], [0.032265, 15.13818], [0.032265, 0.13818]], [[1.4711699999999999, 0.2296549999999998], [1.4711700000000003, -7.770345], [7.471170000000001, -7.770345], [7.47117, 0.2296550000000002], [1.4711699999999999, 0.2296549999999998]], [[1.3339199999999996, 23.062285], [1.33392, 15.062285], [7.33392, 15.062285], [7.33392, 23.062285], [1.3339199999999996, 23.062285]], [[-13.578535, 0.33386499999999913], [-13.578535, -7.666135], [1.421465, -7.666135], [1.421465, 0.3338650000000001], [-13.578535, 0.33386499999999913]], [[8.397834999999999, 29.19062], [0.3978349999999982, 29.19062], [0.3978349999999991, 23.19062], [8.397834999999999, 23.19062], [8.397834999999999, 29.19062]], [[-9.13238, -7.715655], [-9.132379999999998, -23.715655], [-3.132379999999999, -23.715655], [-3.13238, -7.715655], [-9.13238, -7.715655]], [[-3.3665499999999993, -18.918025], [12.63345, -18.918025], [12.63345, -12.918025], [-3.3665499999999993, -12.918025], [-3.3665499999999993, -18.918025]], [[0.09326999999999823, 29.240455], [8.093269999999999, 29.240455], [8.093269999999999, 35.240455], [0.09326999999999823, 35.240455], [0.09326999999999823, 29.240455]], [[12.790915, -18.55071], [28.790915, -18.55071], [28.790915, -12.55071], [12.790915, -12.55071], [12.790915, -18.55071]], [[-15.34832, -7.850965], [-15.348319999999998, -23.850965], [-9.34832, -23.850965], [-9.34832, -7.850965], [-15.34832, -7.850965]], [[28.93878, -11.77973], [28.93878, -19.77973], [43.93878, -19.77973], [43.93878, -11.779729999999999], [28.93878, -11.77973]]], "node_id": [0, 1, 2, 3, 4, 5, 6, 7, 8, 9, 10]}