{"corners": [[[0.0, 0.0], [8.0, 0.0], [8.0, 15.0], [0.0, 15.0], [0.0, 0.0]], [[1.0, -1.836909530733566e-16], [0.5656000000000004, -7.0803899999999995], [7.000000000000001, -8.0], [7.0, 1.836909530733566e-16], [1.0, -1.836909530733566e-16]], [[0.9999999999999996, 23.0], [0.97965, 14.81645], [7.78155, 14.80206], [7.0, 23.0], [0.9999999999999996, 23.0]], [[-14.0, -8.881784197001252e-16], [-14.0, -8.0], [1.0, -8.0], [1.0, 3.027634566665771e-17], [-14.0, -8.881784197001252e-16]], [[7.999999999999998, 29.0], [-0.054880000000001775, 28.65104], [-8.881784197001252e-16, 23.0], [7.999999999999999, 23.0], [7.999999999999998, 29.0]], [[-9.5, -8.0], [-9.966189999999997, -24.67211], [-3.499999999999999, -24.0], [-3.5, -8.0], [-9.5, -8.0]], [[-3.499999999999999, -19.0], [12.5, -19.0], [12.5, -13.0], [-3.499999999999999, -13.0], [-3.499999999999999, -19.0]], [[-1.7763568394002505e-15, 29.0], [7.961829999999998, 29.16366], [7.999999999999998, 35.0], [-1.7763568394002505e-15, 35.0], [-1.7763568394002505e-15, 29.0]], [[12.5, -19.0], [27.68566, -19.55509], [28.5, -13.0], [12.5, -13.0], [12.5, -19.0]], [[-15.5, -8.0], [-15.618909999999998, -24.31065], [-9.5, -24.0], [-9.5, -8.0], [-15.5, -8.0]], [[28.5, -12.0], [29.36589, -19.62209], [43.5, -20.0], [43.5, -11.999999999999998], [28.5, -12.0]]], "node_id": [0, 1, 2, 3, 4, 5, 6, 7, 8, 9, 10]}