{"corners": [[[0.439805, 0.299915], [8.439805, 0.299915], [8.439805, 15.299915], [0.439805, 15.299915], [0.439805, 0.299915]], [[1.0273449999999995, 23.407225], [1.027345, 15.407225], [7.027345, 15.407225], [7.027345, 23.407225], [1.0273449999999995, 23.407225]], [[0.21593000000000037, 10.784604999999999], [-7.78407, 10.784605000000003], [-7.78407, 4.784605000000001], [0.21592999999999965, 4.784605], [0.21593000000000037, 10.784604999999999]], [[8.368439999999998, 29.098685], [0.3684399999999982, 29.098685], [0.3684399999999991, 23.098685], [8.36844, 23.098685], [8.368439999999998, 29.098685]], [[-7.83643, 10.845390000000002], [0.16357, 10.84539], [0.16357000000000177, 16.84539], [-7.836429999999998, 16.84539], [-7.83643, 10.845390000000002]], [[8.246014999999998, 30.105635], [8.246015, 22.105635], [23.246015, 22.105635], [23.246015, 30.105635], [8.246014999999998, 30.105635]], [[11.56932, -7.971045], [11.56932, 0.028955], [-3.43068, 0.028955000000001778], [-3.43068, -7.971044999999999], [11.56932, -7.971045]], [[-15.528595, 10.630655000000004], [-7.528595, 10.630655000000003], [-7.528594999999998, 16.630655], [-15.528594999999997, 16.630655000000004], [-15.528595, 10.630655000000004]], [[7.453569999999998, 29.021225], [7.453569999999996, 45.021225], [1.4535699999999956, 45.021225], [1.4535699999999983, 29.021225], [7.453569999999998, 29.021225]], [[7.766345, 16.325395], [23.766345, 16.325395], [23.766345, 22.325395], [7.766345, 22.325395], [7.766345, 16.325395]], [[-8.847774999999999, 16.622380000000003], [-8.847774999999993, 32.62238], [-14.847774999999993, 32.62238000000001], [-14.847774999999999, 16.622380000000007], [-8.847774999999999, 16.622380000000003]]], "node_id": [0, 1, 2, 3, 4, 5, 6, 7, 8, 9, 10]}