{"corners": [[[0.0, 0.0], [7.42643, 0.2822], [8.0, 15.0], [0.0, 15.0], [0.0, 0.0]], [[12.0, -9.796850830579018e-16], [-4.0, 9.796850830579018e-16], [-4.0, -5.999999999999999], [12.0, -6.000000000000001], [12.0, -9.796850830579018e-16]], [[-4.0, -6.999999999999999], [-4.95036, 0.35825000000000085], [-19.0, 1.0000000000000027], [-19.0, -6.999999999999998], [-4.0, -6.999999999999999]], [[-8.5, 1.0000000000000007], [-7.8213, 8.61661], [-14.5, 9.0], [-14.5, 1.000000000000001], [-8.5, 1.0000000000000007]], [[11.999999999999998, -10.5], [20.0, -10.500000000000002], [20.0, 4.499999999999998], [12.000000000000002, 4.5], [11.999999999999998, -10.5]]], "node_id": [0, 1, 2, 3, 4]}