{"corners": [[[0.013775, 0.129695], [8.013775, 0.129695], [8.013775, 15.129695], [0.013775, 15.129695], [0.013775, 0.129695]], [[8.03922, 21.30634], [0.03922, 21.30634], [0.03922, 15.30634], [8.039219999999998, 15.30634], [8.03922, 21.30634]], [[-3.610845, -5.977085], [12.389155, -5.977085], [12.389155, 0.022915], [-3.610845, 0.022915], [-3.610845, -5.977085]], [[16.16037, 21.140505], [8.16037, 21.140505], [8.16037, 15.140505], [16.16037, 15.140505], [16.16037, 21.140505]], [[16.374475, 15.44317], [32.374475, 15.443169999999997], [32.374475, 21.443169999999995], [16.374475, 21.44317], [16.374475, 15.44317]]], "node_id": [0, 1, 2, 3, 4]}