{"corners": [[[0.112975, 0.429905], [16.112975, 0.429905], [16.112975, 6.429905], [0.112975, 6.429905], [0.112975, 0.429905]], [[31.26072, -0.6862950000000009], [31.26072, 7.313704999999999], [16.26072, 7.313705000000001], [16.26072, -0.686295], [31.26072, -0.6862950000000009]], [[27.534345, -0.8665400000000009], [19.534345, -0.8665399999999999], [19.534345, -15.86654], [27.534344999999995, -15.86654], [27.534345, -0.8665400000000009]], [[37.17862, -4.802970000000001], [37.17862, 11.19703], [31.17862, 11.19703], [31.17862, -4.802970000000001], [37.17862, -4.802970000000001]], [[42.090295, 17.235475], [26.090295, 17.235475000000005], [26.090295, 11.235475000000001], [42.090295, 11.235475], [42.090295, 17.235475]]], "node_id": [0, 1, 2, 3, 4]}