{"corners": [[[0.0, 0.0], [15.61751, 0.74386], [15.68366, 6.54534], [0.0, 6.0], [0.0, 0.0]], [[0.0, 6.0], [16.0, 6.0], [16.0, 12.0], [0.0, 12.0], [0.0, 6.0]], [[16.0, -9.796850830579018e-16], [0.0, 9.796850830579018e-16], [0.0, -5.999999999999999], [16.0, -6.000000000000001], [16.0, -9.796850830579018e-16]], [[16.0, 17.0], [16.26308, 1.68039], [21.59824, 1.09906], [22.0, 17.0], [16.0, 17.0]], [[4.999999999999999, 28.0], [5.53087, 11.76553], [10.94851, 12.20709], [11.0, 28.0], [4.999999999999999, 28.0]], [[0.5, -5.999999999999998], [0.49999999999999856, -13.999999999999998], [15.499999999999998, -14.000000000000002], [15.5, -6.000000000000001], [0.5, -5.999999999999998]], [[3.999999999999999, 28.0], [12.0, 28.0], [12.0, 34.0], [3.999999999999999, 34.0], [3.999999999999999, 28.0]], [[30.0, 16.5], [21.5076, 16.11445], [22.0, 1.4999999999999982], [30.000000000000004, 1.5], [30.0, 16.5]], [[30.0, 6.0], [38.05784, 6.67871], [37.89132, 11.70572], [30.0, 12.0], [30.0, 6.0]], [[-15.0, 6.999999999999999], [-15.83861, -1.6873600000000009], [0.67173, -0.25422999999999996], [0.0, 7.0], [-15.0, 6.999999999999999]], [[3.9999999999999987, 27.0], [3.999999999999999, 35.0], [-2.0000000000000004, 35.0], [-2.0000000000000013, 27.0], [3.9999999999999987, 27.0]]], "node_id": [0, 1, 2, 3, 4, 5, 6, 7, 8, 9, 10]}