{"corners": [[[0.0, 0.0], [8.0, 0.0], [8.0, 15.0], [0.0, 15.0], [0.0, 0.0]], [[8.0, -4.898425415289509e-16], [0.0, 4.898425415289509e-16], [0.0, -6.0], [7.999999999999999, -6.000000000000001], [8.0, -4.898425415289509e-16]], [[3.673819061467132e-16, 4.440892098500626e-16], [-8.16645, 0.08321000000000144], [-7.21025, -5.248029999999998], [-3.673819061467132e-16, -6.0], [3.673819061467132e-16, 4.440892098500626e-16]], [[14.0, -11.0], [14.622960000000003, 4.2112], [8.0, 5.0], [8.0, -11.0], [14.0, -11.0]], [[14.000000000000002, 5.0], [13.999999999999998, -11.0], [20.0, -11.0], [20.0, 4.999999999999999], [14.000000000000002, 5.0]]], "node_id": [0, 1, 2, 3, 4]}