{"corners": [[[0.0, 0.0], [16.49886, -0.49061], [16.24656, 6.71427], [0.0, 6.0], [0.0, 0.0]], [[0.5, -4.592273826833915e-16], [0.5000000000000004, -8.0], [15.5, -8.0], [15.5, 4.592273826833915e-16], [0.5, -4.592273826833915e-16]], [[30.5, -8.0], [30.96443, 0.11819], [15.2316, 0.6462700000000018], [15.5, -7.999999999999999], [30.5, -8.0]], [[4.999999999999999, 22.0], [5.0, 6.0], [11.0, 6.0], [11.0, 22.0], [4.999999999999999, 22.0]], [[-7.5, -7.000000000000001], [0.5, -7.000000000000001], [0.5, -1.0000000000000009], [-7.5, -1.0000000000000009], [-7.5, -7.000000000000001]], [[38.5, 3.499999999999999], [29.98261, 3.68052], [30.52043, -10.5461], [38.5, -11.5], [38.5, 3.499999999999999]], [[16.0, -7.999999999999999], [0.01904, -8.256510000000002], [0.0, -14.0], [16.0, -14.0], [16.0, -7.999999999999999]], [[31.500000000000004, 19.5], [31.19023, 3.9547499999999998], [37.5, 3.5], [37.5, 19.5], [31.500000000000004, 19.5]], [[-6.5, -7.000000000000001], [-6.499999999999999, -15.0], [-0.4999999999999991, -15.0], [-0.5, -7.000000000000001], [-6.5, -7.000000000000001]], [[-16.0, 0.0], [-0.71876, -0.24604], [0.0, 6.0], [-16.0, 6.0], [-16.0, 0.0]], [[17.0, 6.0], [16.85832, 22.72875], [10.32187, 21.80344], [11.0, 6.0], [17.0, 6.0]]], "node_id": [0, 1, 2, 3, 4, 5, 6, 7, 8, 9, 10]}