{"corners": [[[0.0, 0.0], [15.561209999999999, 0.33288], [15.661059999999999, 5.06983], [0.0, 6.0], [0.0, 0.0]], [[-6.0, 7.0], [-5.999999999999999, -1.0], [8.881784197001252e-16, -1.0], [0.0, 7.0], [-6.0, 7.0]], [[-10.5, 15.0], [-10.5, 7.0], [4.5, 7.000000000000001], [4.5, 15.000000000000002], [-10.5, 15.0]], [[-4.440892098500626e-16, -17.0], [0.27709000000000056, -0.83078], [-6.0, -1.0], [-6.0, -17.0], [-4.440892098500626e-16, -17.0]], [[4.999999999999999, 21.0], [-10.86335, 20.532139999999995], [-11.38877, 15.168289999999999], [5.0, 15.0], [4.999999999999999, 21.0]]], "node_id": [0, 1, 2, 3, 4]}