{"corners": [[[0.0, 0.0], [8.0, 0.0], [8.0, 6.0], [0.0, 6.0], [0.0, 0.0]], [[-4.898425415289509e-16, -5.0], [-0.4541799999999995, 10.86674], [-6.04701, 11.11822], [-6.000000000000001, -5.0], [-4.898425415289509e-16, -5.0]], [[0.9999999999999996, -5.000000000000001], [-7.06093, -4.1539], [-7.0, -11.0], [0.9999999999999988, -11.0], [0.9999999999999996, -5.000000000000001]], [[8.0, 12.0], [-0.68489, 11.507850000000001], [0.0, 6.000000000000001], [7.999999999999999, 6.0], [8.0, 12.0]], [[7.0, 12.0], [6.836380000000001, 20.54845], [0.44820000000000093, 20.30348], [1.0, 12.0], [7.0, 12.0]]], "node_id": [0, 1, 2, 3, 4]}