{"corners": [[[0.0, 0.0], [8.31397, -0.35159], [8.0, 6.0], [0.0, 6.0], [0.0, 0.0]], [[8.000000000000002, 21.0], [1.7763568394002505e-15, 21.0], [0.0, 6.000000000000002], [8.0, 6.0], [8.000000000000002, 21.0]], [[-2.4492127076447545e-16, 9.5], [0.2630400000000002, 18.45639], [-5.999999999999999, 17.5], [-6.0, 9.5], [-2.4492127076447545e-16, 9.5]], [[-3.9999999999999982, 21.000000000000004], [12.529560000000002, 21.924], [12.000000000000002, 27.0], [-3.999999999999997, 27.000000000000004], [-3.9999999999999982, 21.000000000000004]], [[12.000000000000002, 21.0], [28.68761, 21.435909999999996], [28.27797, 26.482489999999995], [12.000000000000004, 27.0], [12.000000000000002, 21.0]], [[12.000000000000004, 27.000000000000004], [28.451400000000003, 27.41034], [27.943120000000004, 33.17475], [12.000000000000005, 33.0], [12.000000000000004, 27.000000000000004]], [[22.999999999999996, 4.9999999999999964], [23.69678, 20.110809999999997], [17.0, 21.0], [16.999999999999996, 4.999999999999998], [22.999999999999996, 4.9999999999999964]], [[11.000000000000004, 21.0], [10.767409999999996, 5.13032], [17.539989999999996, 5.170989999999996], [17.000000000000004, 20.999999999999996], [11.000000000000004, 21.0]], [[-3.9999999999999964, 27.000000000000007], [12.450610000000003, 26.088970000000003], [12.053940000000004, 32.3894], [-3.999999999999995, 33.00000000000001], [-3.9999999999999964, 27.000000000000007]], [[-16.0, 0.0], [-0.12267, -0.7517], [0.0, 6.0], [-16.0, 6.0], [-16.0, 0.0]], [[34.0, 19.999999999999993], [34.22566, 28.450649999999992], [28.557310000000005, 27.619519999999994], [28.0, 19.999999999999996], [34.0, 19.999999999999993]]], "node_id": [0, 1, 2, 3, 4, 5, 6, 7, 8, 9, 10]}