{"corners": [[[0.0, 0.0], [7.00765, 0.76084], [8.0, 6.0], [0.0, 6.0], [0.0, 0.0]], [[-8.0, -4.5], [0.54759, -5.20554], [0.89009, 10.14655], [-8.0, 10.5], [-8.0, -4.5]], [[14.0, -5.0], [13.685160000000002, 11.60725], [8.0, 11.0], [8.0, -5.0], [14.0, -5.0]], [[8.0, -4.999999999999999], [7.586689999999998, -12.70967], [13.999999999999998, -13.0], [14.0, -5.0], [8.0, -4.999999999999999]], [[7.999999999999998, -13.0], [7.091549999999995, -28.71355], [14.336109999999996, -28.55522], [13.999999999999998, -13.000000000000002], [7.999999999999998, -13.0]], [[6.999999999999993, -35.0], [15.274249999999993, -35.62535], [14.104249999999995, -29.06763], [6.999999999999995, -29.0], [6.999999999999993, -35.0]], [[29.999999999999993, -36.00000000000001], [29.999999999999996, -28.000000000000007], [14.999999999999995, -28.0], [14.999999999999993, -36.0], [29.999999999999993, -36.00000000000001]], [[3.499999999999999, -12.5], [3.5901499999999995, -4.59893], [-11.5, -4.499999999999998], [-11.5, -12.499999999999998], [3.499999999999999, -12.5]], [[14.0, 7.0], [13.594159999999999, -1.11294], [19.73467, -0.44473000000000174], [20.0, 6.999999999999999], [14.0, 7.0]], [[25.999999999999996, -5.000000000000003], [26.22331, 10.282109999999996], [20.7408, 11.47451], [19.999999999999996, -5.000000000000001], [25.999999999999996, -5.000000000000003]], [[14.999999999999995, -11.0], [30.999999999999993, -11.000000000000004], [30.999999999999993, -5.0000000000000036], [14.999999999999996, -5.0], [14.999999999999995, -11.0]]], "node_id": [0, 1, 2, 3, 4, 5, 6, 7, 8, 9, 10]}