{"corners": [[[0.0, 0.0], [7.6857, 0.5022], [8.62741, 5.91424], [0.0, 6.0], [0.0, 0.0]], [[7.0, 6.0], [6.512650000000001, 13.77596], [1.0000000000000009, 14.0], [1.0, 6.0], [7.0, 6.0]], [[3.673819061467132e-16, 6.0], [-16.78304, 6.749730000000001], [-15.65146, 0.9453700000000018], [-3.673819061467132e-16, 0.0], [3.673819061467132e-16, 6.0]], [[-5.000000000000001, -16.0], [-5.0, 0.0], [-11.0, 0.0], [-11.0, -16.0], [-5.000000000000001, -16.0]], [[-5.000000000000001, -32.0], [-5.5686, -16.61442], [-11.0, -16.0], [-11.0, -32.0], [-5.000000000000001, -32.0]], [[-4.0, -32.0], [-11.73959, -31.67589], [-12.0, -38.0], [-4.000000000000001, -38.0], [-4.0, -32.0]], [[-5.0, -11.0], [3.0, -11.0], [3.0, -5.0], [-5.0, -5.0], [-5.0, -11.0]], [[7.0, 14.0], [7.401560000000001, 29.87187], [1.0000000000000009, 30.0], [1.0, 14.0], [7.0, 14.0]], [[8.000000000000004, 45.0], [3.552713678800501e-15, 45.0], [1.7763568394002505e-15, 30.0], [8.000000000000002, 30.0], [8.000000000000004, 45.0]], [[-15.499999999999998, 14.000000000000004], [-16.22329, 6.370430000000003], [-0.5, 6.0], [-0.4999999999999982, 14.0], [-15.499999999999998, 14.000000000000004]], [[-10.999999999999995, 30.0], [-11.046129999999998, 14.41314], [-4.999999999999997, 14.0], [-4.999999999999995, 30.0], [-10.999999999999995, 30.0]]], "node_id": [0, 1, 2, 3, 4, 5, 6, 7, 8, 9, 10]}