{"corners": [[[0.12543, 0.266785], [8.12543, 0.266785], [8.12543, 15.266785], [0.12543, 15.266785], [0.12543, 0.266785]], [[8.173185, 0.1713749999999995], [0.173185, 0.1713750000000005], [0.17318499999999823, -14.828624999999999], [8.173184999999998, -14.828625], [8.173185, 0.1713749999999995]], [[-15.72216, 4.582115], [0.27784, 4.582115], [0.27784, 10.582115], [-15.72216, 10.582115], [-15.72216, 4.582115]], [[-3.2735100000000017, -14.819614999999999], [-3.273510000000003, -22.819615], [11.726489999999997, -22.819615], [11.726489999999998, -14.819615000000002], [-3.2735100000000017, -14.819614999999999]], [[11.862004999999998, -21.942015], [27.862005, -21.942015000000005], [27.862005, -15.942015000000003], [11.862005, -15.942015], [11.862004999999998, -21.942015]]], "node_id": [0, 1, 2, 3, 4]}