{"corners": [[[0.476145, 0.106785], [16.476145, 0.106785], [16.476145, 6.106785], [0.476145, 6.106785], [0.476145, 0.106785]], [[22.46583, -4.56691], [22.46583, 11.43309], [16.46583, 11.43309], [16.46583, -4.56691], [22.46583, -4.56691]], [[0.01585500000000037, 6.12853], [-15.984145, 6.128530000000001], [-15.984145, 0.12853000000000178], [0.015854999999999633, 0.12853], [0.01585500000000037, 6.12853]], [[-15.45041, 0.29244000000000225], [-15.450410000000002, -7.707559999999997], [-0.45041000000000175, -7.707560000000002], [-0.45041, 0.2924399999999995], [-15.45041, 0.29244000000000225]], [[-15.63754, 6.319015000000003], [0.36246, 6.319014999999999], [0.36246, 12.319015], [-15.637539999999998, 12.319015000000004], [-15.63754, 6.319015000000003]], [[-15.8505, -0.6195849999999983], [-15.8505, 7.380415000000002], [-30.8505, 7.380415000000004], [-30.8505, -0.6195849999999974], [-15.8505, -0.6195849999999983]], [[-30.53409, 10.619380000000003], [-38.53409, 10.619380000000005], [-38.53409, -4.380619999999995], [-30.534090000000003, -4.380619999999997], [-30.53409, 10.619380000000003]], [[-38.69716, -19.208979999999993], [-30.69716, -19.208979999999997], [-30.697159999999997, -4.208979999999995], [-38.69715999999999, -4.208979999999993], [-38.69716, -19.208979999999993]], [[16.368575000000003, 27.103315], [16.368575, 11.103315], [22.368575, 11.103315], [22.368575000000003, 27.103315], [16.368575000000003, 27.103315]], [[-20.169065, -8.941234999999999], [-20.169065, -0.9412349999999983], [-26.169065, -0.9412349999999983], [-26.169065, -8.941234999999999], [-20.169065, -8.941234999999999]], [[-38.58507, 6.422315000000005], [-54.58507, 6.422315000000006], [-54.58507, 0.4223150000000062], [-38.58507, 0.42231500000000444], [-38.58507, 6.422315000000005]]], "node_id": [0, 1, 2, 3, 4, 5, 6, 7, 8, 9, 10]}