{"corners": [[[0.0, 0.0], [16.0, 0.0], [16.0, 6.0], [0.0, 6.0], [0.0, 0.0]], [[31.0, -1.0000000000000009], [30.75654, 6.088279999999999], [15.6455, 6.723000000000001], [16.0, -1.0], [31.0, -1.0000000000000009]], [[11.0, 6.0], [11.871200000000002, 21.23028], [5.000000000000001, 22.0], [5.0, 6.0], [11.0, 6.0]], [[27.5, 22.0], [19.00224, 22.07982], [19.5319, 7.120450000000002], [27.499999999999996, 7.0], [27.5, 22.0]], [[-0.9999999999999982, 18.0], [-0.7161099999999997, 10.78306], [4.45717, 10.026579999999997], [5.000000000000002, 18.0], [-0.9999999999999982, 18.0]]], "node_id": [0, 1, 2, 3, 4]}