{"corners": [[[0.0, 0.0], [8.94355, 0.05421], [8.0, 6.0], [0.0, 6.0], [0.0, 0.0]], [[0.0, 6.0], [7.1142199999999995, 5.90726], [8.79371, 12.9124], [0.0, 12.0], [0.0, 6.0]], [[-4.0, -6.0], [11.5286, -5.97706], [11.070640000000001, -0.12388], [-4.0, 0.0], [-4.0, -6.0]], [[-4.898425415289509e-16, 1.0], [4.898425415289509e-16, 17.0], [-6.0, 17.0], [-6.000000000000001, 1.0000000000000004], [-4.898425415289509e-16, 1.0]], [[-3.9999999999999996, 0.0], [-20.73246, -0.745529999999998], [-20.0, -5.999999999999998], [-4.0, -6.0], [-3.9999999999999996, 0.0]], [[11.5, -14.0], [12.28769, -5.46175], [-3.5, -5.999999999999998], [-3.5, -13.999999999999998], [11.5, -14.0]], [[-7.0, 17.0], [0.91904, 17.31691], [1.0, 32.0], [-7.0, 32.0], [-7.0, 17.0]], [[12.0, 5.0], [12.960440000000002, -10.2184], [18.14986, -11.60858], [18.0, 5.0], [12.0, 5.0]], [[19.0, 20.0], [11.0, 20.0], [11.000000000000002, 4.999999999999998], [19.000000000000004, 5.0], [19.0, 20.0]], [[8.0, -14.0], [-0.9748, -13.999339999999998], [0.8078099999999983, -28.77624], [7.999999999999998, -29.0], [8.0, -14.0]], [[-35.0, 1.0000000000000044], [-34.00611, -6.244239999999996], [-20.24317, -7.301659999999999], [-20.0, 1.0000000000000018], [-35.0, 1.0000000000000044]], [[-5.999999999999999, 16.5], [-14.0, 16.5], [-14.0, 1.5000000000000018], [-6.000000000000001, 1.5], [-5.999999999999999, 16.5]]], "node_id": [0, 1, 2, 3, 4, 5, 6, 7, 8, 9, 10, 11]}