{"corners": [[[0.199635, 0.132075], [8.199635, 0.132075], [8.199635, 6.132075], [0.199635, 6.132075], [0.199635, 0.132075]], [[0.310395, 6.028555], [8.310395, 6.028555], [8.310395, 12.028555], [0.310395, 12.028555], [0.310395, 6.028555]], [[-3.773185, -5.551575], [12.226815, -5.551575], [12.226815, 0.448425], [-3.773185, 0.448425], [-3.773185, -5.551575]], [[0.4780999999999995, 1.27428], [0.4781000000000005, 17.27428], [-5.5219, 17.27428], [-5.5219000000000005, 1.2742800000000005], [0.4780999999999995, 1.27428]], [[-3.6243149999999997, 0.362485], [-19.624315, 0.36248500000000194], [-19.624315, -5.637514999999998], [-3.624315, -5.637515], [-3.6243149999999997, 0.362485]], [[11.78052, -13.928925], [11.78052, -5.928925], [-3.21948, -5.928924999999998], [-3.21948, -13.928924999999998], [11.78052, -13.928925]], [[-6.77365, 17.18198], [1.22635, 17.18198], [1.22635, 32.18198], [-6.77365, 32.18198], [-6.77365, 17.18198]], [[12.07384, 5.446925], [12.073840000000002, -10.553075], [18.07384, -10.553075], [18.07384, 5.446925], [12.07384, 5.446925]], [[19.38456, 20.129935], [11.38456, 20.129935], [11.384560000000002, 5.129934999999998], [19.384560000000004, 5.129935], [19.38456, 20.129935]], [[8.0649, -13.910635], [0.0649, -13.910634999999997], [0.06489999999999822, -28.910635], [8.064899999999998, -28.910635], [8.0649, -13.910635]], [[-34.50989, 1.4454000000000045], [-34.50989, -6.554599999999995], [-19.50989, -6.554599999999999], [-19.50989, 1.4454000000000018], [-34.50989, 1.4454000000000045]], [[-5.712534999999999, 16.597855], [-13.712535, 16.597855], [-13.712535, 1.5978550000000018], [-5.712535000000001, 1.597855], [-5.712534999999999, 16.597855]]], "node_id": [0, 1, 2, 3, 4, 5, 6, 7, 8, 9, 10, 11]}