{"corners": [[[0.0, 0.0], [8.09158, 0.16458], [8.0, 15.0], [0.0, 15.0], [0.0, 0.0]], [[8.0, 11.5], [7.94935, 3.40905], [22.77447, 3.735430000000001], [23.0, 11.500000000000002], [8.0, 11.5]], [[-15.0, 11.5], [-15.0, 3.5], [0.0, 3.500000000000001], [0.0, 11.500000000000002], [-15.0, 11.5]], [[11.5, -11.5], [18.62658, -11.72067], [19.5, 3.5], [11.5, 3.5], [11.5, -11.5]], [[-3.499999999999999, 3.5000000000000013], [-11.09109, 3.5330100000000004], [-11.499999999999996, -11.5], [-3.4999999999999973, -11.499999999999998], [-3.499999999999999, 3.5000000000000013]], [[-3.4999999999999973, -11.499999999999998], [-11.379969999999997, -11.93109], [-12.405519999999996, -26.52245], [-3.4999999999999956, -26.5], [-3.4999999999999973, -11.499999999999998]], [[-11.499999999999998, -0.9999999999999996], [-19.5, -1.0000000000000004], [-19.499999999999996, -7.0], [-11.499999999999998, -7.0], [-11.499999999999998, -0.9999999999999996]], [[-3.5000000000000018, 26.5], [-11.500000000000002, 26.5], [-11.5, 11.499999999999998], [-3.5, 11.5], [-3.5000000000000018, 26.5]], [[34.5, -8.0], [34.92807, 0.33605], [19.2339, 0.44687000000000177], [19.5, -7.999999999999999], [34.5, -8.0]], [[0.0, 15.0], [8.37457, 14.13453], [8.0, 21.0], [0.0, 21.0], [0.0, 15.0]], [[0.9999999999999996, 29.0], [0.58394, 20.10267], [6.1669599999999996, 21.5081], [7.0, 29.0], [0.9999999999999996, 29.0]], [[-3.499999999999997, -15.0], [-3.5653599999999965, -23.99982], [11.500000000000004, -23.0], [11.500000000000004, -14.999999999999998], [-3.499999999999997, -15.0]]], "node_id": [0, 1, 2, 3, 4, 5, 6, 7, 8, 9, 10, 11]}