{"corners": [[[0.0, 0.0], [8.01097, -0.71506], [8.0, 15.0], [0.0, 15.0], [0.0, 0.0]], [[1.0, -1.836909530733566e-16], [1.5469000000000008, -15.55844], [7.204090000000001, -15.58391], [7.0, 1.836909530733566e-16], [1.0, -1.836909530733566e-16]], [[22.0, -12.0], [21.13252, -3.20939], [7.28926, -4.369869999999998], [7.0, -11.999999999999998], [22.0, -12.0]], [[18.5, -12.0], [9.74643, -11.595699999999999], [9.505949999999999, -27.48624], [18.499999999999996, -27.0], [18.5, -12.0]], [[28.0, -16.0], [28.0, 0.0], [22.0, 0.0], [22.0, -16.0], [28.0, -16.0]]], "node_id": [0, 1, 2, 3, 4]}