{"corners": [[[0.0, 0.0], [8.0, 0.0], [8.0, 15.0], [0.0, 15.0], [0.0, 0.0]], [[0.9999999999999996, 23.0], [1.81958, 15.329039999999999], [6.95993, 15.1702], [7.0, 23.0], [0.9999999999999996, 23.0]], [[7.0, 23.0], [6.405830000000001, 14.63251], [22.0, 15.0], [22.0, 23.0], [7.0, 23.0]], [[1.0, -1.836909530733566e-16], [1.0000000000000009, -16.0], [7.000000000000001, -16.0], [7.0, 1.836909530733566e-16], [1.0, -1.836909530733566e-16]], [[16.0, 10.5], [8.03795, 9.870140000000001], [8.0, 4.500000000000001], [16.0, 4.5], [16.0, 10.5]], [[31.0, 3.499999999999999], [31.8091, 11.78925], [16.0, 11.5], [16.0, 3.5], [31.0, 3.499999999999999]], [[1.0000000000000009, -16.0], [1.0094100000000013, -24.54822], [7.000000000000002, -24.0], [7.000000000000001, -16.0], [1.0000000000000009, -16.0]], [[3.673819061467132e-16, 10.5], [-8.0, 10.500000000000002], [-8.0, 4.500000000000001], [-3.673819061467132e-16, 4.5], [3.673819061467132e-16, 10.5]], [[31.0, 11.5], [30.50098, 3.89624], [46.77822, 2.9012799999999963], [46.0, 11.499999999999996], [31.0, 11.5]], [[0.9999999999999991, 31.0], [1.0701399999999996, 23.89482], [7.0, 23.0], [6.999999999999999, 31.0], [0.9999999999999991, 31.0]], [[1.7763568394002505e-15, -30.0], [7.348270000000002, -29.76814], [7.4603100000000016, -24.09453], [1.7763568394002505e-15, -24.0], [1.7763568394002505e-15, -30.0]], [[-8.0, -0.4999999999999991], [-8.33203, 15.49097], [-14.08157, 14.62688], [-14.0, -0.4999999999999987], [-8.0, -0.4999999999999991]]], "node_id": [0, 1, 2, 3, 4, 5, 6, 7, 8, 9, 10, 11]}