{"corners": [[[0.306365, 0.27892], [16.306365, 0.27892], [16.306365, 6.27892], [0.306365, 6.27892], [0.306365, 0.27892]], [[16.48244, 0.058005], [32.48244, 0.058005], [32.48244, 6.058005], [16.48244, 6.058005], [16.48244, 0.058005]], [[20.242865, -5.69207], [28.242865, -5.69207], [28.242865, 0.30793], [20.242865, 0.30793], [20.242865, -5.69207]], [[28.09662, -5.817855000000001], [20.09662, -5.817855], [20.09662, -11.817855], [28.09662, -11.817855], [28.09662, -5.817855000000001]], [[5.10489, 14.48736], [5.104890000000001, 6.48736], [11.10489, 6.48736], [11.10489, 14.48736], [5.10489, 14.48736]], [[20.04405, 6.134995], [28.04405, 6.134995], [28.04405, 21.134995], [20.04405, 21.134995], [20.04405, 6.134995]], [[5.002905, 22.125595], [5.002905000000001, 14.125595], [11.002905, 14.125595], [11.002905, 22.125595], [5.002905, 22.125595]], [[40.312935, 6.251194999999999], [32.312935, 6.251195], [32.312935, 0.251195], [40.312935, 0.2511949999999991], [40.312935, 6.251194999999999]], [[5.34882, 14.46048], [5.348820000000001, 22.46048], [-9.65118, 22.46048], [-9.65118, 14.460480000000002], [5.34882, 14.46048]], [[21.20395, -11.698305], [21.203949999999995, -27.698305], [27.203949999999995, -27.698305], [27.20395, -11.698305000000001], [21.20395, -11.698305]], [[0.5229100000000009, 22.479265], [0.5229100000000013, 30.479265], [-5.477089999999998, 30.479265], [-5.477089999999999, 22.479265], [0.5229100000000009, 22.479265]], [[5.484555, -4.804404999999997], [5.4845549999999985, -12.804404999999996], [20.484555, -12.804405], [20.484555, -4.804405], [5.484555, -4.804404999999997]]], "node_id": [0, 1, 2, 3, 4, 5, 6, 7, 8, 9, 10, 11]}