{"corners": [[[0.0, 0.0], [15.95364, 0.94277], [15.68301, 6.56068], [0.0, 6.0], [0.0, 0.0]], [[11.0, 6.0], [11.0, 14.0], [5.000000000000001, 14.0], [5.0, 6.0], [11.0, 6.0]], [[3.673819061467132e-16, 6.0], [-7.79026, 5.638140000000001], [-8.68985, -0.3036499999999991], [-3.673819061467132e-16, 0.0], [3.673819061467132e-16, 6.0]], [[3.999999999999999, -9.150666335777657e-17], [-12.11162, -0.6935099999999981], [-11.8986, -5.092999999999998], [3.9999999999999982, -6.0], [3.999999999999999, -9.150666335777657e-17]], [[-0.9999999999999996, 6.000000000000001], [-0.9411899999999985, 22.50941], [-6.999999999999998, 22.0], [-7.0, 6.000000000000001], [-0.9999999999999996, 6.000000000000001]]], "node_id": [0, 1, 2, 3, 4]}