{"corners": [[[0.0, 0.0], [16.4525, 0.85395], [16.0, 6.0], [0.0, 6.0], [0.0, 0.0]], [[-2.4492127076447545e-16, -1.0], [2.4492127076447545e-16, 7.0], [-15.0, 7.000000000000002], [-15.0, -0.9999999999999991], [-2.4492127076447545e-16, -1.0]], [[-14.999999999999998, 10.5], [-22.47729, 10.572130000000001], [-22.80442, -3.6465799999999984], [-15.0, -4.5], [-14.999999999999998, 10.5]], [[-11.5, -16.0], [-4.01734, -15.92303], [-2.69837, -1.48484], [-11.5, -1.0], [-11.5, -16.0]], [[24.0, 5.999999999999999], [16.23757, 6.51049], [15.64839, 0.82245], [24.0, -8.881784197001252e-16], [24.0, 5.999999999999999]], [[0.5, -16.0], [-15.69578, -16.705129999999997], [-15.09871, -21.49564], [0.4999999999999993, -22.0], [0.5, -16.0]], [[32.0, 10.499999999999998], [23.23286, 10.12344], [24.45102, -4.1504], [31.999999999999996, -4.500000000000002], [32.0, 10.499999999999998]], [[-3.4999999999999973, 22.0], [-11.499999999999996, 22.0], [-11.5, 7.000000000000002], [-3.499999999999999, 7.0], [-3.4999999999999973, 22.0]], [[-3.4999999999999956, 37.0], [-11.734359999999997, 36.97095], [-11.337569999999996, 22.36094], [-3.4999999999999973, 22.0], [-3.4999999999999956, 37.0]], [[11.500000000000004, 25.5], [11.872390000000003, 34.38058], [-3.9955699999999963, 33.32354], [-3.4999999999999964, 25.5], [11.500000000000004, 25.5]], [[19.500000000000004, 32.5], [11.093080000000004, 31.55491], [11.500000000000004, 26.5], [19.500000000000004, 26.5], [19.500000000000004, 32.5]], [[11.5, 11.500000000000002], [19.5, 11.5], [19.500000000000004, 26.5], [11.500000000000004, 26.5], [11.5, 11.500000000000002]]], "node_id": [0, 1, 2, 3, 4, 5, 6, 7, 8, 9, 10, 11]}