{"corners": [[[0.284555, 0.48927], [8.284555, 0.48927], [8.284555, 6.48927], [0.284555, 6.48927], [0.284555, 0.48927]], [[0.16309000000000037, 6.02356], [-7.83691, 6.023560000000001], [-7.83691, 0.02356000000000089], [0.16308999999999965, 0.02356], [0.16309000000000037, 6.02356]], [[-13.57304, 7.431485000000002], [-13.573040000000002, -0.5685149999999982], [-7.5730400000000015, -0.568515], [-7.57304, 7.431485000000001], [-13.57304, 7.431485000000002]], [[1.044114999999999, 22.18064], [1.044115, 6.18064], [7.044115, 6.18064], [7.044114999999999, 22.18064], [1.044114999999999, 22.18064]], [[-3.811760000000001, 22.39821], [12.18824, 22.39821], [12.18824, 28.39821], [-3.811760000000001, 28.39821], [-3.811760000000001, 22.39821]], [[-13.799955000000002, -0.8763349999999982], [-13.799955, 7.123665000000002], [-19.799955, 7.1236650000000035], [-19.799955, -0.8763349999999963], [-13.799955000000002, -0.8763349999999982]], [[8.065035, 43.204045], [0.065035, 43.204045], [0.06503499999999822, 28.204045], [8.065034999999998, 28.204045], [8.065035, 43.204045]], [[-6.665365000000001, -0.7788249999999987], [-14.665365000000001, -0.7788249999999977], [-14.665365000000001, -6.7788249999999985], [-6.665365000000003, -6.7788249999999985], [-6.665365000000001, -0.7788249999999987]], [[8.340505, 0.128105], [24.340505, 0.128105], [24.340505, 6.128105], [8.340505, 6.128105], [8.340505, 0.128105]], [[-14.591430000000003, 39.61576], [-14.591430000000004, 31.61576], [0.40856999999999644, 31.615759999999998], [0.4085699999999982, 39.61576], [-14.591430000000003, 39.61576]], [[-14.712915000000002, 38.51274], [-22.712915, 38.51274], [-22.712915, 32.51274], [-14.712915000000002, 32.51274], [-14.712915000000002, 38.51274]], [[22.069275, 10.006965], [22.069275, 18.006965], [7.069275, 18.006965], [7.069275, 10.006965000000001], [22.069275, 10.006965]]], "node_id": [0, 1, 2, 3, 4, 5, 6, 7, 8, 9, 10, 11]}