{"corners": [[[0.0, 0.0], [8.0, 0.0], [8.0, 15.0], [0.0, 15.0], [0.0, 0.0]], [[-2.4492127076447545e-16, 3.5], [2.4492127076447545e-16, 11.5], [-15.0, 11.500000000000002], [-15.0, 3.500000000000001], [-2.4492127076447545e-16, 3.5]], [[8.0, 11.5], [8.0, 3.5], [23.0, 3.500000000000001], [23.0, 11.500000000000002], [8.0, 11.5]], [[-14.999999999999996, 19.5], [-14.760029999999999, 11.22074], [1.7763568394002505e-15, 11.499999999999996], [3.552713678800501e-15, 19.499999999999996], [-14.999999999999996, 19.5]], [[-14.999999999999998, 11.5], [-15.531239999999997, 18.59287], [-30.140029999999996, 19.787460000000006], [-30.0, 11.500000000000005], [-14.999999999999998, 11.5]]], "node_id": [0, 1, 2, 3, 4]}