{"corners": [[[0.309205, 0.126985], [8.309205, 0.126985], [8.309205, 15.126985], [0.309205, 15.126985], [0.309205, 0.126985]], [[7.10323, 15.44016], [7.103230000000001, 31.44016], [1.1032300000000008, 31.44016], [1.10323, 15.44016], [7.10323, 15.44016]], [[0.18543500000000088, 31.099185], [8.185435, 31.099185], [8.185435, 46.099185], [0.18543500000000088, 46.099185], [0.18543500000000088, 31.099185]], [[-3.9313599999999993, 46.23403], [12.06864, 46.23403], [12.06864, 52.23403], [-3.9313599999999993, 52.23403], [-3.9313599999999993, 46.23403]], [[-19.954795, 46.286185], [-3.954795, 46.286185], [-3.954795, 52.286185], [-19.954795, 52.286185], [-19.954795, 46.286185]]], "node_id": [0, 1, 2, 3, 4]}