{"corners": [[[0.0, 0.0], [8.61519, -0.08949], [7.02632, 5.13803], [0.0, 6.0], [0.0, 0.0]], [[-8.0, -4.5], [-0.81786, -4.8648], [0.0, 10.5], [-8.0, 10.5], [-8.0, -4.5]], [[1.0, -1.836909530733566e-16], [1.0000000000000009, -16.0], [7.000000000000001, -16.0], [7.0, 1.836909530733566e-16], [1.0, -1.836909530733566e-16]], [[7.000000000000001, -4.0], [7.766050000000002, -12.46123], [13.000000000000002, -12.0], [13.0, -3.9999999999999996], [7.000000000000001, -4.0]], [[4.0, 16.5], [-12.55874, 17.203320000000005], [-12.0, 10.500000000000002], [3.999999999999999, 10.5], [4.0, 16.5]]], "node_id": [0, 1, 2, 3, 4]}