{"corners": [[[0.4434, 0.37064], [16.4434, 0.37064], [16.4434, 6.37064], [0.4434, 6.37064], [0.4434, 0.37064]], [[16.234965, 11.24621], [16.234965, -4.75379], [22.234965, -4.75379], [22.234965, 11.24621], [16.234965, 11.24621]], [[22.112535, 11.207775], [22.112535, -4.792225], [28.112535, -4.792225], [28.112535, 11.207775], [22.112535, 11.207775]], [[-14.636715, 7.357679999999999], [-14.636715, -0.6423200000000009], [0.363285, -0.64232], [0.363285, 7.35768], [-14.636715, 7.357679999999999]], [[-20.63731, 7.1120899999999985], [-20.63731, -0.8879100000000018], [-14.63731, -0.8879100000000018], [-14.63731, 7.1120899999999985], [-20.63731, 7.1120899999999985]], [[-4.158545, -16.653645], [-4.158544999999999, -0.653645], [-10.158545, -0.653645], [-10.158545, -16.653645], [-4.158545, -16.653645]], [[17.08535, -10.91488], [33.08535, -10.91488], [33.08535, -4.91488], [17.08535, -4.91488], [17.08535, -10.91488]], [[28.292385, 7.355365], [28.292385, -0.6446350000000001], [43.292385, -0.6446349999999992], [43.292385, 7.355365000000001], [28.292385, 7.355365]], [[4.033485, 6.225285], [12.033485, 6.225285], [12.033485, 21.225285], [4.033485, 21.225285], [4.033485, 6.225285]], [[22.196655, 11.255335], [22.196655, 19.255335], [16.196655, 19.255335], [16.196655, 11.255335], [22.196655, 11.255335]], [[4.016945, -5.629605], [12.016945, -5.629605], [12.016945, 0.370395], [4.016945, 0.370395], [4.016945, -5.629605]], [[-13.823695, -0.7571200000000013], [-21.823695, -0.7571200000000022], [-21.823695, -15.757120000000004], [-13.823694999999999, -15.75712], [-13.823695, -0.7571200000000013]]], "node_id": [0, 1, 2, 3, 4, 5, 6, 7, 8, 9, 10, 11]}