{"corners": [[[0.0, 0.0], [15.22353, -0.98643], [15.01817, 6.58106], [0.0, 6.0], [0.0, 0.0]], [[31.0, -1.0000000000000009], [31.0, 6.999999999999999], [16.0, 7.000000000000001], [16.0, -1.0], [31.0, -1.0000000000000009]], [[20.5, 15.0], [19.872, 7.32057], [27.41248, 7.130949999999999], [26.5, 14.999999999999998], [20.5, 15.0]], [[12.0, -4.898425415289509e-16], [4.15315, 0.2352700000000005], [4.65032, -5.15531], [12.0, -6.000000000000001], [12.0, -4.898425415289509e-16]], [[3.9999999999999973, -12.0], [11.295859999999996, -12.506140000000002], [12.0, -6.000000000000002], [3.9999999999999987, -6.0], [3.9999999999999973, -12.0]]], "node_id": [0, 1, 2, 3, 4]}