{"corners": [[[0.0, 0.0], [16.0, 0.0], [16.0, 6.0], [0.0, 6.0], [0.0, 0.0]], [[24.0, 10.5], [16.0, 10.500000000000002], [15.999999999999998, -4.499999999999998], [23.999999999999996, -4.5], [24.0, 10.5]], [[24.0, 0.0], [40.0394, -0.013810000000003918], [40.2454, 6.308549999999997], [24.0, 6.0], [24.0, 0.0]], [[4.999999999999999, 22.0], [4.67027, 5.22965], [11.0, 6.0], [11.0, 22.0], [4.999999999999999, 22.0]], [[0.0, -6.0], [16.85753, -5.83468], [16.0, 0.0], [0.0, 0.0], [0.0, -6.0]]], "node_id": [0, 1, 2, 3, 4]}