{"corners": [[[0.0, 0.0], [15.70497, 0.12822], [16.0, 6.0], [0.0, 6.0], [0.0, 0.0]], [[-6.000000000000001, 11.0], [-6.0, -5.0], [0.0, -5.0], [-8.881784197001252e-16, 11.0], [-6.000000000000001, 11.0]], [[-14.0, -4.5], [-6.43567, -3.71045], [-6.15209, 10.24892], [-14.0, 10.5], [-14.0, -4.5]], [[4.0, -6.0], [11.53796, -6.90366], [12.0, 0.0], [4.0, 0.0], [4.0, -6.0]], [[-8.881784197001252e-16, 11.0], [0.1702500000000001, 26.65985], [-5.18175, 27.65034], [-6.000000000000001, 11.0], [-8.881784197001252e-16, 11.0]], [[-6.0, 15.0], [-5.196929999999999, 23.14977], [-12.0, 23.0], [-12.0, 15.0], [-6.0, 15.0]], [[-18.0, 27.0], [-17.297120000000003, 10.91395], [-12.211300000000003, 10.65255], [-12.0, 27.0], [-18.0, 27.0]], [[-34.0, 16.000000000000004], [-18.50288, 15.31016], [-18.89241, 21.83271], [-34.0, 22.000000000000004], [-34.0, 16.000000000000004]], [[-6.0, 23.0], [-5.999999999999999, 39.0], [-12.0, 39.0], [-12.0, 23.0], [-6.0, 23.0]], [[12.0, -6.0], [28.0, -6.0], [28.0, 0.0], [12.0, 0.0], [12.0, -6.0]], [[-49.0, 23.000000000000007], [-48.97521, 14.080630000000006], [-34.8889, 14.594530000000004], [-34.0, 23.000000000000004], [-49.0, 23.000000000000007]], [[-30.000000000000004, 1.0000000000000018], [-21.187660000000005, 0.5135299999999998], [-22.78197, 16.87893], [-30.0, 16.0], [-30.000000000000004, 1.0000000000000018]]], "node_id": [0, 1, 2, 3, 4, 5, 6, 7, 8, 9, 10, 11]}