{"corners": [[[0.0, 0.0], [8.0, 0.0], [8.0, 6.0], [0.0, 6.0], [0.0, 0.0]], [[11.5, 5.999999999999999], [11.16224, 13.12383], [-3.66361, 14.92652], [-3.5, 6.0], [11.5, 5.999999999999999]], [[24.0, 5.999999999999998], [7.24165, 6.99975], [8.0, 0.0], [24.0, -1.7763568394002505e-15], [24.0, 5.999999999999998]], [[7.999999999999998, -5.999999999999999], [23.35456, -6.613980000000002], [24.57734, -0.6027900000000027], [8.0, 8.881784197001252e-16], [7.999999999999998, -5.999999999999999]], [[19.0, 5.999999999999999], [18.41677, 14.34637], [12.7932, 14.46059], [13.0, 5.999999999999999], [19.0, 5.999999999999999]]], "node_id": [0, 1, 2, 3, 4]}