{"corners": [[[0.407265, 0.116575], [16.407265, 0.116575], [16.407265, 6.116575], [0.407265, 6.116575], [0.407265, 0.116575]], [[16.124275, 7.153945], [16.124275, -0.846055], [31.124275, -0.8460549999999991], [31.124275, 7.153945000000001], [16.124275, 7.153945]], [[12.04985, 12.067415], [4.04985, 12.067415000000002], [4.04985, 6.0674150000000004], [12.04985, 6.0674150000000004], [12.04985, 12.067415]], [[-15.94856, 0.445205], [0.05144, 0.445205], [0.05144, 6.445205], [-15.94856, 6.445205], [-15.94856, 0.445205]], [[-15.55835, -0.51281], [-15.55835, 7.48719], [-21.55835, 7.48719], [-21.55835, -0.5128099999999997], [-15.55835, -0.51281]], [[-21.77001, -0.8745949999999992], [-21.77001, -8.874595], [-15.77001, -8.874595000000001], [-15.77001, -0.8745950000000002], [-21.77001, -0.8745949999999992]], [[-21.68515, 6.059215], [-37.68515, 6.059215000000002], [-37.68515, 0.05921500000000177], [-21.68515, 0.059215], [-21.68515, 6.059215]], [[0.37754, 12.264115], [-15.62246, 12.264115000000002], [-15.62246, 6.264115000000002], [0.37753999999999927, 6.264115], [0.37754, 12.264115]], [[-25.77824, 21.275275], [-33.77824, 21.275275], [-33.77824, 6.2752750000000015], [-25.778240000000004, 6.275275], [-25.77824, 21.275275]], [[47.371835, 6.245715000000002], [31.371835, 6.245715000000001], [31.371835, 0.24571500000000088], [47.371835, 0.24571500000000265], [47.371835, 6.245715000000002]], [[-4.898615, 12.299710000000001], [-4.8986149999999995, 28.29971], [-10.898615, 28.29971], [-10.898615, 12.299710000000001], [-4.898615, 12.299710000000001]], [[4.28693, 12.019630000000001], [12.28693, 12.01963], [12.286930000000002, 18.01963], [4.286930000000002, 18.01963], [4.28693, 12.019630000000001]]], "node_id": [0, 1, 2, 3, 4, 5, 6, 7, 8, 9, 10, 11]}