{"corners": [[[0.0, 0.0], [8.08022, -0.3513], [7.56766, 5.19474], [0.0, 6.0], [0.0, 0.0]], [[8.0, -4.5], [16.8596, -4.13405], [16.53967, 11.32762], [8.0, 10.5], [8.0, -4.5]], [[8.0, -10.5], [16.67997, -11.48458], [15.81214, -4.80491], [8.0, -4.5], [8.0, -10.5]], [[-2.4492127076447545e-16, -1.0], [2.4492127076447545e-16, 7.0], [-15.0, 7.000000000000002], [-15.0, -0.9999999999999991], [-2.4492127076447545e-16, -1.0]], [[16.0, 7.0], [16.0682, -1.98177], [22.0, -1.0], [22.0, 7.0], [16.0, 7.0]]], "node_id": [0, 1, 2, 3, 4]}