{"corners": [[[0.0, 0.0], [15.48579, 0.18939], [16.0, 6.0], [0.0, 6.0], [0.0, 0.0]], [[-8.0, -4.5], [0.90601, -5.40689], [0.0, 10.5], [-8.0, 10.5], [-8.0, -4.5]], [[4.0, 16.5], [-11.72411, 15.635200000000003], [-11.56665, 10.771070000000002], [3.999999999999999, 10.5], [4.0, 16.5]], [[-8.0, -19.5], [0.0, -19.5], [0.0, -4.5], [-8.0, -4.5], [-8.0, -19.5]], [[4.0, 6.0], [11.168, 6.58285], [11.61948, 21.87429], [4.0, 21.0], [4.0, 6.0]], [[-24.0, 0.0], [-7.49707, 0.94348], [-8.0, 6.0], [-24.0, 6.0], [-24.0, 0.0]], [[12.0, 27.0], [3.34565, 26.28364], [4.78956, 20.50372], [12.0, 21.0], [12.0, 27.0]], [[16.0, 7.0], [16.58922, -0.93749], [31.0, -0.9999999999999991], [31.0, 7.000000000000001], [16.0, 7.0]], [[16.0, 15.0], [16.99996, 6.72761], [31.94364, 7.655710000000001], [31.0, 15.000000000000002], [16.0, 15.0]], [[20.5, -0.9999999999999993], [20.92872, -16.32251], [26.5, -17.0], [26.5, -0.999999999999999], [20.5, -0.9999999999999993]], [[3.499999999999999, -27.5], [4.1642399999999995, -20.27601], [-12.04471, -19.12228], [-11.5, -27.5], [3.499999999999999, -27.5]], [[-8.0, -42.5], [0.0, -42.5], [0.0, -27.5], [-8.0, -27.5], [-8.0, -42.5]]], "node_id": [0, 1, 2, 3, 4, 5, 6, 7, 8, 9, 10, 11]}