{"corners": [[[0.0, 0.0], [8.5197, -0.46701], [8.0, 15.0], [0.0, 15.0], [0.0, 0.0]], [[7.0, 15.0], [6.746780000000001, 23.71573], [1.0000000000000009, 23.0], [1.0, 15.0], [7.0, 15.0]], [[8.000000000000002, 38.0], [0.5009800000000018, 37.38224], [0.0, 23.0], [8.0, 23.0], [8.000000000000002, 38.0]], [[8.0, 4.5], [24.0, 4.5], [24.0, 10.5], [8.0, 10.5], [8.0, 4.5]], [[32.0, 15.0], [23.50675, 15.144680000000001], [24.0, 1.7763568394002505e-15], [31.999999999999996, 0.0], [32.0, 15.0]], [[13.0, 4.5], [13.0, -3.5], [19.0, -3.5], [19.0, 4.5], [13.0, 4.5]], [[3.673819061467132e-16, 33.5], [-16.81415, 32.62897], [-16.0, 27.5], [-3.673819061467132e-16, 27.5], [3.673819061467132e-16, 33.5]], [[7.0, -8.0], [6.672880000000001, 0.07222], [1.0000000000000009, 0.0], [1.0, -8.0], [7.0, -8.0]], [[20.0, -5.999999999999998], [36.16069, -6.663210000000002], [36.0, -1.7763568394002505e-15], [20.0, 1.7763568394002505e-15], [20.0, -5.999999999999998]], [[-15.0, 11.5], [-14.64597, 3.82117], [0.0, 3.500000000000001], [0.0, 11.500000000000002], [-15.0, 11.5]], [[-15.0, 3.5], [-15.0, 11.5], [-30.0, 11.500000000000002], [-30.0, 3.500000000000001], [-15.0, 3.5]], [[31.0, 15.0], [30.50015, 31.89004], [24.92681, 31.79125], [25.0, 15.0], [31.0, 15.0]]], "node_id": [0, 1, 2, 3, 4, 5, 6, 7, 8, 9, 10, 11]}