{"corners": [[[0.0, 0.0], [8.70106, 0.43537], [8.0, 6.0], [0.0, 6.0], [0.0, 0.0]], [[0.0, -6.0], [8.0, -6.0], [8.0, 0.0], [0.0, 0.0], [0.0, -6.0]], [[-4.0, -12.0], [12.33608, -11.436679999999999], [12.0, -6.0], [-4.0, -6.0], [-4.0, -12.0]], [[8.0, -12.0], [0.33059, -11.456689999999998], [-1.7763568394002505e-15, -27.0], [7.999999999999998, -27.0], [8.0, -12.0]], [[-8.0, 0.0], [0.0, 0.0], [0.0, 6.0], [-8.0, 6.0], [-8.0, 0.0]], [[-1.4089749332535373e-15, -16.5], [-8.362910000000001, -17.19236], [-8.114200000000002, -22.83601], [-2.1437387455469636e-15, -22.5], [-1.4089749332535373e-15, -16.5]], [[7.0, 6.0], [7.000000000000001, 22.0], [1.0000000000000009, 22.0], [1.0, 6.0], [7.0, 6.0]], [[-3.9999999999999996, -6.0], [-19.33248, -6.453149999999998], [-20.0, -11.999999999999998], [-4.0, -12.0], [-3.9999999999999996, -6.0]], [[18.0, -17.0], [18.0, -1.0], [12.0, -1.0], [12.0, -17.0], [18.0, -17.0]], [[12.000000000000002, 7.0], [12.0, -1.0], [18.0, -1.0000000000000018], [18.0, 6.999999999999999], [12.000000000000002, 7.0]], [[-16.0, -6.0], [0.0, -6.0], [0.0, 0.0], [-16.0, 0.0], [-16.0, -6.0]], [[18.0, -5.0], [17.5746, -12.98742], [33.87996, -12.835220000000003], [33.0, -5.000000000000003], [18.0, -5.0]]], "node_id": [0, 1, 2, 3, 4, 5, 6, 7, 8, 9, 10, 11]}