{"corners": [[[0.04159, 0.423585], [8.04159, 0.423585], [8.04159, 15.423585], [0.04159, 15.423585], [0.04159, 0.423585]], [[-3.38629, 0.39460999999999957], [-3.3862899999999994, -7.60539], [11.61371, -7.60539], [11.61371, 0.39461000000000046], [-3.38629, 0.39460999999999957]], [[8.030205, 11.82955], [8.030205, 3.8295500000000002], [14.030205, 3.8295500000000002], [14.030205, 11.82955], [8.030205, 11.82955]], [[11.795075, -15.69656], [11.795075, -7.69656], [-3.2049250000000002, -7.696559999999998], [-3.2049250000000002, -15.696559999999998], [11.795075, -15.69656]], [[-3.0094149999999993, -4.128595], [-11.009415, -4.128594999999999], [-11.009415, -19.128595], [-3.009415000000001, -19.128595], [-3.0094149999999993, -4.128595]]], "node_id": [0, 1, 2, 3, 4]}