{"corners": [[[0.0, 0.0], [8.0, 0.0], [8.0, 15.0], [0.0, 15.0], [0.0, 0.0]], [[-3.5, -4.592273826833915e-16], [-2.8056599999999996, -8.54515], [11.5, -8.0], [11.5, 4.592273826833915e-16], [-3.5, -4.592273826833915e-16]], [[8.0, 11.5], [7.12082, 3.81819], [14.18031, 3.71375], [14.0, 11.5], [8.0, 11.5]], [[11.5, -16.0], [11.98562, -8.33604], [-3.5, -7.999999999999998], [-3.5, -15.999999999999998], [11.5, -16.0]], [[-3.499999999999999, -4.5], [-12.45029, -4.172909999999999], [-11.5, -19.5], [-3.500000000000001, -19.5], [-3.499999999999999, -4.5]]], "node_id": [0, 1, 2, 3, 4]}