{"corners": [[[0.39355, 0.00895], [8.39355, 0.00895], [8.39355, 6.00895], [0.39355, 6.00895], [0.39355, 0.00895]], [[0.2671599999999995, -4.7969100000000005], [0.2671600000000005, 11.20309], [-5.73284, 11.20309], [-5.732840000000001, -4.7969100000000005], [0.2671599999999995, -4.7969100000000005]], [[0.10393, 6.23018], [8.10393, 6.23018], [8.10393, 12.23018], [0.10393, 12.23018], [0.10393, 6.23018]], [[-11.661569999999998, 11.349090000000002], [-11.661570000000001, -4.650909999999998], [-5.661570000000001, -4.650909999999998], [-5.661569999999998, 11.34909], [-11.661569999999998, 11.349090000000002]], [[23.060425, -0.7673650000000009], [23.060425, 7.232634999999999], [8.060425, 7.232635000000001], [8.060425, -0.767365], [23.060425, -0.7673650000000009]], [[23.493025, 0.0016499999999991118], [39.493025, 0.0016499999999991118], [39.493025, 6.001649999999999], [23.493025, 6.001649999999999], [23.493025, 0.0016499999999991118]], [[39.496965, 0.14732499999999815], [23.496965, 0.1473250000000001], [23.496965, -5.852675], [39.496965, -5.852675000000001], [39.496965, 0.14732499999999815]], [[7.33409, 12.15448], [7.334090000000001, 28.15448], [1.3340900000000009, 28.15448], [1.33409, 12.15448], [7.33409, 12.15448]], [[39.432205, 1.3298149999999982], [39.432205, -6.670185000000002], [54.432205, -6.670185000000005], [54.432205, 1.3298149999999955], [39.432205, 1.3298149999999982]], [[7.394870000000003, 28.05555], [7.39487, 12.05555], [13.39487, 12.05555], [13.394870000000003, 28.05555], [7.394870000000003, 28.05555]], [[1.3774549999999994, -4.954440000000001], [-6.622545, -4.95444], [-6.6225450000000015, -19.95444], [1.3774549999999977, -19.95444], [1.3774549999999994, -4.954440000000001]], [[-4.9299849999999985, 24.12833], [-4.929985, 16.12833], [1.070015, 16.12833], [1.0700150000000017, 24.12833], [-4.9299849999999985, 24.12833]]], "node_id": [0, 1, 2, 3, 4, 5, 6, 7, 8, 9, 10, 11]}