{"corners": [[[0.263965, 0.34354], [8.263965, 0.34354], [8.263965, 15.34354], [0.263965, 15.34354], [0.263965, 0.34354]], [[11.625855, -7.57049], [11.625855, 0.42951], [-3.374145, 0.4295100000000018], [-3.374145, -7.5704899999999995], [11.625855, -7.57049]], [[-19.475395, -6.959624999999999], [-3.475395, -6.959624999999999], [-3.475395, -0.9596249999999991], [-19.475395, -0.9596249999999991], [-19.475395, -6.959624999999999]], [[8.02127, 21.273525], [0.02127, 21.273525], [0.02127, 15.273525], [8.02127, 15.273525], [8.02127, 21.273525]], [[11.973205, -15.70937], [11.973205, -7.70937], [-3.026795, -7.709369999999998], [-3.026795, -15.709369999999998], [11.973205, -15.70937]], [[8.24331, 4.957935], [24.24331, 4.957935], [24.24331, 10.957934999999999], [8.24331, 10.957934999999999], [8.24331, 4.957935]], [[-19.198075, -0.6200299999999992], [-35.198075, -0.6200299999999972], [-35.198075, -6.620029999999997], [-19.198075, -6.620029999999999], [-19.198075, -0.6200299999999992]], [[-35.442905, -11.516844999999996], [-35.442905, 4.4831550000000036], [-41.442905, 4.4831550000000036], [-41.442905, -11.516844999999996], [-35.442905, -11.516844999999996]], [[-19.9638, -0.6676299999999986], [-19.9638, 7.332370000000002], [-34.9638, 7.332370000000004], [-34.9638, -0.6676299999999977], [-19.9638, -0.6676299999999986]], [[-14.13956, -6.802219999999999], [-14.139559999999998, -22.80222], [-8.13956, -22.80222], [-8.13956, -6.802219999999999], [-14.13956, -6.802219999999999]], [[-56.33956, 0.4497600000000062], [-56.33956, -7.550239999999993], [-41.33956, -7.550239999999997], [-41.33956, 0.44976000000000343], [-56.33956, 0.4497600000000062]], [[11.78579, 21.41222], [11.78579, 29.41222], [-3.21421, 29.41222], [-3.21421, 21.41222], [11.78579, 21.41222]]], "node_id": [0, 1, 2, 3, 4, 5, 6, 7, 8, 9, 10, 11]}