{"corners": [[[0.0, 0.0], [16.87684, -0.41551], [16.4213, 6.79722], [0.0, 6.0], [0.0, 0.0]], [[12.000000000000002, 21.0], [4.000000000000002, 21.0], [4.0, 6.000000000000002], [12.0, 6.0], [12.000000000000002, 21.0]], [[11.000000000000002, 21.0], [11.000000000000004, 37.0], [5.000000000000003, 37.0], [5.000000000000002, 21.0], [11.000000000000002, 21.0]], [[0.5, -4.592273826833915e-16], [0.5000000000000004, -8.0], [15.5, -8.0], [15.5, 4.592273826833915e-16], [0.5, -4.592273826833915e-16]], [[16.0, -7.999999999999999], [0.0, -8.000000000000002], [0.0, -14.0], [16.0, -14.0], [16.0, -7.999999999999999]], [[12.0, -14.0], [4.6377500000000005, -14.181140000000001], [4.708660000000002, -29.96459], [12.000000000000002, -29.0], [12.0, -14.0]], [[-12.0, -24.5], [3.67862, -23.54394], [4.0, -18.5], [-12.0, -18.5], [-12.0, -24.5]], [[-4.000000000000002, 6.000000000000002], [3.261719999999998, 5.32358], [4.640330000000001, 21.69498], [-3.9999999999999982, 21.0], [-4.000000000000002, 6.000000000000002]], [[-3.999999999999999, 16.5], [-12.7123, 16.836740000000002], [-12.5169, 10.018250000000004], [-4.000000000000001, 10.5], [-3.999999999999999, 16.5]], [[-8.0, -14.0], [0.0, -14.0], [0.0, -8.0], [-8.0, -8.0], [-8.0, -14.0]], [[11.000000000000004, -37.0], [11.000000000000002, -29.0], [5.000000000000002, -29.0], [5.0000000000000036, -37.0], [11.000000000000004, -37.0]], [[-7.0, -24.5], [-6.120379999999999, -33.45497], [-1.5334899999999991, -32.95842], [-1.0, -24.5], [-7.0, -24.5]]], "node_id": [0, 1, 2, 3, 4, 5, 6, 7, 8, 9, 10, 11]}