{"corners": [[[0.0, 0.0], [8.19802, -0.99734], [8.40843, 15.5274], [0.0, 15.0], [0.0, 0.0]], [[-2.4492127076447545e-16, 3.5], [2.4492127076447545e-16, 11.5], [-5.999999999999999, 11.5], [-6.0, 3.5000000000000004], [-2.4492127076447545e-16, 3.5]], [[-14.0, 4.5], [-6.0, 4.5], [-6.0, 10.5], [-14.0, 10.5], [-14.0, 4.5]], [[0.0, 11.5], [-0.384659999999999, 27.51383], [-5.999999999999999, 27.5], [-6.0, 11.5], [0.0, 11.5]], [[-6.999999999999999, 27.5], [0.2589200000000009, 28.45599], [1.0000000000000009, 42.5], [-6.999999999999999, 42.5], [-6.999999999999999, 27.5]]], "node_id": [0, 1, 2, 3, 4]}