{"corners": [[[0.28513, 0.45327], [8.28513, 0.45327], [8.28513, 15.45327], [0.28513, 15.45327], [0.28513, 0.45327]], [[0.04608, 15.24969], [8.04608, 15.24969], [8.04608, 21.24969], [0.04608, 21.24969], [0.04608, 15.24969]], [[8.145115, 27.095665], [0.145115, 27.095665], [0.145115, 21.095665], [8.145114999999999, 21.095665], [8.145115, 27.095665]], [[7.081064999999999, -15.78036], [7.081065, 0.21964], [1.081065, 0.21964], [1.081064999999999, -15.78036], [7.081064999999999, -15.78036]], [[13.185195, -15.8309], [13.185195000000002, 0.1691], [7.185195000000001, 0.1691], [7.185195, -15.8309], [13.185195, -15.8309]]], "node_id": [0, 1, 2, 3, 4]}