{"corners": [[[0.0, 0.0], [7.96452, 0.5305], [7.5844, 15.78878], [0.0, 15.0], [0.0, 0.0]], [[0.0, 15.0], [7.38266, 14.32427], [8.0, 21.0], [0.0, 21.0], [0.0, 15.0]], [[8.0, 27.0], [0.75303, 27.58849], [0.0, 21.0], [7.999999999999999, 21.0], [8.0, 27.0]], [[6.999999999999999, -16.0], [6.57048, -0.70225], [1.95914, -0.14209], [0.9999999999999991, -16.0], [6.999999999999999, -16.0]], [[13.0, -16.0], [13.467990000000002, 0.57975], [6.243430000000001, 0.66223], [7.0, -16.0], [13.0, -16.0]]], "node_id": [0, 1, 2, 3, 4]}