{"corners": [[[0.0, 0.0], [8.0, 0.0], [8.0, 6.0], [0.0, 6.0], [0.0, 0.0]], [[11.5, -8.0], [10.65596, -0.3337], [-2.78636, 0.9845900000000017], [-3.5, -7.999999999999999], [11.5, -8.0]], [[11.5, -16.0], [11.5, -8.0], [-3.5, -7.999999999999998], [-3.5, -15.999999999999998], [11.5, -16.0]], [[0.0, 6.0], [8.15362, 5.57433], [7.53477, 21.26145], [0.0, 21.0], [0.0, 6.0]], [[23.0, 9.5], [23.0, 17.5], [8.0, 17.5], [8.0, 9.500000000000002], [23.0, 9.5]]], "node_id": [0, 1, 2, 3, 4]}