{"corners": [[[0.0, 0.0], [8.0, 0.0], [8.0, 6.0], [0.0, 6.0], [0.0, 0.0]], [[0.0, -15.0], [8.0, -15.0], [8.0, 0.0], [0.0, 0.0], [0.0, -15.0]], [[8.0, -3.5], [8.85603, -10.97971], [14.10545, -11.81545], [14.0, -3.4999999999999996], [8.0, -3.5]], [[20.0, -15.5], [19.9837, 1.49278], [14.0, 0.5], [14.0, -15.5], [20.0, -15.5]], [[8.000000000000002, 21.0], [1.7763568394002505e-15, 21.0], [0.0, 6.000000000000002], [8.0, 6.0], [8.000000000000002, 21.0]], [[-8.0, 10.500000000000002], [-0.23255, 10.79055], [1.7763568394002505e-15, 16.5], [-7.999999999999998, 16.5], [-8.0, 10.500000000000002]], [[13.0, 0.5], [21.12174, 1.47045], [20.43255, 16.34916], [13.0, 15.5], [13.0, 0.5]], [[14.0, 23.5], [14.78785, 15.92869], [20.0, 15.5], [20.0, 23.5], [14.0, 23.5]], [[20.0, 16.5], [36.0, 16.5], [36.0, 22.5], [20.0, 22.5], [20.0, 16.5]], [[31.0, 22.5], [31.939329999999998, 38.94412], [25.8207, 38.97537], [25.0, 22.5], [31.0, 22.5]], [[44.0, 22.5], [36.90607, 23.46392], [35.30916, 16.83869], [44.0, 16.5], [44.0, 22.5]], [[0.0, -21.0], [7.80058, -20.5529], [8.0, -15.0], [0.0, -15.0], [0.0, -21.0]]], "node_id": [0, 1, 2, 3, 4, 5, 6, 7, 8, 9, 10, 11]}