{"corners": [[[0.0, 0.0], [8.95066, -0.9812], [8.0, 6.0], [0.0, 6.0], [0.0, 0.0]], [[-3.500000000000001, 14.0], [-3.5000000000000004, 6.0], [11.5, 6.000000000000001], [11.5, 14.000000000000002], [-3.500000000000001, 14.0]], [[-18.5, 14.0], [-19.1507, 5.84882], [-2.54458, 5.813290000000001], [-3.5, 14.000000000000002], [-18.5, 14.0]], [[12.0, -9.796850830579018e-16], [-4.0, 9.796850830579018e-16], [-4.0, -5.999999999999999], [12.0, -6.000000000000001], [12.0, -9.796850830579018e-16]], [[-4.000000000000001, 14.0], [12.0, 14.0], [12.0, 20.0], [-4.000000000000001, 20.0], [-4.000000000000001, 14.0]]], "node_id": [0, 1, 2, 3, 4]}