{"corners": [[[0.0, 0.0], [8.49981, 0.75092], [7.95464, 5.10648], [0.0, 6.0], [0.0, 0.0]], [[14.0, -1.0], [14.91798, 7.56265], [8.47197, 7.69948], [8.0, -0.9999999999999997], [14.0, -1.0]], [[18.5, -9.0], [18.70558, -0.90548], [3.17593, -0.6126099999999982], [3.5, -8.999999999999998], [18.5, -9.0]], [[8.0, -9.0], [8.008309999999998, -17.23671], [13.999999999999998, -17.0], [14.0, -9.000000000000002], [8.0, -9.0]], [[-16.0, 0.0], [0.0, 0.0], [0.0, 6.0], [-16.0, 6.0], [-16.0, 0.0]], [[0.9999999999999991, 22.0], [1.0, 6.0], [7.0, 6.0], [6.999999999999999, 22.0], [0.9999999999999991, 22.0]], [[13.999999999999993, -33.0], [13.361769999999998, -16.99182], [8.642089999999998, -17.947819999999997], [7.999999999999993, -33.0], [13.999999999999993, -33.0]], [[3.4999999999999996, -9.0], [3.5, -1.0], [-2.4999999999999996, -1.0], [-2.5000000000000004, -9.0], [3.4999999999999996, -9.0]], [[21.999999999999996, -22.000000000000004], [13.999999999999996, -22.0], [13.999999999999995, -28.0], [21.999999999999993, -28.000000000000004], [21.999999999999996, -22.000000000000004]], [[27.999999999999996, -29.000000000000007], [27.50164, -20.310330000000008], [21.95564, -21.639380000000006], [21.999999999999996, -29.000000000000004], [27.999999999999996, -29.000000000000007]], [[28.0, -17.000000000000007], [28.118519999999993, -33.848760000000006], [34.08953999999999, -32.74702000000001], [34.0, -17.00000000000001], [28.0, -17.000000000000007]], [[3.499999999999999, -17.0], [3.3044999999999995, -8.54792], [-2.5, -9.0], [-2.500000000000001, -17.0], [3.499999999999999, -17.0]]], "node_id": [0, 1, 2, 3, 4, 5, 6, 7, 8, 9, 10, 11]}