{"corners": [[[0.0, 0.0], [8.97848, -0.32506], [7.20054, 5.31219], [0.0, 6.0], [0.0, 0.0]], [[9.18454765366783e-16, 10.5], [-8.76859, 11.177340000000001], [-8.0, -4.499999999999998], [-9.18454765366783e-16, -4.5], [9.18454765366783e-16, 10.5]], [[0.0, -15.0], [8.49791, -15.69635], [8.0, 0.0], [0.0, 0.0], [0.0, -15.0]], [[-7.999999999999999, 10.500000000000002], [0.01801000000000089, 9.73065], [0.2760600000000027, 16.36332], [-7.999999999999997, 16.5], [-7.999999999999999, 10.500000000000002]], [[-8.0, -0.9999999999999991], [-8.132399999999999, 6.160020000000001], [-23.12281, 6.837650000000003], [-23.0, -0.9999999999999982], [-8.0, -0.9999999999999991]]], "node_id": [0, 1, 2, 3, 4]}