{"corners": [[[0.0, 0.0], [16.0, 0.0], [16.0, 6.0], [0.0, 6.0], [0.0, 0.0]], [[4.0, -15.0], [12.0, -15.0], [12.0, 0.0], [4.0, 0.0], [4.0, -15.0]], [[5.0, 14.0], [5.300700000000001, 5.95641], [11.0, 6.0], [11.0, 14.0], [5.0, 14.0]], [[11.0, 14.0], [11.61251, 21.66106], [4.5415600000000005, 22.12261], [5.0, 14.0], [11.0, 14.0]], [[-6.000000000000001, 11.0], [-6.0, -5.0], [0.0, -5.0], [-8.881784197001252e-16, 11.0], [-6.000000000000001, 11.0]], [[15.5, 22.0], [15.48948, 29.75659], [0.5, 30.0], [0.5, 22.0], [15.5, 22.0]], [[15.5, 18.5], [23.02277, 18.46628], [23.47836, 34.01697], [15.5, 33.5], [15.5, 18.5]], [[-22.0, 0.0], [-6.6700099999999996, -0.02342], [-6.0, 6.0], [-22.0, 6.0], [-22.0, 0.0]], [[0.0, -21.0], [16.17336, -21.0064], [16.0, -15.0], [0.0, -15.0], [0.0, -21.0]], [[4.0, 30.0], [12.78108, 30.72502], [12.42267, 45.80993], [4.0, 45.0], [4.0, 30.0]], [[28.0, -4.500000000000002], [12.75949, -5.27613], [12.0, -10.5], [28.0, -10.500000000000002], [28.0, -4.500000000000002]], [[11.0, 14.0], [11.0, 6.0], [26.0, 6.000000000000001], [26.0, 14.000000000000002], [11.0, 14.0]]], "node_id": [0, 1, 2, 3, 4, 5, 6, 7, 8, 9, 10, 11]}