{"corners": [[[0.0, 0.0], [8.0, 0.0], [8.0, 15.0], [0.0, 15.0], [0.0, 0.0]], [[0.9999999999999991, 31.0], [0.26093999999999995, 15.0771], [7.35545, 15.73032], [6.999999999999999, 31.0], [0.9999999999999991, 31.0]], [[0.9999999999999992, 26.0], [-6.923470000000001, 25.72782], [-7.0, 20.0], [1.0, 20.0], [0.9999999999999992, 26.0]], [[16.0, 10.5], [8.0, 10.500000000000002], [8.0, 4.500000000000001], [16.0, 4.5], [16.0, 10.5]], [[1.0, -1.836909530733566e-16], [1.0000000000000009, -16.0], [7.000000000000001, -16.0], [7.0, 1.836909530733566e-16], [1.0, -1.836909530733566e-16]]], "node_id": [0, 1, 2, 3, 4]}