{"corners": [[[0.056555, 0.302695], [16.056555, 0.302695], [16.056555, 6.302695], [0.056555, 6.302695], [0.056555, 0.302695]], [[0.2842999999999998, -0.857425], [0.2843000000000002, 7.142575], [-14.7157, 7.142575000000002], [-14.7157, -0.8574249999999991], [0.2842999999999998, -0.857425]], [[-10.189169999999997, 23.0231], [-10.18917, 7.0231], [-4.189169999999999, 7.0231], [-4.189169999999996, 23.0231], [-10.189169999999997, 23.0231]], [[-26.306225, 12.206615000000003], [-10.306225, 12.206615], [-10.306225, 18.206615], [-26.306225, 18.206615000000003], [-26.306225, 12.206615000000003]], [[22.436525, -0.95598], [22.436525, 7.04402], [16.436525, 7.04402], [16.436525, -0.9559799999999997], [22.436525, -0.95598]], [[-3.482315, -0.67664], [-11.482315, -0.676639999999999], [-11.482315, -6.676639999999999], [-3.4823150000000007, -6.67664], [-3.482315, -0.67664]], [[-4.407484999999997, 23.23915], [-4.407484999999994, 31.23915], [-10.407484999999992, 31.23915], [-10.407484999999996, 23.239150000000002], [-4.407484999999997, 23.23915]], [[22.358325, 7.106955], [22.358325, -0.893045], [37.358325, -0.8930450000000035], [37.358325, 7.1069549999999975], [22.358325, 7.106955]], [[-26.146629999999995, 24.071195000000003], [-10.146629999999996, 24.071195], [-10.146629999999996, 30.071195], [-26.146629999999995, 30.071195000000003], [-26.146629999999995, 24.071195000000003]], [[-26.32259, 11.494325000000003], [-26.322589999999998, 19.494325000000003], [-32.32259, 19.494325000000007], [-32.32259, 11.494325000000005], [-26.32259, 11.494325000000003]], [[52.19638, -0.8184600000000071], [52.19638, 7.181539999999993], [37.19638, 7.181539999999998], [37.19638, -0.8184600000000024], [52.19638, -0.8184600000000071]], [[-3.369235000000001, -6.51102], [-11.369235, -6.511019999999999], [-11.369235000000003, -21.51102], [-3.369235000000003, -21.51102], [-3.369235000000001, -6.51102]]], "node_id": [0, 1, 2, 3, 4, 5, 6, 7, 8, 9, 10, 11]}