{"corners": [[[0.0, 0.0], [8.43589, 0.18349], [8.0, 15.0], [0.0, 15.0], [0.0, 0.0]], [[-6.000000000000001, 15.5], [-6.0, -0.5], [0.0, -0.5], [-8.881784197001252e-16, 15.5], [-6.000000000000001, 15.5]], [[8.0, -4.898425415289509e-16], [0.0, 4.898425415289509e-16], [-1.7763568394002505e-15, -14.999999999999998], [7.999999999999998, -15.0], [8.0, -4.898425415289509e-16]], [[14.0, 3.5], [14.50218, 12.07309], [8.41578, 11.71322], [8.0, 3.5000000000000004], [14.0, 3.5]], [[14.0, 4.5], [30.0, 4.5], [30.0, 10.5], [14.0, 10.5], [14.0, 4.5]]], "node_id": [0, 1, 2, 3, 4]}