{"corners": [[[0.434915, 0.10966], [8.434915, 0.10966], [8.434915, 15.10966], [0.434915, 15.10966], [0.434915, 0.10966]], [[23.14006, 3.5384599999999993], [23.14006, 11.53846], [8.14006, 11.53846], [8.14006, 3.53846], [23.14006, 3.5384599999999993]], [[18.592745, -4.092725], [18.592745, 3.907275], [12.592745, 3.907275], [12.592745, -4.092725], [18.592745, -4.092725]], [[18.886165, 3.81411], [18.886165, -4.18589], [24.886165, -4.185890000000001], [24.886165, 3.814109999999999], [18.886165, 3.81411]], [[7.498695, -7.978015], [7.4986950000000006, 0.021985], [1.498695000000001, 0.021985], [1.498695, -7.978015], [7.498695, -7.978015]]], "node_id": [0, 1, 2, 3, 4]}