{"corners": [[[0.0, 0.0], [8.06535, 0.8383], [8.0, 6.0], [0.0, 6.0], [0.0, 0.0]], [[1.0, -1.836909530733566e-16], [1.0000000000000009, -16.0], [7.000000000000001, -16.0], [7.0, 1.836909530733566e-16], [1.0, -1.836909530733566e-16]], [[12.0, -15.999999999999998], [-3.88124, -15.64986], [-4.37872, -22.676], [12.0, -22.0], [12.0, -15.999999999999998]], [[20.0, -16.0], [12.14229, -16.15819], [12.5243, -21.39277], [20.0, -22.0], [20.0, -16.0]], [[-4.000000000000001, -11.5], [-11.23434, -12.021520000000002], [-11.15047, -27.10787], [-3.999999999999999, -26.5], [-4.000000000000001, -11.5]], [[8.0, 7.0], [8.687100000000001, -0.47497999999999996], [14.0, -1.0], [14.0, 7.0], [8.0, 7.0]], [[24.0, -10.0], [8.91261, -10.596580000000001], [8.4662, -15.9731], [24.0, -16.0], [24.0, -10.0]], [[8.5, -2.0000000000000027], [9.31666, -10.571130000000004], [23.5, -10.000000000000002], [23.5, -2.0000000000000018], [8.5, -2.0000000000000027]], [[31.5, -3.000000000000001], [23.20893, -2.394140000000002], [23.5, -9.000000000000002], [31.5, -9.0], [31.5, -3.000000000000001]], [[20.0, -22.0], [11.4902, -22.798189999999998], [12.719730000000002, -37.90003], [20.000000000000004, -37.0], [20.0, -22.0]], [[-11.0, -26.5], [-10.999999999999998, -42.5], [-4.999999999999999, -42.5], [-5.0, -26.5], [-11.0, -26.5]], [[11.500000000000004, -30.0], [11.500000000000002, -22.0], [-3.4999999999999982, -22.000000000000004], [-3.4999999999999964, -30.000000000000004], [11.500000000000004, -30.0]]], "node_id": [0, 1, 2, 3, 4, 5, 6, 7, 8, 9, 10, 11]}