{"corners": [[[0.0, 0.0], [7.70915, -0.01434], [8.15307, 6.3538499999999996], [0.0, 6.0], [0.0, 0.0]], [[0.0, -15.0], [8.77165, -14.3905], [7.02988, 0.54539], [0.0, 0.0], [0.0, -15.0]], [[8.0, -15.0], [0.73657, -14.622339999999998], [-0.80233, -20.50011], [7.999999999999999, -21.0], [8.0, -15.0]], [[8.0, 12.0], [0.0, 12.000000000000002], [0.0, 6.000000000000001], [7.999999999999999, 6.0], [8.0, 12.0]], [[-2.4492127076447545e-16, -1.0], [-0.2576699999999998, 7.88939], [-14.12878, 7.987580000000002], [-15.0, -0.9999999999999991], [-2.4492127076447545e-16, -1.0]]], "node_id": [0, 1, 2, 3, 4]}