{"corners": [[[0.0, 0.0], [8.174009999999999, 0.56506], [8.09929, 6.70226], [0.0, 6.0], [0.0, 0.0]], [[8.0, 0.0], [24.0, 0.0], [24.0, 6.0], [8.0, 6.0], [8.0, 0.0]], [[20.0, -4.898425415289509e-16], [12.0, 4.898425415289509e-16], [11.999999999999998, -14.999999999999998], [19.999999999999996, -15.0], [20.0, -4.898425415289509e-16]], [[8.499999999999998, -14.999999999999998], [8.499999999999996, -23.0], [23.499999999999996, -23.0], [23.5, -15.000000000000002], [8.499999999999998, -14.999999999999998]], [[19.999999999999996, -23.0], [11.999999999999996, -23.0], [11.999999999999996, -29.0], [19.999999999999996, -29.0], [19.999999999999996, -23.0]], [[-2.4492127076447545e-16, -1.0], [-0.3839499999999998, 6.42341], [-6.1687199999999995, 7.00339], [-6.0, -0.9999999999999997], [-2.4492127076447545e-16, -1.0]], [[0.0, -6.0], [7.76787, -5.37393], [7.74279, -0.10807], [0.0, 0.0], [0.0, -6.0]], [[8.499999999999996, -23.0], [8.499999999999998, -15.0], [2.499999999999999, -14.999999999999998], [2.4999999999999964, -22.999999999999996], [8.499999999999996, -23.0]], [[-6.0, -1.0], [-6.066839999999999, 7.91155], [-21.0, 7.000000000000002], [-21.0, -0.9999999999999991], [-6.0, -1.0]], [[36.0, -23.0], [19.60347, -22.464299999999998], [19.50609, -28.60821], [36.0, -29.0], [36.0, -23.0]], [[23.5, -15.0], [23.5, -23.0], [38.5, -23.000000000000004], [38.5, -15.000000000000004], [23.5, -15.0]], [[-27.0, 11.000000000000004], [-27.000000000000004, -4.9999999999999964], [-21.000000000000004, -4.9999999999999964], [-21.0, 11.000000000000002], [-27.0, 11.000000000000004]], [[44.5, -23.000000000000007], [45.24992, -14.654310000000008], [38.5, -15.000000000000005], [38.5, -23.000000000000004], [44.5, -23.000000000000007]]], "node_id": [0, 1, 2, 3, 4, 5, 6, 7, 8, 9, 10, 11, 12]}