{"corners": [[[0.0, 0.0], [8.0, 0.0], [8.0, 15.0], [0.0, 15.0], [0.0, 0.0]], [[7.0, -8.0], [7.061470000000001, 0.51368], [0.8401800000000009, 0.21893], [1.0, -8.0], [7.0, -8.0]], [[7.0, 15.0], [7.000000000000001, 23.0], [1.0000000000000009, 23.0], [1.0, 15.0], [7.0, 15.0]], [[-14.0, 2.6645352591003757e-15], [-13.894560000000002, -7.312839999999998], [0.8926599999999982, -7.10006], [1.0, -9.082903699997313e-17], [-14.0, 2.6645352591003757e-15]], [[-22.0, -11.499999999999996], [-14.0, -11.499999999999998], [-13.999999999999996, 3.5000000000000018], [-21.999999999999996, 3.5000000000000036], [-22.0, -11.499999999999996]]], "node_id": [0, 1, 2, 3, 4]}