{"corners": [[[0.0, 0.0], [8.58981, 0.63339], [8.0, 15.0], [0.0, 15.0], [0.0, 0.0]], [[7.0, 15.0], [6.485040000000001, 23.55847], [1.074980000000001, 22.46184], [1.0, 15.0], [7.0, 15.0]], [[1.0, -1.836909530733566e-16], [1.0000000000000004, -8.0], [7.000000000000001, -8.0], [7.0, 1.836909530733566e-16], [1.0, -1.836909530733566e-16]], [[-2.4492127076447545e-16, 3.5], [0.6717700000000002, 11.8152], [-6.191649999999999, 11.94401], [-6.0, 3.5000000000000004], [-2.4492127076447545e-16, 3.5]], [[1.0000000000000004, 22.0], [-15.54741, 22.637030000000003], [-15.0, 16.0], [0.9999999999999997, 16.0], [1.0000000000000004, 22.0]]], "node_id": [0, 1, 2, 3, 4]}