{"corners": [[[0.0, 0.0], [16.0, 0.0], [16.0, 6.0], [0.0, 6.0], [0.0, 0.0]], [[12.0, -4.898425415289509e-16], [4.3651, 0.2065300000000005], [3.9999999999999982, -14.999999999999998], [11.999999999999998, -15.0], [12.0, -4.898425415289509e-16]], [[4.999999999999998, -15.0], [4.9999999999999964, -23.0], [10.999999999999996, -23.0], [10.999999999999998, -15.000000000000002], [4.999999999999998, -15.0]], [[31.0, -1.0000000000000009], [31.50069, 7.750439999999999], [16.11811, 6.359440000000001], [16.0, -1.0], [31.0, -1.0000000000000009]], [[15.499999999999993, -31.0], [15.162069999999995, -23.23218], [1.2972199999999947, -23.532149999999994], [0.4999999999999929, -30.999999999999996], [15.499999999999993, -31.0]]], "node_id": [0, 1, 2, 3, 4]}