{"corners": [[[0.0, 0.0], [15.89054, 0.85035], [16.48123, 6.97295], [0.0, 6.0], [0.0, 0.0]], [[3.673819061467132e-16, 6.0], [-8.0, 6.000000000000001], [-8.0, 8.881784197001252e-16], [-3.673819061467132e-16, 0.0], [3.673819061467132e-16, 6.0]], [[-6.999999999999998, 14.0], [-7.90622, 6.8660499999999995], [-1.10036, 6.582649999999998], [-0.9999999999999982, 13.999999999999998], [-6.999999999999998, 14.0]], [[0.5, -4.592273826833915e-16], [1.1996200000000004, -7.1439], [15.5, -8.0], [15.5, 4.592273826833915e-16], [0.5, -4.592273826833915e-16]], [[4.0, -23.0], [12.0, -23.0], [12.0, -8.0], [4.0, -8.0], [4.0, -23.0]]], "node_id": [0, 1, 2, 3, 4]}