{"corners": [[[0.259885, 0.31843], [16.259885, 0.31843], [16.259885, 6.31843], [0.259885, 6.31843], [0.259885, 0.31843]], [[0.21693500000000035, 6.13466], [-7.783065, 6.134660000000001], [-7.783065, 0.1346600000000009], [0.21693499999999963, 0.13466], [0.21693500000000035, 6.13466]], [[-6.794819999999998, 14.096575], [-6.79482, 6.096575], [-0.79482, 6.096574999999998], [-0.7948199999999982, 14.096574999999998], [-6.794819999999998, 14.096575]], [[0.8379300000000001, 0.14638499999999952], [0.8379300000000005, -7.853615], [15.83793, -7.853615], [15.83793, 0.14638500000000046], [0.8379300000000001, 0.14638499999999952]], [[4.484195, -22.80562], [12.484195, -22.80562], [12.484195, -7.80562], [4.484195, -7.80562], [4.484195, -22.80562]]], "node_id": [0, 1, 2, 3, 4]}