{"corners": [[[0.468735, 0.02462], [8.468735, 0.02462], [8.468735, 6.02462], [0.468735, 6.02462], [0.468735, 0.02462]], [[16.222725, 6.1255049999999995], [8.222725, 6.125505], [8.222725, 0.125505], [16.222725, 0.12550499999999912], [16.222725, 6.1255049999999995]], [[0.304825, -14.52535], [8.304825, -14.52535], [8.304825, 0.47465], [0.304825, 0.47465], [0.304825, -14.52535]], [[0.15231500000000037, 6.054115], [-15.847685, 6.054115000000002], [-15.847685, 0.05411500000000178], [0.15231499999999965, 0.054115], [0.15231500000000037, 6.054115]], [[8.34583, 6.383285000000001], [16.34583, 6.383284999999999], [16.345830000000003, 21.383285], [8.345830000000003, 21.383285], [8.34583, 6.383285000000001]]], "node_id": [0, 1, 2, 3, 4]}