{"corners": [[[0.0, 0.0], [8.0, 0.0], [8.0, 6.0], [0.0, 6.0], [0.0, 0.0]], [[16.0, 5.999999999999999], [8.0, 6.0], [8.0, 0.0], [16.0, -8.881784197001252e-16], [16.0, 5.999999999999999]], [[0.0, -15.0], [7.8909, -15.49798], [8.0, 0.0], [0.0, 0.0], [0.0, -15.0]], [[3.673819061467132e-16, 6.0], [-15.92295, 5.344900000000002], [-16.71491, 0.5131300000000018], [-3.673819061467132e-16, 0.0], [3.673819061467132e-16, 6.0]], [[8.0, 6.000000000000001], [15.89762, 5.711439999999999], [16.000000000000004, 21.0], [8.000000000000004, 21.0], [8.0, 6.000000000000001]]], "node_id": [0, 1, 2, 3, 4]}