{"corners": [[[0.0, 0.0], [8.34921, -0.95577], [8.20913, 5.3648299999999995], [0.0, 6.0], [0.0, 0.0]], [[-3.5, -4.592273826833915e-16], [-3.4999999999999996, -8.0], [11.5, -8.0], [11.5, 4.592273826833915e-16], [-3.5, -4.592273826833915e-16]], [[-11.5, -11.5], [-3.86775, -10.64859], [-2.51159, 3.50739], [-11.5, 3.5], [-11.5, -11.5]], [[-17.5, 4.0], [-18.22733, -12.7487], [-11.5, -12.0], [-11.5, 4.0], [-17.5, 4.0]], [[-17.5, -8.0], [-17.39032, 0.04772], [-22.70985, 0.32082], [-23.5, -8.0], [-17.5, -8.0]]], "node_id": [0, 1, 2, 3, 4]}