{"corners": [[[0.0, 0.0], [16.0, 0.0], [16.0, 6.0], [0.0, 6.0], [0.0, 0.0]], [[24.0, 10.5], [16.05374, 10.230190000000002], [16.02, -4.819799999999998], [23.999999999999996, -4.5], [24.0, 10.5]], [[-6.0, 7.0], [-5.999999999999999, -1.0], [8.881784197001252e-16, -1.0], [0.0, 7.0], [-6.0, 7.0]], [[23.0, -12.5], [22.42834, -5.24842], [17.0, -4.5], [17.0, -12.5], [23.0, -12.5]], [[-6.0, -1.0000000000000002], [-5.325989999999999, -9.45794], [8.881784197001252e-16, -9.0], [0.0, -0.9999999999999999], [-6.0, -1.0000000000000002]]], "node_id": [0, 1, 2, 3, 4]}