{"corners": [[[0.23025, 0.05503], [8.23025, 0.05503], [8.23025, 6.05503], [0.23025, 6.05503], [0.23025, 0.05503]], [[-5.915275000000001, 11.272815], [-5.915275, -4.727185], [0.084725, -4.727185], [0.0847249999999991, 11.272815], [-5.915275000000001, 11.272815]], [[8.25437, 0.313655], [24.25437, 0.313655], [24.25437, 6.313655], [8.25437, 6.313655], [8.25437, 0.313655]], [[13.123645, 22.3515], [13.123645000000002, 6.3515], [19.123645, 6.3515], [19.123645, 22.3515], [13.123645, 22.3515]], [[8.6932, 0.057624999999999545], [8.6932, -7.942375], [23.6932, -7.942375], [23.6932, 0.05762500000000046], [8.6932, 0.057624999999999545]]], "node_id": [0, 1, 2, 3, 4]}