{"corners": [[[0.0, 0.0], [8.54355, -0.042], [8.46813, 15.68083], [0.0, 15.0], [0.0, 0.0]], [[7.0, -8.0], [6.610540000000001, -0.05213], [1.0000000000000009, 0.0], [1.0, -8.0], [7.0, -8.0]], [[14.0, 3.5], [14.51479, 12.32761], [8.60417, 10.86812], [8.0, 3.5000000000000004], [14.0, 3.5]], [[8.000000000000004, 27.5], [8.0, 11.5], [14.0, 11.5], [14.000000000000004, 27.5], [8.000000000000004, 27.5]], [[0.9999999999999998, -8.0], [0.9962800000000003, 0.9948], [-14.0, 1.7763568394002505e-15], [-14.0, -7.999999999999999], [0.9999999999999998, -8.0]], [[-14.0, -12.0], [-14.338219999999998, 4.70266], [-19.88831, 3.71501], [-20.0, -12.0], [-14.0, -12.0]], [[7.0000000000000036, 27.5], [15.122490000000004, 28.378779999999995], [15.000000000000007, 42.5], [7.000000000000007, 42.5], [7.0000000000000036, 27.5]], [[-3.499999999999999, -1.836909530733566e-16], [-4.324389999999998, 7.08261], [-9.499999999999998, 8.0], [-9.5, 1.836909530733566e-16], [-3.499999999999999, -1.836909530733566e-16]], [[14.0, 11.5], [13.999999999999998, 3.5], [29.0, 3.4999999999999964], [29.0, 11.499999999999996], [14.0, 11.5]], [[29.0, 4.499999999999997], [44.16132, 3.706849999999994], [45.0, 10.499999999999993], [29.0, 10.499999999999996], [29.0, 4.499999999999997]], [[7.000000000000006, 38.0], [-1.6493199999999937, 38.22802], [-0.9999999999999956, 32.0], [7.000000000000004, 32.0], [7.000000000000006, 38.0]], [[-21.0, -27.0], [-13.0, -27.0], [-13.0, -12.0], [-21.0, -12.0], [-21.0, -27.0]], [[45.0, 4.499999999999993], [60.65997, 4.60403999999999], [61.0, 10.49999999999999], [45.0, 10.499999999999993], [45.0, 4.499999999999993]]], "node_id": [0, 1, 2, 3, 4, 5, 6, 7, 8, 9, 10, 11, 12]}