{"corners": [[[0.0, 0.0], [16.02669, -0.76758], [15.74515, 6.15184], [0.0, 6.0], [0.0, 0.0]], [[22.0, -5.0], [21.18827, 10.64525], [16.0, 11.0], [16.0, -5.0], [22.0, -5.0]], [[11.0, 11.0], [27.0, 11.0], [27.0, 17.0], [11.0, 17.0], [11.0, 11.0]], [[-16.0, 0.0], [-0.72449, -0.57911], [0.0, 6.0], [-16.0, 6.0], [-16.0, 0.0]], [[4.0, -6.0], [12.0, -6.0], [12.0, 0.0], [4.0, 0.0], [4.0, -6.0]], [[-4.0, -4.898425415289509e-16], [-12.24641, 0.6568200000000004], [-11.9224, -5.42182], [-4.000000000000001, -6.000000000000001], [-4.0, -4.898425415289509e-16]], [[27.0, 23.0], [11.0, 23.000000000000004], [11.0, 17.0], [27.0, 17.0], [27.0, 23.0]], [[5.0, -6.0], [5.000000000000001, -14.0], [11.0, -14.0], [11.0, -6.0], [5.0, -6.0]], [[35.0, 23.0], [26.77675, 22.43566], [27.0, 17.0], [35.0, 17.0], [35.0, 23.0]], [[-4.0, -6.000000000000001], [-12.0, -6.0], [-12.000000000000002, -21.0], [-4.000000000000002, -21.0], [-4.0, -6.000000000000001]], [[4.000000000000001, -6.000000000000001], [-3.122829999999999, -5.9203], [-4.000000000000001, -21.0], [3.999999999999999, -21.0], [4.000000000000001, -6.000000000000001]], [[51.0, 23.0], [35.76977, 22.617310000000003], [35.0, 17.0], [51.0, 17.0], [51.0, 23.0]], [[12.000000000000002, -6.000000000000001], [3.2636100000000017, -5.05988], [4.0, -21.0], [12.0, -21.0], [12.000000000000002, -6.000000000000001]]], "node_id": [0, 1, 2, 3, 4, 5, 6, 7, 8, 9, 10, 11, 12]}