{"corners": [[[0.0, 0.0], [7.6063600000000005, -0.76386], [8.0, 6.0], [0.0, 6.0], [0.0, 0.0]], [[-8.0, -4.5], [-0.45159, -4.95723], [0.75258, 10.40745], [-8.0, 10.5], [-8.0, -4.5]], [[4.0, 16.5], [-11.58834, 15.875390000000003], [-12.0, 10.500000000000002], [3.999999999999999, 10.5], [4.0, 16.5]], [[-23.0, 6.999999999999999], [-22.46994, -0.10330000000000084], [-7.84857, -1.8216], [-8.0, 7.0], [-23.0, 6.999999999999999]], [[-12.5, -17.0], [-12.499999999999998, -1.0], [-18.5, -1.0], [-18.5, -17.0], [-12.5, -17.0]]], "node_id": [0, 1, 2, 3, 4]}