{"corners": [[[0.0, 0.0], [8.65375, -0.73928], [8.0, 15.0], [0.0, 15.0], [0.0, 0.0]], [[8.0, -4.898425415289509e-16], [0.0, 4.898425415289509e-16], [-1.7763568394002505e-15, -14.999999999999998], [7.999999999999998, -15.0], [8.0, -4.898425415289509e-16]], [[-3.500000000000001, 23.0], [-4.12007, 14.38375], [11.5, 15.0], [11.5, 23.0], [-3.500000000000001, 23.0]], [[23.0, 3.499999999999999], [22.37246, 11.14117], [7.7998899999999995, 10.87957], [8.0, 3.5], [23.0, 3.499999999999999]], [[23.0, 4.499999999999999], [31.18594, 5.0208699999999995], [31.90602, 9.81378], [23.0, 10.5], [23.0, 4.499999999999999]], [[11.999999999999998, 29.0], [-4.798670000000001, 28.279319999999995], [-4.000000000000002, 23.0], [11.999999999999998, 23.0], [11.999999999999998, 29.0]], [[7.999999999999997, -15.0], [16.671459999999996, -14.164380000000001], [16.32493, -0.23722000000000176], [8.000000000000002, 0.0], [7.999999999999997, -15.0]], [[32.0, -4.500000000000007], [15.66897, -3.860260000000001], [15.999999999999996, -10.5], [31.999999999999996, -10.500000000000007], [32.0, -4.500000000000007]], [[19.999999999999996, -16.5], [27.999999999999996, -16.500000000000004], [28.0, -10.500000000000004], [20.0, -10.5], [19.999999999999996, -16.5]], [[-3.5000000000000018, -14.999999999999998], [-4.299360000000003, -23.63883], [12.173709999999996, -22.1568], [11.499999999999998, -15.000000000000002], [-3.5000000000000018, -14.999999999999998]], [[11.5, 16.0], [27.5, 16.0], [27.5, 22.0], [11.5, 22.0], [11.5, 16.0]], [[-4.0, 18.0], [-4.628690000000002, 33.36875], [-10.000000000000004, 34.0], [-10.0, 18.0], [-4.0, 18.0]], [[20.999999999999996, -16.500000000000004], [20.323359999999994, -24.211240000000004], [27.083119999999994, -25.162450000000007], [26.999999999999996, -16.500000000000007], [20.999999999999996, -16.500000000000004]]], "node_id": [0, 1, 2, 3, 4, 5, 6, 7, 8, 9, 10, 11, 12]}