{"corners": [[[0.088645, 0.327125], [16.088645, 0.327125], [16.088645, 6.327125], [0.088645, 6.327125], [0.088645, 0.327125]], [[-5.924125000000001, 11.04399], [-5.924125, -4.95601], [0.075875, -4.95601], [0.07587499999999911, 11.04399], [-5.924125000000001, 11.04399]], [[16.32084, 11.332975], [16.32084, -4.667025], [22.32084, -4.667025], [22.32084, 11.332975], [16.32084, 11.332975]], [[22.392555, -20.751075], [22.392555, -4.751075], [16.392555, -4.751075], [16.392555, -20.751075], [22.392555, -20.751075]], [[-5.723725000000002, 27.14797], [-5.723725000000001, 11.14797], [0.2762749999999991, 11.14797], [0.2762749999999982, 27.14797], [-5.723725000000002, 27.14797]], [[23.145765, -20.862125], [15.145765, -20.862125], [15.145765, -26.862125], [23.145765, -26.862125], [23.145765, -20.862125]], [[16.090365, 19.248295], [16.090365, 11.248295], [22.090365, 11.248295], [22.090365, 19.248295], [16.090365, 19.248295]], [[23.13973, -19.809245], [23.13973, -27.809245], [29.13973, -27.809245], [29.13973, -19.809245], [23.13973, -19.809245]], [[-11.671515, 11.450365], [-11.671514999999998, -4.549635], [-5.671514999999999, -4.549635], [-5.671515, 11.450365], [-11.671515, 11.450365]], [[28.43077, -16.78078], [28.43077, -8.78078], [22.43077, -8.78078], [22.43077, -16.78078], [28.43077, -16.78078]], [[29.0818, -19.644715], [29.0818, -27.644715], [44.0818, -27.644715000000005], [44.0818, -19.644715000000005], [29.0818, -19.644715]], [[-11.809095000000001, 10.81781], [-19.809095, 10.817809999999998], [-19.809095, -4.182190000000002], [-11.809095, -4.18219], [-11.809095000000001, 10.81781]], [[22.189535, 19.120325], [22.189535, 27.120325], [16.189535, 27.120325], [16.189535, 19.120325], [22.189535, 19.120325]]], "node_id": [0, 1, 2, 3, 4, 5, 6, 7, 8, 9, 10, 11, 12]}