{"corners": [[[0.0, 0.0], [15.01829, 0.71938], [16.41567, 6.97382], [0.0, 6.0], [0.0, 0.0]], [[15.5, 5.999999999999999], [16.42311, 13.40573], [1.44917, 13.96455], [0.5, 6.0], [15.5, 5.999999999999999]], [[16.0, 11.0], [15.98413, -4.64336], [22.0, -5.0], [22.0, 11.0], [16.0, 11.0]], [[16.0, 20.0], [0.3869, 20.482610000000005], [0.0, 14.000000000000002], [16.0, 14.0], [16.0, 20.0]], [[37.0, -1.0000000000000009], [37.0, 6.999999999999999], [22.0, 7.000000000000001], [22.0, -1.0], [37.0, -1.0000000000000009]]], "node_id": [0, 1, 2, 3, 4]}