{"corners": [[[0.0, 0.0], [16.0, 0.0], [16.0, 6.0], [0.0, 6.0], [0.0, 0.0]], [[0.0, 6.0], [16.0, 6.0], [16.0, 12.0], [0.0, 12.0], [0.0, 6.0]], [[-16.0, 6.0], [0.0, 6.0], [0.0, 12.0], [-16.0, 12.0], [-16.0, 6.0]], [[15.5, -8.0], [14.88874, 0.68808], [0.5, 1.7763568394002505e-15], [0.5, -7.999999999999999], [15.5, -8.0]], [[-0.5, 12.0], [-1.2913399999999995, 19.68063], [-15.63565, 19.93883], [-15.5, 12.000000000000002], [-0.5, 12.0]]], "node_id": [0, 1, 2, 3, 4]}