{"corners": [[[0.0, 0.0], [16.0, 0.0], [16.0, 6.0], [0.0, 6.0], [0.0, 0.0]], [[-8.0, 0.0], [-0.44745, 0.00755], [-0.70605, 5.23249], [-8.0, 6.0], [-8.0, 0.0]], [[-16.0, -4.5], [-7.74426, -4.19728], [-8.127, 9.61766], [-16.0, 10.5], [-16.0, -4.5]], [[-19.5, 18.5], [-19.46153, 11.42321], [-3.86273, 9.56468], [-4.5, 18.5], [-19.5, 18.5]], [[16.0, -4.5], [24.0, -4.5], [24.0, 10.5], [16.0, 10.5], [16.0, -4.5]]], "node_id": [0, 1, 2, 3, 4]}