{"corners": [[[0.0, 0.0], [15.05368, -0.01796], [16.0, 6.0], [0.0, 6.0], [0.0, 0.0]], [[11.0, -16.0], [11.601780000000002, -0.88894], [4.485060000000001, -0.95925], [5.0, -16.0], [11.0, -16.0]], [[5.000000000000001, -12.0], [4.136030000000002, -4.87878], [-10.66374, -3.894919999999998], [-10.0, -11.999999999999998], [5.000000000000001, -12.0]], [[5.0, -16.0], [4.5380699999999985, -24.56248], [10.999999999999998, -24.0], [11.0, -16.0], [5.0, -16.0]], [[4.999999999999998, -24.0], [5.000000000000001, -16.0], [-0.9999999999999991, -15.999999999999998], [-1.0000000000000018, -23.999999999999996], [4.999999999999998, -24.0]]], "node_id": [0, 1, 2, 3, 4]}