{"corners": [[[0.0, 0.0], [8.48802, 0.38411], [8.0, 15.0], [0.0, 15.0], [0.0, 0.0]], [[7.999999999999999, 15.5], [8.0, -0.5], [14.0, -0.5], [14.0, 15.5], [7.999999999999999, 15.5]], [[19.0, 21.5], [3.61431, 21.261189999999996], [3.15721, 15.437669999999999], [19.0, 15.5], [19.0, 21.5]], [[7.0, -6.5], [15.0, -6.5], [15.0, -0.5], [7.0, -0.5], [7.0, -6.5]], [[34.0, 14.500000000000004], [33.01701, 21.815620000000003], [19.0, 22.5], [19.0, 14.5], [34.0, 14.500000000000004]]], "node_id": [0, 1, 2, 3, 4]}