{"corners": [[[0.1199, 0.48704], [16.1199, 0.48704], [16.1199, 6.48704], [0.1199, 6.48704], [0.1199, 0.48704]], [[-15.766295, 0.366665], [0.233705, 0.366665], [0.233705, 6.366665], [-15.766295, 6.366665], [-15.766295, 0.366665]], [[0.7688399999999991, 14.31065], [0.7688399999999996, 6.31065], [15.76884, 6.310650000000001], [15.76884, 14.310650000000003], [0.7688399999999991, 14.31065]], [[4.413294999999999, 14.41493], [12.413295, 14.41493], [12.413295, 20.41493], [4.413294999999999, 20.41493], [4.413294999999999, 14.41493]], [[-23.554085, -4.038375], [-15.554085, -4.038375], [-15.554085, 10.961625], [-23.554085, 10.961625], [-23.554085, -4.038375]], [[-10.50178, 14.141905], [-10.50178, 6.141905], [-4.501779999999999, 6.141905], [-4.50178, 14.141905], [-10.50178, 14.141905]], [[-22.904665, -4.155085], [-22.904665, -12.155085], [-16.904665, -12.155085], [-16.904665, -4.155085], [-22.904665, -4.155085]], [[-4.93709, 14.08187], [-4.9370899999999995, 30.08187], [-10.93709, 30.08187], [-10.93709, 14.08187], [-4.93709, 14.08187]], [[-3.5473250000000007, 14.11202], [4.452674999999999, 14.11202], [4.452674999999999, 20.11202], [-3.5473250000000007, 20.11202], [-3.5473250000000007, 14.11202]], [[-11.76891, -12.036994999999997], [-27.76891, -12.036995], [-27.76891, -18.036995], [-11.76891, -18.036995], [-11.76891, -12.036994999999997]], [[-43.576335, -18.191605], [-27.576335, -18.191605], [-27.576335, -12.191605], [-43.576335, -12.191605], [-43.576335, -18.191605]], [[-23.895525, -0.913625], [-23.895525, 7.086375], [-29.895525, 7.086375], [-29.895525, -0.9136249999999997], [-23.895525, -0.913625]], [[-43.039325, -4.386025000000001], [-43.039325, -12.386025], [-28.039325, -12.386025], [-28.039325, -4.386025], [-43.039325, -4.386025000000001]]], "node_id": [0, 1, 2, 3, 4, 5, 6, 7, 8, 9, 10, 11, 12]}