{"corners": [[[0.11612, 0.30582], [16.11612, 0.30582], [16.11612, 6.30582], [0.11612, 6.30582], [0.11612, 0.30582]], [[15.699215, 6.093004999999999], [15.699215, 14.093005], [0.699215, 14.093005], [0.699215, 6.093005], [15.699215, 6.093004999999999]], [[0.7459250000000004, 13.351025], [-15.254075, 13.351025000000002], [-15.254075, 7.351025000000002], [0.7459249999999996, 7.351025], [0.7459250000000004, 13.351025]], [[0.47805, 13.401540000000002], [0.4780500000000005, 21.40154], [-14.52195, 21.401540000000004], [-14.52195, 13.401540000000004], [0.47805, 13.401540000000002]], [[-14.537545, 13.180090000000003], [-14.537545, 21.180090000000003], [-20.537545, 21.180090000000003], [-20.537545, 13.180090000000003], [-14.537545, 13.180090000000003]]], "node_id": [0, 1, 2, 3, 4]}