{"corners": [[[0.08003, 0.474615], [16.08003, 0.474615], [16.08003, 6.474615], [0.08003, 6.474615], [0.08003, 0.474615]], [[-5.840525, 7.33045], [-5.8405249999999995, -0.66955], [0.1594750000000009, -0.66955], [0.159475, 7.33045], [-5.840525, 7.33045]], [[-11.86737, 11.303165], [-11.867369999999998, -4.696835], [-5.867369999999999, -4.696835], [-5.86737, 11.303165], [-11.86737, 11.303165]], [[-11.759755, -0.71773], [-11.759755, 7.2822700000000005], [-17.759755, 7.2822700000000005], [-17.759755, -0.7177299999999996], [-11.759755, -0.71773]], [[31.01921, -0.9198550000000009], [31.01921, 7.080144999999999], [16.01921, 7.080145000000001], [16.01921, -0.919855], [31.01921, -0.9198550000000009]]], "node_id": [0, 1, 2, 3, 4]}