{"corners": [[[0.0, 0.0], [16.0, 0.0], [16.0, 6.0], [0.0, 6.0], [0.0, 0.0]], [[-6.0, 7.0], [-5.101539999999999, -1.3620999999999999], [8.881784197001252e-16, -1.0], [0.0, 7.0], [-6.0, 7.0]], [[-12.0, 11.0], [-11.877629999999998, -5.08659], [-5.602089999999999, -5.47278], [-6.0, 11.0], [-12.0, 11.0]], [[-12.0, -1.0], [-12.0, 7.0], [-18.0, 7.0], [-18.0, -0.9999999999999997], [-12.0, -1.0]], [[31.0, -1.0000000000000009], [31.0, 6.999999999999999], [16.0, 7.000000000000001], [16.0, -1.0], [31.0, -1.0000000000000009]]], "node_id": [0, 1, 2, 3, 4]}