{"corners": [[[0.29044, 0.379745], [8.29044, 0.379745], [8.29044, 6.379745], [0.29044, 6.379745], [0.29044, 0.379745]], [[14.104225, -4.968895], [14.104225000000001, 11.031105], [8.104225, 11.031105], [8.104225, -4.968895], [14.104225, -4.968895]], [[1.4425949999999992, 22.086155], [1.442595, 6.086155], [7.442595, 6.086155], [7.442594999999999, 22.086155], [1.4425949999999992, 22.086155]], [[8.142439999999999, 28.042135], [0.14243999999999823, 28.042135], [0.14243999999999912, 22.042135], [8.142439999999999, 22.042135], [8.142439999999999, 28.042135]], [[-13.80278, 18.146965], [-13.80278, 10.146965], [1.19722, 10.146965], [1.19722, 18.146965], [-13.80278, 18.146965]]], "node_id": [0, 1, 2, 3, 4]}