{"corners": [[[0.26625, 0.347545], [8.26625, 0.347545], [8.26625, 6.347545], [0.26625, 6.347545], [0.26625, 0.347545]], [[-5.698590000000001, 11.42296], [-5.69859, -4.57704], [0.30141, -4.57704], [0.3014099999999991, 11.42296], [-5.698590000000001, 11.42296]], [[1.4453099999999992, 22.083995], [1.44531, 6.083995], [7.44531, 6.083995], [7.445309999999999, 22.083995], [1.4453099999999992, 22.083995]], [[-5.631060000000001, -4.739945], [-5.63106, 11.260055], [-11.63106, 11.260055], [-11.63106, -4.739945], [-5.631060000000001, -4.739945]], [[-5.73169, -4.634295], [-5.7316899999999995, -20.634295], [0.2683100000000009, -20.634295], [0.26831, -4.634295], [-5.73169, -4.634295]]], "node_id": [0, 1, 2, 3, 4]}