{"corners": [[[0.0, 0.0], [16.0, 0.0], [16.0, 6.0], [0.0, 6.0], [0.0, 0.0]], [[16.0, 11.0], [16.55142, -5.3726], [21.36531, -5.60269], [22.0, 11.0], [16.0, 11.0]], [[22.0, -21.0], [21.03322, -5.23069], [16.0, -5.0], [16.0, -21.0], [22.0, -21.0]], [[3.673819061467132e-16, 6.0], [-7.04762, 5.306590000000001], [-8.0, 8.881784197001252e-16], [-3.673819061467132e-16, 0.0], [3.673819061467132e-16, 6.0]], [[-14.0, 7.000000000000002], [-14.237750000000002, -1.5467999999999982], [-8.000000000000002, -1.0], [-8.0, 7.000000000000001], [-14.0, 7.000000000000002]]], "node_id": [0, 1, 2, 3, 4]}