{"corners": [[[0.24216, 0.046625], [16.24216, 0.046625], [16.24216, 6.046625], [0.24216, 6.046625], [0.24216, 0.046625]], [[22.00029, -4.808835], [22.00029, 11.191165], [16.00029, 11.191165], [16.00029, -4.808835], [22.00029, -4.808835]], [[22.27824, 11.00506], [22.27824, 19.00506], [16.27824, 19.00506], [16.27824, 11.00506], [22.27824, 11.00506]], [[11.953705000000001, 27.22898], [11.953705, 19.22898], [26.953705, 19.228979999999996], [26.953705, 27.228979999999996], [11.953705000000001, 27.22898]], [[22.16174, -12.55956], [22.16174, -4.55956], [16.16174, -4.55956], [16.16174, -12.55956], [22.16174, -12.55956]], [[28.3974, -16.59122], [28.3974, -0.5912200000000001], [22.3974, -0.5912200000000001], [22.3974, -16.59122], [28.3974, -16.59122]], [[10.4783, -4.681794999999999], [10.478299999999999, -12.681795], [16.478299999999997, -12.681795], [16.4783, -4.681795], [10.4783, -4.681794999999999]], [[30.32609, 18.284195], [22.32609, 18.284195], [22.32609, 12.284195], [30.32609, 12.284195], [30.32609, 18.284195]], [[-5.5557549999999996, 7.308635], [-5.5557549999999996, -0.691365], [0.4442450000000009, -0.691365], [0.444245, 7.308635], [-5.5557549999999996, 7.308635]], [[-5.787730000000001, -4.82022], [-5.78773, 11.17978], [-11.78773, 11.17978], [-11.78773, -4.82022], [-5.787730000000001, -4.82022]], [[-11.947684999999996, 27.35443], [-11.947685, 11.35443], [-5.947684999999999, 11.35443], [-5.947684999999996, 27.35443], [-11.947684999999996, 27.35443]], [[30.365795, 6.295974999999999], [22.365795, 6.295975], [22.365795, 0.295975], [30.365795, 0.2959749999999991], [30.365795, 6.295974999999999]], [[0.187, 6.479505], [16.187, 6.479505], [16.187, 12.479505], [0.187, 12.479505], [0.187, 6.479505]]], "node_id": [0, 1, 2, 3, 4, 5, 6, 7, 8, 9, 10, 11, 12]}