{"corners": [[[0.0, 0.0], [16.08868, -0.79526], [16.0, 6.0], [0.0, 6.0], [0.0, 0.0]], [[22.0, -5.0], [21.76465, 11.11296], [15.02024, 11.81483], [16.0, -5.0], [22.0, -5.0]], [[22.0, 11.0], [21.61108, 18.51623], [16.0, 19.0], [16.0, 11.0], [22.0, 11.0]], [[11.500000000000002, 27.0], [12.08959, 19.63511], [27.41319, 19.272819999999996], [26.5, 26.999999999999996], [11.500000000000002, 27.0]], [[22.0, -13.0], [22.32003, -4.30793], [16.81384, -4.8262], [16.0, -13.0], [22.0, -13.0]], [[28.0, -17.0], [28.0, -1.0], [22.0, -1.0], [22.0, -17.0], [28.0, -17.0]], [[10.0, -4.999999999999999], [10.603839999999998, -13.1714], [15.999999999999998, -13.0], [16.0, -5.0], [10.0, -4.999999999999999]], [[30.0, 18.0], [22.0, 18.0], [22.0, 12.0], [30.0, 12.0], [30.0, 18.0]], [[-6.0, 7.0], [-5.883019999999999, -0.12814000000000003], [-0.4258299999999991, -0.47463999999999995], [0.0, 7.0], [-6.0, 7.0]], [[-6.000000000000001, -5.0], [-6.75697, 10.33919], [-11.76278, 10.03312], [-12.0, -5.0], [-6.000000000000001, -5.0]], [[-11.999999999999996, 27.0], [-12.0, 11.0], [-5.999999999999999, 11.0], [-5.9999999999999964, 27.0], [-11.999999999999996, 27.0]], [[30.0, 5.999999999999999], [22.80297, 6.53189], [21.36055, 0.4639], [30.0, -8.881784197001252e-16], [30.0, 5.999999999999999]], [[0.0, 6.0], [16.04157, 6.31408], [16.0, 12.0], [0.0, 12.0], [0.0, 6.0]]], "node_id": [0, 1, 2, 3, 4, 5, 6, 7, 8, 9, 10, 11, 12]}