{"corners": [[[0.34421, 0.21867], [8.34421, 0.21867], [8.34421, 6.21867], [0.34421, 6.21867], [0.34421, 0.21867]], [[0.3792800000000004, 6.333555], [-7.62072, 6.3335550000000005], [-7.62072, 0.3335550000000009], [0.3792799999999996, 0.333555], [0.3792800000000004, 6.333555]], [[8.331935, 0.1660799999999995], [0.331935, 0.1660800000000005], [0.331935, -5.83392], [8.331935, -5.833920000000001], [8.331935, 0.1660799999999995]], [[8.00797, -4.051355], [16.00797, -4.051355], [16.00797, 10.948645], [8.00797, 10.948645], [8.00797, -4.051355]], [[-6.887485000000001, 0.15337500000000145], [-6.887485000000003, -15.846624999999998], [-0.8874850000000035, -15.846624999999998], [-0.8874850000000009, 0.15337500000000034], [-6.887485000000001, 0.15337500000000145]]], "node_id": [0, 1, 2, 3, 4]}