{"corners": [[[0.0, 0.0], [7.85142, 0.02276], [8.76943, 15.97339], [0.0, 15.0], [0.0, 0.0]], [[-15.0, 11.5], [-14.52494, 4.00074], [0.0, 3.500000000000001], [0.0, 11.500000000000002], [-15.0, 11.5]], [[0.0, 15.0], [8.0, 15.0], [8.0, 21.0], [0.0, 21.0], [0.0, 15.0]], [[-10.5, 3.500000000000001], [-11.27565, -4.244809999999999], [-4.540729999999999, -4.114679999999999], [-4.5, 3.5000000000000013], [-10.5, 3.500000000000001]], [[0.0, -15.0], [8.69455, -15.92696], [8.0, 0.0], [0.0, 0.0], [0.0, -15.0]]], "node_id": [0, 1, 2, 3, 4]}