{"corners": [[[0.0, 0.0], [8.27491, 0.99144], [8.02821, 15.69249], [0.0, 15.0], [0.0, 0.0]], [[8.000000000000002, 30.0], [-0.8723499999999982, 29.67742], [0.02019, 15.138690000000002], [8.0, 15.0], [8.000000000000002, 30.0]], [[11.5, -8.0], [11.9641, -0.73961], [-3.5, 1.7763568394002505e-15], [-3.5, -7.999999999999999], [11.5, -8.0]], [[-3.4999999999999996, -0.9999999999999991], [-20.44181, -0.6420799999999971], [-19.88638, -6.680519999999998], [-3.5000000000000004, -6.999999999999999], [-3.4999999999999996, -0.9999999999999991]], [[11.5, 0.0], [11.499999999999998, -8.0], [26.5, -8.000000000000004], [26.5, -2.755364296100349e-15], [11.5, 0.0]]], "node_id": [0, 1, 2, 3, 4]}