{"corners": [[[0.0, 0.0], [8.0, 0.0], [8.0, 6.0], [0.0, 6.0], [0.0, 0.0]], [[0.0, 6.0], [8.44144, 5.89748], [8.08369, 12.81796], [0.0, 12.0], [0.0, 6.0]], [[-6.000000000000001, 17.0], [-6.0, 1.0], [0.0, 1.0], [-8.881784197001252e-16, 17.0], [-6.000000000000001, 17.0]], [[1.0, -1.836909530733566e-16], [0.24536000000000047, -7.35598], [6.760880000000001, -7.57087], [7.0, 1.836909530733566e-16], [1.0, -1.836909530733566e-16]], [[1.0, -8.0], [1.1379800000000004, -0.31055], [-13.40821, -0.17340999999999823], [-14.0, -7.999999999999999], [1.0, -8.0]], [[16.0, 16.5], [7.18531, 16.22868], [7.619069999999998, 1.5330400000000017], [15.999999999999998, 1.5], [16.0, 16.5]], [[-6.0, 5.0], [-5.2927599999999995, 12.87771], [-21.0, 13.000000000000002], [-21.0, 5.000000000000001], [-6.0, 5.0]], [[-14.5, -14.0], [0.52869, -13.79471], [0.52242, -7.17159], [-14.5, -8.0], [-14.5, -14.0]], [[4.499999999999999, 17.0], [3.58744, 24.58711], [-10.5, 25.0], [-10.5, 17.0], [4.499999999999999, 17.0]], [[-16.5, 29.0], [-17.231790000000004, 13.03186], [-11.497800000000003, 12.92847], [-10.5, 29.0], [-16.5, 29.0]], [[17.5, -8.000000000000002], [1.38382, -8.98115], [1.49156, -14.70112], [17.5, -14.000000000000002], [17.5, -8.000000000000002]], [[15.0, -0.9999999999999987], [7.0, -0.9999999999999997], [7.000000000000001, -7.0], [15.0, -6.999999999999998], [15.0, -0.9999999999999987]], [[-10.5, 29.0], [-10.499999999999995, 45.0], [-16.499999999999993, 45.0], [-16.5, 29.000000000000004], [-10.5, 29.0]]], "node_id": [0, 1, 2, 3, 4, 5, 6, 7, 8, 9, 10, 11, 12]}