{"corners": [[[0.0, 0.0], [16.0, 0.0], [16.0, 6.0], [0.0, 6.0], [0.0, 0.0]], [[5.0, 14.0], [5.000000000000001, 6.0], [11.0, 6.0], [11.0, 14.0], [5.0, 14.0]], [[16.0, 20.0], [0.0, 19.999999999999996], [0.0, 13.999999999999998], [16.0, 14.0], [16.0, 20.0]], [[32.0, 20.0], [16.67184, 20.125039999999995], [16.0, 13.999999999999998], [32.0, 14.0], [32.0, 20.0]], [[21.0, 36.0], [21.0, 20.0], [27.0, 20.0], [27.0, 36.0], [21.0, 36.0]]], "node_id": [0, 1, 2, 3, 4]}