{"corners": [[[0.0, 0.0], [7.73425, -0.42031], [8.0, 6.0], [0.0, 6.0], [0.0, 0.0]], [[0.0, -15.0], [8.0, -15.0], [8.0, 0.0], [0.0, 0.0], [0.0, -15.0]], [[-3.500000000000001, 14.0], [-3.5000000000000004, 6.0], [11.5, 6.000000000000001], [11.5, 14.000000000000002], [-3.500000000000001, 14.0]], [[8.0, -15.0], [-0.46911, -14.446429999999998], [0.5545299999999982, -29.84008], [7.999999999999998, -30.0], [8.0, -15.0]], [[-3.552713678800501e-15, -36.0], [8.855729999999996, -35.68256], [7.999999999999998, -30.0], [-2.0831860542136482e-15, -30.0], [-3.552713678800501e-15, -36.0]], [[7.999999999999995, -40.5], [15.217089999999995, -40.63342], [15.463669999999999, -24.53115], [7.999999999999998, -25.5], [7.999999999999995, -40.5]], [[-8.000000000000004, -30.0], [-0.8530100000000036, -30.718670000000003], [0.0, -15.000000000000002], [-8.0, -15.0], [-8.000000000000004, -30.0]], [[7.999999999999998, 20.0], [0.36146999999999824, 20.75737], [-8.881784197001252e-16, 14.0], [7.999999999999999, 14.0], [7.999999999999998, 20.0]], [[-8.0, 0.0], [-0.65925, 0.35313], [0.0, 6.0], [-8.0, 6.0], [-8.0, 0.0]], [[23.0, -11.5], [22.40051, -3.24378], [8.35556, -4.358369999999998], [8.0, -11.499999999999998], [23.0, -11.5]], [[-24.0, -25.499999999999996], [-8.33095, -24.98189], [-7.66228, -20.38558], [-24.0, -19.499999999999996], [-24.0, -25.499999999999996]], [[-1.7763568394002505e-15, 20.0], [8.386259999999998, 20.75433], [7.999999999999998, 26.0], [-1.7763568394002505e-15, 26.0], [-1.7763568394002505e-15, 20.0]], [[15.999999999999996, -36.0], [32.708639999999995, -36.29739000000001], [31.229119999999995, -29.854550000000003], [15.999999999999998, -30.0], [15.999999999999996, -36.0]]], "node_id": [0, 1, 2, 3, 4, 5, 6, 7, 8, 9, 10, 11, 12]}