{"corners": [[[0.185685, 0.33142], [8.185685, 0.33142], [8.185685, 6.33142], [0.185685, 6.33142], [0.185685, 0.33142]], [[0.334525, -14.509465], [8.334525, -14.509465], [8.334525, 0.490535], [0.334525, 0.490535], [0.334525, -14.509465]], [[-3.152730000000001, 14.065075], [-3.1527300000000005, 6.065075], [11.84727, 6.065075000000001], [11.84727, 14.065075000000002], [-3.152730000000001, 14.065075]], [[8.25991, -14.75054], [0.25991, -14.750539999999999], [0.2599099999999982, -29.75054], [8.259909999999998, -29.75054], [8.25991, -14.75054]], [[0.14452499999999643, -35.53607], [8.144524999999996, -35.53607], [8.144524999999998, -29.53607], [0.1445249999999979, -29.53607], [0.14452499999999643, -35.53607]], [[8.329359999999994, -40.16532], [16.329359999999994, -40.16532], [16.329359999999998, -25.16532], [8.329359999999998, -25.16532], [8.329359999999994, -40.16532]], [[-7.657665000000003, -29.95328], [0.34233499999999645, -29.953280000000003], [0.342335, -14.953280000000001], [-7.657665, -14.95328], [-7.657665000000003, -29.95328]], [[8.154324999999998, 20.312495], [0.1543249999999982, 20.312495], [0.1543249999999991, 14.312495], [8.154324999999998, 14.312495], [8.154324999999998, 20.312495]], [[-7.963255, 0.070335], [0.036745, 0.070335], [0.036745, 6.070335], [-7.963255, 6.070335], [-7.963255, 0.070335]], [[23.24295, -11.46057], [23.24295, -3.46057], [8.24295, -3.4605699999999984], [8.24295, -11.460569999999999], [23.24295, -11.46057]], [[-23.726005, -25.081069999999997], [-7.726005, -25.08107], [-7.726005, -19.08107], [-23.726005, -19.081069999999997], [-23.726005, -25.081069999999997]], [[0.08518999999999823, 20.338285], [8.085189999999999, 20.338285], [8.085189999999999, 26.338285], [0.08518999999999823, 26.338285], [0.08518999999999823, 20.338285]], [[16.322944999999997, -35.836245], [32.322945, -35.836245000000005], [32.322945, -29.836245000000005], [16.322944999999997, -29.836245], [16.322944999999997, -35.836245]]], "node_id": [0, 1, 2, 3, 4, 5, 6, 7, 8, 9, 10, 11, 12]}