{"corners": [[[0.029935, 0.07368], [8.029935, 0.07368], [8.029935, 6.07368], [0.029935, 6.07368], [0.029935, 0.07368]], [[16.407655, 10.83921], [8.407655, 10.839210000000001], [8.407654999999998, -4.160789999999999], [16.407655, -4.16079], [16.407655, 10.83921]], [[20.3379, 16.782625], [4.3379, 16.782625000000003], [4.3379, 10.782625000000001], [20.3379, 10.782625], [20.3379, 16.782625]], [[-3.59768, 10.782195000000003], [4.40232, 10.782195000000002], [4.402320000000001, 16.782195], [-3.5976799999999987, 16.782195000000005], [-3.59768, 10.782195000000003]], [[20.1339, 21.71905], [20.133899999999997, 5.71905], [26.133899999999997, 5.71905], [26.1339, 21.71905], [20.1339, 21.71905]]], "node_id": [0, 1, 2, 3, 4]}