{"corners": [[[0.0, 0.0], [16.48051, 0.07604], [16.0, 6.0], [0.0, 6.0], [0.0, 0.0]], [[24.0, 5.999999999999999], [15.64057, 5.63066], [16.0, 0.0], [24.0, -8.881784197001252e-16], [24.0, 5.999999999999999]], [[11.999999999999998, -5.999999999999998], [28.87645, -5.892800000000002], [28.0, -1.7763568394002505e-15], [12.0, 1.7763568394002505e-15], [11.999999999999998, -5.999999999999998]], [[17.0, -5.999999999999999], [17.81929, -14.95534], [23.0, -14.0], [23.0, -6.0], [17.0, -5.999999999999999]], [[38.0, -14.000000000000004], [38.0, -6.0000000000000036], [23.0, -5.999999999999998], [23.0, -13.999999999999998], [38.0, -14.000000000000004]]], "node_id": [0, 1, 2, 3, 4]}