{"corners": [[[0.29338, 0.03531], [16.29338, 0.03531], [16.29338, 6.03531], [0.29338, 6.03531], [0.29338, 0.03531]], [[0.16679500000000091, 10.56485], [-7.8332049999999995, 10.564850000000002], [-7.833205, -4.435149999999998], [0.16679499999999908, -4.43515], [0.16679500000000091, 10.56485]], [[16.44994, 11.24215], [16.44994, -4.75785], [22.44994, -4.75785], [22.44994, 11.24215], [16.44994, 11.24215]], [[22.029375, -12.921075], [22.029375, -4.921075], [16.029375, -4.921075], [16.029375, -12.921075], [22.029375, -12.921075]], [[22.405245, -11.977195], [38.405245, -11.977195], [38.405245, -5.977195], [22.405245, -5.977195], [22.405245, -11.977195]], [[15.96777, 6.243339999999999], [15.96777, 14.24334], [0.96777, 14.24334], [0.96777, 6.24334], [15.96777, 6.243339999999999]], [[46.34477, -1.459005000000001], [38.34477, -1.459005], [38.34477, -16.459005], [46.34477, -16.459005], [46.34477, -1.459005000000001]], [[12.13496, 0.3786299999999995], [4.13496, 0.3786300000000005], [4.134959999999999, -14.621369999999999], [12.134959999999998, -14.62137], [12.13496, 0.3786299999999995]], [[37.636495, -5.874900000000001], [37.636495, 2.125099999999999], [22.636495, 2.1251000000000007], [22.636495, -5.8749], [37.636495, -5.874900000000001]], [[11.074639999999997, -30.548775], [11.074639999999999, -14.548775], [5.074639999999997, -14.548775], [5.074639999999996, -30.548775], [11.074639999999997, -30.548775]], [[23.0537, -12.71145], [15.0537, -12.711449999999997], [15.053699999999997, -27.71145], [23.053699999999996, -27.71145], [23.0537, -12.71145]], [[5.052939999999997, -30.566145], [5.052939999999995, -38.566145], [11.052939999999994, -38.566145], [11.052939999999996, -30.566145], [5.052939999999997, -30.566145]], [[-7.939324999999999, 10.746385000000002], [0.06067500000000089, 10.746385], [0.06067500000000444, 25.746385], [-7.939324999999996, 25.746385], [-7.939324999999999, 10.746385000000002]], [[5.034334999999997, -26.769505], [5.034334999999998, -18.769505], [-0.9656650000000018, -18.769505], [-0.9656650000000027, -26.769505], [5.034334999999997, -26.769505]]], "node_id": [0, 1, 2, 3, 4, 5, 6, 7, 8, 9, 10, 11, 12, 13]}