{"corners": [[[0.0, 0.0], [7.93466, 0.28884], [8.0, 6.0], [0.0, 6.0], [0.0, 0.0]], [[0.0, 6.0], [8.0, 6.0], [8.0, 21.0], [0.0, 21.0], [0.0, 6.0]], [[8.0, 0.0], [24.0, 0.0], [24.0, 6.0], [8.0, 6.0], [8.0, 0.0]], [[-2.4492127076447545e-16, 9.5], [0.4794400000000002, 17.1015], [-15.0, 17.5], [-15.0, 9.500000000000002], [-2.4492127076447545e-16, 9.5]], [[1.0, -1.836909530733566e-16], [1.0000000000000009, -16.0], [7.000000000000001, -16.0], [7.0, 1.836909530733566e-16], [1.0, -1.836909530733566e-16]]], "node_id": [0, 1, 2, 3, 4]}