{"corners": [[[0.17214, 0.25767], [16.17214, 0.25767], [16.17214, 6.25767], [0.17214, 6.25767], [0.17214, 0.25767]], [[31.12502, -0.9639700000000009], [31.12502, 7.036029999999999], [16.12502, 7.036030000000001], [16.12502, -0.96397], [31.12502, -0.9639700000000009]], [[19.81501, -15.78853], [27.81501, -15.78853], [27.81501, -0.78853], [19.81501, -0.78853], [19.81501, -15.78853]], [[27.618695, -15.699905], [19.618695, -15.699904999999998], [19.618695, -21.699905], [27.618695, -21.699905], [27.618695, -15.699905]], [[12.393095000000002, 21.191975], [4.3930950000000015, 21.191975], [4.393095, 6.191975000000002], [12.393095, 6.191975], [12.393095000000002, 21.191975]], [[35.954855, -11.05455], [27.954855, -11.054549999999999], [27.954855, -26.05455], [35.954855, -26.05455], [35.954855, -11.05455]], [[35.993575, -26.098265], [43.993575, -26.098265000000005], [43.993575, -11.098265000000001], [35.99357500000001, -11.098265], [35.993575, -26.098265]], [[42.554449999999996, -42.342615], [42.55445, -26.342615], [36.55445, -26.342614999999995], [36.554449999999996, -42.342615], [42.554449999999996, -42.342615]], [[11.95419, -15.9669], [19.95419, -15.9669], [19.95419, -0.9669], [11.95419, -0.9669], [11.95419, -15.9669]], [[27.587895, -11.134215], [35.587895, -11.134215], [35.587895, -5.134215], [27.587895, -5.134215], [27.587895, -11.134215]], [[43.793755, -21.871625], [59.793755, -21.871625000000005], [59.793755, -15.871625000000003], [43.793755, -15.871625], [43.793755, -21.871625]], [[57.901624999999996, -38.09944000000001], [57.901624999999996, -30.09944000000001], [42.901624999999996, -30.09944], [42.901624999999996, -38.09944], [57.901624999999996, -38.09944000000001]], [[35.749239999999986, -57.27432], [43.749239999999986, -57.27432], [43.749239999999986, -42.27432], [35.74923999999999, -42.27432], [35.749239999999986, -57.27432]], [[51.92212999999999, -42.149095], [43.92212999999999, -42.149095], [43.92212999999998, -57.149095], [51.92212999999998, -57.149095], [51.92212999999999, -42.149095]]], "node_id": [0, 1, 2, 3, 4, 5, 6, 7, 8, 9, 10, 11, 12, 13]}