{"corners": [[[0.0, 0.0], [16.0, 0.0], [16.0, 6.0], [0.0, 6.0], [0.0, 0.0]], [[5.0, -1.836909530733566e-16], [5.975440000000001, -8.51549], [11.95569, -7.1376], [11.0, 1.836909530733566e-16], [5.0, -1.836909530733566e-16]], [[16.0, 7.0], [16.60147, -1.7368999999999999], [31.24402, -1.1453799999999992], [31.0, 7.000000000000001], [16.0, 7.0]], [[11.0, -7.0], [27.02112, -7.43438], [27.35272, -0.27627999999999997], [11.0, -1.0], [11.0, -7.0]], [[-10.0, -8.881784197001252e-16], [-9.6666, -7.75951], [5.45788, -8.48236], [5.0, 3.027634566665771e-17], [-10.0, -8.881784197001252e-16]]], "node_id": [0, 1, 2, 3, 4]}