{"corners": [[[0.0, 0.0], [7.43551, 0.583], [8.0, 6.0], [0.0, 6.0], [0.0, 0.0]], [[3.673819061467132e-16, 6.0], [-15.49049, 6.5327600000000015], [-16.0, 1.7763568394002505e-15], [-3.673819061467132e-16, 0.0], [3.673819061467132e-16, 6.0]], [[-4.0, 3.9833587817117433e-16], [-12.0, 1.3780209612290761e-15], [-12.000000000000002, -14.999999999999998], [-4.000000000000002, -15.0], [-4.0, 3.9833587817117433e-16]], [[-20.000000000000004, -14.999999999999996], [-12.102870000000003, -14.913069999999998], [-12.39598, 0.11450000000000178], [-20.0, 3.552713678800501e-15], [-20.000000000000004, -14.999999999999996]], [[-24.0, 3.552713678800501e-15], [-16.24833, 0.9567900000000016], [-15.999999999999998, 6.000000000000002], [-24.0, 6.0000000000000036], [-24.0, 3.552713678800501e-15]]], "node_id": [0, 1, 2, 3, 4]}