{"corners": [[[0.0, 0.0], [8.0, 0.0], [8.0, 6.0], [0.0, 6.0], [0.0, 0.0]], [[-3.500000000000001, 14.0], [-3.5000000000000004, 6.0], [11.5, 6.000000000000001], [11.5, 14.000000000000002], [-3.500000000000001, 14.0]], [[8.0, -4.898425415289509e-16], [0.17599, -0.1397099999999995], [-0.09478000000000178, -14.382759999999998], [7.999999999999998, -15.0], [8.0, -4.898425415289509e-16]], [[0.9999999999999982, 30.0], [0.9999999999999992, 14.0], [6.999999999999999, 14.0], [6.999999999999998, 30.0], [0.9999999999999982, 30.0]], [[11.5, 18.0], [11.500000000000002, 2.0], [17.5, 2.0], [17.5, 18.0], [11.5, 18.0]]], "node_id": [0, 1, 2, 3, 4]}