{"corners": [[[0.0, 0.0], [15.98702, -0.8108], [16.0, 6.0], [0.0, 6.0], [0.0, 0.0]], [[12.0, 12.0], [3.67191, 12.204670000000002], [4.0, 6.000000000000001], [12.0, 6.0], [12.0, 12.0]], [[0.0, 12.000000000000002], [16.79356, 12.674379999999998], [15.02044, 17.14862], [1.4695276245868527e-15, 18.0], [0.0, 12.000000000000002]], [[-16.0, 12.000000000000005], [0.0, 12.000000000000002], [0.0, 18.0], [-15.999999999999998, 18.000000000000007], [-16.0, 12.000000000000005]], [[16.000000000000004, 23.999999999999996], [-0.5015999999999965, 23.410380000000004], [-0.90358, 17.623080000000005], [16.0, 17.999999999999996], [16.000000000000004, 23.999999999999996]]], "node_id": [0, 1, 2, 3, 4]}