{"corners": [[[0.0, 0.0], [15.77291, 0.31572], [15.08848, 5.85795], [0.0, 6.0], [0.0, 0.0]], [[16.0, -4.5], [23.6113, -4.21415], [24.52462, 9.89057], [16.0, 10.5], [16.0, -4.5]], [[4.0, -6.0], [11.57354, -6.41353], [12.0, 0.0], [4.0, 0.0], [4.0, -6.0]], [[24.0, 7.0], [24.0, -1.0], [39.0, -0.9999999999999991], [39.0, 7.000000000000001], [24.0, 7.0]], [[-6.000000000000001, 11.0], [-6.97973, -5.9151], [-0.78317, -4.47146], [-8.881784197001252e-16, 11.0], [-6.000000000000001, 11.0]]], "node_id": [0, 1, 2, 3, 4]}