{"corners": [[[0.0, 0.0], [16.0, 0.0], [16.0, 6.0], [0.0, 6.0], [0.0, 0.0]], [[-6.0, 7.0], [-5.388019999999999, -0.12893], [-0.15869999999999912, -0.91827], [0.0, 7.0], [-6.0, 7.0]], [[16.0, 7.0], [16.90434, -1.97852], [31.0, -0.9999999999999991], [31.0, 7.000000000000001], [16.0, 7.0]], [[27.5, 13.000000000000002], [19.60974, 13.72946], [19.82521, 6.284670000000001], [27.5, 7.000000000000002], [27.5, 13.000000000000002]], [[31.0, 8.881784197001252e-16], [39.0, 8.881784197001252e-16], [39.0, 6.000000000000001], [31.0, 6.000000000000001], [31.0, 8.881784197001252e-16]]], "node_id": [0, 1, 2, 3, 4]}