{"corners": [[[0.0, 0.0], [8.0, 0.0], [8.0, 15.0], [0.0, 15.0], [0.0, 0.0]], [[1.0, -1.836909530733566e-16], [0.36315000000000086, -15.32667], [6.3017900000000004, -15.53726], [7.0, 1.836909530733566e-16], [1.0, -1.836909530733566e-16]], [[9.18454765366783e-16, 15.0], [-7.041799999999999, 14.328410000000002], [-8.0, 1.7763568394002505e-15], [-9.18454765366783e-16, 0.0], [9.18454765366783e-16, 15.0]], [[1.0, -5.0], [-15.1495, -4.823490000000001], [-14.92057, -10.276320000000002], [1.0000000000000007, -11.0], [1.0, -5.0]], [[16.0, 15.0], [8.90454, 15.247540000000003], [7.999999999999998, 1.7763568394002505e-15], [15.999999999999998, 0.0], [16.0, 15.0]]], "node_id": [0, 1, 2, 3, 4]}