{"corners": [[[0.0, 0.0], [8.24342, -0.26428], [8.81355, 15.31133], [0.0, 15.0], [0.0, 0.0]], [[14.0, 3.5], [13.41297, 10.94531], [8.31189, 11.46437], [8.0, 3.5000000000000004], [14.0, 3.5]], [[1.0, -1.836909530733566e-16], [0.5919000000000004, -8.41441], [6.425600000000001, -7.46408], [7.0, 1.836909530733566e-16], [1.0, -1.836909530733566e-16]], [[1.0, -8.0], [1.0000000000000004, -16.0], [7.000000000000001, -16.0], [7.0, -8.0], [1.0, -8.0]], [[-5.0, -8.0], [-4.999999999999999, -16.0], [1.0000000000000009, -16.0], [1.0, -8.0], [-5.0, -8.0]]], "node_id": [0, 1, 2, 3, 4]}