{"corners": [[[0.33407, 0.306505], [16.33407, 0.306505], [16.33407, 6.306505], [0.33407, 6.306505], [0.33407, 0.306505]], [[0.7409199999999991, 14.3891], [0.7409199999999996, 6.3891], [15.74092, 6.389100000000001], [15.74092, 14.389100000000003], [0.7409199999999991, 14.3891]], [[4.289974999999999, 14.059655], [12.289975, 14.059655], [12.289975, 29.059655], [4.289974999999999, 29.059655], [4.289974999999999, 14.059655]], [[31.650735, 13.344940000000001], [15.650735, 13.34494], [15.650735, 7.34494], [31.650735, 7.344940000000002], [31.650735, 13.344940000000001]], [[20.807385, 7.377795000000001], [20.807385, -0.6222049999999991], [26.807385, -0.6222049999999991], [26.807385, 7.377795000000001], [20.807385, 7.377795000000001]]], "node_id": [0, 1, 2, 3, 4]}