{"corners": [[[0.0, 0.0], [16.0, 0.0], [16.0, 6.0], [0.0, 6.0], [0.0, 0.0]], [[0.0, 6.0], [16.98941, 5.68098], [16.0, 12.0], [0.0, 12.0], [0.0, 6.0]], [[22.0, -1.0], [21.2013, 6.71486], [15.44128, 6.02447], [16.0, -0.9999999999999997], [22.0, -1.0]], [[12.0, 18.0], [4.92288, 18.79054], [4.0, 12.0], [12.0, 12.0], [12.0, 18.0]], [[-6.000000000000001, 17.0], [-5.04932, 0.58597], [0.0, 1.0], [-8.881784197001252e-16, 17.0], [-6.000000000000001, 17.0]]], "node_id": [0, 1, 2, 3, 4]}