{"corners": [[[0.280885, 0.36673], [16.280885, 0.36673], [16.280885, 6.3667300000000004], [0.280885, 6.3667300000000004], [0.280885, 0.36673]], [[-5.795305000000001, 11.46074], [-5.795305, -4.53926], [0.204695, -4.53926], [0.2046949999999991, 11.46074], [-5.795305000000001, 11.46074]], [[-5.998215, 6.39213], [-13.998215, 6.392129999999999], [-13.998215, 0.3921299999999991], [-5.998214999999999, 0.39213], [-5.998215, 6.39213]], [[15.75711, -7.65573], [15.75711, 0.34427], [0.75711, 0.3442700000000018], [0.75711, -7.655729999999999], [15.75711, -7.65573]], [[22.073155, -4.65368], [22.073155, 11.34632], [16.073155, 11.34632], [16.073155, -4.65368], [22.073155, -4.65368]]], "node_id": [0, 1, 2, 3, 4]}