{"corners": [[[0.0, 0.0], [8.85006, 0.49756], [8.0, 6.0], [0.0, 6.0], [0.0, 0.0]], [[23.0, -1.0000000000000009], [23.64027, 6.884839999999999], [8.0, 7.000000000000001], [8.0, -1.0], [23.0, -1.0000000000000009]], [[-8.0, -4.5], [0.0, -4.5], [0.0, 10.5], [-8.0, 10.5], [-8.0, -4.5]], [[-1.0, 10.5], [-0.48670999999999953, 19.33463], [-6.999999999999999, 18.5], [-7.0, 10.5], [-1.0, 10.5]], [[0.9999999999999996, 14.0], [0.003610000000000002, 5.2481], [7.0, 6.0], [7.0, 14.0], [0.9999999999999996, 14.0]], [[4.0, 24.5], [-12.0, 24.500000000000004], [-12.0, 18.5], [3.999999999999999, 18.5], [4.0, 24.5]], [[23.0, -8.881784197001252e-16], [30.79045, 0.05138999999999911], [30.81289, 5.507209999999999], [23.0, 5.999999999999999], [23.0, -8.881784197001252e-16]], [[31.0, -8.881784197001252e-16], [46.83986, 0.08010999999999911], [46.43031, 5.983019999999999], [31.0, 5.999999999999999], [31.0, -8.881784197001252e-16]], [[23.0, -9.0], [23.28058, -0.79394], [8.0, -0.9999999999999982], [8.0, -8.999999999999998], [23.0, -9.0]], [[-20.0, 14.000000000000002], [-11.88445, 14.32636], [-12.400969999999996, 28.93318], [-19.999999999999996, 29.0], [-20.0, 14.000000000000002]], [[36.0, 14.0], [35.68325, 6.68443], [42.0, 6.0], [42.0, 14.0], [36.0, 14.0]], [[20.0, 24.5], [4.0, 24.500000000000004], [4.0, 18.5], [20.0, 18.5], [20.0, 24.5]], [[8.0, -1.9999999999999991], [-0.69436, -1.3769699999999983], [-0.58631, -7.9406599999999985], [7.999999999999999, -7.999999999999999], [8.0, -1.9999999999999991]], [[30.0, 14.0], [29.59083, 5.62049], [36.0, 6.0], [36.0, 14.0], [30.0, 14.0]]], "node_id": [0, 1, 2, 3, 4, 5, 6, 7, 8, 9, 10, 11, 12, 13]}