{"corners": [[[0.333915, 0.483135], [8.333915, 0.483135], [8.333915, 15.483135], [0.333915, 15.483135], [0.333915, 0.483135]], [[12.007005, 0.435479999999999], [-3.992995, 0.435480000000001], [-3.992995, -5.564519999999999], [12.007005, -5.564520000000001], [12.007005, 0.435479999999999]], [[27.456435, -6.866695000000002], [27.456435, 1.1333049999999982], [12.456435, 1.133305], [12.456435, -6.866695000000001], [27.456435, -6.866695000000002]], [[12.448075, -6.701274999999999], [12.448074999999998, -14.701275], [27.448075, -14.701275000000004], [27.448075, -6.701275000000002], [12.448075, -6.701274999999999]], [[-2.6418, -6.750589999999997], [-2.6418000000000013, -14.750589999999997], [12.358199999999998, -14.75059], [12.3582, -6.75059], [-2.6418, -6.750589999999997]]], "node_id": [0, 1, 2, 3, 4]}