{"corners": [[[0.0, 0.0], [8.01003, -0.83475], [8.0, 15.0], [0.0, 15.0], [0.0, 0.0]], [[-4.0, 15.0], [12.1703, 15.24102], [12.0, 21.0], [-4.0, 21.0], [-4.0, 15.0]], [[-4.0, 21.0], [11.04197, 20.43448], [12.0, 27.0], [-4.0, 27.0], [-4.0, 21.0]], [[8.0, 4.5], [24.0, 4.5], [24.0, 10.5], [8.0, 10.5], [8.0, 4.5]], [[0.9999999999999991, 43.0], [1.0, 27.0], [7.0, 27.0], [6.999999999999999, 43.0], [0.9999999999999991, 43.0]], [[-10.0, 26.0], [-10.276789999999998, 10.21667], [-3.999999999999999, 10.0], [-4.0, 26.0], [-10.0, 26.0]], [[13.0, 4.5], [13.0, -3.5], [19.0, -3.5], [19.0, 4.5], [13.0, 4.5]], [[39.0, 3.499999999999999], [38.30922, 12.452210000000001], [24.0, 11.5], [24.0, 3.5], [39.0, 3.499999999999999]], [[7.0, 39.0], [7.000000000000001, 31.0], [22.0, 31.0], [22.0, 39.0], [7.0, 39.0]], [[-11.0, 4.0], [-3.96173, 3.75662], [-3.04077, 10.84704], [-11.0, 10.0], [-11.0, 4.0]], [[28.0, 31.0], [27.42216, 39.80591], [22.0, 39.0], [22.0, 31.0], [28.0, 31.0]], [[19.0, -19.5], [19.93549, -3.50899], [13.0, -3.5], [13.0, -19.5], [19.0, -19.5]], [[-26.0, 15.0], [-10.0, 15.0], [-10.0, 21.0], [-26.0, 21.0], [-26.0, 15.0]], [[39.0, 15.5], [39.27755, -0.21682], [45.0, -0.5], [45.0, 15.499999999999998], [39.0, 15.5]]], "node_id": [0, 1, 2, 3, 4, 5, 6, 7, 8, 9, 10, 11, 12, 13]}