{"corners": [[[0.0, 0.0], [16.0, 0.0], [16.0, 6.0], [0.0, 6.0], [0.0, 0.0]], [[3.673819061467132e-16, 6.0], [-15.32413, 5.898860000000002], [-16.11069, -0.8362099999999982], [-3.673819061467132e-16, 0.0], [3.673819061467132e-16, 6.0]], [[-12.0, 6.000000000000002], [-3.22127, 6.84865], [-3.9999999999999982, 12.0], [-11.999999999999998, 12.000000000000002], [-12.0, 6.000000000000002]], [[12.0, 11.999999999999995], [-4.46424, 11.78266], [-4.0000000000000036, 6.000000000000001], [11.999999999999998, 5.999999999999995], [12.0, 11.999999999999995]], [[-16.0, -0.9999999999999982], [-16.54193, 6.3060800000000015], [-22.0, 7.000000000000002], [-22.0, -0.9999999999999979], [-16.0, -0.9999999999999982]]], "node_id": [0, 1, 2, 3, 4]}