{"corners": [[[0.02384, 0.418965], [16.02384, 0.418965], [16.02384, 6.418965], [0.02384, 6.418965], [0.02384, 0.418965]], [[0.22471500000000036, 6.222325], [-15.775285, 6.222325000000001], [-15.775285, 0.22232500000000177], [0.22471499999999964, 0.222325], [0.22471500000000036, 6.222325]], [[-11.95905, 6.469020000000002], [-3.95905, 6.46902], [-3.959049999999998, 12.46902], [-11.959049999999998, 12.469020000000002], [-11.95905, 6.469020000000002]], [[12.37549, 12.444679999999995], [-3.62451, 12.44468], [-3.6245100000000035, 6.444680000000001], [12.375489999999997, 6.444679999999995], [12.37549, 12.444679999999995]], [[-15.53784, -0.8105349999999982], [-15.53784, 7.189465000000002], [-21.53784, 7.189465000000002], [-21.53784, -0.8105349999999979], [-15.53784, -0.8105349999999982]]], "node_id": [0, 1, 2, 3, 4]}