{"corners": [[[0.0, 0.0], [8.54659, 0.15789], [8.0, 6.0], [0.0, 6.0], [0.0, 0.0]], [[24.0, 5.999999999999998], [8.0, 6.0], [8.0, 0.0], [24.0, -1.7763568394002505e-15], [24.0, 5.999999999999998]], [[0.0, 6.0], [8.0, 6.0], [8.0, 21.0], [0.0, 21.0], [0.0, 6.0]], [[-8.0, 0.0], [0.0, 0.0], [0.0, 6.0], [-8.0, 6.0], [-8.0, 0.0]], [[14.0, 9.5], [14.0, 17.5], [8.0, 17.5], [8.0, 9.5], [14.0, 9.5]]], "node_id": [0, 1, 2, 3, 4]}