{"corners": [[[0.0, 0.0], [8.0807, -0.2906], [8.0, 15.0], [0.0, 15.0], [0.0, 0.0]], [[8.0, 4.5], [24.0383, 4.65353], [24.0, 10.5], [8.0, 10.5], [8.0, 4.5]], [[3.673819061467132e-16, 10.5], [-8.35451, 9.816900000000002], [-7.26603, 4.069560000000001], [-3.673819061467132e-16, 4.5], [3.673819061467132e-16, 10.5]], [[-8.0, 10.500000000000002], [0.0063, 9.58297], [0.5910900000000036, 26.40821], [-7.9999999999999964, 25.5], [-8.0, 10.500000000000002]], [[20.0, 4.499999999999999], [12.02034, 4.29911], [12.0, -1.5], [20.0, -1.5000000000000009], [20.0, 4.499999999999999]]], "node_id": [0, 1, 2, 3, 4]}