{"corners": [[[0.0, 0.0], [15.15572, 0.50747], [16.0, 6.0], [0.0, 6.0], [0.0, 0.0]], [[22.0, -1.0], [22.0, 7.0], [16.0, 7.0], [16.0, -0.9999999999999997], [22.0, -1.0]], [[0.0, 6.0], [16.04125, 5.68252], [16.0, 12.0], [0.0, 12.0], [0.0, 6.0]], [[11.0, 12.0], [11.416570000000002, 28.4262], [4.2189000000000005, 27.43021], [5.0, 12.0], [11.0, 12.0]], [[22.0, 0.0], [38.0, 0.0], [38.0, 6.0], [22.0, 6.0], [22.0, 0.0]]], "node_id": [0, 1, 2, 3, 4]}