{"corners": [[[0.0, 0.0], [8.0, 0.0], [8.0, 15.0], [0.0, 15.0], [0.0, 0.0]], [[-3.5, -4.592273826833915e-16], [-2.9614199999999995, -7.95268], [11.5, -8.0], [11.5, 4.592273826833915e-16], [-3.5, -4.592273826833915e-16]], [[8.881784197001252e-16, -14.0], [8.0, -14.0], [8.0, -8.0], [8.881784197001252e-16, -8.0], [8.881784197001252e-16, -14.0]], [[12.0, 21.0], [-4.0, 21.000000000000004], [-4.0, 15.000000000000002], [12.0, 15.0], [12.0, 21.0]], [[12.0, 22.0], [12.528409999999997, 14.67672], [26.54644, 14.962689999999997], [27.0, 21.999999999999996], [12.0, 22.0]], [[27.0, 21.999999999999996], [27.983720000000005, 29.02285], [12.478350000000002, 30.18478], [12.0, 22.0], [27.0, 21.999999999999996]], [[33.0, 13.999999999999995], [33.5278, 21.11010999999999], [27.000000000000004, 21.999999999999996], [27.0, 13.999999999999996], [33.0, 13.999999999999995]], [[27.0, 29.999999999999996], [27.352459999999997, 21.238259999999997], [41.84228, 21.89532999999999], [42.0, 29.99999999999999], [27.0, 29.999999999999996]], [[57.0, 21.999999999999982], [56.67727000000001, 30.44764999999998], [42.0, 29.999999999999993], [42.0, 21.99999999999999], [57.0, 21.999999999999982]], [[-10.0, 22.0], [-9.583940000000002, 14.36197], [-4.363590000000002, 14.395269999999998], [-4.0, 22.0], [-10.0, 22.0]], [[11.5, -7.0], [19.19335, -7.37955], [19.25738, -1.12438], [11.5, -1.0], [11.5, -7.0]], [[7.0, -30.0], [7.000000000000001, -14.0], [1.0000000000000009, -14.0], [1.0, -30.0], [7.0, -30.0]], [[-4.0, 22.0], [-4.947429999999997, 30.9304], [-9.595759999999997, 29.09235], [-10.0, 22.000000000000004], [-4.0, 22.0]], [[38.50000000000001, 44.99999999999999], [30.421560000000007, 44.331399999999995], [30.5, 29.999999999999996], [38.5, 29.999999999999993], [38.50000000000001, 44.99999999999999]]], "node_id": [0, 1, 2, 3, 4, 5, 6, 7, 8, 9, 10, 11, 12, 13]}