{"corners": [[[0.0, 0.0], [7.42999, -0.76326], [7.94121, 15.98312], [0.0, 15.0], [0.0, 0.0]], [[8.0, 0.0], [16.59116, -0.17708], [16.92632, 14.69832], [8.0, 15.0], [8.0, 0.0]], [[-15.0, 11.5], [-14.69427, 2.9091], [0.0, 3.500000000000001], [0.0, 11.500000000000002], [-15.0, 11.5]], [[31.0, 3.499999999999999], [30.23337, 11.74754], [15.88845, 10.81621], [16.0, 3.5], [31.0, 3.499999999999999]], [[7.0, 15.0], [7.000000000000001, 31.0], [1.0000000000000009, 31.0], [1.0, 15.0], [7.0, 15.0]], [[7.000000000000001, 31.0], [7.000000000000002, 39.0], [1.0000000000000018, 39.0], [1.0000000000000009, 31.0], [7.000000000000001, 31.0]], [[1.0000000000000004, 27.0], [1.0000000000000013, 43.0], [-4.999999999999998, 43.0], [-5.0, 27.0], [1.0000000000000004, 27.0]], [[7.000000000000003, 43.0], [6.97427, 27.17246], [13.0, 27.0], [13.000000000000004, 43.0], [7.000000000000003, 43.0]], [[-4.999999999999998, 38.0], [-12.999999999999998, 38.0], [-12.999999999999998, 32.0], [-4.999999999999999, 32.0], [-4.999999999999998, 38.0]], [[-12.999999999999998, 31.0], [-12.289869999999999, 39.61754], [-28.57877, 39.45029], [-28.0, 31.0], [-12.999999999999998, 31.0]], [[27.5, 3.499999999999999], [19.9488, 3.46696], [19.34367, -12.4654], [27.499999999999996, -11.5], [27.5, 3.499999999999999]], [[31.0, 4.499999999999999], [39.87863, 3.864889999999999], [39.0, 10.5], [31.0, 10.5], [31.0, 4.499999999999999]], [[-28.0, 31.0], [-28.4181, 38.28894], [-43.0, 39.0], [-43.0, 31.0], [-28.0, 31.0]], [[29.0, 38.0], [13.72783, 38.53858], [13.0, 32.0], [29.0, 32.0], [29.0, 38.0]]], "node_id": [0, 1, 2, 3, 4, 5, 6, 7, 8, 9, 10, 11, 12, 13]}