{"corners": [[[0.0, 0.0], [7.37127, -0.63712], [8.0, 15.0], [0.0, 15.0], [0.0, 0.0]], [[-2.4492127076447545e-16, 3.5], [-0.45906999999999976, 11.97744], [-5.884459999999999, 11.47953], [-6.0, 3.5000000000000004], [-2.4492127076447545e-16, 3.5]], [[-12.0, 11.5], [-12.000000000000002, 3.5], [-6.000000000000002, 3.4999999999999982], [-6.0, 11.499999999999998], [-12.0, 11.5]], [[23.0, 3.499999999999999], [23.0, 11.5], [8.0, 11.5], [8.0, 3.5], [23.0, 3.499999999999999]], [[19.5, 26.5], [11.5, 26.5], [11.499999999999998, 11.500000000000002], [19.499999999999996, 11.5], [19.5, 26.5]]], "node_id": [0, 1, 2, 3, 4]}