{"corners": [[[0.0, 0.0], [8.80075, -0.94337], [8.0, 15.0], [0.0, 15.0], [0.0, 0.0]], [[-3.5, -4.592273826833915e-16], [-3.4999999999999996, -8.0], [11.5, -8.0], [11.5, 4.592273826833915e-16], [-3.5, -4.592273826833915e-16]], [[19.5, -0.9999999999999987], [10.86652, -0.2099599999999997], [11.75749, -6.03387], [19.5, -6.999999999999998], [19.5, -0.9999999999999987]], [[-3.5, -1.0000000000000009], [-12.28324, -1.3885600000000018], [-11.5, -7.000000000000002], [-3.499999999999999, -7.000000000000001], [-3.5, -1.0000000000000009]], [[8.000000000000002, 30.0], [1.7763568394002505e-15, 30.0], [0.0, 15.000000000000002], [8.0, 15.0], [8.000000000000002, 30.0]]], "node_id": [0, 1, 2, 3, 4]}