{"corners": [[[0.378565, 0.37879], [8.378565, 0.37879], [8.378565, 6.37879], [0.378565, 6.37879], [0.378565, 0.37879]], [[8.27671, 0.01845], [24.27671, 0.01845], [24.27671, 6.01845], [8.27671, 6.01845], [8.27671, 0.01845]], [[24.01685, -4.4581], [32.01685, -4.4581], [32.01685, 10.5419], [24.01685, 10.5419], [24.01685, -4.4581]], [[24.022885, -10.081115], [32.022885, -10.081115], [32.022885, -4.081115], [24.022885, -4.081115], [24.022885, -10.081115]], [[24.44519, -11.369065], [24.44519, -3.369065], [18.44519, -3.369065], [18.44519, -11.369065], [24.44519, -11.369065]], [[38.19378, -0.91516], [38.19378, 7.08484], [32.19378, 7.08484], [32.19378, -0.9151599999999996], [38.19378, -0.91516]], [[23.77863, 6.229899999999999], [23.77863, 14.2299], [8.77863, 14.2299], [8.77863, 6.2299], [23.77863, 6.229899999999999]], [[0.10791499999999975, -0.500015], [0.10791500000000025, 7.499985], [-5.892084999999999, 7.499985], [-5.892085, -0.5000149999999997], [0.10791499999999975, -0.500015]], [[10.070685, -10.291085], [18.070685, -10.291085], [18.070685, -4.291085], [10.070685, -4.291085], [10.070685, -10.291085]], [[38.44495, -4.01793], [46.44495, -4.01793], [46.44495, 10.98207], [38.44495, 10.98207], [38.44495, -4.01793]], [[19.16408, 14.11835], [19.16408, 22.11835], [13.16408, 22.11835], [13.16408, 14.11835], [19.16408, 14.11835]], [[4.907149999999998, -8.651895], [4.907149999999999, -0.651895], [-10.092850000000002, -0.6518949999999982], [-10.092850000000002, -8.651894999999998], [4.907149999999998, -8.651895]], [[54.2638, 10.89998], [46.2638, 10.899980000000001], [46.2638, -4.100019999999998], [54.2638, -4.10002], [54.2638, 10.89998]], [[7.409295, 6.14076], [7.409295000000001, 22.14076], [1.4092950000000009, 22.14076], [1.409295, 6.14076], [7.409295, 6.14076]]], "node_id": [0, 1, 2, 3, 4, 5, 6, 7, 8, 9, 10, 11, 12, 13]}