{"corners": [[[0.488635, 0.249435], [16.488635, 0.249435], [16.488635, 6.249435], [0.488635, 6.249435], [0.488635, 0.249435]], [[16.322325, 7.425035], [16.322325, -0.574965], [31.322325, -0.5749649999999991], [31.322325, 7.425035000000001], [16.322325, 7.425035]], [[27.86479, 22.084455], [19.86479, 22.084455], [19.86479, 7.084454999999998], [27.864790000000003, 7.084455], [27.86479, 22.084455]], [[35.593675, 22.405995], [27.593675, 22.405995], [27.593675, 7.405994999999998], [35.593675, 7.405995], [35.593675, 22.405995]], [[0.22647500000000037, 6.39654], [-7.773525, 6.396540000000001], [-7.773525, 0.3965400000000009], [0.22647499999999965, 0.39654], [0.22647500000000037, 6.39654]], [[-11.400539999999998, 14.242985000000004], [-11.40054, 6.242985000000004], [3.59946, 6.242985], [3.599460000000002, 14.242985000000001], [-11.400539999999998, 14.242985000000004]], [[-7.9805449999999984, 14.013540000000004], [0.019455000000001776, 14.013540000000003], [0.01945500000000533, 29.01354], [-7.980544999999995, 29.013540000000003], [-7.9805449999999984, 14.013540000000004]], [[35.91775, 18.96882], [35.91775, 10.968820000000001], [50.91775, 10.968820000000001], [50.91775, 18.96882], [35.91775, 18.96882]], [[58.706075, 17.98082], [50.706075, 17.98082], [50.706075, 11.98082], [58.706075, 11.98082], [58.706075, 17.98082]], [[-11.322795, 2.0826700000000034], [-11.322794999999994, 18.082670000000004], [-17.322794999999992, 18.082670000000007], [-17.322795, 2.082670000000005], [-11.322795, 2.0826700000000034]], [[11.459715, -7.957165], [11.459715, 0.042835], [5.459715000000001, 0.042835], [5.459715, -7.957165], [11.459715, -7.957165]], [[11.168175, -6.798655], [27.168175, -6.798655], [27.168175, -0.798655], [11.168175, -0.798655], [11.168175, -6.798655]], [[0.16996, -13.75608], [16.16996, -13.75608], [16.16996, -7.75608], [0.16996, -7.75608], [0.16996, -13.75608]], [[-7.739765000000004, -14.708244999999996], [0.26023499999999644, -14.708244999999998], [0.260235, 0.29175500000000176], [-7.739765, 0.29175500000000354], [-7.739765000000004, -14.708244999999996]]], "node_id": [0, 1, 2, 3, 4, 5, 6, 7, 8, 9, 10, 11, 12, 13]}