{"corners": [[[0.0, 0.0], [8.0, 0.0], [8.0, 6.0], [0.0, 6.0], [0.0, 0.0]], [[14.0, -5.0], [14.806640000000002, 10.74959], [8.0, 11.0], [8.0, -5.0], [14.0, -5.0]], [[-4.898425415289509e-16, -5.0], [0.3833000000000005, 10.26532], [-6.585, 10.19199], [-6.000000000000001, -5.0], [-4.898425415289509e-16, -5.0]], [[14.0, -4.5], [21.49054, -5.1002600000000005], [22.77281, 11.07891], [14.0, 10.5], [14.0, -4.5]], [[0.0, 6.0], [8.74325, 5.7568], [8.0, 21.0], [0.0, 21.0], [0.0, 6.0]]], "node_id": [0, 1, 2, 3, 4]}