{"corners": [[[0.198835, 0.43625], [8.198835, 0.43625], [8.198835, 15.43625], [0.198835, 15.43625], [0.198835, 0.43625]], [[8.040175000000001, 30.439905], [0.04017500000000178, 30.439905], [0.040175, 15.439905000000001], [8.040175, 15.439905], [8.040175000000001, 30.439905]], [[8.368315000000004, 45.22192], [0.36831500000000356, 45.22192], [0.3683150000000018, 30.22192], [8.368315000000003, 30.22192], [8.368315000000004, 45.22192]], [[8.267875000000002, 30.594925], [8.267874999999998, 14.594925], [14.267875, 14.594925], [14.267875000000002, 30.594925], [8.267875000000002, 30.594925]], [[7.398705000000003, 45.02286], [7.398705000000004, 61.02286], [1.3987050000000045, 61.02286], [1.3987050000000036, 45.02286], [7.398705000000003, 45.02286]]], "node_id": [0, 1, 2, 3, 4]}