{"corners": [[[0.28364, 0.260505], [8.28364, 0.260505], [8.28364, 15.260505], [0.28364, 15.260505], [0.28364, 0.260505]], [[-7.77131, 4.98354], [0.22869, 4.98354], [0.22869, 10.98354], [-7.77131, 10.98354], [-7.77131, 4.98354]], [[-7.856085, -1.146795], [0.143915, -1.146795], [0.143915, 4.853205], [-7.856085, 4.853205], [-7.856085, -1.146795]], [[-7.66527, 4.54402], [-15.66527, 4.544020000000001], [-15.66527, -1.4559799999999992], [-7.66527, -1.45598], [-7.66527, 4.54402]], [[14.33775, -0.011394999999999988], [14.337750000000002, 15.988605], [8.33775, 15.988605], [8.33775, -0.0113949999999996], [14.33775, -0.011394999999999988]], [[-23.960915, -5.538929999999997], [-15.960915, -5.538929999999999], [-15.960914999999996, 9.46107], [-23.960914999999996, 9.461070000000003], [-23.960915, -5.538929999999997]], [[14.083915, 11.93576], [14.083914999999998, 3.93576], [29.083915, 3.9357599999999966], [29.083915, 11.935759999999997], [14.083915, 11.93576]], [[15.370495000000002, 30.53444], [7.370495000000002, 30.53444], [7.370495, 15.534440000000002], [15.370495, 15.53444], [15.370495000000002, 30.53444]], [[-6.92159, -1.0208500000000003], [-6.921589999999999, -9.02085], [-0.9215899999999991, -9.02085], [-0.92159, -1.0208499999999998], [-6.92159, -1.0208500000000003]], [[29.389149999999997, -4.1625850000000035], [29.38915, 3.8374149999999965], [14.389149999999999, 3.837415000000002], [14.389149999999997, -4.162584999999999], [29.389149999999997, -4.1625850000000035]], [[15.412595000000003, 36.80777], [7.412595000000003, 36.80777], [7.412595000000003, 30.80777], [15.412595000000003, 30.80777], [15.412595000000003, 36.80777]], [[-27.079855, -5.974724999999997], [-27.079855, -13.974724999999996], [-12.079855000000002, -13.974725], [-12.079855, -5.974724999999999], [-27.079855, -5.974724999999997]], [[1.3506600000000017, 31.38273], [1.3506599999999989, 15.38273], [7.3506599999999995, 15.38273], [7.350660000000002, 31.38273], [1.3506600000000017, 31.38273]], [[29.237304999999996, 3.9751849999999966], [29.237304999999992, -4.024815000000004], [35.23730499999999, -4.024815000000006], [35.237305, 3.975184999999994], [29.237304999999996, 3.9751849999999966]]], "node_id": [0, 1, 2, 3, 4, 5, 6, 7, 8, 9, 10, 11, 12, 13]}