{"corners": [[[0.0, 0.0], [7.4007, 0.79976], [7.56075, 15.15928], [0.0, 15.0], [0.0, 0.0]], [[0.0, 15.0], [8.0, 15.0], [8.0, 30.0], [0.0, 30.0], [0.0, 15.0]], [[0.9999999999999996, 38.0], [1.87839, 29.73985], [6.79277, 30.84285], [7.0, 38.0], [0.9999999999999996, 38.0]], [[22.0, 30.0], [22.94744, 37.74178], [7.0, 38.0], [7.0, 30.0], [22.0, 30.0]], [[38.0, 37.0], [22.54973, 37.67344], [22.0, 31.0], [38.0, 31.0], [38.0, 37.0]]], "node_id": [0, 1, 2, 3, 4]}