{"corners": [[[0.17387, 0.25094], [16.17387, 0.25094], [16.17387, 6.25094], [0.17387, 6.25094], [0.17387, 0.25094]], [[11.17182, 6.22804], [11.171820000000002, 22.22804], [5.171820000000001, 22.22804], [5.17182, 6.22804], [11.17182, 6.22804]], [[0.4040300000000004, 6.085615], [-7.59597, 6.085615000000001], [-7.59597, 0.08561500000000088], [0.4040299999999996, 0.085615], [0.4040300000000004, 6.085615]], [[16.48467, 0.461865], [24.48467, 0.461865], [24.48467, 6.461865], [16.48467, 6.461865], [16.48467, 0.461865]], [[4.3431049999999995, -14.9441], [12.343105, -14.9441], [12.343105, 0.0559], [4.3431049999999995, 0.0559], [4.3431049999999995, -14.9441]], [[-0.6184349999999974, 22.492635], [-0.6184350000000003, 6.492635], [5.381565, 6.492635], [5.381565000000003, 22.492635], [-0.6184349999999974, 22.492635]], [[19.081485, 21.69495], [11.081485, 21.69495], [11.081484999999999, 6.694950000000002], [19.081484999999997, 6.69495], [19.081485, 21.69495]], [[19.258725, 27.74865], [11.258725, 27.74865], [11.258725, 21.74865], [19.258725, 21.74865], [19.258725, 27.74865]], [[12.08119, -14.590635], [4.08119, -14.590634999999999], [4.08119, -20.590635], [12.08119, -20.590635], [12.08119, -14.590635]], [[5.077964999999999, -20.70769], [5.077964999999997, -28.70769], [11.077964999999997, -28.70769], [11.077965, -20.70769], [5.077964999999999, -20.70769]], [[5.306345000000003, 22.03435], [5.306345000000008, 38.03435], [-0.693654999999992, 38.03435], [-0.6936549999999974, 22.034350000000003], [5.306345000000003, 22.03435]], [[27.190465, -21.594865], [11.190465, -21.594864999999995], [11.190465, -27.594865], [27.190465, -27.594865], [27.190465, -21.594865]], [[4.083480000000001, -10.036305], [-3.9165199999999993, -10.036304999999999], [-3.916520000000001, -25.036305], [4.083479999999999, -25.036305], [4.083480000000001, -10.036305]], [[12.18434, -3.18762], [12.18434, -11.18762], [27.18434, -11.18762], [27.18434, -3.187619999999999], [12.18434, -3.18762]]], "node_id": [0, 1, 2, 3, 4, 5, 6, 7, 8, 9, 10, 11, 12, 13]}