{"corners": [[[0.073695, 0.39772], [16.073695, 0.39772], [16.073695, 6.39772], [0.073695, 6.39772], [0.073695, 0.39772]], [[15.85223, 6.338439999999999], [15.85223, 14.33844], [0.85223, 14.33844], [0.85223, 6.33844], [15.85223, 6.338439999999999]], [[-15.912415, 0.39228], [0.087585, 0.39228], [0.087585, 6.39228], [-15.912415, 6.39228], [-15.912415, 0.39228]], [[-10.72209, 14.05073], [-10.72209, 6.05073], [-4.722089999999999, 6.05073], [-4.72209, 14.05073], [-10.72209, 14.05073]], [[-15.86646, 6.14201], [-23.86646, 6.142010000000001], [-23.86646, 0.14201000000000089], [-15.86646, 0.14201], [-15.86646, 6.14201]]], "node_id": [0, 1, 2, 3, 4]}