{"corners": [[[0.481825, 0.21517], [8.481825, 0.21517], [8.481825, 15.21517], [0.481825, 15.21517], [0.481825, 0.21517]], [[-5.6593100000000005, 15.596285], [-5.65931, -0.403715], [0.34069, -0.403715], [0.3406899999999991, 15.596285], [-5.6593100000000005, 15.596285]], [[-5.73531, -0.28855500000000023], [-5.735309999999999, -16.288555], [0.26469000000000087, -16.288555], [0.26469, -0.28855499999999984], [-5.73531, -0.28855500000000023]], [[-5.7775549999999996, 10.608205], [-13.777555, 10.608204999999998], [-13.777555, 4.608204999999999], [-5.7775549999999996, 4.608205], [-5.7775549999999996, 10.608205]], [[1.125820000000001, -16.227285], [-6.874179999999999, -16.227285], [-6.874179999999997, -31.227285], [1.1258200000000027, -31.227285], [1.125820000000001, -16.227285]], [[1.2737400000000014, -15.64395], [1.2737400000000023, -31.64395], [7.273740000000002, -31.64395], [7.273740000000002, -15.64395], [1.2737400000000014, -15.64395]], [[1.2113350000000018, -31.78456], [1.2113350000000027, -47.78456], [7.211335000000003, -47.78456], [7.211335000000002, -31.78456], [1.2113350000000018, -31.78456]], [[1.0372249999999992, 31.21661], [1.037225, 15.21661], [7.037225, 15.21661], [7.037224999999999, 31.21661], [1.0372249999999992, 31.21661]], [[-14.766359999999999, -26.85592], [-6.766359999999998, -26.85592], [-6.766359999999998, -20.85592], [-14.766359999999999, -20.85592], [-14.766359999999999, -26.85592]], [[8.05196, 4.73934], [24.05196, 4.73934], [24.05196, 10.73934], [8.05196, 10.73934], [8.05196, 4.73934]], [[7.203869999999999, 31.309035], [7.20387, 15.309035], [13.20387, 15.309035], [13.20387, 31.309035], [7.203869999999999, 31.309035]], [[1.4504899999999992, 26.186285], [-6.549510000000001, 26.186285], [-6.54951, 20.186285], [1.45049, 20.186285], [1.4504899999999992, 26.186285]], [[-5.769184999999999, -12.21717], [-5.7691849999999985, -4.21717], [-11.769184999999998, -4.21717], [-11.769185, -12.21717], [-5.769184999999999, -12.21717]], [[13.07315, 27.190625], [13.07315, 19.190625], [19.07315, 19.190625], [19.07315, 27.190625], [13.07315, 27.190625]]], "node_id": [0, 1, 2, 3, 4, 5, 6, 7, 8, 9, 10, 11, 12, 13]}