{"corners": [[[0.0, 0.0], [7.38221, -0.66135], [7.4127600000000005, 6.10223], [0.0, 6.0], [0.0, 0.0]], [[3.673819061467132e-16, 6.0], [-16.80196, 6.234020000000002], [-15.75151, 0.14431000000000177], [-3.673819061467132e-16, 0.0], [3.673819061467132e-16, 6.0]], [[8.0, 0.0], [24.47093, 0.79288], [24.54357, 5.36761], [8.0, 6.0], [8.0, 0.0]], [[-12.000000000000004, -14.999999999999996], [-4.0000000000000036, -14.999999999999998], [-4.0, 1.7763568394002505e-15], [-12.0, 3.552713678800501e-15], [-12.000000000000004, -14.999999999999996]], [[24.0, 11.0], [24.0, -5.0], [30.0, -5.0], [30.0, 11.0], [24.0, 11.0]], [[6.999999999999999, -16.0], [6.13233, 0.28038], [1.5520800000000001, 0.08697], [0.9999999999999991, -16.0], [6.999999999999999, -16.0]], [[19.5, -5.000000000000001], [20.36175, -12.80724], [34.5, -13.0], [34.5, -5.0], [19.5, -5.000000000000001]], [[49.5, -13.0], [48.50845, -4.08004], [34.5, -4.999999999999998], [34.5, -12.999999999999998], [49.5, -13.0]], [[23.0, 11.0], [31.67971, 11.35974], [30.92023, 17.24319], [23.0, 17.0], [23.0, 11.0]], [[7.999999999999999, -16.0], [-0.43498000000000087, -16.98699], [-8.881784197001252e-16, -22.0], [7.999999999999998, -22.0], [7.999999999999999, -16.0]], [[35.0, -12.999999999999998], [18.2959, -12.58781], [19.0, -19.0], [35.0, -19.0], [35.0, -12.999999999999998]], [[34.0, -5.0], [50.0, -5.0], [50.0, 1.0], [34.0, 1.0], [34.0, -5.0]], [[50.0, -9.5], [57.62255, -9.25544], [57.66897, 4.60592], [50.0, 5.5], [50.0, -9.5]], [[19.0, -13.0], [11.82135, -12.495430000000002], [10.80054, -18.63548], [19.0, -19.0], [19.0, -13.0]]], "node_id": [0, 1, 2, 3, 4, 5, 6, 7, 8, 9, 10, 11, 12, 13]}