{"corners": [[[0.0, 0.0], [7.89003, 0.41374], [8.0, 6.0], [0.0, 6.0], [0.0, 0.0]], [[-8.0, -4.5], [-0.58884, -4.10141], [0.0, 10.5], [-8.0, 10.5], [-8.0, -4.5]], [[4.0, 16.5], [-12.12869, 17.410920000000004], [-12.46843, 11.189740000000002], [3.999999999999999, 10.5], [4.0, 16.5]], [[8.0, 0.0], [15.67748, 0.4807], [16.0, 6.0], [8.0, 6.0], [8.0, 0.0]], [[6.999999999999999, -16.0], [6.58803, 0.34894], [1.0, 0.0], [0.9999999999999991, -16.0], [6.999999999999999, -16.0]]], "node_id": [0, 1, 2, 3, 4]}