{"corners": [[[0.20803, 0.38268], [16.20803, 0.38268], [16.20803, 6.38268], [0.20803, 6.38268], [0.20803, 0.38268]], [[11.25375, 6.33123], [11.253750000000002, 22.33123], [5.253750000000001, 22.33123], [5.25375, 6.33123], [11.25375, 6.33123]], [[16.40019, 7.34604], [16.40019, -0.65396], [31.40019, -0.6539599999999991], [31.40019, 7.346040000000001], [16.40019, 7.34604]], [[0.04841500000000037, 6.06104], [-15.951585, 6.061040000000002], [-15.951585, 0.06104000000000177], [0.04841499999999963, 0.06104], [0.04841500000000037, 6.06104]], [[-3.749625, 0.42122000000000037], [-11.749625, 0.42122000000000137], [-11.749625000000002, -14.578779999999998], [-3.7496250000000018, -14.57878], [-3.749625, 0.42122000000000037]], [[47.20899, 6.060780000000003], [31.20899, 6.060780000000001], [31.20899, 0.06078000000000089], [47.20899, 0.060780000000002665], [47.20899, 6.060780000000003]], [[26.742345, 7.484135000000001], [26.742345, 15.484135], [20.742345, 15.484135], [20.742345, 7.484135000000001], [26.742345, 7.484135000000001]], [[42.390715, -15.886029999999998], [42.390715, 0.11397000000000178], [36.390715, 0.11397], [36.390715, -15.88603], [42.390715, -15.886029999999998]], [[0.13194499999999823, -14.893695000000001], [-15.868055, -14.893695], [-15.868055, -20.893695], [0.1319449999999975, -20.893695], [0.13194499999999823, -14.893695000000001]], [[34.574805, 14.15024], [26.574805, 14.150240000000002], [26.574805, 8.15024], [34.574805, 8.15024], [34.574805, 14.15024]], [[-19.967245, -10.329879999999996], [-11.967245, -10.329879999999998], [-11.967244999999998, -4.329879999999998], [-19.967245, -4.329879999999997], [-19.967245, -10.329879999999996]], [[55.177225, 10.912620000000004], [47.177225, 10.912620000000002], [47.177225, -4.087379999999998], [55.177225, -4.087379999999996], [55.177225, 10.912620000000004]], [[55.251215, 0.15994000000000355], [63.251215, 0.15994000000000355], [63.251215, 6.159940000000003], [55.251215, 6.159940000000003], [55.251215, 0.15994000000000355]], [[-25.86005, 0.8113100000000053], [-25.860050000000005, -15.188689999999994], [-19.860050000000005, -15.188689999999994], [-19.86005, 0.8113100000000042], [-25.86005, 0.8113100000000053]]], "node_id": [0, 1, 2, 3, 4, 5, 6, 7, 8, 9, 10, 11, 12, 13]}