{"corners": [[[0.0, 0.0], [15.91924, 0.98412], [16.0, 6.0], [0.0, 6.0], [0.0, 0.0]], [[11.0, 6.0], [11.000000000000002, 22.0], [5.000000000000001, 22.0], [5.0, 6.0], [11.0, 6.0]], [[16.0, 7.0], [15.79831, -1.18697], [31.97763, -0.24818999999999913], [31.0, 7.000000000000001], [16.0, 7.0]], [[3.673819061467132e-16, 6.0], [-15.99849, 6.684870000000002], [-16.0, 1.7763568394002505e-15], [-3.673819061467132e-16, 0.0], [3.673819061467132e-16, 6.0]], [[-4.0, 3.9833587817117433e-16], [-12.64255, 0.1761200000000014], [-12.000000000000002, -14.999999999999998], [-4.000000000000002, -15.0], [-4.0, 3.9833587817117433e-16]], [[47.0, 6.000000000000003], [31.93655, 6.562860000000001], [30.45588, -0.4722199999999991], [47.0, 2.6645352591003757e-15], [47.0, 6.000000000000003]], [[26.5, 7.000000000000001], [26.5, 15.0], [20.5, 15.0], [20.5, 7.000000000000001], [26.5, 7.000000000000001]], [[42.0, -15.999999999999998], [42.0, 1.7763568394002505e-15], [36.0, 0.0], [36.0, -16.0], [42.0, -15.999999999999998]], [[-1.7763568394002505e-15, -15.000000000000002], [-16.0, -15.0], [-16.0, -21.0], [-2.511120651693677e-15, -21.0], [-1.7763568394002505e-15, -15.000000000000002]], [[34.5, 14.0], [26.83399, 13.721560000000002], [26.5, 8.0], [34.5, 8.0], [34.5, 14.0]], [[-20.0, -10.499999999999996], [-12.0, -10.499999999999998], [-11.999999999999998, -4.499999999999998], [-20.0, -4.4999999999999964], [-20.0, -10.499999999999996]], [[55.0, 10.500000000000004], [46.51705, 9.712260000000002], [47.0, -4.499999999999998], [55.0, -4.4999999999999964], [55.0, 10.500000000000004]], [[55.0, 3.552713678800501e-15], [63.02366, -0.17588999999999644], [63.0, 6.0000000000000036], [55.0, 6.0000000000000036], [55.0, 3.552713678800501e-15]], [[-26.0, 0.5000000000000053], [-25.380080000000003, -15.767309999999995], [-20.229470000000003, -15.173929999999995], [-20.0, 0.5000000000000042], [-26.0, 0.5000000000000053]]], "node_id": [0, 1, 2, 3, 4, 5, 6, 7, 8, 9, 10, 11, 12, 13]}